16:30:59:354,3.83,-0.39,-1.19
16:30:59:389,3.83,-0.38,-1.20
16:30:59:421,3.81,-0.40,-1.17
16:30:59:450,3.83,-0.40,-1.18
16:30:59:507,3.83,-0.39,-1.18
16:30:59:597,3.83,-0.40,-1.19
16:30:59:603,3.84,-0.38,-1.14
16:30:59:678,3.85,-0.38,-1.19
16:30:59:699,3.83,-0.39,-1.17
16:30:59:705,3.82,-0.39,-1.17
16:30:59:713,3.82,-0.40,-1.17
16:30:59:744,3.84,-0.39,-1.18
16:30:59:774,3.84,-0.41,-1.18
16:30:59:843,3.83,-0.41,-1.17
16:30:59:870,3.81,-0.40,-1.18
16:30:59:885,3.82,-0.40,-1.17
16:30:59:894,3.83,-0.40,-1.17
16:30:59:909,3.81,-0.38,-1.16
16:30:59:916,3.83,-0.38,-1.21
16:30:59:916,3.82,-0.40,-1.18
16:30:59:969,3.83,-0.38,-1.18
16:30:59:996,3.83,-0.40,-1.15
16:30:59:996,3.81,-0.38,-1.17
16:31:0:2,3.83,-0.43,-1.18
16:31:0:47,3.84,-0.37,-1.18
16:31:0:67,3.84,-0.35,-1.17
16:31:0:73,3.86,-0.35,-1.18
16:31:0:79,3.83,-0.37,-1.15
16:31:0:93,3.82,-0.36,-1.15
16:31:0:103,3.82,-0.37,-1.19
16:31:0:119,3.84,-0.37,-1.18
16:31:0:138,3.84,-0.38,-1.17
16:31:0:159,3.84,-0.38,-1.19
16:31:0:241,3.82,-0.39,-1.15
16:31:0:265,3.84,-0.39,-1.18
16:31:0:289,3.83,-0.38,-1.18
16:31:0:289,3.83,-0.37,-1.20
16:31:0:334,3.80,-0.37,-1.17
16:31:0:395,3.83,-0.40,-1.17
16:31:0:430,3.82,-0.40,-1.18
16:31:0:478,3.82,-0.38,-1.16
16:31:0:543,3.82,-0.38,-1.18
16:31:0:549,3.85,-0.37,-1.18
16:31:0:585,3.83,-0.38,-1.19
16:31:0:616,3.85,-0.40,-1.17
16:31:0:670,3.84,-0.35,-1.18
16:31:0:678,3.83,-0.36,-1.18
16:31:0:692,3.85,-0.39,-1.16
16:31:0:753,3.82,-0.37,-1.17
16:31:0:793,3.84,-0.38,-1.18
16:31:0:826,3.83,-0.37,-1.18
16:31:0:938,3.83,-0.35,-1.18
16:31:0:938,3.80,-0.40,-1.19
16:31:1:32,3.81,-0.37,-1.17
16:31:1:32,3.83,-0.38,-1.21
16:31:1:118,3.87,-0.38,-1.17
16:31:1:118,3.85,-0.34,-1.15
16:31:1:213,3.79,-0.48,-1.19
16:31:1:213,3.91,-0.40,-1.18
16:31:1:246,3.90,-0.35,-1.15
16:31:1:269,3.85,-0.28,-1.12
16:31:1:295,3.82,-0.34,-1.00
16:31:1:488,3.78,-0.27,-1.05
16:31:1:488,3.87,-0.32,-1.01
16:31:1:586,3.75,-0.02,-1.02
16:31:1:733,3.72,0.20,-0.98
16:31:1:763,3.81,0.30,-0.94
16:31:1:864,3.87,0.25,-0.90
16:31:1:925,3.87,-0.02,-0.93
16:31:1:932,3.85,-0.04,-0.97
16:31:1:941,3.81,-0.01,-0.94
16:31:1:954,3.76,0.07,-0.97
16:31:2:30,3.67,0.07,-0.97
16:31:2:30,3.56,-0.06,-1.04
16:31:2:30,3.92,-0.01,-1.26
16:31:2:30,4.33,0.18,-1.37
16:31:2:143,4.10,0.45,-1.26
16:31:2:143,4.17,0.24,-1.14
16:31:2:143,4.09,0.23,-1.18
16:31:2:143,3.94,0.35,-1.30
16:31:2:143,3.70,0.26,-1.35
16:31:2:202,3.77,0.30,-1.23
16:31:2:202,3.82,0.17,-1.13
16:31:2:252,3.85,0.32,-1.03
16:31:2:253,3.88,0.32,-0.87
16:31:2:253,3.80,0.56,-0.69
16:31:2:253,3.92,0.27,-1.03
16:31:2:340,4.20,0.43,-0.99
16:31:2:400,4.28,0.77,-0.97
16:31:2:437,4.27,0.81,-1.03
16:31:2:437,4.43,0.75,-0.95
16:31:2:506,4.69,0.87,-0.47
16:31:2:506,4.55,0.47,-0.95
16:31:2:506,4.48,0.79,-0.90
16:31:2:506,4.38,1.04,-0.94
16:31:2:506,4.94,1.12,-0.92
16:31:2:506,5.26,0.53,-0.89
16:31:2:506,6.41,-0.68,-1.35
16:31:2:726,6.64,-1.40,-2.11
16:31:2:726,7.69,-2.13,-2.41
16:31:2:726,6.40,-0.40,-4.94
16:31:2:726,5.74,2.37,-2.56
16:31:2:726,2.05,1.15,-1.87
16:31:2:726,0.90,-1.49,-3.46
16:31:2:838,1.49,-2.77,-0.75
16:31:2:838,1.38,-2.71,-1.36
16:31:2:866,1.81,-2.51,-2.25
16:31:2:866,1.52,-1.22,-1.63
16:31:2:866,0.16,1.54,4.99
16:31:2:866,4.70,-2.33,-3.99
16:31:2:988,5.01,-0.70,-1.32
16:31:2:988,5.88,-0.39,-0.95
16:31:2:988,6.39,-0.36,-1.38
16:31:2:988,7.90,1.57,-1.35
16:31:3:24,8.00,3.49,-0.33
16:31:3:24,8.00,4.38,2.07
16:31:3:24,6.22,4.53,0.28
16:31:3:68,5.70,8.00,3.97
16:31:3:96,6.33,6.76,2.81
16:31:3:96,5.62,-5.56,-5.02
16:31:3:96,6.27,2.17,-0.13
16:31:3:118,5.51,-0.30,-0.77
16:31:3:118,4.17,-0.32,-1.83
16:31:3:118,3.35,0.73,-1.88
16:31:3:118,5.35,-0.01,-1.90
16:31:3:118,4.32,0.65,-2.04
16:31:3:136,3.24,-0.29,-1.56
16:31:3:136,3.92,-0.77,-0.97
16:31:3:160,3.91,-0.45,-1.17
16:31:3:160,3.70,0.17,-1.44
16:31:3:160,3.83,0.65,-1.52
16:31:3:160,3.87,-0.05,-1.16
16:31:3:160,4.18,0.11,-1.20
16:31:3:174,4.09,0.58,-1.26
16:31:3:195,4.16,0.41,-1.12
16:31:3:195,4.96,-0.38,-3.09
16:31:3:195,4.35,0.34,-0.95
16:31:3:211,4.63,-0.06,-0.71
16:31:3:245,4.93,-0.12,-1.02
16:31:3:245,5.10,0.06,-1.04
16:31:3:245,5.91,0.25,-1.22
16:31:3:287,6.25,0.94,-1.86
16:31:3:287,8.00,-0.72,-2.73
16:31:3:287,8.00,-2.89,-4.43
16:31:3:287,8.00,-2.22,-2.83
16:31:3:287,-1.00,0.41,-1.23
16:31:3:287,2.20,0.26,-3.20
16:31:3:296,1.19,-1.28,-3.38
16:31:3:296,1.20,-2.77,-0.92
16:31:3:296,1.11,-3.49,-1.80
16:31:3:296,1.46,-2.25,-1.72
16:31:3:296,1.56,-1.13,-1.50
16:31:3:296,2.86,-0.50,-1.15
16:31:3:296,3.60,-0.15,-1.02
16:31:3:319,4.82,-0.66,-0.92
16:31:3:319,6.64,-0.91,-1.09
16:31:3:319,8.00,0.33,-1.48
16:31:3:319,8.00,2.97,-0.58
16:31:3:328,8.00,4.07,1.09
16:31:3:328,7.09,6.60,0.34
16:31:3:328,5.15,8.00,2.84
16:31:3:334,6.31,8.00,2.46
16:31:3:356,3.76,3.46,-6.60
16:31:3:364,4.14,1.16,1.23
16:31:3:364,5.12,-1.29,-2.14
16:31:3:399,6.13,-0.61,-1.59
16:31:3:444,3.33,0.63,-1.62
16:31:3:458,4.28,0.26,-2.03
16:31:3:483,4.12,0.49,-1.82
16:31:3:514,3.91,0.46,-1.64
16:31:3:569,3.76,-0.16,-0.90
16:31:3:578,3.97,-0.61,-1.03
16:31:3:591,3.75,-0.85,-1.40
16:31:3:605,3.69,0.34,-1.93
16:31:3:627,3.80,-0.12,-1.32
16:31:3:634,4.40,-0.52,-2.01
16:31:3:664,4.25,0.21,-1.02
16:31:3:688,4.00,0.41,-1.18
16:31:3:696,4.91,0.38,-0.36
16:31:3:696,4.46,0.23,-1.01
16:31:3:751,4.91,-0.11,-0.80
16:31:3:764,5.19,-0.81,-1.02
16:31:3:777,4.94,-0.15,-1.00
16:31:3:813,5.19,0.50,-0.84
16:31:3:818,5.78,0.61,-1.75
16:31:3:824,7.17,0.11,-2.75
16:31:3:831,8.00,-1.92,-4.72
16:31:3:876,8.00,-1.27,-2.08
16:31:3:891,6.42,0.43,-2.59
16:31:3:897,3.32,0.36,-3.38
16:31:3:922,2.16,-0.46,-4.04
16:31:3:934,1.81,-4.79,-0.71
16:31:3:943,0.93,-4.11,-1.01
16:31:3:949,0.63,-3.65,-0.82
16:31:3:962,1.67,-0.82,-1.51
16:31:3:967,2.51,-1.02,-1.38
16:31:3:974,3.62,-0.15,-1.13
16:31:4:1,4.60,-0.45,-0.76
16:31:4:10,5.58,-0.60,-1.18
16:31:4:16,7.90,0.00,-1.74
16:31:4:22,8.00,1.59,-2.83
16:31:4:42,8.00,4.06,-2.07
16:31:4:67,8.00,4.81,1.74
16:31:4:96,8.00,8.00,-0.36
16:31:4:121,4.92,8.00,4.13
16:31:4:127,6.38,5.37,-0.31
16:31:4:133,4.07,-8.00,-3.78
16:31:4:161,6.80,-5.94,-1.09
16:31:4:183,7.62,1.82,-1.07
16:31:4:204,4.28,1.57,-1.55
16:31:4:210,3.52,1.40,-2.26
16:31:4:223,4.82,1.62,-2.08
16:31:4:242,4.15,0.90,-1.77
16:31:4:273,3.71,-0.29,-1.11
16:31:4:307,3.91,-1.06,-1.14
16:31:4:321,3.79,-1.13,-1.31
16:31:4:340,3.94,0.65,-2.01
16:31:4:358,3.77,0.43,-1.58
16:31:4:389,2.11,-0.33,0.78
16:31:4:414,4.20,0.15,-1.58
16:31:4:431,3.95,0.55,-1.29
16:31:4:462,4.23,0.59,-1.14
16:31:4:480,4.28,0.40,-1.03
16:31:4:503,4.23,0.39,-0.90
16:31:4:522,4.29,0.31,-0.98
16:31:4:566,4.41,-0.49,-0.26
16:31:4:578,4.88,0.07,-1.60
16:31:4:597,5.15,0.19,-0.94
16:31:4:637,5.66,0.41,-1.74
16:31:4:656,6.63,0.11,-2.27
16:31:4:671,8.00,-1.54,-3.14
16:31:4:696,8.00,-2.71,-3.40
16:31:4:768,8.00,-1.31,-3.57
16:31:4:787,4.03,0.40,-2.64
16:31:4:801,7.57,-0.25,-1.45
16:31:4:807,1.54,-2.14,-2.51
16:31:4:819,0.78,-3.08,-0.24
16:31:4:837,0.46,-3.04,-1.21
16:31:4:858,0.60,-1.91,-0.76
16:31:4:908,1.76,-1.01,-1.36
16:31:4:914,2.96,-0.94,-1.49
16:31:4:938,3.80,-0.64,-1.25
16:31:4:956,5.17,-1.26,-2.28
16:31:5:0,7.48,-1.14,-1.55
16:31:5:7,8.00,-0.26,-2.45
16:31:5:26,8.00,2.87,-1.97
16:31:5:60,8.00,-0.68,-8.00
16:31:5:78,5.29,8.00,-1.58
16:31:5:119,5.70,8.00,8.00
16:31:5:147,6.88,4.29,1.75
16:31:5:153,8.00,-8.00,-2.80
16:31:5:178,8.00,-3.95,0.07
16:31:5:199,7.79,0.58,-0.20
16:31:5:224,3.70,0.70,-1.32
16:31:5:252,3.57,0.53,-2.71
16:31:5:270,4.83,1.18,-1.24
16:31:5:296,3.91,0.89,-1.65
16:31:5:321,3.82,-0.02,-1.27
16:31:5:348,3.63,-1.03,-0.45
16:31:5:369,3.85,-0.32,-1.06
16:31:5:394,4.05,-0.62,-1.30
16:31:5:430,3.70,0.42,-1.70
16:31:5:474,4.08,0.23,-1.73
16:31:5:481,4.08,0.21,-0.78
16:31:5:506,3.94,-0.16,-0.69
16:31:5:512,4.03,0.33,-0.95
16:31:5:531,4.15,0.06,-0.94
16:31:5:562,4.17,0.35,-0.95
16:31:5:590,5.28,0.92,-0.88
16:31:5:608,4.97,-0.08,-0.66
16:31:5:640,5.57,-0.43,-0.15
16:31:5:658,5.41,-0.34,-0.42
16:31:5:687,6.45,0.46,-1.44
16:31:5:715,8.00,-0.80,-1.94
16:31:5:741,8.00,-2.36,-3.63
16:31:5:754,7.74,-4.14,-3.48
16:31:5:776,3.31,0.28,-0.91
16:31:5:803,2.81,1.88,-2.45
16:31:5:828,0.69,1.22,-1.86
16:31:5:846,0.74,-3.35,-1.08
16:31:5:878,0.39,-1.21,-0.64
16:31:5:900,0.23,-2.67,-1.57
16:31:5:933,0.77,-0.58,-1.65
16:31:5:946,2.31,-0.68,-1.37
16:31:5:979,3.19,-0.51,-0.95
16:31:5:993,3.92,-0.90,-0.53
16:31:6:14,5.96,-0.78,-1.65
16:31:6:51,8.00,0.51,-3.02
16:31:6:70,8.00,2.04,-4.01
16:31:6:131,8.00,4.78,-5.26
16:31:6:138,7.30,6.12,-5.54
16:31:6:161,3.87,8.00,-5.41
16:31:6:166,4.69,8.00,-1.47
16:31:6:186,4.71,6.26,-0.62
16:31:6:244,4.86,-1.93,-3.01
16:31:6:256,6.48,-0.81,-8.00
16:31:6:276,6.64,0.80,0.75
16:31:6:288,4.26,0.83,-1.33
16:31:6:327,4.69,0.98,-0.79
16:31:6:339,4.04,-1.03,-1.03
16:31:6:352,3.85,-0.27,-0.63
16:31:6:388,4.60,-0.52,-0.52
16:31:6:407,4.07,-0.83,-0.39
16:31:6:428,4.26,-0.63,-0.07
16:31:6:455,4.18,-0.39,-0.00
16:31:6:487,4.00,-0.37,-0.10
16:31:6:505,4.37,-1.11,-0.32
16:31:6:526,4.35,-1.15,0.09
16:31:6:552,4.21,-2.13,1.44
16:31:6:571,4.55,-2.72,1.74
16:31:6:589,4.41,-2.71,0.68
16:31:6:631,4.43,-1.44,-0.61
16:31:6:649,4.20,-0.51,-0.99
16:31:6:662,4.16,0.16,-1.74
16:31:6:686,4.21,0.42,-1.58
16:31:6:737,4.09,-0.28,-1.25
16:31:6:743,4.20,-0.07,-1.27
16:31:6:762,4.48,-0.28,-1.72
16:31:6:793,4.58,0.35,-3.45
16:31:6:831,5.77,0.76,-2.50
16:31:6:837,6.26,0.18,-1.86
16:31:6:868,6.26,-0.98,-0.93
16:31:6:903,5.85,1.10,-1.97
16:31:6:909,4.46,1.29,-3.06
16:31:6:928,1.33,-0.18,-2.84
16:31:6:972,1.68,-1.06,-4.05
16:31:7:12,1.91,-0.95,-3.10
16:31:7:27,1.47,-0.97,-3.14
16:31:7:35,1.89,-0.69,-3.17
16:31:7:62,2.08,-0.24,-3.35
16:31:7:77,2.54,-0.05,-3.42
16:31:7:108,3.37,0.10,-3.42
16:31:7:132,4.68,0.18,-3.49
16:31:7:147,6.38,1.19,-3.71
16:31:7:168,7.31,2.13,-4.21
16:31:7:219,8.00,5.20,0.01
16:31:7:254,8.00,8.00,2.50
16:31:7:273,5.03,8.00,1.59
16:31:7:279,3.60,7.99,1.89
16:31:7:311,7.33,-1.20,4.13
16:31:7:378,5.50,1.97,2.19
16:31:7:422,4.13,-2.13,-2.59
16:31:7:424,3.00,0.74,-2.03
16:31:7:466,3.64,1.20,-1.41
16:31:7:569,5.23,0.97,-0.48
16:31:7:575,3.85,-0.57,-1.31
16:31:7:581,2.34,-2.37,0.66
16:31:7:641,4.25,-1.17,-1.38
16:31:7:654,3.93,0.71,-1.47
16:31:7:704,4.51,0.54,-0.11
16:31:7:737,3.76,-0.09,-1.07
16:31:7:743,3.76,-0.65,-1.22
16:31:7:749,2.64,-1.42,-0.27
16:31:7:797,3.55,0.44,-1.38
16:31:7:817,4.15,0.58,-1.12
16:31:7:831,3.97,0.15,-1.12
16:31:7:843,4.16,0.15,-0.89
16:31:7:888,4.62,0.04,-1.91
16:31:7:900,4.11,0.10,-1.33
16:31:7:906,4.33,0.58,-1.25
16:31:7:955,4.67,0.75,-1.67
16:31:7:968,4.94,0.19,-1.21
16:31:8:17,6.08,0.40,-1.08
16:31:8:29,6.14,0.21,-0.91
16:31:8:61,6.74,0.10,-1.57
16:31:8:79,7.63,-1.07,-3.04
16:31:8:95,8.00,-2.03,-4.19
16:31:8:107,7.00,-1.27,-1.36
16:31:8:132,6.25,-0.04,-2.55
16:31:8:176,-0.40,1.05,-3.72
16:31:8:203,0.59,-4.10,-2.60
16:31:8:216,1.47,-4.21,-0.88
16:31:8:222,1.16,-4.55,-1.90
16:31:8:228,2.59,-3.07,-1.89
16:31:8:247,2.26,-1.53,-2.14
16:31:8:269,3.43,-0.63,-1.69
16:31:8:289,4.31,-0.44,-1.61
16:31:8:331,5.42,-1.11,-2.45
16:31:8:348,7.66,0.53,-2.25
16:31:8:363,8.00,2.13,-2.84
16:31:8:378,8.00,4.61,-2.72
16:31:8:390,5.65,4.16,7.58
16:31:8:407,8.00,8.00,0.16
16:31:8:432,3.80,8.00,4.15
16:31:8:476,8.00,6.12,1.99
16:31:8:495,5.53,-5.24,-4.92
16:31:8:501,7.19,2.63,0.02
16:31:8:509,8.00,-1.72,-0.35
16:31:8:536,3.83,0.33,-1.39
16:31:8:549,3.35,0.43,-2.10
16:31:8:555,4.70,-0.11,-1.61
16:31:8:560,3.56,-0.01,-1.23
16:31:8:586,3.87,0.47,-1.64
16:31:8:595,3.85,-0.50,-1.30
16:31:8:610,3.95,0.09,-2.02
16:31:8:653,3.68,-0.44,-1.93
16:31:8:674,3.93,-0.13,-1.66
16:31:8:693,3.89,0.03,-1.29
16:31:8:702,3.01,-1.51,0.01
16:31:8:751,3.94,0.55,-1.24
16:31:8:774,4.05,0.21,-1.24
16:31:8:786,4.17,0.11,-1.10
16:31:8:804,4.35,0.23,-0.89
16:31:8:825,4.56,0.07,-1.25
16:31:8:850,4.83,-0.14,-1.64
16:31:8:884,4.77,0.35,-1.12
16:31:8:909,5.01,0.37,-0.55
16:31:8:924,5.28,0.10,-1.14
16:31:8:962,5.69,-0.22,-2.04
16:31:8:981,7.20,-1.77,-2.39
16:31:9:18,8.00,-2.58,-3.63
16:31:9:19,8.00,-2.00,-3.84
16:31:9:36,8.00,0.20,-2.74
16:31:9:67,1.18,-1.01,-2.58
16:31:9:88,1.93,-1.57,-3.01
16:31:9:113,0.71,-2.75,-1.16
16:31:9:150,0.47,-3.28,-1.33
16:31:9:162,0.69,-1.99,-3.32
16:31:9:186,1.56,-1.75,-1.99
16:31:9:224,2.71,-1.09,-1.93
16:31:9:252,3.56,-0.52,-1.89
16:31:9:258,5.11,-0.48,-1.78
16:31:9:290,7.59,-0.68,-1.68
16:31:9:351,8.00,1.14,-2.65
16:31:9:357,8.00,3.76,-1.77
16:31:9:376,8.00,4.52,2.03
16:31:9:382,7.13,6.96,-1.22
16:31:9:413,4.54,8.00,8.00
16:31:9:425,6.54,7.25,3.24
16:31:9:444,2.10,-4.35,-6.46
16:31:9:471,5.68,3.13,0.52
16:31:9:509,4.29,-1.00,1.85
16:31:9:524,4.32,1.37,-1.18
16:31:9:543,3.68,0.77,-1.70
16:31:9:590,5.16,0.78,-2.26
16:31:9:596,4.64,-0.21,-1.52
16:31:9:615,3.47,0.07,-1.30
16:31:9:653,3.76,-0.86,-1.30
16:31:9:680,3.86,-1.22,-1.75
16:31:9:693,3.60,-0.51,-2.28
16:31:9:720,3.50,0.22,-1.86
16:31:9:739,3.90,-0.15,-1.05
16:31:9:765,2.97,-0.13,-0.60
16:31:9:782,3.58,-0.22,-0.84
16:31:9:838,4.15,0.08,-1.21
16:31:9:845,4.11,-0.13,-1.28
16:31:9:857,4.43,0.53,-0.91
16:31:9:875,4.46,0.37,-0.75
16:31:9:954,5.01,-0.44,-1.19
16:31:9:974,5.09,-0.33,-0.94
16:31:9:979,5.14,0.12,-1.18
16:31:9:998,5.37,0.59,-1.28
16:31:10:18,6.16,0.63,-2.43
16:31:10:24,7.42,-0.56,-2.37
16:31:10:88,8.00,-1.78,-3.12
16:31:10:107,6.96,-1.52,-2.86
16:31:10:125,8.00,-2.74,-4.40
16:31:10:132,4.54,0.27,-1.52
16:31:10:163,1.23,0.25,-3.03
16:31:10:182,1.01,-3.05,-0.78
16:31:10:196,0.38,-2.44,-1.25
16:31:10:224,1.29,-0.32,-2.15
16:31:10:265,1.70,-1.33,-1.84
16:31:10:284,2.63,-0.84,-1.61
16:31:10:331,3.68,-0.63,-1.48
16:31:10:338,4.67,-0.75,-1.40
16:31:10:344,5.87,-0.61,-1.68
16:31:10:369,8.00,-0.33,-2.16
16:31:10:403,8.00,0.97,-2.38
16:31:10:454,8.00,4.57,-2.52
16:31:10:471,8.00,4.90,2.94
16:31:10:478,3.20,8.00,-0.07
16:31:10:497,7.60,6.12,4.57
16:31:10:507,2.12,-3.46,-5.13
16:31:10:532,5.12,2.60,2.82
16:31:10:626,-3.80,-2.30,-7.76
16:31:10:668,7.11,1.44,-0.59
16:31:10:686,3.16,0.23,-1.77
16:31:10:692,4.61,1.07,-2.54
16:31:10:706,5.21,-0.06,-1.65
16:31:10:723,2.73,-0.04,-1.11
16:31:10:730,4.08,-0.33,-0.84
16:31:10:742,4.02,-0.41,-0.92
16:31:10:760,4.01,-0.77,-1.05
16:31:10:774,3.82,0.34,-2.12
16:31:10:799,3.63,0.50,-1.45
16:31:10:823,3.78,0.01,-1.04
16:31:10:848,4.19,-0.03,-1.75
16:31:10:867,4.08,0.21,-1.52
16:31:10:919,4.00,0.32,-1.16
16:31:10:944,4.14,0.16,-1.14
16:31:10:950,4.21,0.43,-1.19
16:31:10:963,4.07,-0.15,-1.35
16:31:10:992,4.42,0.27,-1.22
16:31:11:10,4.81,0.44,-1.19
16:31:11:72,5.09,0.76,-1.36
16:31:11:98,5.73,0.99,-1.55
16:31:11:110,7.14,0.47,-1.86
16:31:11:153,8.00,-1.11,-3.00
16:31:11:181,8.00,-2.08,-3.69
16:31:11:199,6.36,0.12,-1.09
16:31:11:208,7.99,1.08,-2.55
16:31:11:215,7.17,3.25,-2.78
16:31:11:252,-0.62,-1.18,-2.97
16:31:11:276,-0.08,-2.94,-0.55
16:31:11:356,-0.06,-3.00,-1.23
16:31:11:375,-0.28,-1.97,-1.58
16:31:11:380,1.87,-0.82,-1.27
16:31:11:387,3.35,0.09,-0.83
16:31:11:421,4.41,0.15,-0.19
16:31:11:462,5.78,1.85,-0.26
16:31:11:468,5.99,4.02,-0.63
16:31:11:480,7.31,5.44,-0.64
16:31:11:498,4.37,6.09,6.44
16:31:11:511,6.54,4.05,1.07
16:31:11:517,6.96,1.55,1.51
16:31:11:535,6.47,-0.07,3.68
16:31:11:569,5.40,-1.61,4.09
16:31:11:602,3.74,-4.77,-1.62
16:31:11:607,4.77,-1.21,-2.25
16:31:11:651,5.00,0.52,-2.25
16:31:11:669,4.06,3.05,-1.74
16:31:11:688,2.25,3.22,3.78
16:31:11:707,3.61,-0.10,-1.83
16:31:11:739,2.93,-0.45,-2.33
16:31:11:757,3.94,-0.15,-1.90
16:31:11:856,1.56,0.96,-1.68
16:31:11:896,3.74,0.44,-1.76
16:31:11:927,4.14,-0.16,-1.65
16:31:11:941,3.75,0.06,-1.70
16:31:11:947,3.76,0.32,-1.62
16:31:11:992,3.77,0.25,-1.32
16:31:12:7,3.68,0.19,-1.38
16:31:12:63,3.73,0.14,-1.54
16:31:12:95,3.89,0.42,-1.49
16:31:12:108,3.60,0.25,-1.39
16:31:12:130,3.76,0.35,-1.26
16:31:12:142,3.97,0.39,-1.52
16:31:12:161,3.80,0.43,-1.73
16:31:12:194,3.78,0.46,-1.39
16:31:12:219,3.84,0.28,-1.45
16:31:12:227,3.91,0.51,-1.61
16:31:12:248,3.83,0.46,-1.51
16:31:12:264,3.86,0.50,-1.57
16:31:12:265,3.65,0.77,-1.59
16:31:12:287,3.23,1.26,-2.36
16:31:12:295,3.39,1.76,-2.99
16:31:12:303,3.25,1.65,-2.82
16:31:12:322,3.19,0.86,-2.07
16:31:12:346,3.98,-0.59,-0.93
16:31:12:360,3.58,-2.06,0.45
16:31:12:391,4.18,-0.88,-0.68
16:31:12:448,3.98,0.22,-1.63
16:31:12:454,4.09,0.93,-1.86
16:31:12:467,3.58,1.37,-3.21
16:31:12:473,3.74,1.04,-3.19
16:31:12:507,3.35,0.80,-3.92
16:31:12:522,3.90,1.74,-3.27
16:31:12:548,4.73,-1.77,-2.29
16:31:12:579,4.05,-0.89,-2.45
16:31:12:604,3.02,-2.13,-0.26
16:31:12:619,3.52,-2.03,0.42
16:31:12:676,3.65,-2.32,0.14
16:31:12:695,6.58,-1.80,3.52
16:31:12:701,8.00,-1.50,-1.03
16:31:12:734,5.87,-1.41,-0.80
16:31:12:766,4.89,-0.30,-1.09
16:31:12:779,3.96,-1.17,-1.15
16:31:12:786,2.17,-1.48,-2.74
16:31:12:824,1.60,-2.65,-2.00
16:31:12:853,2.22,-2.91,-2.46
16:31:12:862,2.67,-2.87,-1.66
16:31:12:900,3.82,-2.39,-1.86
16:31:12:964,4.44,-2.38,-0.53
16:31:12:989,4.92,-1.81,-0.26
16:31:12:996,5.51,-1.19,-0.01
16:31:13:19,6.37,-0.36,0.91
16:31:13:91,5.53,0.41,0.01
16:31:13:162,5.66,1.23,-0.77
16:31:13:248,3.94,2.79,-1.76
16:31:13:273,4.23,4.35,-0.78
16:31:13:294,4.78,4.65,2.41
16:31:13:326,4.02,2.21,-2.50
16:31:13:393,2.99,-1.73,-1.82
16:31:13:419,3.93,-3.23,-3.12
16:31:13:458,4.96,-0.43,-0.52
16:31:13:540,4.65,0.91,-1.71
16:31:13:716,4.25,0.13,-1.36
16:31:13:717,3.71,-0.55,-2.07
16:31:13:722,3.21,-0.92,-2.32
16:31:13:772,3.30,-1.58,-2.73
16:31:13:840,3.78,-1.01,-1.72
16:31:13:846,3.70,-0.70,-1.64
16:31:13:880,4.33,-1.17,-1.93
16:31:13:902,3.72,-1.00,-1.58
16:31:13:908,3.72,-0.30,-1.01
16:31:13:917,3.82,-0.40,-1.18
16:31:13:929,3.88,-0.19,-1.55
16:31:13:967,3.94,-0.11,-1.45
16:31:13:967,3.88,0.24,-1.09
16:31:13:981,3.86,-0.08,-1.23
16:31:13:981,3.93,-0.04,-1.32
16:31:13:987,4.05,0.21,-1.34
16:31:13:987,4.14,-0.15,-1.48
16:31:14:21,4.27,0.02,-1.46
16:31:14:21,4.49,0.36,-1.36
16:31:14:21,4.89,-0.17,-0.77
16:31:14:21,5.13,0.00,-0.81
16:31:14:34,5.40,0.17,-1.27
16:31:14:40,6.13,-0.24,-1.98
16:31:14:53,7.55,-2.37,-2.92
16:31:14:78,8.00,-2.25,-2.56
16:31:14:80,6.38,0.43,-2.91
16:31:14:85,6.09,2.81,-0.26
16:31:14:136,2.26,-0.40,-2.52
16:31:14:148,0.51,-1.79,-3.87
16:31:14:154,0.86,-3.60,-1.80
16:31:14:160,0.67,-3.73,-2.00
16:31:14:173,0.04,-2.23,-2.72
16:31:14:179,2.51,-1.20,-2.27
16:31:14:206,3.42,-0.56,-2.01
16:31:14:231,4.39,-0.35,-1.96
16:31:14:272,6.00,-0.13,-2.26
16:31:14:279,7.67,0.47,-2.54
16:31:14:293,8.00,2.95,-3.07
16:31:14:306,8.00,5.22,0.46
16:31:14:312,8.00,5.19,0.65
16:31:14:318,4.79,6.53,-1.18
16:31:14:337,3.39,8.00,4.74
16:31:14:343,6.32,5.29,2.14
16:31:14:362,5.24,-6.12,-7.41
16:31:14:383,8.00,1.49,-0.79
16:31:14:398,5.17,-1.38,0.18
16:31:14:404,4.27,0.90,-1.42
16:31:14:411,3.51,0.23,-1.88
16:31:14:417,3.40,1.59,-1.69
16:31:14:429,3.67,0.74,-1.51
16:31:14:490,3.87,0.16,-1.52
16:31:14:497,3.71,-1.25,-1.41
16:31:14:512,3.53,-1.63,-1.21
16:31:14:518,3.76,0.09,-2.13
16:31:14:537,3.77,0.27,-1.68
16:31:14:568,3.82,0.10,-1.35
16:31:14:608,5.23,0.01,-1.67
16:31:14:614,4.02,0.24,-1.42
16:31:14:633,3.65,-0.08,-0.83
16:31:14:665,4.22,0.11,-1.28
16:31:14:690,4.56,0.16,-2.15
16:31:14:719,4.29,-0.06,-0.82
16:31:14:752,5.28,-0.09,-1.38
16:31:14:770,4.60,0.02,-1.42
16:31:14:784,4.59,0.15,-1.03
16:31:14:814,5.47,0.86,-1.01
16:31:14:873,6.87,-0.83,-2.04
16:31:14:900,7.81,-3.02,-3.04
16:31:14:906,8.00,-2.93,-2.58
16:31:14:933,7.80,0.18,-2.65
16:31:14:947,5.08,1.18,-2.34
16:31:14:959,0.35,-0.31,-3.45
16:31:14:986,1.97,-2.34,-2.60
16:31:15:1,0.56,-2.35,-0.90
16:31:15:23,0.19,-2.76,-1.39
16:31:15:42,0.10,-1.30,-1.95
16:31:15:130,1.87,-1.16,-1.76
16:31:15:136,2.91,-0.74,-2.07
16:31:15:150,3.64,-0.35,-1.90
16:31:15:161,5.44,-0.48,-1.94
16:31:15:183,7.25,-0.07,-1.98
16:31:15:189,8.00,1.19,-2.50
16:31:15:236,8.00,4.30,-2.48
16:31:15:258,8.00,3.49,1.39
16:31:15:263,8.00,6.94,-2.69
16:31:15:282,8.00,8.00,1.80
16:31:15:314,6.83,7.35,2.95
16:31:15:341,-0.10,-2.89,-6.66
16:31:15:359,5.31,1.28,1.70
16:31:15:380,4.16,-3.09,1.60
16:31:15:421,5.55,0.66,-1.37
16:31:15:431,2.97,0.36,-1.85
16:31:15:459,4.16,0.45,-2.70
16:31:15:472,4.31,0.59,-2.01
16:31:15:506,3.73,0.56,-1.89
16:31:15:524,3.58,-0.65,-0.61
16:31:15:567,4.18,-0.81,-1.27
16:31:15:580,3.71,-0.88,-1.83
16:31:15:604,3.43,0.13,-2.13
16:31:15:624,3.92,-0.15,-1.34
16:31:15:644,7.21,0.80,2.15
16:31:15:684,3.77,-0.06,-1.59
16:31:15:696,3.99,0.11,-1.21
16:31:15:719,4.17,0.12,-1.01
16:31:15:744,4.27,0.29,-1.03
16:31:15:770,4.16,0.23,-1.00
16:31:15:796,4.46,0.16,-1.04
16:31:15:834,5.22,-0.09,-1.42
16:31:15:854,4.48,0.20,-1.11
16:31:15:863,4.88,0.39,-1.02
16:31:15:883,5.61,0.43,-2.36
16:31:15:917,6.09,0.53,-2.55
16:31:15:937,7.14,-1.09,-2.55
16:31:15:957,8.00,-1.93,-4.14
16:31:15:986,8.00,-1.30,-2.93
16:31:16:49,5.83,-0.53,-2.81
16:31:16:55,2.81,0.72,-1.50
16:31:16:67,2.14,-1.03,-3.36
16:31:16:82,1.34,-4.35,-0.65
16:31:16:124,0.61,-3.29,-1.03
16:31:16:130,1.68,2.02,-2.12
16:31:16:170,1.71,-1.58,-1.81
16:31:16:196,2.67,-0.92,-1.59
16:31:16:204,3.87,-0.51,-1.38
16:31:16:222,4.91,-0.63,-1.36
16:31:16:250,6.48,-0.69,-1.48
16:31:16:275,8.00,-0.05,-1.92
16:31:16:296,8.00,1.73,-2.63
16:31:16:328,8.00,4.85,0.41
16:31:16:347,8.00,2.91,1.85
16:31:16:366,3.75,8.00,4.43
16:31:16:428,4.07,8.00,4.03
16:31:16:451,8.00,2.74,-0.83
16:31:16:457,5.69,-5.75,-2.01
16:31:16:470,8.00,-4.54,1.13
16:31:16:493,8.00,0.88,-0.61
16:31:16:524,3.44,0.78,-1.70
16:31:16:531,3.64,1.08,-2.48
16:31:16:569,4.64,0.19,-1.98
16:31:16:587,3.63,1.20,-1.66
16:31:16:614,3.54,-0.00,-1.49
16:31:16:639,4.10,-0.90,-1.00
16:31:16:645,3.63,-0.74,-1.29
16:31:16:696,3.89,-0.15,-2.18
16:31:16:705,3.50,0.26,-1.82
16:31:16:730,3.82,-0.08,-1.27
16:31:16:760,4.37,-0.79,-2.35
16:31:16:780,3.96,0.20,-1.42
16:31:16:800,4.02,0.22,-1.28
16:31:16:820,3.62,0.27,-0.78
16:31:16:847,3.99,0.36,-1.14
16:31:16:885,4.15,0.47,-1.29
16:31:16:891,4.56,0.65,-0.71
16:31:16:925,4.56,0.37,-1.00
16:31:16:943,4.75,0.44,-1.05
16:31:16:983,4.66,0.49,-0.98
16:31:16:990,5.03,0.68,-1.27
16:31:17:23,5.88,0.85,-1.72
16:31:17:36,7.35,-0.12,-2.21
16:31:17:64,8.00,-1.94,-3.21
16:31:17:101,8.00,-3.11,-2.80
16:31:17:114,6.50,-0.02,-1.92
16:31:17:140,2.35,2.71,-0.79
16:31:17:164,0.90,-0.12,-3.61
16:31:17:183,1.34,-2.24,-1.60
16:31:17:209,0.36,-1.55,-0.05
16:31:17:241,0.30,-2.33,-0.45
16:31:17:266,0.87,-1.94,-0.33
16:31:17:285,1.51,-0.71,-0.81
16:31:17:304,2.52,-0.55,-1.10
16:31:17:334,4.09,-0.30,-0.45
16:31:17:358,4.55,-0.54,-0.52
16:31:17:377,5.51,-0.75,-0.65
16:31:17:393,7.35,-0.29,-1.64
16:31:17:441,8.00,1.75,-2.27
16:31:17:448,8.00,3.70,-3.09
16:31:17:473,8.00,5.69,-3.04
16:31:17:507,5.46,8.00,-2.79
16:31:17:519,3.97,8.00,0.39
16:31:17:576,4.10,5.21,-0.51
16:31:17:588,5.13,0.53,-0.05
16:31:17:613,4.45,-2.42,1.38
16:31:17:619,5.68,-0.36,-0.59
16:31:17:639,5.79,1.00,-0.99
16:31:17:681,1.94,1.89,-5.31
16:31:17:699,4.88,0.95,-1.48
16:31:17:716,3.87,-0.61,-0.52
16:31:17:740,3.28,-1.32,-0.97
16:31:17:768,4.04,-0.50,-0.35
16:31:17:799,3.73,-0.33,-0.74
16:31:17:824,4.55,-0.15,-0.97
16:31:17:863,3.64,-0.04,-0.79
16:31:17:888,3.94,-0.12,-0.70
16:31:17:891,4.37,0.20,0.09
16:31:17:927,4.29,-0.06,-0.80
16:31:17:941,3.68,0.09,-0.99
16:31:17:953,4.13,-0.44,-1.12
16:31:17:974,4.15,-0.07,-0.71
16:31:18:44,4.05,-0.15,-0.71
16:31:18:56,4.18,-0.19,-0.66
16:31:18:65,4.10,-0.11,-0.43
16:31:18:83,4.25,-0.14,-0.59
16:31:18:102,4.55,0.29,-0.54
16:31:18:145,4.95,-0.17,-0.67
16:31:18:194,6.33,-0.55,-1.21
16:31:18:206,7.14,-0.81,-1.82
16:31:18:212,6.66,-1.67,-1.04
16:31:18:217,4.09,-1.73,0.10
16:31:18:281,3.31,-0.78,-0.29
16:31:18:287,2.08,-1.18,-1.65
16:31:18:300,2.05,-1.24,-2.43
16:31:18:319,2.17,-0.47,-2.71
16:31:18:337,2.11,-0.04,-3.05
16:31:18:362,2.82,0.40,-3.01
16:31:18:383,3.13,0.62,-2.89
16:31:18:414,3.10,1.12,-3.06
16:31:18:431,3.27,1.49,-3.06
16:31:18:455,3.88,1.23,-3.16
16:31:18:509,4.57,1.10,-3.36
16:31:18:542,4.85,1.16,-3.85
16:31:18:549,4.85,2.15,-3.88
16:31:18:561,4.29,2.27,-3.94
16:31:18:595,3.91,1.99,-3.59
16:31:18:602,4.03,1.67,-3.37
16:31:18:627,3.68,1.30,-3.05
16:31:18:708,3.85,-0.54,-2.29
16:31:18:720,3.96,3.85,-1.99
16:31:18:726,4.74,7.31,-0.08
16:31:18:745,8.00,2.74,-8.00
16:31:18:828,4.53,2.01,0.54
16:31:18:849,3.84,-1.44,-1.12
16:31:18:859,4.28,-0.85,-1.27
16:31:18:865,3.69,-0.28,-1.34
16:31:18:884,3.89,0.61,-1.06
16:31:18:940,3.87,0.15,-0.70
16:31:19:1,3.90,0.03,-0.67
16:31:19:33,3.77,-0.22,-0.91
16:31:19:50,4.00,0.15,-1.24
16:31:19:64,4.73,0.43,-0.08
16:31:19:96,4.03,0.34,-0.98
16:31:19:150,3.89,0.27,-0.66
16:31:19:228,3.82,0.35,-0.84
16:31:19:248,3.87,0.50,-0.90
16:31:19:276,3.84,0.40,-0.76
16:31:19:288,3.91,0.22,-0.86
16:31:19:322,3.94,0.32,-0.86
16:31:19:329,3.96,0.59,-0.79
16:31:19:376,3.85,0.33,-0.89
16:31:19:388,3.89,-0.04,-1.00
16:31:19:401,3.80,-0.21,-1.05
16:31:19:414,3.99,-0.12,-0.97
16:31:19:428,4.34,1.66,-1.07
16:31:19:454,4.31,1.55,-0.54
16:31:19:467,4.15,0.91,-0.57
16:31:19:517,5.32,-0.03,-1.16
16:31:19:526,5.48,0.04,-1.48
16:31:19:550,8.00,-0.87,-2.69
16:31:19:582,8.00,-1.00,-1.05
16:31:19:588,8.00,-1.70,-2.63
16:31:19:594,5.44,-1.38,-3.09
16:31:19:601,5.59,1.78,-0.24
16:31:19:613,3.02,1.10,-1.38
16:31:19:653,0.29,-0.87,-1.96
16:31:19:660,0.02,-2.08,-1.94
16:31:19:679,0.54,-3.07,-2.18
16:31:19:701,0.94,-2.37,-2.00
16:31:19:707,2.31,-2.44,-1.74
16:31:19:720,2.62,-1.68,-1.62
16:31:19:735,4.17,-1.42,-1.19
16:31:19:759,5.45,-0.85,-1.15
16:31:19:766,6.68,-1.45,-0.90
16:31:19:783,8.00,-0.35,-1.10
16:31:19:809,8.00,0.65,-0.73
16:31:19:825,8.00,3.62,1.12
16:31:19:840,7.30,2.39,-0.90
16:31:19:852,4.90,6.59,2.64
16:31:19:883,5.46,7.93,4.87
16:31:19:896,5.15,1.45,2.30
16:31:19:923,3.83,-4.43,-6.30
16:31:19:944,8.00,-1.25,1.52
16:31:19:964,6.96,-0.85,2.00
16:31:19:995,5.97,0.49,-0.53
16:31:20:28,4.13,-0.35,-2.28
16:31:20:49,3.81,-0.22,-2.20
16:31:20:81,3.17,0.69,-2.78
16:31:20:99,3.39,-0.42,-2.00
16:31:20:114,3.79,-0.62,-1.69
16:31:20:133,3.95,-1.69,-1.92
16:31:20:176,4.37,-0.56,-1.95
16:31:20:189,3.45,0.01,-2.14
16:31:20:228,3.69,0.18,-1.73
16:31:20:268,5.05,-0.29,-0.81
16:31:20:281,3.80,-0.05,-1.04
16:31:20:286,3.95,-0.03,-1.61
16:31:20:299,3.98,0.38,-1.51
16:31:20:355,4.01,0.25,-1.00
16:31:20:366,4.13,0.38,-1.12
16:31:20:385,4.45,0.42,-1.14
16:31:20:403,2.43,0.24,-2.01
16:31:20:429,4.68,-0.14,-1.25
16:31:20:466,5.22,-0.13,-0.81
16:31:20:490,5.32,0.21,-0.42
16:31:20:517,5.31,0.29,-0.93
16:31:20:523,5.52,0.56,-2.15
16:31:20:542,6.47,-0.21,-2.03
16:31:20:584,8.00,-1.21,-3.95
16:31:20:616,8.00,-2.66,-4.92
16:31:20:622,6.43,0.59,-1.39
16:31:20:652,5.63,0.10,-2.29
16:31:20:671,3.22,-0.28,-3.48
16:31:20:763,1.08,-3.65,-1.87
16:31:20:797,0.70,-3.22,-0.95
16:31:20:803,0.74,-3.36,-2.25
16:31:20:835,1.65,-1.83,-1.92
16:31:20:847,2.62,-1.17,-1.88
16:31:20:856,3.59,-0.58,-1.81
16:31:20:894,4.72,-0.41,-1.45
16:31:20:895,5.46,0.19,-1.34
16:31:20:900,8.00,-0.21,-1.91
16:31:20:919,8.00,1.54,-1.75
16:31:20:939,8.00,4.31,-0.67
16:31:20:969,8.00,6.03,0.98
16:31:20:975,3.93,8.00,0.24
16:31:21:11,4.27,8.00,4.08
16:31:21:30,6.83,2.86,0.61
16:31:21:101,5.34,-7.22,-5.10
16:31:21:122,7.43,-3.18,-0.39
16:31:21:134,7.62,0.72,0.60
16:31:21:147,3.54,2.03,-1.06
16:31:21:171,3.19,1.63,-2.89
16:31:21:193,5.00,0.73,-2.35
16:31:21:215,4.53,2.84,-2.07
16:31:21:243,2.83,0.06,-0.87
16:31:21:264,3.88,-1.97,-1.18
16:31:21:277,3.48,-1.92,-0.98
16:31:21:289,3.54,0.80,-2.39
16:31:21:311,3.88,0.15,-1.26
16:31:21:342,4.00,-0.98,-1.85
16:31:21:361,4.38,0.18,-1.17
16:31:21:382,4.12,0.02,-2.23
16:31:21:422,4.10,0.08,-1.11
16:31:21:448,4.26,0.39,-1.06
16:31:21:455,4.45,0.62,-1.09
16:31:21:481,4.75,0.20,-1.20
16:31:21:529,5.38,1.87,-1.17
16:31:21:548,5.08,-0.16,-1.13
16:31:21:568,5.05,0.25,-0.95
16:31:21:592,5.87,0.50,-2.67
16:31:21:610,6.53,1.14,-2.91
16:31:21:627,8.00,-0.83,-4.00
16:31:21:673,8.00,-2.24,-3.33
16:31:21:709,7.72,-1.74,-3.90
16:31:21:716,3.93,-0.94,-3.25
16:31:21:765,0.39,-0.79,-3.98
16:31:21:770,1.22,-4.18,-1.68
16:31:21:807,0.53,-3.47,-0.67
16:31:21:847,0.41,-2.87,-2.16
16:31:21:878,1.50,-1.71,-1.84
16:31:21:894,2.29,-1.15,-1.54
16:31:21:902,3.55,-0.54,-1.57
16:31:21:921,4.77,1.98,-2.70
16:31:21:980,6.41,-0.21,-1.78
16:31:21:986,8.00,1.14,-2.66
16:31:22:36,8.00,2.62,-3.13
16:31:22:55,8.00,4.76,-2.58
16:31:22:82,8.00,6.28,-1.60
16:31:22:108,4.70,8.00,-0.97
16:31:22:115,5.75,8.00,3.67
16:31:22:135,7.13,2.84,2.21
16:31:22:148,5.52,-8.00,-4.61
16:31:22:154,8.00,3.26,-2.68
16:31:22:166,7.81,0.75,-0.60
16:31:22:188,4.39,1.36,-1.79
16:31:22:230,3.33,1.37,-2.75
16:31:22:238,4.81,0.26,-1.85
16:31:22:257,3.02,-0.16,-1.01
16:31:22:284,3.80,-0.23,-1.36
16:31:22:293,3.78,-1.05,-1.43
16:31:22:348,3.66,-1.26,-1.96
16:31:22:380,3.67,0.15,-2.17
16:31:22:435,4.00,0.21,-1.54
16:31:22:486,3.90,-0.21,-1.38
16:31:22:505,3.66,0.18,-1.54
16:31:22:517,3.98,0.14,-1.38
16:31:22:523,3.60,-0.01,-1.23
16:31:22:542,4.21,0.20,-1.36
16:31:22:556,4.16,0.33,-1.29
16:31:22:576,4.25,0.10,-1.28
16:31:22:610,3.52,-1.04,-1.18
16:31:22:628,4.81,-0.03,-1.17
16:31:22:641,4.83,0.26,-0.91
16:31:22:647,5.26,0.63,-1.52
16:31:22:717,6.31,0.37,-3.38
16:31:22:736,7.67,-0.97,-1.55
16:31:22:742,8.00,-2.97,-3.77
16:31:22:748,8.00,-1.80,-2.06
16:31:22:790,2.46,-0.67,-1.22
16:31:22:801,3.57,1.28,-0.85
16:31:22:814,0.99,0.56,-2.75
16:31:22:858,0.96,-3.45,-1.23
16:31:22:909,0.31,-1.44,-0.74
16:31:22:915,0.24,-2.53,-1.29
16:31:22:962,1.08,-1.33,-1.49
16:31:23:4,1.75,-0.90,-2.11
16:31:23:10,2.56,-0.68,-2.12
16:31:23:17,3.61,-0.32,-2.17
16:31:23:36,5.21,-0.25,-2.32
16:31:23:49,6.88,-0.21,-2.23
16:31:23:56,8.00,0.54,-3.28
16:31:23:77,8.00,3.99,-3.82
16:31:23:96,8.00,5.29,1.83
16:31:23:123,5.43,8.00,-0.19
16:31:23:145,4.32,8.00,6.65
16:31:23:163,6.07,5.14,1.57
16:31:23:223,4.11,-8.00,-5.45
16:31:23:256,6.79,-5.10,-1.07
16:31:23:268,8.00,2.09,0.25
16:31:23:287,4.31,2.08,-1.74
16:31:23:295,3.37,1.02,-3.00
16:31:23:308,4.71,0.96,-1.82
16:31:23:339,4.08,0.81,-2.09
16:31:23:358,3.70,0.26,-0.90
16:31:23:383,3.73,-1.10,-1.27
16:31:23:407,3.96,-1.26,-1.36
16:31:23:438,4.07,0.37,-2.39
16:31:23:470,3.71,0.23,-1.78
16:31:23:498,3.62,-0.23,-1.37
16:31:23:513,4.13,-0.26,-1.82
16:31:23:541,3.97,0.30,-1.41
16:31:23:547,3.88,0.02,-1.30
16:31:23:624,3.94,0.07,-1.51
16:31:23:647,3.78,0.48,-1.14
16:31:23:653,4.10,0.49,-0.92
16:31:23:665,4.07,0.46,-1.21
16:31:23:680,4.48,0.63,-1.32
16:31:23:706,4.77,0.65,-1.03
16:31:23:715,4.60,0.71,-0.35
16:31:23:740,4.72,1.05,-0.87
16:31:23:771,5.19,1.32,-1.27
16:31:23:797,6.21,-0.18,-2.52
16:31:23:827,7.40,-0.61,-2.17
16:31:23:835,7.27,-1.17,-1.93
16:31:23:865,5.94,0.62,-1.54
16:31:23:882,2.70,2.27,-0.46
16:31:23:901,1.80,1.05,-2.42
16:31:23:960,-0.38,-0.56,-1.25
16:31:23:978,0.25,-1.13,0.26
16:31:23:997,1.00,-1.35,0.65
16:31:24:35,2.88,-0.32,0.46
16:31:24:89,2.18,0.28,0.21
16:31:24:102,3.49,1.67,0.44
16:31:24:108,3.84,2.34,0.66
16:31:24:121,4.09,2.30,0.51
16:31:24:148,4.33,3.03,0.86
16:31:24:154,4.30,2.98,0.45
16:31:24:180,4.36,3.33,0.02
16:31:24:233,4.68,3.68,0.36
16:31:24:249,4.25,3.48,0.73
16:31:24:263,4.02,2.66,0.08
16:31:24:284,3.60,1.62,-0.70
16:31:24:301,4.25,2.34,-0.38
16:31:24:323,7.65,3.82,-1.98
16:31:24:351,4.55,1.64,-0.57
16:31:24:372,3.71,-0.54,-0.71
16:31:24:397,3.84,-0.97,-1.45
16:31:24:412,3.60,-1.06,-0.91
16:31:24:452,3.79,-0.07,-1.46
16:31:24:471,3.68,0.03,-1.12
16:31:24:483,4.10,-0.05,-1.08
16:31:24:504,3.86,-0.24,-1.02
16:31:24:535,3.89,-0.42,-1.12
16:31:24:571,3.84,-0.43,-1.24
16:31:24:580,3.88,-0.31,-1.11
16:31:24:598,3.92,-0.24,-1.11
16:31:24:646,3.74,-0.31,-1.19
16:31:24:652,3.78,-0.52,-1.25
16:31:24:673,3.86,-0.61,-1.36
16:31:24:707,3.78,-0.62,-1.66
16:31:24:732,3.82,-0.62,-1.60
16:31:24:745,3.85,-0.42,-1.56
16:31:24:774,3.83,-0.35,-1.28
16:31:24:812,3.63,-0.53,-1.04
16:31:24:838,3.73,-0.41,-1.30
16:31:24:881,3.75,-0.27,-1.35
16:31:24:893,3.74,-0.30,-1.43
16:31:24:902,3.82,-0.26,-1.45
16:31:24:918,3.80,-0.25,-1.45
16:31:24:990,3.79,-0.31,-1.42
16:31:24:991,3.79,-0.23,-1.37
16:31:24:992,3.79,-0.31,-1.43
16:31:25:20,3.81,-0.38,-1.34
16:31:25:41,3.75,-0.29,-1.40
16:31:25:59,3.77,-0.44,-1.51
16:31:25:87,3.83,-0.32,-1.40
16:31:25:118,3.78,-0.20,-1.34
16:31:25:166,3.78,-0.25,-1.33
16:31:25:200,3.77,-0.23,-1.36
16:31:25:226,3.80,-0.26,-1.38
16:31:25:231,3.79,-0.27,-1.35
16:31:25:239,3.79,-0.26,-1.37
16:31:25:260,3.78,-0.27,-1.38
16:31:25:281,3.80,-0.27,-1.35
16:31:25:302,3.79,-0.26,-1.31
16:31:25:321,3.81,-0.24,-1.37
16:31:25:369,3.78,-0.22,-1.34
16:31:25:374,3.82,-0.28,-1.42
16:31:25:395,3.79,-0.31,-1.38
16:31:25:459,3.81,-0.27,-1.35
16:31:25:465,3.80,-0.28,-1.35
16:31:25:485,3.80,-0.23,-1.38
16:31:25:597,3.82,-0.22,-1.36
16:31:25:624,3.80,-0.28,-1.40
16:31:25:629,3.81,-0.30,-1.37
16:31:25:683,3.77,-0.23,-1.36
16:31:25:695,3.81,-0.23,-1.38
16:31:25:704,3.80,-0.27,-1.37
16:31:25:717,3.79,-0.23,-1.35
16:31:25:748,3.82,-0.23,-1.38
16:31:25:755,3.81,-0.29,-1.35
16:31:25:761,3.80,-0.29,-1.36
16:31:25:829,3.80,-0.27,-1.37
16:31:25:844,3.80,-0.24,-1.37
16:31:25:865,3.81,-0.23,-1.41
16:31:25:871,3.80,-0.20,-1.40
16:31:25:896,3.79,-0.21,-1.38
16:31:25:919,3.81,-0.23,-1.38
16:31:25:925,3.79,-0.25,-1.39
16:31:25:950,3.79,-0.25,-1.35
16:31:25:975,3.80,-0.25,-1.39
16:31:25:981,3.80,-0.25,-1.40
16:31:25:987,3.82,-0.26,-1.38
16:31:26:40,3.78,-0.27,-1.38
16:31:26:108,3.80,-0.24,-1.38
16:31:26:109,3.80,-0.24,-1.38
16:31:26:129,3.81,-0.24,-1.36
16:31:26:147,3.80,-0.25,-1.36
16:31:26:190,3.80,-0.25,-1.37
16:31:26:209,3.80,-0.24,-1.36
16:31:26:227,3.79,-0.26,-1.42
16:31:26:249,3.78,-0.27,-1.36
16:31:26:255,3.79,-0.27,-1.33
16:31:26:270,3.80,-0.25,-1.35
16:31:26:276,3.79,-0.24,-1.37
16:31:26:312,3.80,-0.24,-1.38
16:31:26:366,3.80,-0.25,-1.36
16:31:26:431,3.79,-0.30,-1.40
16:31:26:438,3.81,-0.26,-1.35
16:31:26:447,3.80,-0.23,-1.39
16:31:26:460,3.76,-0.25,-1.38
16:31:26:478,3.80,-0.31,-1.38
16:31:26:484,3.79,-0.27,-1.38
16:31:26:497,3.80,-0.25,-1.43
16:31:26:511,3.82,-0.28,-1.37
16:31:26:536,3.78,-0.25,-1.38
16:31:26:558,3.79,-0.27,-1.42
16:31:26:589,3.81,-0.28,-1.39
16:31:26:617,3.79,-0.28,-1.38
16:31:26:631,3.78,-0.29,-1.40
16:31:26:678,3.77,-0.27,-1.37
16:31:26:697,3.79,-0.26,-1.42
16:31:26:703,3.80,-0.28,-1.40
16:31:26:737,3.78,-0.25,-1.40
16:31:26:805,3.79,-0.25,-1.43
16:31:26:811,3.79,-0.24,-1.43
16:31:26:823,3.80,-0.26,-1.42
16:31:26:848,3.79,-0.25,-1.40
16:31:26:857,3.78,-0.24,-1.41
16:31:26:877,3.77,-0.23,-1.42
16:31:26:933,3.81,-0.28,-1.41
16:31:26:939,3.81,-0.28,-1.41
16:31:26:960,3.79,-0.26,-1.41
16:31:26:983,3.79,-0.27,-1.43
16:31:26:995,3.80,-0.29,-1.48
16:31:27:28,3.79,-0.28,-1.41
16:31:27:82,3.78,-0.27,-1.42
16:31:27:129,3.80,-0.22,-1.43
16:31:27:140,3.83,-0.13,-1.43
16:31:27:156,3.78,-0.26,-1.48
16:31:27:191,3.80,-0.39,-1.33
16:31:27:199,3.79,-0.29,-1.31
16:31:27:216,3.76,-0.29,-1.31
16:31:27:239,3.79,-0.23,-1.31
16:31:27:251,3.76,-0.19,-1.29
16:31:27:266,3.80,-0.25,-1.30
16:31:27:276,3.92,-0.28,-1.28
16:31:27:312,3.80,-0.24,-1.23
16:31:27:323,3.79,-0.11,-1.23
16:31:27:344,3.86,-0.12,-1.31
16:31:27:375,3.79,-0.27,-1.35
16:31:27:408,3.77,-0.32,-1.21
16:31:27:430,3.85,-0.22,-1.34
16:31:27:436,3.79,-0.35,-1.38
16:31:27:486,3.80,-0.33,-1.26
16:31:27:506,3.75,-0.25,-1.32
16:31:27:521,3.82,-0.21,-1.27
16:31:27:547,3.84,-0.28,-1.23
16:31:27:570,3.90,-0.29,-1.34
16:31:27:611,3.91,-0.32,-1.29
16:31:27:642,3.90,-0.28,-1.23
16:31:27:673,4.01,-0.34,-1.15
16:31:27:691,3.86,-0.36,-1.15
16:31:27:696,3.89,-0.15,-1.10
16:31:27:763,3.88,0.03,-1.16
16:31:27:800,3.88,-0.18,-0.98
16:31:27:821,3.95,-0.17,-0.86
16:31:27:833,3.92,-0.15,-1.12
16:31:27:840,4.01,0.13,-1.16
16:31:27:847,4.38,0.62,-1.18
16:31:27:866,3.98,-0.03,-1.06
16:31:27:923,4.02,-0.17,-0.92
16:31:27:956,4.03,0.15,-0.73
16:31:27:979,3.81,0.33,-0.73
16:31:27:995,3.86,0.27,-0.70
16:31:28:8,3.97,0.13,-0.65
16:31:28:35,3.89,0.26,-0.59
