13:44:47:386,-4.02,-0.68,-0.62
13:44:47:386,-4.05,-0.68,-0.63
13:44:47:386,-4.03,-0.68,-0.68
13:44:47:417,-4.03,-0.68,-0.65
13:44:47:417,-4.05,-0.71,-0.67
13:44:47:417,-4.06,-0.69,-0.62
13:44:47:452,-4.06,-0.71,-0.62
13:44:47:583,-4.06,-0.70,-0.58
13:44:47:583,-4.09,-0.74,-0.55
13:44:47:598,-4.07,-0.72,-0.57
13:44:47:614,-4.05,-0.72,-0.58
13:44:47:692,-4.09,-0.71,-0.59
13:44:47:770,-4.07,-0.72,-0.58
13:44:47:770,-4.07,-0.76,-0.57
13:44:47:817,-4.02,-0.78,-0.57
13:44:47:817,-4.00,-0.69,-0.60
13:44:47:817,-3.98,-0.77,-0.60
13:44:47:915,-4.00,-0.79,-0.63
13:44:47:936,-4.03,-0.80,-0.61
13:44:47:936,-4.07,-0.80,-0.61
13:44:47:936,-4.08,-0.82,-0.60
13:44:47:936,-4.03,-0.81,-0.64
13:44:47:951,-4.02,-0.73,-0.63
13:44:47:951,-4.07,-0.74,-0.67
13:44:47:967,-4.03,-0.74,-0.77
13:44:47:983,-3.94,-0.63,-0.81
13:44:47:983,-3.95,-0.66,-0.91
13:44:47:983,-3.92,-0.53,-0.92
13:44:47:983,-4.07,-0.70,-0.83
13:44:47:983,-3.97,-0.66,-0.74
13:44:47:983,-4.09,-0.59,-0.58
13:44:48:53,-4.21,-0.78,-0.49
13:44:48:70,-4.17,-0.58,-0.47
13:44:48:107,-4.17,-0.59,-0.67
13:44:48:112,-4.10,-0.50,-0.67
13:44:48:130,-4.02,-0.61,-0.78
13:44:48:313,-4.00,-0.49,-0.85
13:44:48:313,-3.99,-0.56,-0.89
13:44:48:313,-4.06,-0.60,-0.80
13:44:48:313,-4.11,-0.55,-0.64
13:44:48:334,-4.11,-0.74,-0.66
13:44:48:339,-4.04,-0.70,-0.62
13:44:48:354,-4.07,-0.62,-0.53
13:44:48:354,-4.05,-0.68,-0.57
13:44:48:354,-4.12,-0.72,-0.59
13:44:48:377,-4.11,-0.81,-0.68
13:44:48:424,-4.08,-0.93,-0.78
13:44:48:449,-4.00,-0.88,-0.75
13:44:48:457,-3.98,-0.76,-0.73
13:44:48:474,-4.02,-0.67,-0.74
13:44:48:474,-4.10,-0.73,-0.79
13:44:48:474,-4.18,-0.75,-0.82
13:44:48:484,-4.24,-0.68,-0.85
13:44:48:495,-4.45,-0.45,-0.76
13:44:48:504,-4.36,-0.20,-0.56
13:44:48:521,-4.09,-0.12,-0.46
13:44:48:521,-4.05,-0.13,-0.42
13:44:48:521,-4.08,0.03,-0.38
13:44:48:521,-3.90,0.08,-0.47
13:44:48:521,-3.77,0.02,-0.70
13:44:48:521,-3.69,-0.09,-0.84
13:44:48:521,-3.89,-0.37,-0.99
13:44:48:584,-4.15,-0.74,-1.05
13:44:48:584,-4.22,-0.96,-1.02
13:44:48:594,-4.01,-1.01,-0.86
13:44:48:594,-3.79,-0.77,-0.70
13:44:48:614,-3.63,-0.62,-0.64
13:44:48:629,-3.82,-0.38,-0.64
13:44:48:640,-3.69,-0.22,-0.67
13:44:48:644,-3.66,-0.45,-0.80
13:44:48:655,-3.89,-0.63,-0.84
13:44:48:664,-4.02,-0.83,-0.85
13:44:48:675,-4.05,-1.04,-0.83
13:44:48:675,-4.09,-1.12,-0.62
13:44:48:699,-4.17,-1.06,-0.35
13:44:48:764,-4.30,-1.01,-0.22
13:44:48:770,-4.37,-1.02,-0.17
13:44:48:799,-4.48,-0.92,-0.17
13:44:48:822,-4.63,-0.97,-0.32
13:44:48:824,-4.99,-1.02,-0.35
13:44:48:834,-5.07,-1.06,-0.25
13:44:48:854,-4.87,-1.11,-0.17
13:44:48:854,-4.87,-1.05,-0.04
13:44:48:865,-5.06,-0.98,0.00
13:44:48:889,-5.49,-1.14,-0.25
13:44:48:934,-5.32,-1.25,-0.50
13:44:48:974,-4.84,-1.09,-0.66
13:44:49:25,-4.34,-0.96,-0.88
13:44:49:45,-4.28,-0.50,-0.89
13:44:49:45,-4.72,-0.75,-1.18
13:44:49:54,-5.34,0.13,-0.92
13:44:49:119,-5.22,-0.31,-1.08
13:44:49:134,-4.49,-0.64,-1.31
13:44:49:144,-4.20,-0.30,-1.16
13:44:49:154,-4.18,-0.64,-1.33
13:44:49:156,-3.80,-0.64,-1.35
13:44:49:169,-3.52,-0.64,-1.34
13:44:49:216,-3.51,-0.71,-1.28
13:44:49:222,-3.37,-0.77,-1.26
13:44:49:244,-3.10,-0.76,-1.24
13:44:49:331,-2.95,-0.77,-1.19
13:44:49:354,-2.98,-0.66,-1.13
13:44:49:376,-3.24,-0.58,-1.09
13:44:49:404,-3.36,-0.49,-1.07
13:44:49:424,-3.50,-0.35,-1.04
13:44:49:485,-3.61,-0.32,-0.89
13:44:49:485,-3.81,-0.21,-0.74
13:44:49:498,-4.26,-0.15,-0.81
13:44:49:505,-4.58,-0.10,-1.04
13:44:49:505,-4.82,-0.31,-1.22
13:44:49:554,-5.10,-0.75,-0.90
13:44:49:554,-5.73,-1.02,-0.35
13:44:49:586,-5.98,-1.07,0.26
13:44:49:629,-5.53,-1.10,0.19
13:44:49:675,-5.19,-0.70,-0.38
13:44:49:675,-5.11,0.09,-0.61
13:44:49:684,-4.60,0.20,-0.09
13:44:49:695,-3.71,0.28,-0.15
13:44:49:715,-3.73,-1.03,-0.76
13:44:49:757,-3.42,-0.89,-0.55
13:44:49:764,-3.61,-0.87,-0.44
13:44:49:774,-3.66,-1.06,-0.45
13:44:49:836,-3.44,-1.24,-0.50
13:44:49:874,-3.37,-1.29,-0.40
13:44:49:876,-3.49,-1.30,-0.36
13:44:49:894,-3.44,-1.29,-0.46
13:44:49:916,-4.00,-1.35,-0.50
13:44:49:935,-4.40,-1.46,-0.59
13:44:49:944,-4.53,-1.55,-0.69
13:44:49:993,-4.81,-1.62,-0.81
13:44:50:33,-6.01,-1.75,-0.78
13:44:50:64,-6.86,-1.81,-0.65
13:44:50:95,-5.96,-1.41,-0.60
13:44:50:114,-4.97,-0.90,-0.66
13:44:50:116,-4.67,-0.51,-0.75
13:44:50:123,-5.21,-0.21,-0.97
13:44:50:135,-5.88,-0.18,-1.42
13:44:50:174,-5.91,-0.15,-1.52
13:44:50:214,-5.42,-0.20,-1.35
13:44:50:223,-4.78,-0.23,-1.06
13:44:50:236,-4.45,-0.17,-0.78
13:44:50:263,-4.12,-0.25,-0.75
13:44:50:284,-3.57,-0.37,-0.90
13:44:50:304,-3.05,-0.47,-0.95
13:44:50:354,-2.72,-0.57,-0.94
13:44:50:400,-2.58,-0.68,-0.92
13:44:50:414,-2.56,-0.62,-0.87
13:44:50:414,-2.73,-0.38,-0.91
13:44:50:434,-3.07,-0.32,-0.95
13:44:50:458,-3.19,-0.25,-0.97
13:44:50:474,-3.39,-0.18,-0.96
13:44:50:504,-3.39,-0.16,-0.87
13:44:50:573,-3.96,-0.15,-1.03
13:44:50:585,-4.48,-0.30,-1.35
13:44:50:586,-4.69,-0.62,-1.42
13:44:50:600,-4.87,-0.85,-1.08
13:44:50:614,-5.03,-1.11,-0.57
13:44:50:634,-5.57,-1.24,-0.20
13:44:50:720,-5.88,-1.27,-0.27
13:44:50:741,-5.67,-1.31,-0.74
13:44:50:759,-5.01,-0.94,-1.06
13:44:50:760,-4.49,-0.18,-0.71
13:44:50:796,-4.04,0.45,-0.10
13:44:50:796,-3.88,0.76,0.28
13:44:50:813,-3.65,0.29,0.02
13:44:50:830,-3.52,-1.02,-0.61
13:44:50:865,-3.50,-0.95,-0.54
13:44:50:953,-3.56,-1.36,-0.51
13:44:50:989,-3.50,-1.68,-0.56
13:44:50:989,-3.86,-1.71,-0.50
13:44:50:989,-4.17,-1.75,-0.51
13:44:51:22,-4.64,-1.79,-0.53
13:44:51:22,-4.93,-1.69,-0.53
13:44:51:22,-4.88,-1.72,-0.52
13:44:51:76,-5.50,-1.83,-0.60
13:44:51:127,-6.48,-2.05,-0.59
13:44:51:131,-7.10,-2.11,-0.68
13:44:51:148,-5.90,-1.54,-0.95
13:44:51:165,-4.73,-0.94,-0.98
13:44:51:165,-4.45,-0.44,-0.88
13:44:51:201,-4.87,-0.28,-1.12
13:44:51:218,-5.17,-0.34,-1.43
13:44:51:254,-5.18,-0.60,-1.49
13:44:51:271,-4.68,-0.13,-0.90
13:44:51:305,-4.51,-1.04,-1.17
13:44:51:323,-3.96,-0.44,-0.90
13:44:51:340,-3.95,-0.40,-0.93
13:44:51:375,-3.75,-0.49,-1.20
13:44:51:391,-3.58,-0.56,-1.38
13:44:51:409,-3.52,-0.62,-1.49
13:44:51:478,-3.10,-0.68,-1.48
13:44:51:479,-3.08,-0.66,-1.37
13:44:51:513,-3.20,-0.51,-1.28
13:44:51:513,-3.33,-0.41,-1.26
13:44:51:531,-3.29,-0.40,-1.22
13:44:51:548,-3.34,-0.41,-1.00
13:44:51:651,-3.45,-0.38,-0.86
13:44:51:669,-3.71,-0.33,-0.95
13:44:51:669,-3.59,-0.32,-1.03
13:44:51:669,-3.93,-0.45,-0.82
13:44:51:704,-4.22,-0.61,-0.57
13:44:51:705,-4.78,-0.75,-0.30
13:44:51:722,-5.57,-0.80,0.11
13:44:51:757,-6.19,-0.89,0.19
13:44:51:799,-5.89,-1.06,-0.32
13:44:51:823,-5.30,-0.50,-0.44
13:44:51:851,-4.86,1.54,0.31
13:44:51:852,-4.99,-0.28,0.65
13:44:51:869,-3.62,-0.64,0.02
13:44:51:908,-3.79,-1.58,-0.85
13:44:51:941,-3.87,-1.36,-0.60
13:44:51:997,-4.06,-0.92,-0.44
13:44:51:997,-3.91,-0.84,-0.41
13:44:52:28,-3.92,-1.17,-0.43
13:44:52:28,-3.87,-1.31,-0.48
13:44:52:28,-4.06,-1.49,-0.58
13:44:52:94,-4.40,-1.76,-0.62
13:44:52:94,-4.73,-1.89,-0.59
13:44:52:111,-4.83,-1.94,-0.76
13:44:52:176,-5.68,-2.06,-0.84
13:44:52:261,-6.62,-2.14,-0.70
13:44:52:261,-6.72,-1.80,-0.59
13:44:52:278,-5.29,-1.22,-0.68
13:44:52:296,-4.49,-0.71,-0.71
13:44:52:313,-4.55,-0.37,-0.86
13:44:52:382,-4.97,-0.52,-1.39
13:44:52:382,-4.97,-0.83,-2.41
13:44:52:399,-5.26,0.81,-0.66
13:44:52:399,-4.89,-0.56,-1.04
13:44:52:416,-4.36,0.14,-0.54
13:44:52:416,-3.98,-0.08,-0.63
13:44:52:433,-3.67,-0.13,-0.78
13:44:52:451,-3.45,-0.32,-1.09
13:44:52:485,-3.34,-0.61,-1.21
13:44:52:517,-3.32,-0.71,-1.11
13:44:52:534,-3.18,-0.62,-1.02
13:44:52:551,-3.03,-0.43,-1.11
13:44:52:600,-3.16,-0.42,-1.12
13:44:52:616,-3.32,-0.32,-1.08
13:44:52:617,-3.22,-0.30,-1.08
13:44:52:635,-3.16,-0.41,-0.85
13:44:52:671,-3.75,-0.44,-0.79
13:44:52:720,-4.04,-0.39,-0.87
13:44:52:736,-4.07,-0.50,-1.04
13:44:52:736,-4.06,-0.75,-1.04
13:44:52:768,-4.84,-1.02,-0.81
13:44:52:784,-5.74,-1.47,-0.53
13:44:52:850,-6.01,-1.69,-0.41
13:44:52:865,-5.52,-1.99,-0.84
13:44:52:948,-4.79,-1.91,-0.87
13:44:52:963,-4.54,-0.69,-0.47
13:44:52:981,-4.16,0.88,-0.36
13:44:52:981,-4.11,3.49,1.30
13:44:52:996,-3.82,2.64,0.53
13:44:53:13,-3.83,-1.55,-1.46
13:44:53:88,-3.11,-3.07,-1.41
13:44:53:88,-3.49,-2.25,-0.81
13:44:53:104,-3.52,-2.56,-0.86
13:44:53:120,-3.42,-1.75,-0.69
13:44:53:120,-3.59,-1.23,-0.64
13:44:53:120,-4.08,-1.29,-0.38
13:44:53:153,-4.67,-1.16,-0.15
13:44:53:171,-4.72,-1.16,-0.48
13:44:53:206,-5.40,-1.77,-0.83
13:44:53:256,-6.40,-2.22,-1.03
13:44:53:268,-6.93,-2.26,-1.10
13:44:53:283,-5.47,-1.55,-1.03
13:44:53:324,-4.49,-1.14,-0.86
13:44:53:338,-4.37,-0.84,-0.77
13:44:53:354,-4.80,-0.88,-1.01
13:44:53:369,-5.10,-0.83,-1.20
13:44:53:492,-4.87,-0.71,-1.14
13:44:53:517,-4.25,-0.60,-1.17
13:44:53:533,-3.90,-0.42,-1.01
13:44:53:548,-3.70,-0.17,-0.76
13:44:53:552,-3.64,-0.33,-0.84
13:44:53:558,-3.49,-0.44,-0.99
13:44:53:597,-3.45,-0.54,-1.11
13:44:53:628,-3.46,-0.70,-1.20
13:44:53:633,-3.41,-0.60,-1.25
13:44:53:654,-3.49,-0.43,-1.25
13:44:53:669,-3.54,-0.37,-1.22
13:44:53:674,-3.73,-0.34,-1.13
13:44:53:683,-3.66,-0.34,-1.09
13:44:53:721,-3.67,-0.44,-0.84
13:44:53:741,-4.28,-0.42,-0.87
13:44:53:776,-4.39,-0.27,-1.14
13:44:53:837,-4.52,-0.41,-1.28
13:44:53:843,-4.44,-0.78,-0.94
13:44:53:847,-4.84,-0.76,-0.47
13:44:53:877,-4.86,-0.85,-0.04
13:44:53:883,-4.97,-0.95,0.13
13:44:53:922,-4.75,-0.91,-0.10
13:44:53:979,-4.16,-0.65,-0.60
13:44:54:3,-3.68,-0.04,-0.75
13:44:54:8,-3.40,0.36,-0.59
13:44:54:40,-3.60,0.02,-0.42
13:44:54:50,-3.88,-0.01,-0.22
13:44:54:65,-3.96,-0.88,-0.63
13:44:54:70,-3.99,-1.23,-0.72
13:44:54:115,-4.16,-1.19,-0.71
13:44:54:140,-4.08,-1.52,-0.69
13:44:54:165,-4.13,-1.54,-0.65
13:44:54:201,-4.46,-1.59,-0.64
13:44:54:234,-4.86,-1.65,-0.65
13:44:54:234,-5.08,-1.67,-0.68
13:44:54:251,-5.01,-1.71,-0.51
13:44:54:267,-4.97,-1.62,-0.50
13:44:54:284,-5.71,-1.69,-0.34
13:44:54:336,-6.68,-1.76,-0.28
13:44:54:354,-6.33,-1.31,-0.32
13:44:54:354,-4.96,-1.05,-0.44
13:44:54:406,-4.37,-0.73,-0.62
13:44:54:422,-4.75,-0.36,-0.83
13:44:54:455,-5.37,-0.28,-1.20
13:44:54:489,-5.59,-0.40,-1.60
13:44:54:538,-5.50,-0.27,-1.63
13:44:54:590,-4.75,0.09,-1.00
13:44:54:590,-4.43,-0.38,-0.98
13:44:54:607,-4.14,-0.17,-0.76
13:44:54:607,-3.89,-0.39,-0.95
13:44:54:623,-3.42,-0.69,-1.23
13:44:54:641,-2.97,-0.77,-1.33
13:44:54:674,-2.67,-0.98,-1.33
13:44:54:717,-2.63,-0.98,-1.28
13:44:54:727,-2.76,-0.66,-1.20
13:44:54:742,-2.88,-0.58,-1.14
13:44:54:742,-3.09,-0.42,-1.07
13:44:54:760,-3.42,-0.28,-0.96
13:44:54:885,-3.49,-0.27,-0.83
13:44:54:903,-3.50,-0.14,-0.88
13:44:54:921,-3.85,-0.06,-1.09
13:44:55:55,-4.44,-0.25,-1.38
13:44:55:88,-4.87,-0.56,-1.36
13:44:55:104,-5.12,-0.87,-1.01
13:44:55:105,-5.57,-1.10,-0.49
13:44:55:105,-5.98,-1.31,-0.01
13:44:55:121,-5.93,-1.29,-0.13
13:44:55:138,-5.10,-0.94,-0.48
13:44:55:155,-4.49,-0.21,-0.68
13:44:55:155,-4.26,-0.14,-0.32
13:44:55:172,-4.22,1.51,0.74
13:44:55:239,-4.06,0.03,-0.48
13:44:55:255,-3.92,-1.76,-0.75
13:44:55:288,-4.04,-0.56,-0.16
13:44:55:288,-4.40,-1.07,-0.10
13:44:55:305,-4.22,-1.18,-0.04
13:44:55:305,-3.87,-1.19,-0.03
13:44:55:323,-3.76,-1.24,0.08
13:44:55:357,-3.95,-1.33,0.03
13:44:55:357,-4.18,-1.31,0.01
13:44:55:407,-4.43,-1.36,-0.13
13:44:55:438,-4.60,-1.36,-0.29
13:44:55:438,-4.36,-1.12,-0.43
13:44:55:455,-4.82,-0.93,-0.66
13:44:55:471,-6.20,-1.03,-0.89
13:44:55:471,-7.80,-1.14,-1.12
13:44:55:506,-6.45,-1.00,-1.17
13:44:55:521,-5.09,-0.98,-1.15
13:44:55:521,-4.96,-0.59,-1.15
13:44:55:571,-5.57,-0.24,-1.55
13:44:55:622,-6.08,-0.10,-2.16
13:44:55:622,-5.66,-0.06,-2.21
13:44:55:638,-5.04,-0.24,-1.87
13:44:55:671,-4.61,-0.51,-1.51
13:44:55:686,-4.16,-0.61,-1.24
13:44:55:704,-3.78,-0.53,-1.14
13:44:55:843,-3.32,-0.32,-1.10
13:44:55:878,-3.12,-0.34,-1.22
13:44:55:878,-2.94,-0.34,-1.19
13:44:55:895,-2.60,-0.25,-0.94
13:44:55:962,-2.69,-0.36,-0.79
13:44:55:981,-2.75,-0.27,-0.62
13:44:56:17,-2.85,-0.17,-0.50
13:44:56:34,-2.94,-0.14,-0.51
13:44:56:51,-2.87,-0.03,-0.46
13:44:56:51,-3.10,0.12,-0.59
13:44:56:84,-3.62,0.12,-0.77
13:44:56:135,-4.55,-0.24,-1.09
13:44:56:135,-5.40,-0.47,-1.32
13:44:56:152,-5.18,-0.97,-1.22
13:44:56:168,-5.08,-1.56,-0.95
13:44:56:184,-5.68,-2.00,-0.64
13:44:56:218,-6.08,-2.31,-0.67
13:44:56:252,-5.71,-2.50,-0.84
13:44:56:269,-5.47,-2.10,-0.63
13:44:56:351,-4.92,-1.10,-0.37
13:44:56:385,-4.49,-0.42,-0.50
13:44:56:402,-4.28,-1.17,-0.59
13:44:56:402,-4.03,-1.14,-0.49
13:44:56:419,-3.98,-0.71,-0.12
13:44:56:435,-3.92,-0.94,-0.07
13:44:56:468,-4.07,-0.90,0.10
13:44:56:519,-4.34,-0.90,0.31
13:44:56:554,-4.46,-1.01,0.19
13:44:56:554,-4.55,-0.77,-0.06
13:44:56:588,-4.47,-0.40,-0.45
13:44:56:655,-4.36,-0.49,-0.89
13:44:56:690,-4.63,-0.07,-0.92
13:44:56:760,-4.59,1.27,-0.32
13:44:56:778,-4.42,0.91,-0.56
13:44:56:778,-4.18,0.51,-0.91
13:44:56:795,-4.27,0.93,-0.50
13:44:56:916,-4.45,0.57,-0.84
13:44:56:931,-4.54,-0.33,-1.21
13:44:56:933,-4.49,-0.84,-1.42
13:44:56:965,-4.14,-1.21,-1.40
13:44:57:99,-3.76,-1.41,-1.33
13:44:57:115,-3.48,-1.45,-1.32
13:44:57:233,-3.29,-1.33,-1.25
13:44:57:233,-3.25,-1.22,-1.15
13:44:57:233,-3.30,-1.00,-1.07
13:44:57:250,-3.30,-0.91,-0.93
13:44:57:285,-3.33,-0.74,-0.85
13:44:57:285,-3.45,-0.55,-0.66
13:44:57:285,-3.62,-0.39,-0.55
13:44:57:285,-3.58,-0.29,-0.55
13:44:57:302,-3.66,-0.29,-0.67
13:44:57:302,-3.84,-0.35,-0.71
13:44:57:317,-4.13,-0.56,-0.72
13:44:57:319,-4.39,-0.79,-0.63
13:44:57:319,-4.66,-0.82,-0.31
13:44:57:336,-4.96,-0.56,0.13
13:44:57:336,-4.78,-0.15,0.10
13:44:57:336,-4.68,0.09,0.06
13:44:57:336,-4.67,0.02,-0.05
13:44:57:367,-4.47,-0.37,-0.33
13:44:57:367,-4.36,-0.57,-0.46
13:44:57:367,-4.30,-0.80,-0.56
13:44:57:367,-4.25,-1.07,-0.69
13:44:57:418,-4.19,-1.16,-0.72
13:44:57:418,-4.11,-1.11,-0.75
13:44:57:418,-4.11,-1.10,-0.77
13:44:57:434,-4.04,-1.02,-0.79
13:44:57:434,-3.98,-0.99,-0.74
13:44:57:451,-3.91,-0.97,-0.81
13:44:57:485,-3.81,-0.99,-0.86
13:44:57:502,-3.77,-1.03,-0.93
13:44:57:519,-3.78,-1.06,-0.94
13:44:57:553,-3.82,-1.04,-0.95
13:44:57:585,-3.89,-1.00,-0.89
13:44:57:602,-3.95,-0.95,-0.84
13:44:57:619,-4.00,-0.89,-0.81
13:44:57:635,-4.06,-0.89,-0.72
13:44:57:669,-4.14,-0.82,-0.65
13:44:57:669,-4.20,-0.78,-0.60
13:44:57:669,-4.22,-0.72,-0.48
13:44:57:686,-4.27,-0.60,-0.44
13:44:57:686,-4.33,-0.54,-0.37
13:44:57:720,-4.37,-0.33,-0.33
13:44:57:720,-4.35,-0.13,-0.41
13:44:57:754,-4.26,0.07,-0.45
13:44:57:787,-4.23,0.10,-0.48
13:44:57:787,-4.13,-0.13,-0.59
13:44:57:837,-4.09,-0.34,-0.67
13:44:57:853,-4.04,-0.43,-0.70
13:44:57:853,-4.11,-0.57,-0.75
13:44:57:905,-4.15,-0.70,-0.85
13:44:57:969,-4.14,-0.67,-0.90
13:44:57:986,-4.15,-0.64,-0.91
13:44:58:3,-4.14,-0.54,-0.92
13:44:58:19,-4.17,-0.46,-0.88
13:44:58:37,-4.04,-0.35,-0.92
13:44:58:37,-3.97,-0.32,-0.90
13:44:58:186,-4.01,-0.39,-0.96
13:44:58:186,-4.11,-0.38,-0.95
13:44:58:203,-4.22,-0.40,-0.95
13:44:58:203,-4.19,-0.35,-0.86
13:44:58:220,-4.02,-0.32,-0.71
13:44:58:220,-3.82,-0.23,-0.54
13:44:58:273,-3.66,-0.22,-0.51
13:44:58:306,-3.55,-0.26,-0.51
13:44:58:306,-3.60,-0.37,-0.60
13:44:58:306,-3.68,-0.51,-0.60
13:44:58:323,-3.82,-0.66,-0.67
13:44:58:340,-3.94,-0.69,-0.87
13:44:58:356,-4.01,-0.98,-1.01
13:44:58:388,-4.10,-1.01,-1.07
13:44:58:389,-4.15,-1.15,-1.07
13:44:58:423,-4.22,-1.08,-1.10
13:44:58:489,-4.34,-0.97,-1.19
13:44:58:489,-4.84,-0.92,-1.28
13:44:58:505,-4.77,-0.93,-1.23
13:44:58:523,-4.10,-0.87,-1.05
13:44:58:555,-3.45,-0.76,-0.96
13:44:58:555,-3.42,-0.75,-1.15
13:44:58:636,-4.09,-0.77,-1.55
13:44:58:670,-4.72,-0.95,-1.92
13:44:58:670,-4.54,-1.22,-2.11
13:44:58:688,-3.90,-1.38,-1.91
13:44:58:704,-3.51,-1.22,-1.48
13:44:58:704,-3.51,-0.99,-1.34
13:44:58:722,-3.70,-0.97,-1.51
13:44:58:755,-3.80,-1.16,-1.77
13:44:58:788,-4.00,-1.09,-1.78
13:44:58:805,-3.94,-0.80,-1.91
13:44:58:838,-3.83,-0.75,-1.90
13:44:58:872,-3.74,-0.75,-1.65
13:44:58:907,-3.83,-0.80,-1.53
13:44:58:924,-3.97,-0.81,-1.58
13:44:58:941,-4.01,-0.75,-1.66
13:44:58:957,-4.03,-0.70,-1.60
13:44:59:39,-4.14,-0.67,-1.60
13:44:59:72,-4.26,-0.70,-1.55
13:44:59:72,-4.10,-0.94,-1.63
13:44:59:92,-3.75,-1.10,-1.53
13:44:59:125,-3.66,-1.18,-1.18
13:44:59:125,-3.74,-1.28,-0.83
13:44:59:141,-3.73,-1.32,-0.71
13:44:59:190,-3.52,-1.45,-0.75
13:44:59:207,-3.37,-1.34,-0.79
13:44:59:207,-3.54,-1.23,-0.69
13:44:59:224,-3.79,-1.07,-0.69
13:44:59:259,-4.09,-0.86,-0.73
13:44:59:259,-4.24,-1.04,-0.78
13:44:59:294,-4.21,-1.17,-0.70
13:44:59:360,-4.04,-1.37,-0.64
13:44:59:376,-3.89,-1.32,-0.63
13:44:59:376,-3.97,-1.23,-0.56
13:44:59:410,-4.15,-1.29,-0.49
13:44:59:410,-4.65,-1.31,-0.45
13:44:59:459,-5.00,-1.31,-0.47
13:44:59:576,-4.54,-0.88,-0.45
13:44:59:609,-4.12,-0.40,-0.25
13:44:59:627,-3.81,-0.53,-0.21
13:44:59:627,-3.76,-0.61,-0.37
13:44:59:643,-4.04,-0.63,-0.67
13:44:59:678,-4.33,-0.71,-0.97
13:44:59:776,-4.35,-0.83,-1.09
13:44:59:777,-4.27,-0.94,-1.13
13:44:59:777,-4.14,-0.83,-1.02
13:44:59:810,-3.95,-0.73,-0.90
13:44:59:810,-3.91,-0.73,-0.84
13:44:59:827,-3.65,-0.70,-0.77
13:44:59:909,-3.44,-0.68,-0.86
13:44:59:974,-3.57,-0.69,-0.87
13:44:59:991,-3.67,-0.65,-0.93
13:45:0:9,-4.02,-0.68,-1.11
13:45:0:42,-4.47,-0.69,-1.28
13:45:0:74,-4.73,-0.70,-1.36
13:45:0:91,-4.48,-0.76,-1.16
13:45:0:107,-3.97,-0.78,-0.88
13:45:0:140,-3.62,-0.80,-0.62
13:45:0:172,-3.51,-0.88,-0.62
13:45:0:188,-3.60,-0.88,-0.68
13:45:0:204,-3.92,-0.89,-0.80
13:45:0:204,-4.11,-0.81,-0.79
13:45:0:220,-4.12,-0.74,-0.56
13:45:0:286,-4.11,-0.48,-0.34
13:45:0:286,-4.07,-0.30,-0.22
13:45:0:303,-4.01,-0.45,-0.20
13:45:0:318,-4.06,-0.67,-0.35
13:45:0:318,-4.15,-0.82,-0.52
13:45:0:335,-4.23,-0.88,-0.59
13:45:0:335,-4.26,-0.83,-0.62
13:45:0:351,-4.19,-0.70,-0.59
13:45:0:351,-4.07,-0.69,-0.64
13:45:0:368,-4.02,-0.73,-0.65
13:45:0:368,-4.05,-0.79,-0.70
13:45:0:385,-4.06,-0.87,-0.78
13:45:0:449,-4.02,-0.92,-0.76
13:45:0:466,-4.02,-0.92,-0.81
13:45:0:483,-3.97,-0.88,-0.79
13:45:0:483,-3.97,-0.86,-0.74
13:45:0:499,-3.98,-0.85,-0.67
13:45:0:499,-3.98,-0.84,-0.66
13:45:0:549,-4.03,-0.82,-0.67
13:45:0:550,-4.07,-0.76,-0.67
13:45:0:583,-4.14,-0.69,-0.63
13:45:0:583,-4.12,-0.64,-0.61
13:45:0:682,-4.11,-0.59,-0.56
13:45:0:682,-4.12,-0.55,-0.55
13:45:0:682,-4.11,-0.54,-0.54
13:45:0:733,-4.10,-0.56,-0.62
13:45:0:748,-4.10,-0.58,-0.63
13:45:0:748,-4.08,-0.60,-0.63
13:45:0:817,-4.03,-0.60,-0.64
13:45:0:817,-4.03,-0.64,-0.70
13:45:0:837,-4.03,-0.68,-0.72
13:45:0:854,-4.04,-0.69,-0.74
13:45:0:870,-4.03,-0.70,-0.70
13:45:0:903,-4.04,-0.70,-0.73
13:45:0:921,-4.05,-0.68,-0.73
13:45:0:939,-4.05,-0.67,-0.72
13:45:1:8,-4.03,-0.65,-0.71
13:45:1:43,-4.04,-0.65,-0.66
13:45:1:59,-4.04,-0.64,-0.66
13:45:1:59,-4.05,-0.64,-0.67
13:45:1:74,-4.06,-0.67,-0.64
13:45:1:94,-4.05,-0.66,-0.64
13:45:1:110,-4.04,-0.68,-0.63
13:45:1:177,-4.07,-0.68,-0.66
13:45:1:209,-4.05,-0.68,-0.65
13:45:1:226,-4.07,-0.70,-0.64
13:45:1:226,-4.04,-0.69,-0.64
13:45:1:244,-4.01,-0.68,-0.68
13:45:1:244,-4.00,-0.71,-0.70
13:45:1:279,-4.02,-0.73,-0.70
13:45:1:313,-4.06,-0.72,-0.68
13:45:1:365,-4.06,-0.71,-0.68
13:45:1:383,-4.05,-0.68,-0.71
13:45:1:400,-4.06,-0.66,-0.71
13:45:1:434,-4.01,-0.66,-0.71
13:45:1:434,-4.07,-0.64,-0.71
13:45:1:434,-4.08,-0.61,-0.70
13:45:1:468,-4.12,-0.60,-0.67
13:45:1:553,-4.16,-0.57,-0.67
13:45:1:570,-4.14,-0.58,-0.64
13:45:1:604,-4.00,-0.55,-0.66
13:45:1:604,-4.01,-0.51,-0.58
13:45:1:604,-3.98,-0.49,-0.58
13:45:1:622,-4.04,-0.50,-0.55
13:45:1:657,-4.11,-0.50,-0.53
13:45:1:692,-4.10,-0.61,-0.59
13:45:1:726,-4.02,-0.70,-0.60
13:45:1:751,-3.69,-0.78,-0.50
13:45:1:769,-3.40,-0.88,-0.43
13:45:1:786,-3.30,-0.75,-0.52
13:45:1:786,-3.79,-1.10,-0.76
13:45:1:803,-4.24,-1.47,-0.96
13:45:1:820,-4.45,-1.76,-1.01
13:45:1:892,-4.35,-1.81,-0.78
13:45:1:909,-4.15,-1.48,-0.35
13:45:1:925,-4.00,-1.18,-0.25
13:45:1:925,-3.88,-0.92,-0.32
13:45:1:942,-3.82,-1.00,-0.49
13:45:1:977,-3.93,-1.09,-0.55
13:45:2:28,-3.97,-1.13,-0.61
13:45:2:97,-4.04,-1.10,-0.64
13:45:2:97,-4.10,-1.03,-0.62
13:45:2:115,-4.03,-0.93,-0.62
13:45:2:132,-3.98,-0.89,-0.65
13:45:2:149,-4.02,-0.84,-0.69
13:45:2:167,-3.99,-0.85,-0.79
13:45:2:168,-4.21,-0.80,-0.82
13:45:2:186,-4.57,-0.67,-0.96
13:45:2:254,-4.67,-0.62,-1.07
13:45:2:323,-4.93,-0.36,-1.08
13:45:2:323,-5.28,0.06,-1.20
13:45:2:340,-5.03,0.35,-1.66
13:45:2:340,-4.79,0.30,-1.82
13:45:2:340,-4.68,-0.18,-1.40
13:45:2:392,-3.93,-0.24,-0.98
13:45:2:441,-3.39,-0.09,-0.84
13:45:2:458,-3.67,-0.05,-1.02
13:45:2:458,-4.09,0.16,-1.19
13:45:2:476,-4.33,-0.08,-1.02
13:45:2:494,-3.88,0.17,-0.71
13:45:2:510,-3.57,-0.14,-0.50
13:45:2:526,-2.84,-0.71,-0.50
13:45:2:594,-3.31,-0.24,-0.33
13:45:2:660,-3.29,-0.64,-0.53
13:45:2:660,-3.65,-0.62,-0.57
13:45:2:677,-3.49,-1.08,-0.79
13:45:2:694,-3.58,-1.03,-0.59
13:45:2:694,-3.50,-1.11,-0.44
13:45:2:710,-3.51,-0.85,-0.22
13:45:2:727,-3.64,-0.56,-0.16
13:45:2:743,-4.16,-0.70,-0.29
13:45:2:792,-4.76,-0.83,-0.47
13:45:2:824,-5.12,-1.01,-0.65
13:45:2:845,-5.61,-1.13,-0.81
13:45:2:845,-5.91,-1.52,-1.17
13:45:2:895,-5.40,-0.76,-0.54
13:45:2:895,-4.32,-0.99,-0.23
13:45:2:928,-3.72,-1.18,-0.21
13:45:2:976,-3.66,-0.32,-0.12
13:45:2:976,-3.69,-1.53,-1.10
13:45:2:976,-4.36,0.27,-1.04
13:45:3:9,-4.79,-0.14,-0.94
13:45:3:26,-4.64,-0.51,-1.04
13:45:3:58,-4.51,-0.15,-0.85
13:45:3:90,-4.28,-0.17,-0.66
13:45:3:158,-3.95,-0.22,-0.75
13:45:3:174,-3.85,-0.29,-0.92
13:45:3:174,-3.69,-0.34,-1.04
13:45:3:190,-3.55,-0.54,-1.16
13:45:3:207,-3.42,-0.73,-1.20
13:45:3:241,-3.63,-0.82,-1.25
13:45:3:291,-3.80,-0.79,-1.32
13:45:3:308,-4.03,-0.70,-1.38
13:45:3:325,-4.35,-0.63,-1.35
13:45:3:341,-4.10,-0.53,-1.23
13:45:3:358,-4.17,-0.35,-1.16
13:45:3:375,-4.92,-0.04,-1.29
13:45:3:425,-4.57,0.08,-1.27
13:45:3:441,-4.26,-0.49,-0.72
13:45:3:472,-4.44,-0.91,-0.10
13:45:3:538,-4.64,-0.92,0.08
13:45:3:554,-4.71,-0.70,-0.16
13:45:3:569,-4.31,-0.18,-0.57
13:45:3:569,-3.83,0.48,-0.61
13:45:3:586,-3.35,0.61,-0.51
13:45:3:604,-3.18,0.49,-0.16
13:45:3:604,-3.30,-0.68,-0.03
13:45:3:688,-3.25,-0.48,-0.24
13:45:3:704,-3.81,-0.91,-0.76
13:45:3:704,-3.80,-0.95,-0.97
13:45:3:720,-4.11,-1.07,-1.20
13:45:3:737,-4.14,-1.68,-1.22
13:45:3:768,-3.93,-2.53,-1.25
13:45:3:784,-4.23,-2.52,-0.97
13:45:3:854,-4.07,-2.58,-0.74
13:45:3:921,-4.22,-1.89,-0.60
13:45:3:938,-4.40,-1.74,-0.61
13:45:3:938,-4.76,-0.86,-0.35
13:45:3:954,-5.79,-0.67,-0.26
13:45:3:954,-6.86,-0.95,-0.37
13:45:3:971,-6.22,-0.93,-0.36
13:45:3:987,-4.83,-1.56,-0.36
13:45:4:2,-4.20,-1.17,-0.52
13:45:4:69,-4.39,-0.89,-0.92
13:45:4:69,-4.77,-0.90,-1.40
13:45:4:85,-4.63,-0.24,-1.54
13:45:4:101,-4.53,0.78,-0.84
13:45:4:135,-4.07,0.59,-0.36
13:45:4:150,-3.81,-0.02,-0.41
13:45:4:216,-3.67,-0.05,-0.36
13:45:4:250,-3.57,-0.13,-0.62
13:45:4:250,-3.41,-0.49,-0.98
13:45:4:250,-3.18,-0.69,-1.20
13:45:4:281,-3.07,-0.80,-1.39
13:45:4:314,-3.12,-0.85,-1.43
13:45:4:314,-3.21,-0.84,-1.34
13:45:4:347,-3.41,-0.67,-1.24
13:45:4:378,-4.23,-0.64,-1.20
13:45:4:427,-4.29,-0.61,-1.01
13:45:4:443,-4.23,-0.41,-1.02
13:45:4:458,-4.90,-0.20,-1.25
13:45:4:458,-5.20,-0.30,-1.45
13:45:4:492,-4.71,-0.63,-0.94
13:45:4:509,-4.42,-0.83,-0.27
13:45:4:626,-4.30,-1.11,0.22
13:45:4:626,-4.52,-1.17,0.20
13:45:4:643,-4.32,-0.92,-0.31
13:45:4:659,-3.90,-0.57,-0.67
13:45:4:675,-3.71,0.08,-0.53
13:45:4:692,-3.54,0.81,-0.44
13:45:4:692,-4.02,2.01,1.31
13:45:4:708,-3.98,0.93,1.05
13:45:4:743,-4.23,-2.04,0.08
13:45:4:790,-3.24,-1.72,-0.68
13:45:4:790,-3.23,-2.75,-1.07
13:45:4:805,-3.58,-2.29,-0.75
13:45:4:838,-3.76,-1.99,-0.86
13:45:4:854,-3.95,-1.54,-0.86
13:45:4:887,-4.40,-1.52,-0.67
13:45:4:953,-4.86,-1.90,-0.54
13:45:4:970,-4.81,-0.86,-0.16
13:45:4:970,-4.28,-0.75,-0.24
13:45:4:987,-5.24,-1.12,-0.23
13:45:5:4,-6.24,-1.34,-0.24
13:45:5:20,-6.73,-1.84,-0.60
13:45:5:37,-5.19,-2.02,-0.85
13:45:5:71,-4.45,-1.92,-0.87
13:45:5:87,-4.45,-0.43,-1.14
13:45:5:158,-5.18,-0.07,-1.20
13:45:5:226,-5.40,-0.43,-1.34
13:45:5:226,-4.66,-0.07,-0.84
13:45:5:226,-4.12,-0.40,-0.85
13:45:5:243,-3.43,-0.34,-0.64
13:45:5:243,-3.16,-0.28,-0.51
13:45:5:259,-2.88,-0.53,-0.72
13:45:5:343,-2.98,-0.74,-0.97
13:45:5:359,-3.16,-0.66,-1.11
13:45:5:359,-3.05,-0.63,-1.09
13:45:5:375,-2.88,-0.54,-1.01
13:45:5:375,-3.33,-0.45,-1.01
13:45:5:407,-3.87,-0.39,-1.02
13:45:5:443,-4.08,-0.29,-1.15
13:45:5:475,-4.20,-0.31,-1.13
13:45:5:525,-4.44,-0.29,-1.16
13:45:5:559,-4.42,-0.33,-1.21
13:45:5:591,-4.46,-0.55,-1.46
13:45:5:591,-4.36,-0.68,-1.16
13:45:5:591,-4.28,-0.96,-0.63
13:45:5:607,-4.56,-1.28,-0.18
13:45:5:624,-4.85,-1.76,0.13
13:45:5:689,-4.59,-1.84,-0.08
13:45:5:706,-4.26,-1.38,-0.47
13:45:5:721,-4.09,-0.65,-0.63
13:45:5:722,-3.95,0.38,-0.37
13:45:5:771,-3.90,0.53,0.35
13:45:5:787,-3.75,-0.10,0.48
13:45:5:787,-4.08,-0.38,0.61
13:45:5:874,-3.96,-1.39,0.11
13:45:5:874,-3.72,-2.25,-0.37
13:45:5:874,-3.37,-2.26,-0.64
13:45:5:890,-3.40,-1.39,-0.63
13:45:5:905,-3.63,-1.13,-0.60
13:45:5:971,-3.79,-0.98,-0.62
13:45:5:971,-4.32,-0.83,-0.47
13:45:5:987,-4.77,-1.12,-0.37
13:45:6:36,-4.56,-1.46,-0.54
13:45:6:53,-5.17,-1.82,-0.75
13:45:6:69,-6.35,-2.11,-0.83
13:45:6:86,-6.28,-2.37,-1.02
13:45:6:103,-5.05,-2.14,-1.07
13:45:6:135,-4.12,-1.64,-1.06
13:45:6:152,-3.75,-0.19,-0.64
13:45:6:219,-4.65,-0.07,-0.74
13:45:6:237,-5.08,-0.63,-1.04
13:45:6:255,-4.61,-0.20,-1.04
13:45:6:255,-3.98,-0.67,-1.08
13:45:6:272,-3.71,-0.66,-0.97
13:45:6:305,-3.35,-0.43,-0.73
13:45:6:321,-3.23,-0.75,-0.80
13:45:6:339,-3.20,-0.73,-0.99
13:45:6:389,-3.13,-0.63,-1.07
13:45:6:423,-3.05,-0.71,-1.12
13:45:6:423,-3.11,-0.64,-1.10
13:45:6:491,-3.39,-0.55,-1.10
13:45:6:509,-3.57,-0.47,-1.09
13:45:6:509,-3.67,-0.41,-0.96
13:45:6:509,-4.25,-0.35,-0.88
13:45:6:590,-4.32,-0.38,-0.73
13:45:6:590,-4.35,-0.28,-0.94
13:45:6:606,-4.41,-0.19,-1.32
13:45:6:622,-5.02,-0.62,-1.38
13:45:6:654,-4.83,-0.98,-0.78
13:45:6:654,-4.60,-1.15,-0.14
13:45:6:771,-4.56,-1.33,0.15
13:45:6:771,-4.55,-1.31,-0.09
13:45:6:787,-4.14,-1.01,-0.41
13:45:6:787,-3.83,-0.49,-0.52
13:45:6:805,-3.58,0.08,-0.44
13:45:6:805,-3.43,0.73,-0.35
13:45:6:838,-3.45,0.30,-0.03
13:45:6:869,-3.75,0.24,0.36
13:45:6:888,-3.64,-0.82,-0.46
13:45:6:904,-3.46,-2.57,-0.95
13:45:6:953,-3.65,-1.72,-0.53
13:45:6:953,-3.84,-1.66,-0.52
13:45:6:970,-3.86,-1.45,-0.65
13:45:7:2,-4.10,-1.65,-0.72
13:45:7:35,-4.67,-1.94,-0.67
13:45:7:50,-4.93,-1.98,-0.62
13:45:7:133,-4.69,-1.95,-0.49
13:45:7:167,-5.58,-1.69,-0.24
13:45:7:167,-6.42,-1.92,-0.43
13:45:7:167,-6.39,-1.71,-0.69
13:45:7:182,-5.15,-1.35,-0.81
13:45:7:198,-4.28,-1.10,-0.88
13:45:7:231,-4.46,0.38,-0.42
13:45:7:247,-4.78,-0.54,-0.81
13:45:7:264,-4.67,-0.88,-1.17
13:45:7:297,-4.41,-0.19,-0.99
13:45:7:332,-3.85,-1.03,-1.08
13:45:7:349,-3.62,-0.60,-0.93
13:45:7:349,-3.38,-0.61,-0.95
13:45:7:397,-3.27,-0.57,-1.07
13:45:7:414,-3.28,-0.54,-1.14
13:45:7:481,-3.17,-0.55,-1.25
13:45:7:499,-3.17,-0.64,-1.30
13:45:7:499,-3.23,-0.66,-1.23
13:45:7:499,-3.32,-0.64,-1.25
13:45:7:534,-3.41,-0.62,-1.21
13:45:7:550,-3.71,-0.59,-1.18
13:45:7:582,-3.96,-0.50,-1.03
13:45:7:634,-4.11,-0.43,-0.86
13:45:7:703,-3.78,-0.27,-0.74
13:45:7:750,-4.04,-0.08,-0.84
13:45:7:750,-4.41,-0.16,-1.16
13:45:7:767,-4.77,-0.51,-1.08
13:45:7:783,-4.76,-0.84,-0.67
13:45:7:783,-4.45,-1.08,-0.21
13:45:7:864,-4.43,-1.37,0.13
13:45:7:884,-4.71,-1.38,0.18
13:45:7:884,-4.71,-1.14,-0.12
13:45:7:901,-4.43,-0.55,-0.61
13:45:7:901,-4.45,-0.22,-0.31
13:45:7:917,-4.36,0.88,0.72
13:45:7:917,-2.55,-0.40,0.21
13:45:7:951,-3.88,-1.82,-0.49
13:45:7:967,-3.19,-1.92,-0.66
13:45:8:67,-3.24,-1.36,-0.33
13:45:8:82,-3.45,-1.09,-0.40
13:45:8:82,-3.46,-0.87,-0.54
13:45:8:82,-3.67,-0.86,-0.70
13:45:8:98,-4.47,-0.90,-0.64
13:45:8:116,-5.10,-1.30,-0.58
13:45:8:132,-4.96,-0.85,-0.36
13:45:8:197,-4.53,-1.29,-0.46
13:45:8:214,-5.55,-1.64,-0.44
13:45:8:214,-6.56,-1.91,-0.56
13:45:8:247,-6.62,-2.11,-0.92
13:45:8:295,-4.84,-1.56,-0.99
13:45:8:330,-4.12,-1.36,-0.89
13:45:8:381,-3.92,-0.57,-0.97
13:45:8:431,-4.85,0.30,-0.76
13:45:8:431,-5.33,-0.43,-1.29
13:45:8:431,-4.35,-0.56,-1.34
13:45:8:448,-4.25,-0.35,-1.09
13:45:8:464,-3.74,-0.75,-1.03
13:45:8:481,-3.55,-0.39,-0.85
13:45:8:530,-3.37,-0.53,-0.99
13:45:8:546,-3.34,-0.68,-1.16
13:45:8:562,-3.22,-0.69,-1.31
13:45:8:593,-3.13,-0.82,-1.42
13:45:8:593,-3.06,-0.80,-1.37
13:45:8:610,-3.09,-0.72,-1.32
13:45:8:627,-2.98,-0.66,-1.22
13:45:8:644,-3.24,-0.59,-1.20
13:45:8:661,-3.56,-0.57,-1.17
13:45:8:745,-3.84,-0.57,-1.13
13:45:8:762,-3.80,-0.57,-0.87
13:45:8:762,-4.04,-0.42,-0.78
13:45:8:778,-4.22,-0.22,-0.90
13:45:8:811,-4.81,-0.38,-1.15
13:45:8:811,-4.87,-0.69,-0.92
13:45:8:844,-5.24,-0.86,-0.64
13:45:8:897,-5.08,-1.09,-0.22
13:45:8:916,-5.06,-1.18,-0.21
13:45:8:933,-5.03,-1.12,-0.29
13:45:8:933,-4.76,-0.96,-0.37
13:45:8:949,-4.42,-0.33,-0.37
13:45:8:981,-4.12,0.01,-0.20
13:45:9:48,-4.19,0.44,0.31
13:45:9:129,-4.21,0.51,0.45
13:45:9:129,-3.34,-1.94,-0.69
13:45:9:145,-3.71,-1.67,-0.53
13:45:9:179,-3.41,-1.28,-0.41
13:45:9:212,-3.81,-1.22,-0.29
13:45:9:212,-3.77,-1.18,-0.23
13:45:9:291,-3.94,-1.11,-0.26
13:45:9:291,-4.25,-1.30,-0.33
13:45:9:307,-4.00,-1.22,-0.44
13:45:9:324,-4.12,-0.84,-0.60
13:45:9:359,-4.69,-0.82,-0.71
13:45:9:359,-5.03,-0.70,-0.95
13:45:9:359,-5.06,-0.62,-1.05
13:45:9:375,-4.57,-0.66,-1.01
13:45:9:375,-4.48,-0.56,-1.00
13:45:9:391,-4.58,-0.49,-0.96
13:45:9:473,-4.59,-0.55,-1.04
13:45:9:474,-4.56,-0.51,-1.04
13:45:9:474,-4.46,-0.72,-1.05
13:45:9:508,-4.29,-0.74,-1.15
13:45:9:524,-3.83,-0.76,-1.16
13:45:9:540,-3.63,-0.77,-1.15
13:45:9:575,-3.58,-0.78,-1.10
13:45:9:592,-3.69,-0.82,-1.13
13:45:9:609,-3.76,-0.74,-1.19
13:45:9:661,-4.07,-0.55,-1.41
13:45:9:730,-4.16,-0.52,-1.52
13:45:9:746,-4.08,-0.45,-1.46
13:45:9:761,-3.58,-0.50,-1.28
13:45:9:763,-3.08,-0.64,-0.95
13:45:9:796,-2.76,-0.73,-0.71
13:45:9:814,-2.68,-0.84,-0.65
13:45:9:847,-2.86,-0.90,-0.86
13:45:9:847,-3.22,-0.91,-1.05
13:45:9:847,-3.67,-0.82,-1.35
13:45:9:881,-4.28,-0.87,-1.37
13:45:9:897,-4.45,-1.04,-1.11
13:45:9:932,-4.70,-1.24,-0.63
13:45:9:947,-5.02,-1.42,0.06
13:45:9:997,-5.27,-1.53,0.56
13:45:9:997,-5.96,-0.61,2.06
13:45:10:13,-5.98,3.02,2.35
13:45:10:63,-5.03,-2.36,-0.80
13:45:10:63,-4.19,-3.57,-1.46
13:45:10:82,-4.15,-2.28,-1.08
13:45:10:116,-3.90,-1.95,-0.86
13:45:10:182,-3.91,-0.69,-0.59
13:45:10:199,-3.99,0.19,-0.34
13:45:10:215,-3.98,0.23,-0.32
13:45:10:215,-3.94,-0.39,-0.59
13:45:10:232,-3.93,-0.71,-0.82
13:45:10:265,-3.81,-0.96,-1.00
13:45:10:299,-3.69,-1.20,-1.15
13:45:10:299,-3.67,-1.29,-1.16
13:45:10:382,-3.70,-1.24,-1.17
13:45:10:399,-3.79,-1.10,-1.10
13:45:10:415,-3.92,-1.03,-0.99
13:45:10:415,-4.01,-0.91,-0.88
13:45:10:432,-4.02,-0.85,-0.84
13:45:10:449,-4.03,-0.80,-0.77
13:45:10:481,-4.11,-0.72,-0.67
13:45:10:564,-4.09,-0.60,-0.62
13:45:10:564,-4.15,-0.51,-0.56
13:45:10:581,-4.15,-0.43,-0.48
13:45:10:581,-4.18,-0.40,-0.44
13:45:10:614,-4.13,-0.37,-0.46
13:45:10:614,-4.14,-0.38,-0.45
13:45:10:647,-4.15,-0.49,-0.51
13:45:10:680,-4.14,-0.59,-0.56
13:45:10:729,-4.12,-0.61,-0.59
13:45:10:729,-4.11,-0.67,-0.66
13:45:10:745,-4.08,-0.67,-0.67
13:45:10:778,-4.09,-0.69,-0.71
13:45:10:795,-4.08,-0.68,-0.71
13:45:10:828,-4.05,-0.72,-0.75
13:45:10:845,-4.03,-0.76,-0.76
13:45:10:862,-4.01,-0.78,-0.80
13:45:10:947,-3.99,-0.81,-0.80
13:45:10:947,-3.99,-0.80,-0.82
13:45:10:964,-3.99,-0.80,-0.81
13:45:10:964,-3.99,-0.78,-0.82
13:45:10:997,-3.98,-0.81,-0.79
13:45:11:13,-3.99,-0.79,-0.77
13:45:11:82,-4.00,-0.76,-0.78
13:45:11:97,-4.01,-0.75,-0.76
13:45:11:97,-4.03,-0.73,-0.74
13:45:11:115,-4.03,-0.74,-0.73
13:45:11:132,-4.06,-0.71,-0.72
13:45:11:148,-4.08,-0.70,-0.66
13:45:11:181,-4.07,-0.69,-0.64
13:45:11:197,-4.08,-0.68,-0.63
13:45:11:229,-4.07,-0.68,-0.59
13:45:11:278,-4.10,-0.66,-0.63
13:45:11:309,-4.08,-0.65,-0.61
13:45:11:309,-4.08,-0.64,-0.63
13:45:11:326,-4.04,-0.67,-0.64
13:45:11:359,-4.03,-0.72,-0.70
13:45:11:444,-3.99,-0.77,-0.70
13:45:11:444,-3.99,-0.81,-0.72
13:45:11:460,-3.94,-0.82,-0.75
13:45:11:477,-3.92,-0.88,-0.75
13:45:11:477,-3.90,-0.93,-0.74
13:45:11:525,-3.89,-0.94,-0.71
13:45:11:526,-3.85,-0.96,-0.72
13:45:11:543,-3.89,-0.96,-0.66
13:45:11:577,-3.95,-0.89,-0.61
13:45:11:644,-3.94,-0.88,-0.58
13:45:11:660,-4.05,-0.89,-0.53
13:45:11:660,-4.18,-0.91,-0.51
13:45:11:677,-4.19,-0.94,-0.54
13:45:11:677,-4.14,-0.99,-0.54
13:45:11:709,-3.96,-1.03,-0.59
13:45:11:742,-3.96,-0.90,-0.69
13:45:11:806,-4.31,-0.75,-0.71
13:45:11:806,-4.80,-0.30,-0.40
13:45:11:822,-4.87,-0.23,-0.37
13:45:11:839,-4.75,-0.14,-0.33
13:45:11:855,-4.42,-0.43,-0.41
13:45:11:886,-4.11,-0.58,-0.42
13:45:11:954,-3.80,-0.77,-0.55
13:45:11:971,-3.52,-0.91,-0.71
13:45:11:986,-3.49,-0.89,-0.80
13:45:12:3,-3.51,-0.69,-0.76
13:45:12:3,-3.60,-0.59,-0.68
13:45:12:18,-3.68,-0.68,-0.71
13:45:12:68,-3.77,-0.86,-0.78
13:45:12:68,-3.90,-0.94,-0.88
13:45:12:100,-4.42,-0.97,-1.09
13:45:12:197,-4.78,-0.89,-1.10
13:45:12:214,-4.23,-0.82,-1.05
13:45:12:214,-3.87,-0.74,-1.09
13:45:12:230,-3.64,-0.59,-1.04
13:45:12:230,-3.62,-0.41,-1.10
13:45:12:247,-3.77,-0.57,-1.37
13:45:12:279,-4.08,-0.65,-1.61
13:45:12:399,-4.07,-0.86,-1.70
13:45:12:400,-3.92,-1.07,-1.71
13:45:12:417,-3.97,-1.05,-1.67
13:45:12:499,-4.01,-1.15,-1.60
13:45:12:582,-4.00,-1.29,-1.63
13:45:12:582,-4.01,-1.41,-1.73
13:45:12:598,-4.07,-1.46,-1.75
13:45:12:616,-4.04,-1.32,-1.71
13:45:12:632,-3.97,-1.08,-1.52
13:45:12:649,-3.93,-0.99,-1.33
13:45:12:714,-3.86,-0.86,-1.18
13:45:12:731,-3.93,-0.80,-1.04
13:45:12:747,-4.03,-0.65,-1.24
13:45:12:779,-4.23,-0.67,-1.47
13:45:12:779,-4.03,-0.79,-1.57
13:45:12:796,-4.50,-0.78,-1.74
13:45:12:813,-4.69,-0.60,-1.71
13:45:12:877,-4.62,-0.31,-1.44
13:45:12:893,-4.44,-0.40,-1.16
13:45:12:926,-4.12,-0.27,-1.11
13:45:12:926,-3.84,-0.17,-1.13
13:45:12:976,-3.78,-0.03,-1.16
13:45:12:976,-3.78,-0.01,-1.18
13:45:12:994,-3.78,-0.05,-1.04
13:45:13:13,-3.75,-0.22,-1.01
13:45:13:80,-3.77,-0.42,-1.01
13:45:13:80,-3.74,-0.54,-0.98
13:45:13:80,-3.66,-0.58,-0.93
13:45:13:97,-3.64,-0.59,-0.91
13:45:13:113,-3.68,-0.58,-0.93
13:45:13:129,-3.91,-0.49,-1.00
13:45:13:162,-4.25,-0.52,-1.16
13:45:13:162,-4.46,-0.56,-1.22
13:45:13:182,-4.18,-0.65,-1.08
13:45:13:250,-3.88,-0.71,-0.93
13:45:13:250,-3.71,-0.73,-0.89
13:45:13:250,-3.69,-0.65,-1.00
13:45:13:268,-3.82,-0.58,-1.15
13:45:13:285,-4.09,-0.58,-1.24
13:45:13:285,-4.15,-0.54,-1.26
13:45:13:285,-4.22,-0.58,-1.33
13:45:13:302,-4.18,-0.67,-1.29
13:45:13:317,-4.15,-0.77,-1.19
13:45:13:333,-3.95,-0.75,-1.14
13:45:13:350,-3.78,-0.78,-1.04
13:45:13:421,-3.78,-0.83,-1.02
13:45:13:421,-3.85,-0.90,-1.00
13:45:13:437,-3.90,-0.83,-1.05
13:45:13:453,-4.43,-0.77,-1.31
13:45:13:520,-4.69,-0.80,-1.26
13:45:13:520,-4.26,-0.79,-1.10
13:45:13:520,-3.92,-0.84,-0.90
13:45:13:622,-3.53,-0.88,-0.75
13:45:13:654,-3.50,-0.94,-0.67
13:45:13:686,-3.79,-1.00,-0.79
13:45:13:686,-4.20,-0.99,-0.91
13:45:13:704,-4.38,-0.81,-0.88
13:45:13:704,-4.32,-0.68,-0.75
13:45:13:704,-4.31,-0.46,-0.62
13:45:13:719,-4.20,-0.27,-0.52
13:45:13:784,-4.17,-0.01,-0.50
13:45:13:800,-4.21,0.13,-0.44
13:45:13:816,-4.31,0.20,-0.33
13:45:13:816,-4.31,0.04,-0.36
13:45:13:849,-4.19,-0.32,-0.57
13:45:13:882,-4.04,-0.48,-0.66
13:45:13:882,-3.97,-0.56,-0.69
13:45:14:12,-3.92,-0.63,-0.73
13:45:14:28,-3.92,-0.72,-0.75
13:45:14:28,-3.93,-0.83,-0.83
13:45:14:46,-3.95,-0.86,-0.87
13:45:14:46,-3.98,-0.94,-0.91
13:45:14:46,-3.96,-0.96,-0.92
13:45:14:63,-4.00,-0.94,-0.87
13:45:14:80,-4.00,-0.91,-0.82
13:45:14:131,-3.97,-0.87,-0.81
13:45:14:146,-3.99,-0.84,-0.79
13:45:14:163,-4.03,-0.86,-0.79
13:45:14:179,-4.07,-0.84,-0.78
13:45:14:197,-4.08,-0.85,-0.77
13:45:14:245,-4.08,-0.84,-0.74
13:45:14:246,-4.07,-0.83,-0.67
13:45:14:314,-4.07,-0.84,-0.69
13:45:14:331,-4.05,-0.85,-0.63
13:45:14:347,-4.06,-0.78,-0.68
13:45:14:364,-4.09,-0.75,-0.68
13:45:14:380,-4.16,-0.68,-0.67
13:45:14:397,-4.16,-0.66,-0.69
13:45:14:432,-4.17,-0.65,-0.73
13:45:14:466,-4.12,-0.63,-0.70
13:45:14:534,-4.09,-0.63,-0.74
13:45:14:535,-4.06,-0.63,-0.79
13:45:14:550,-4.03,-0.66,-0.80
13:45:14:567,-4.00,-0.64,-0.80
13:45:14:567,-3.98,-0.66,-0.86
13:45:14:583,-3.99,-0.66,-0.87
13:45:14:680,-3.99,-0.68,-0.84
13:45:14:696,-3.97,-0.67,-0.86
13:45:14:711,-3.97,-0.66,-0.80
13:45:14:729,-3.96,-0.64,-0.79
13:45:14:729,-3.98,-0.66,-0.76
13:45:14:744,-3.99,-0.68,-0.73
13:45:14:777,-4.02,-0.70,-0.75
13:45:14:793,-4.02,-0.72,-0.72
13:45:14:793,-4.06,-0.74,-0.69
13:45:14:875,-4.05,-0.75,-0.71
13:45:14:892,-4.06,-0.76,-0.70
13:45:14:892,-4.09,-0.76,-0.71
13:45:14:908,-4.10,-0.75,-0.71
13:45:14:925,-4.08,-0.75,-0.68
13:45:14:956,-4.06,-0.74,-0.68
13:45:15:39,-4.05,-0.78,-0.70
13:45:15:89,-4.05,-0.79,-0.74
13:45:15:105,-4.04,-0.77,-0.72
13:45:15:108,-4.05,-0.74,-0.74
13:45:15:139,-4.03,-0.74,-0.77
13:45:15:139,-4.04,-0.73,-0.75
13:45:15:139,-4.05,-0.74,-0.77
13:45:15:189,-4.04,-0.75,-0.78
13:45:15:220,-4.04,-0.73,-0.78
13:45:15:220,-4.02,-0.71,-0.74
13:45:15:268,-4.00,-0.72,-0.77
13:45:15:285,-3.99,-0.71,-0.75
13:45:15:285,-4.03,-0.71,-0.77
13:45:15:302,-4.01,-0.69,-0.76
13:45:15:319,-4.06,-0.71,-0.77
13:45:15:402,-4.03,-0.71,-0.77
13:45:15:417,-4.03,-0.73,-0.77
13:45:15:465,-4.02,-0.74,-0.75
13:45:15:482,-4.01,-0.74,-0.71
13:45:15:482,-3.99,-0.71,-0.71
13:45:15:498,-4.04,-0.69,-0.72
13:45:15:515,-4.05,-0.69,-0.71
13:45:15:515,-4.05,-0.71,-0.75
13:45:15:583,-4.05,-0.69,-0.75
13:45:15:583,-4.08,-0.72,-0.78
13:45:15:583,-4.04,-0.71,-0.78
13:45:15:600,-4.01,-0.75,-0.73
13:45:15:636,-3.98,-0.76,-0.78
13:45:15:651,-4.01,-0.72,-0.72
13:45:15:667,-4.11,-0.59,-0.71
13:45:15:700,-4.11,-0.61,-0.73
13:45:15:732,-4.13,-0.64,-0.74
13:45:15:779,-4.21,-0.59,-0.71
13:45:15:779,-4.17,-0.52,-0.67
13:45:15:795,-4.15,-0.50,-0.61
13:45:15:859,-4.01,-0.48,-0.57
13:45:15:956,-3.90,-0.48,-0.54
13:45:15:972,-3.97,-0.35,-0.49
13:45:15:972,-4.16,-0.12,-0.55
13:45:16:5,-4.29,-0.19,-0.60
13:45:16:5,-4.35,-0.24,-0.61
13:45:16:21,-4.29,-0.31,-0.61
13:45:16:53,-4.10,-0.32,-0.60
13:45:16:70,-3.97,-0.47,-0.61
13:45:16:119,-3.74,-0.46,-0.69
13:45:16:119,-3.67,-0.48,-0.75
13:45:16:152,-3.81,-0.54,-0.80
13:45:16:168,-3.86,-0.45,-0.75
13:45:16:168,-3.99,-0.43,-0.72
13:45:16:199,-3.94,-0.45,-0.70
13:45:16:215,-3.96,-0.55,-0.63
13:45:16:232,-3.97,-0.64,-0.62
13:45:16:248,-3.96,-0.78,-0.58
13:45:16:361,-4.05,-0.75,-0.47
13:45:16:363,-4.05,-0.75,-0.42
13:45:16:427,-4.16,-0.77,-0.38
13:45:16:491,-4.24,-0.73,-0.32
13:45:16:507,-4.17,-0.75,-0.25
13:45:16:507,-4.15,-0.81,-0.16
13:45:16:507,-4.15,-0.89,-0.17
13:45:16:524,-4.23,-0.97,-0.32
13:45:16:524,-4.71,-1.15,-0.47
13:45:16:540,-5.35,-1.17,-0.49
13:45:16:542,-5.83,-1.27,-0.60
13:45:16:542,-5.83,-1.39,-0.64
13:45:16:592,-5.12,-1.50,-0.57
13:45:16:608,-4.21,-1.33,-0.35
13:45:16:625,-3.90,-0.96,-0.40
13:45:16:677,-4.05,-0.71,-0.72
13:45:16:677,-4.46,-0.71,-1.07
13:45:16:677,-5.07,-0.68,-1.30
13:45:16:709,-4.96,-0.63,-1.42
13:45:16:725,-4.48,-0.61,-1.34
13:45:16:744,-4.58,-0.57,-1.25
13:45:16:761,-4.72,-0.49,-1.22
13:45:16:792,-4.31,-0.42,-1.28
13:45:16:841,-4.01,-0.50,-1.39
13:45:16:859,-4.14,-0.66,-1.42
13:45:16:875,-4.09,-0.72,-1.37
13:45:16:892,-4.15,-0.61,-1.32
13:45:16:925,-4.02,-0.31,-1.16
13:45:16:959,-4.29,-0.05,-1.01
13:45:16:959,-3.98,0.39,-0.87
13:45:17:27,-3.70,0.74,-0.94
13:45:17:28,-3.77,0.69,-1.01
13:45:17:45,-4.00,0.52,-1.13
13:45:17:45,-4.29,0.10,-1.36
13:45:17:80,-4.35,-0.55,-1.29
13:45:17:96,-3.90,-0.88,-0.91
13:45:17:147,-3.60,-0.82,-0.44
13:45:17:213,-3.67,-0.44,-0.37
13:45:17:245,-4.21,-0.22,-0.63
13:45:17:262,-4.82,-0.19,-1.08
13:45:17:281,-4.87,-0.44,-1.32
13:45:17:298,-4.76,-0.57,-1.28
13:45:17:298,-4.53,-0.67,-1.00
13:45:17:315,-4.29,-1.11,-0.83
13:45:17:350,-4.27,-1.48,-0.68
13:45:17:383,-4.55,-1.61,-0.48
13:45:17:398,-4.54,-1.34,-0.47
13:45:17:415,-4.35,-1.18,-0.59
13:45:17:415,-4.63,-1.00,-0.29
13:45:17:432,-4.63,-0.90,0.04
13:45:17:466,-4.52,-1.24,0.28
13:45:17:498,-4.58,-1.70,0.44
13:45:17:532,-4.69,-2.12,0.44
13:45:17:586,-4.82,-2.11,0.28
13:45:17:601,-5.32,-2.11,0.24
13:45:17:601,-6.26,-2.13,-0.12
13:45:17:619,-7.15,-1.71,-0.45
13:45:17:636,-5.89,-0.84,-0.83
13:45:17:669,-5.06,-0.23,-1.04
13:45:17:730,-5.02,0.17,-1.11
13:45:17:747,-6.16,0.36,-1.33
13:45:17:764,-6.92,0.18,-1.83
13:45:17:764,-6.18,-0.11,-1.81
13:45:17:782,-5.86,-0.55,-1.58
13:45:17:817,-5.29,-0.53,-1.52
13:45:17:817,-4.56,-0.63,-1.64
13:45:17:850,-4.06,-0.79,-1.68
13:45:17:947,-3.80,-0.90,-1.68
13:45:17:965,-3.49,-1.02,-1.61
13:45:17:965,-3.13,-0.88,-1.51
13:45:17:982,-2.79,-0.68,-1.32
13:45:17:982,-2.66,-0.37,-1.11
13:45:17:999,-2.67,-0.24,-0.87
13:45:18:32,-2.54,-0.02,-0.70
13:45:18:50,-2.44,0.16,-0.48
13:45:18:117,-2.73,0.19,-0.31
13:45:18:134,-3.01,0.18,-0.42
13:45:18:134,-3.49,0.18,-0.89
13:45:18:152,-3.88,0.20,-1.30
13:45:18:187,-4.42,-0.10,-1.25
13:45:18:187,-5.41,-0.36,-1.09
13:45:18:221,-6.36,-0.68,-0.83
13:45:18:273,-7.00,-1.05,-0.37
13:45:18:289,-7.21,-1.51,-0.20
13:45:18:289,-6.27,-2.06,-0.67
13:45:18:307,-5.35,-1.91,-0.91
13:45:18:359,-4.73,-0.88,-0.76
13:45:18:375,-4.43,-0.00,-0.57
13:45:18:375,-4.35,0.15,-0.50
13:45:18:393,-4.38,0.35,-0.41
13:45:18:459,-4.32,-0.12,-0.44
13:45:18:459,-4.35,-0.56,-0.32
13:45:18:493,-4.36,-1.11,-0.27
13:45:18:509,-4.20,-1.66,-0.14
13:45:18:525,-4.18,-2.03,-0.12
13:45:18:542,-4.49,-2.25,-0.17
13:45:18:589,-4.86,-2.37,-0.05
13:45:18:606,-5.08,-2.34,-0.21
13:45:18:640,-5.13,-1.99,-0.51
13:45:18:673,-5.63,-1.60,-0.64
13:45:18:690,-6.66,-1.46,-0.62
13:45:18:690,-6.13,-1.01,-0.61
13:45:18:724,-5.18,-0.54,-0.68
13:45:18:741,-4.90,-0.32,-0.80
13:45:18:790,-5.22,-0.23,-1.00
13:45:18:840,-5.80,-0.29,-1.42
13:45:18:856,-5.73,-0.42,-1.56
13:45:18:856,-5.21,-0.66,-1.47
13:45:18:873,-5.12,-0.69,-1.46
13:45:18:891,-4.57,-0.54,-1.38
13:45:18:925,-4.02,-0.60,-1.34
13:45:18:942,-3.91,-0.56,-1.22
13:45:19:9,-3.87,-0.61,-1.32
13:45:19:9,-3.49,-0.65,-1.35
13:45:19:25,-3.33,-0.62,-1.50
13:45:19:27,-3.13,-0.53,-1.41
13:45:19:60,-3.58,-0.33,-1.13
13:45:19:77,-3.63,-0.08,-0.82
13:45:19:94,-3.46,0.10,-0.52
13:45:19:127,-3.38,0.21,-0.12
13:45:19:177,-3.46,0.24,-0.05
13:45:19:177,-3.40,0.32,-0.35
13:45:19:211,-3.49,0.24,-0.46
13:45:19:245,-3.46,-0.01,-0.99
13:45:19:262,-3.97,-0.29,-1.26
13:45:19:280,-5.25,-1.91,-0.37
13:45:19:296,-5.36,-0.53,-0.03
13:45:19:328,-5.79,-0.08,0.17
13:45:19:409,-5.76,-0.36,0.20
13:45:19:426,-5.25,0.06,0.38
13:45:19:426,-4.91,-0.20,0.51
13:45:19:426,-4.67,-0.62,0.65
13:45:19:442,-4.64,-1.08,0.29
13:45:19:474,-4.17,-1.35,-0.49
13:45:19:506,-4.19,-1.77,-0.74
13:45:19:555,-4.20,-2.31,-0.88
13:45:19:555,-4.14,-1.62,-0.46
13:45:19:571,-4.60,-1.46,-0.47
13:45:19:588,-4.39,-0.88,-0.15
13:45:19:604,-4.33,-1.09,-0.36
13:45:19:636,-4.51,-1.12,-0.35
13:45:19:669,-4.74,-1.33,-0.57
13:45:19:717,-5.62,-1.66,-0.95
13:45:19:717,-6.95,-2.28,-0.88
13:45:19:752,-6.38,-2.37,-0.74
13:45:19:769,-4.43,-1.56,-0.55
13:45:19:785,-3.73,-0.63,-0.57
13:45:19:800,-4.15,-0.09,-0.88
13:45:19:849,-5.14,-0.33,-1.25
13:45:19:884,-5.68,-0.36,-0.96
13:45:19:919,-5.57,-0.85,-0.58
13:45:19:935,-5.03,-0.83,-0.87
13:45:19:950,-4.34,-0.75,-1.55
13:45:20:1,-4.02,-0.54,-1.70
13:45:20:17,-4.01,-0.77,-1.53
13:45:20:51,-3.86,-0.85,-1.38
13:45:20:85,-4.07,-0.77,-1.39
13:45:20:102,-3.84,-0.62,-1.34
13:45:20:102,-3.48,-0.28,-0.96
13:45:20:120,-3.57,-0.17,-0.84
13:45:20:120,-3.48,-0.04,-0.94
13:45:20:136,-3.37,-0.08,-0.84
13:45:20:189,-3.45,-0.28,-0.45
13:45:20:189,-3.26,-0.55,-0.59
13:45:20:255,-3.20,-0.46,-0.61
13:45:20:273,-3.44,-0.33,-0.52
13:45:20:273,-3.88,-0.49,-0.59
13:45:20:293,-4.26,-0.54,-0.78
13:45:20:309,-4.92,-0.10,-0.70
13:45:20:359,-5.53,0.04,-0.37
13:45:20:376,-5.43,0.02,-0.35
13:45:20:392,-5.34,-0.54,-0.73
13:45:20:441,-5.34,-0.75,-0.34
13:45:20:441,-4.62,-0.29,-0.09
13:45:20:456,-4.25,-0.43,-0.26
13:45:20:489,-4.01,-0.68,-0.31
13:45:20:538,-3.93,-0.91,-0.19
13:45:20:555,-3.85,-1.03,-0.28
13:45:20:555,-3.85,-1.05,-0.40
13:45:20:586,-3.95,-0.96,-0.37
13:45:20:669,-4.13,-1.21,-0.33
13:45:20:685,-4.31,-1.50,-0.29
13:45:20:685,-4.57,-1.88,-0.29
13:45:20:701,-5.01,-2.27,-0.23
13:45:20:717,-4.79,-2.23,-0.37
13:45:20:751,-5.06,-1.85,-0.52
13:45:20:801,-5.74,-1.53,-0.40
13:45:20:817,-6.21,-1.48,-0.23
13:45:20:834,-5.58,-1.37,-0.49
13:45:20:867,-4.96,-1.15,-0.58
13:45:20:867,-5.07,-0.87,-0.72
13:45:20:883,-5.63,-0.66,-1.06
13:45:20:900,-6.13,-0.45,-1.38
13:45:20:916,-5.88,-0.32,-1.42
13:45:20:949,-5.24,-0.25,-1.34
13:45:20:982,-4.83,-0.25,-1.23
13:45:20:999,-4.41,-0.33,-1.31
13:45:21:34,-4.11,-0.54,-1.38
13:45:21:34,-3.94,-0.72,-1.32
13:45:21:67,-3.60,-0.77,-1.28
13:45:21:152,-3.30,-0.65,-1.12
13:45:21:168,-3.12,-0.39,-1.09
13:45:21:169,-3.07,-0.20,-1.00
13:45:21:186,-3.16,-0.14,-0.82
13:45:21:186,-3.26,-0.07,-0.67
13:45:21:220,-3.06,-0.09,-0.65
13:45:21:270,-3.22,-0.06,-0.84
13:45:21:286,-3.92,0.10,-1.04
13:45:21:286,-4.17,0.12,-1.31
13:45:21:335,-3.98,-0.37,-1.17
13:45:21:351,-4.09,-0.59,-0.86
13:45:21:351,-4.44,-0.50,-0.69
13:45:21:400,-5.35,-0.46,-0.55
13:45:21:400,-6.08,-0.53,-0.52
13:45:21:469,-5.83,-0.66,-0.65
13:45:21:518,-5.37,-0.30,-0.86
13:45:21:534,-4.99,-0.27,-1.02
13:45:21:551,-4.93,-0.27,-0.64
13:45:21:567,-4.71,-0.61,-0.17
13:45:21:584,-4.48,-0.99,-0.13
13:45:21:600,-4.53,-0.96,-0.27
13:45:21:600,-4.29,-0.71,-0.39
13:45:21:633,-4.06,-0.63,-0.27
13:45:21:633,-4.05,-0.71,-0.12
13:45:21:703,-4.22,-0.89,-0.12
13:45:21:703,-4.42,-1.39,-0.17
13:45:21:720,-4.62,-2.04,-0.34
13:45:21:753,-4.80,-2.26,-0.42
13:45:21:772,-5.27,-2.92,-0.51
13:45:21:789,-6.12,-3.27,-0.35
13:45:21:855,-6.74,-3.09,-0.70
13:45:21:918,-5.61,-1.67,-1.13
13:45:21:953,-5.20,-0.42,-1.24
13:45:21:953,-5.13,0.24,-1.32
13:45:21:987,-5.56,0.35,-1.48
13:45:22:4,-6.02,0.19,-1.67
13:45:22:4,-5.37,-0.01,-1.56
13:45:22:71,-5.15,-0.42,-1.30
13:45:22:119,-5.11,-0.60,-1.28
13:45:22:120,-4.58,-0.64,-1.26
13:45:22:120,-4.28,-0.69,-1.33
13:45:22:153,-4.30,-0.80,-1.45
13:45:22:168,-3.93,-0.79,-1.56
13:45:22:168,-3.59,-0.70,-1.51
13:45:22:185,-3.28,-0.61,-1.36
13:45:22:237,-3.17,-0.57,-1.24
13:45:22:254,-3.19,-0.50,-1.13
13:45:22:289,-3.14,-0.42,-1.00
13:45:22:306,-3.11,-0.29,-0.90
13:45:22:306,-3.54,-0.27,-0.75
13:45:22:306,-3.65,-0.15,-0.69
13:45:22:324,-3.67,-0.02,-0.88
13:45:22:340,-3.95,0.08,-1.17
13:45:22:357,-4.67,0.01,-1.25
13:45:22:423,-4.79,-0.42,-1.00
13:45:22:423,-4.60,-0.36,-0.56
13:45:22:438,-4.60,-0.33,-0.23
13:45:22:506,-4.92,-0.38,-0.44
13:45:22:523,-5.49,-0.61,-0.87
13:45:22:523,-5.76,-0.71,-1.20
13:45:22:650,-5.61,-0.69,-1.31
13:45:22:702,-5.19,-0.57,-1.19
13:45:22:718,-5.12,-1.07,-0.79
13:45:22:719,-4.94,-1.24,-0.36
13:45:22:801,-4.84,-1.21,-0.34
13:45:22:817,-4.66,-1.15,-0.42
13:45:22:832,-4.51,-1.13,-0.34
13:45:22:848,-4.30,-1.24,-0.25
13:45:22:848,-4.23,-1.14,-0.22
13:45:22:848,-4.36,-1.29,-0.16
13:45:22:863,-4.61,-1.54,-0.15
13:45:22:879,-4.83,-1.60,-0.17
13:45:22:897,-4.70,-1.53,-0.17
13:45:22:897,-5.21,-1.64,-0.06
13:45:22:963,-6.02,-1.66,-0.03
13:45:22:963,-6.59,-1.47,-0.15
13:45:23:11,-5.80,-1.07,-0.34
13:45:23:28,-5.26,-0.59,-0.66
13:45:23:46,-5.41,-0.21,-1.03
13:45:23:63,-6.09,0.02,-1.58
13:45:23:81,-6.74,-0.05,-2.10
13:45:23:114,-6.79,-0.17,-2.32
13:45:23:131,-6.28,-0.41,-2.16
13:45:23:149,-5.61,-0.31,-1.78
13:45:23:149,-5.07,-0.29,-1.50
13:45:23:165,-4.28,-0.30,-1.23
13:45:23:165,-3.71,-0.36,-1.22
13:45:23:197,-3.12,-0.29,-1.13
13:45:23:214,-2.49,-0.33,-1.06
13:45:23:247,-1.99,-0.29,-0.87
13:45:23:280,-1.90,-0.22,-0.72
13:45:23:433,-2.03,-0.19,-0.64
13:45:23:499,-2.09,-0.36,-0.57
13:45:23:532,-2.38,-0.45,-0.48
13:45:23:532,-2.47,-0.47,-0.43
13:45:23:565,-2.51,-0.60,-0.33
13:45:23:581,-2.82,-0.72,-0.33
13:45:23:581,-3.49,-0.62,-0.40
13:45:23:598,-4.47,-0.61,-0.71
13:45:23:598,-5.80,-0.70,-1.02
13:45:23:631,-6.60,-0.90,-1.04
13:45:23:647,-6.40,-0.86,-0.78
13:45:23:711,-6.46,-1.14,-0.55
13:45:23:728,-6.82,-1.49,-0.46
13:45:23:729,-6.16,-1.14,-0.11
13:45:23:744,-5.48,-1.87,-0.16
13:45:23:760,-4.51,0.25,0.37
13:45:23:794,-4.26,-0.94,-0.44
13:45:23:795,-4.15,-0.96,-0.52
13:45:23:810,-4.32,-0.34,-0.17
13:45:23:830,-4.39,-0.74,-0.06
13:45:23:880,-4.15,-0.94,0.13
13:45:23:880,-3.88,-1.01,0.30
13:45:23:896,-3.92,-1.08,0.41
13:45:23:897,-4.18,-1.11,0.24
13:45:23:912,-4.37,-1.02,-0.17
13:45:23:928,-4.70,-0.85,-0.52
13:45:23:945,-5.01,-0.65,-0.74
13:45:24:64,-4.99,-0.60,-0.82
13:45:24:80,-4.77,-0.76,-1.29
13:45:24:96,-4.82,0.08,-1.06
13:45:24:147,-4.83,0.91,-0.38
13:45:24:181,-4.72,0.27,-0.86
13:45:24:231,-4.56,-0.10,-0.97
13:45:24:300,-4.66,-0.38,-0.94
13:45:24:334,-4.38,-0.68,-1.14
13:45:24:334,-4.09,-1.04,-1.46
13:45:24:334,-3.74,-0.72,-1.41
13:45:24:400,-3.45,-0.60,-1.29
13:45:24:417,-2.96,-0.97,-1.26
13:45:24:448,-2.80,-0.94,-1.07
13:45:24:515,-2.77,-0.72,-0.97
13:45:24:579,-2.70,-0.74,-0.93
13:45:24:579,-2.68,-0.79,-1.05
13:45:24:594,-2.90,-0.80,-1.03
13:45:24:594,-3.11,-0.88,-1.11
13:45:24:611,-3.38,-1.21,-1.37
13:45:24:664,-3.84,-1.81,-1.53
13:45:24:681,-4.40,-1.79,-1.40
13:45:24:696,-4.73,-1.19,-1.27
13:45:24:792,-4.89,-0.74,-1.25
13:45:24:878,-5.15,0.02,-0.85
13:45:24:913,-5.88,1.28,0.87
13:45:24:930,-7.22,8.00,4.89
13:45:24:982,-5.21,2.07,-0.20
13:45:24:982,-4.39,-3.13,-1.28
13:45:25:18,-4.19,-2.64,-0.99
13:45:25:35,-3.90,-1.75,-1.11
13:45:25:52,-3.81,-1.58,-1.15
13:45:25:68,-3.71,-0.58,-0.98
13:45:25:100,-3.62,-0.39,-0.99
13:45:25:135,-3.67,-0.78,-1.06
13:45:25:135,-3.67,-0.89,-0.89
13:45:25:168,-3.72,-1.04,-0.87
13:45:25:168,-3.81,-1.10,-0.88
13:45:25:168,-3.87,-1.12,-0.98
13:45:25:168,-3.94,-1.15,-1.06
13:45:25:184,-4.00,-1.07,-1.05
13:45:25:218,-4.01,-1.01,-1.00
13:45:25:218,-4.05,-0.90,-0.92
13:45:25:253,-4.12,-0.90,-0.74
13:45:25:253,-4.20,-0.78,-0.51
13:45:25:271,-4.29,-0.67,-0.29
13:45:25:320,-4.37,-0.51,0.00
13:45:25:353,-4.37,-0.09,0.15
13:45:25:403,-4.30,-0.05,-0.08
13:45:25:419,-4.13,-0.52,-0.48
13:45:25:451,-4.10,-0.63,-0.64
13:45:25:515,-4.10,-0.69,-0.69
13:45:25:564,-4.07,-0.62,-0.78
13:45:25:581,-4.07,-0.74,-0.86
13:45:25:597,-4.02,-0.74,-0.86
13:45:25:613,-3.97,-0.79,-0.82
13:45:25:677,-3.93,-0.79,-0.86
13:45:25:695,-3.94,-0.78,-0.83
13:45:25:726,-3.96,-0.76,-0.84
13:45:25:776,-3.98,-0.74,-0.82
13:45:25:859,-3.99,-0.72,-0.83
13:45:25:876,-4.01,-0.71,-0.78
13:45:25:876,-4.01,-0.65,-0.74
13:45:25:892,-4.04,-0.64,-0.72
13:45:25:910,-4.06,-0.62,-0.68
13:45:25:942,-4.08,-0.56,-0.69
13:45:25:942,-4.10,-0.58,-0.65
13:45:25:942,-4.10,-0.54,-0.64
13:45:25:959,-4.13,-0.52,-0.65
13:45:26:22,-4.21,-0.52,-0.65
13:45:26:38,-4.23,-0.49,-0.65
13:45:26:38,-4.23,-0.52,-0.70
13:45:26:55,-4.24,-0.51,-0.79
13:45:26:55,-4.38,-0.53,-0.79
13:45:26:55,-4.64,-0.47,-0.82
13:45:26:71,-4.48,-0.37,-0.91
13:45:26:88,-4.23,-0.29,-0.96
13:45:26:88,-4.16,-0.33,-0.93
13:45:26:121,-4.05,-0.44,-0.93
13:45:26:137,-3.95,-0.47,-0.97
13:45:26:137,-3.88,-0.53,-1.00
13:45:26:137,-3.64,-0.54,-1.00
13:45:26:169,-3.50,-0.54,-0.93
13:45:26:202,-3.57,-0.54,-0.89
13:45:26:202,-3.71,-0.45,-0.86
13:45:26:217,-3.78,-0.44,-0.82
13:45:26:217,-3.80,-0.42,-0.80
13:45:26:234,-3.79,-0.42,-0.86
13:45:26:234,-3.75,-0.51,-0.85
13:45:26:234,-3.70,-0.61,-0.86
13:45:26:250,-3.65,-0.73,-0.89
13:45:26:266,-3.71,-0.74,-0.98
13:45:26:266,-3.81,-0.78,-1.01
13:45:26:266,-3.94,-0.77,-1.05
13:45:26:282,-4.18,-0.84,-1.02
13:45:26:282,-4.34,-0.86,-1.10
13:45:26:299,-4.77,-0.89,-1.24
13:45:26:314,-4.84,-0.97,-1.06
13:45:26:332,-3.81,-1.06,-0.90
13:45:26:381,-3.76,-1.02,-1.17
13:45:26:398,-4.69,-0.97,-1.56
13:45:26:413,-4.80,-1.03,-1.86
13:45:26:413,-4.57,-1.04,-1.90
13:45:26:413,-4.45,-1.03,-1.72
13:45:26:430,-4.08,-0.88,-1.49
13:45:26:462,-3.94,-0.71,-1.39
13:45:26:478,-3.94,-0.76,-1.47
13:45:26:527,-4.01,-0.83,-1.59
13:45:26:559,-4.02,-0.77,-1.63
13:45:26:559,-3.98,-0.66,-1.53
13:45:26:576,-3.86,-0.64,-1.30
13:45:26:593,-3.89,-0.50,-1.11
13:45:26:626,-4.01,-0.65,-1.09
13:45:26:658,-4.11,-0.91,-1.09
13:45:26:673,-4.23,-0.84,-1.26
13:45:26:740,-4.15,-1.06,-1.56
13:45:26:790,-3.52,-1.36,-1.41
13:45:26:823,-3.34,-1.32,-1.16
13:45:26:823,-3.32,-1.33,-0.86
13:45:26:840,-3.26,-1.52,-0.71
13:45:26:856,-3.01,-1.79,-0.53
13:45:26:891,-2.95,-1.79,-0.41
13:45:26:940,-2.97,-1.65,-0.37
13:45:26:958,-3.19,-1.38,-0.47
13:45:26:973,-3.51,-1.19,-0.72
13:45:26:973,-3.70,-1.25,-0.76
13:45:26:973,-3.89,-1.45,-0.63
13:45:27:5,-3.99,-1.55,-0.60
13:45:27:5,-4.15,-1.54,-0.68
13:45:27:37,-4.14,-1.45,-0.57
13:45:27:107,-4.50,-1.34,-0.60
13:45:27:125,-4.75,-1.26,-0.76
13:45:27:140,-4.53,-1.32,-0.93
13:45:27:174,-4.38,-1.32,-1.03
13:45:27:174,-4.24,-1.12,-1.01
13:45:27:174,-4.27,-1.08,-0.95
13:45:27:207,-4.33,-0.95,-0.88
13:45:27:223,-4.16,-0.83,-0.80
13:45:27:292,-3.93,-0.78,-0.74
13:45:27:308,-3.74,-0.95,-0.83
13:45:27:326,-3.58,-1.12,-0.95
13:45:27:326,-3.68,-1.33,-1.16
13:45:27:342,-3.87,-1.64,-1.22
13:45:27:374,-4.05,-1.67,-1.23
13:45:27:494,-4.37,-1.42,-1.25
13:45:27:494,-4.44,-1.29,-1.15
13:45:27:526,-4.15,-0.96,-0.88
13:45:27:542,-4.00,-0.72,-0.69
13:45:27:542,-3.90,-0.52,-0.58
13:45:27:575,-3.72,-0.43,-0.56
13:45:27:576,-3.77,-1.22,-0.84
13:45:27:593,-3.94,-0.56,-0.69
13:45:27:643,-4.29,-0.10,-0.36
13:45:27:643,-4.63,0.53,0.28
13:45:27:660,-4.72,0.63,0.73
13:45:27:691,-4.18,0.40,0.58
13:45:27:691,-3.76,-0.03,-0.01
13:45:27:724,-3.50,-0.35,-0.55
13:45:27:724,-4.04,-0.68,-0.86
13:45:27:757,-4.22,-1.02,-0.87
13:45:27:822,-4.07,-1.12,-0.83
13:45:27:822,-3.91,-1.02,-0.75
13:45:27:837,-3.81,-0.93,-0.71
13:45:27:854,-3.98,-0.71,-0.67
13:45:27:870,-4.18,-0.51,-0.72
13:45:27:920,-4.31,-0.58,-0.82
13:45:27:937,-4.24,-0.81,-0.79
13:45:27:952,-4.12,-0.95,-0.81
13:45:27:969,-4.03,-1.07,-0.83
13:45:28:1,-4.02,-1.15,-0.81
13:45:28:16,-4.02,-1.07,-0.76
13:45:28:49,-3.95,-0.86,-0.68
13:45:28:98,-3.86,-0.72,-0.61
13:45:28:98,-3.92,-0.65,-0.56
13:45:28:116,-4.03,-0.62,-0.57
13:45:28:180,-4.16,-0.68,-0.63
13:45:28:197,-4.22,-0.68,-0.63
13:45:28:197,-4.20,-0.70,-0.63
13:45:28:215,-4.18,-0.72,-0.54
13:45:28:232,-4.09,-0.70,-0.51
13:45:28:266,-4.05,-0.64,-0.50
13:45:28:301,-4.03,-0.55,-0.50
13:45:28:349,-4.04,-0.49,-0.53
13:45:28:365,-4.08,-0.55,-0.60
13:45:28:365,-4.08,-0.60,-0.63
13:45:28:397,-4.10,-0.64,-0.64
13:45:28:413,-4.10,-0.70,-0.68
13:45:28:430,-4.07,-0.68,-0.70
13:45:28:463,-4.04,-0.69,-0.67
13:45:28:479,-4.02,-0.70,-0.73
13:45:28:578,-4.01,-0.71,-0.74
13:45:28:594,-3.99,-0.70,-0.76
13:45:28:612,-3.99,-0.72,-0.72
13:45:28:612,-3.98,-0.69,-0.71
13:45:28:628,-3.98,-0.71,-0.69
13:45:28:628,-4.04,-0.72,-0.69
13:45:28:694,-4.06,-0.69,-0.67
13:45:28:744,-4.11,-0.65,-0.65
13:45:28:760,-4.13,-0.65,-0.59
13:45:28:760,-4.10,-0.64,-0.61
13:45:28:777,-4.07,-0.63,-0.60
13:45:28:777,-4.04,-0.58,-0.54
13:45:28:793,-4.00,-0.59,-0.52
13:45:28:826,-4.00,-0.59,-0.54
13:45:28:842,-4.02,-0.63,-0.55
13:45:28:891,-4.09,-0.67,-0.60
13:45:28:906,-4.10,-0.69,-0.64
13:45:28:938,-4.10,-0.65,-0.59
13:45:28:954,-4.00,-0.64,-0.63
13:45:28:954,-4.02,-0.67,-0.69
13:45:29:7,-3.99,-0.68,-0.69
13:45:29:22,-4.00,-0.71,-0.69
13:45:29:89,-4.02,-0.69,-0.73
13:45:29:89,-4.01,-0.68,-0.75
13:45:29:105,-4.04,-0.67,-0.79
13:45:29:105,-3.99,-0.76,-0.84
13:45:29:140,-3.80,-0.88,-0.72
13:45:29:157,-3.68,-0.85,-0.72
13:45:29:174,-3.53,-0.83,-0.74
13:45:29:260,-3.60,-0.84,-0.76
13:45:29:277,-3.81,-0.93,-0.91
13:45:29:277,-4.12,-0.96,-1.02
13:45:29:293,-4.25,-0.97,-1.08
13:45:29:360,-4.24,-1.03,-1.05
13:45:29:377,-4.18,-0.97,-1.00
13:45:29:377,-4.20,-0.89,-0.93
13:45:29:408,-4.38,-0.73,-0.87
13:45:29:441,-4.45,-0.71,-0.88
13:45:29:441,-4.26,-0.77,-0.83
13:45:29:475,-3.92,-0.82,-0.69
13:45:29:492,-3.66,-0.80,-0.57
13:45:29:492,-3.41,-0.75,-0.53
13:45:29:527,-3.47,-0.79,-0.57
13:45:29:543,-3.94,-0.88,-0.67
13:45:29:561,-4.20,-0.95,-0.71
13:45:29:627,-4.27,-0.92,-0.76
13:45:29:660,-4.26,-0.84,-0.79
13:45:29:660,-4.32,-0.75,-0.78
13:45:29:677,-4.39,-0.58,-0.81
13:45:29:695,-4.49,-0.56,-0.94
13:45:29:728,-4.66,-0.61,-0.97
13:45:29:745,-4.69,-0.63,-1.05
13:45:29:814,-4.92,-0.59,-1.22
13:45:29:830,-4.64,-0.36,-1.33
13:45:29:830,-4.18,0.02,-1.44
13:45:29:862,-4.34,0.06,-1.47
13:45:29:879,-4.19,-0.02,-1.50
13:45:29:912,-3.90,-0.15,-1.22
13:45:29:999,-3.67,-0.41,-1.09
13:45:30:33,-3.63,-0.20,-1.18
13:45:30:34,-4.03,-0.21,-1.49
13:45:30:51,-4.29,0.38,-1.25
13:45:30:51,-4.40,0.21,-0.94
13:45:30:68,-3.92,-0.10,-0.75
13:45:30:85,-3.53,-0.01,-0.51
13:45:30:102,-3.28,-0.25,-0.45
13:45:30:138,-3.19,-0.01,-0.23
13:45:30:154,-3.37,-0.56,-0.69
13:45:30:172,-3.36,-0.85,-0.78
13:45:30:172,-3.63,-0.66,-0.71
13:45:30:205,-3.59,-0.34,-0.56
13:45:30:238,-3.68,-0.96,-0.50
13:45:30:238,-3.68,-1.21,-0.40
13:45:30:272,-3.50,-1.55,-0.63
13:45:30:320,-3.70,-1.46,-0.60
13:45:30:353,-4.11,-1.48,-0.45
13:45:30:353,-4.39,-0.92,-0.49
13:45:30:370,-5.29,-0.59,-0.71
13:45:30:388,-6.25,-1.02,-1.05
13:45:30:404,-6.76,-1.32,-1.14
13:45:30:438,-5.50,-0.91,-0.92
13:45:30:471,-4.25,-0.65,-0.51
13:45:30:487,-3.53,-0.23,-0.46
13:45:30:519,-3.80,-0.23,-0.73
13:45:30:569,-4.27,-0.16,-1.00
13:45:30:585,-4.77,-0.46,-1.25
13:45:30:585,-4.29,-0.52,-1.17
13:45:30:602,-3.89,-0.73,-1.10
13:45:30:669,-3.50,-0.62,-0.95
13:45:30:702,-3.35,-0.52,-0.80
13:45:30:719,-3.16,-0.55,-0.75
13:45:30:719,-3.01,-0.67,-0.84
13:45:30:736,-2.94,-0.87,-0.88
13:45:30:751,-2.88,-0.94,-0.96
13:45:30:801,-3.15,-0.90,-0.99
13:45:30:801,-3.39,-0.61,-1.03
13:45:30:818,-4.02,-0.44,-1.15
13:45:30:868,-4.75,-0.26,-1.11
13:45:30:884,-5.17,-0.18,-1.12
13:45:30:884,-4.61,-0.13,-1.04
13:45:30:936,-5.07,-0.18,-1.29
13:45:30:953,-4.87,0.01,-1.50
13:45:30:970,-5.05,-0.31,-1.47
13:45:31:3,-4.76,-1.10,-0.88
13:45:31:71,-4.45,-1.40,-0.33
13:45:31:71,-4.38,-1.42,-0.21
13:45:31:88,-4.38,-0.99,-0.37
13:45:31:88,-4.25,-0.55,-0.46
13:45:31:137,-3.70,-0.10,-0.42
13:45:31:152,-3.41,0.32,-0.01
13:45:31:217,-3.34,0.52,0.27
13:45:31:234,-3.28,0.15,0.22
13:45:31:251,-2.13,-0.77,-0.22
13:45:31:267,-3.11,-1.68,-0.54
13:45:31:267,-2.82,-0.84,-0.51
13:45:31:299,-3.57,-0.33,-0.45
13:45:31:315,-3.65,-0.60,-0.64
13:45:31:349,-3.51,-1.22,-0.93
13:45:31:364,-4.14,-1.14,-0.84
13:45:31:430,-4.41,-1.68,-0.90
13:45:31:430,-4.62,-1.80,-0.87
13:45:31:447,-4.36,-1.79,-1.04
13:45:31:447,-5.17,-1.80,-0.98
13:45:31:480,-6.17,-2.29,-0.95
13:45:31:497,-6.35,-2.20,-1.04
13:45:31:545,-5.07,-1.03,-0.67
13:45:31:595,-4.33,-1.33,-0.86
13:45:31:612,-4.19,-0.32,-0.79
13:45:31:612,-5.05,-0.71,-1.22
13:45:31:630,-4.73,-1.02,-1.30
13:45:31:646,-4.62,-1.43,-1.51
13:45:31:662,-4.00,-0.91,-1.31
13:45:31:696,-3.70,-0.56,-1.03
13:45:31:745,-3.39,-0.41,-0.88
13:45:31:812,-3.30,-0.22,-0.85
13:45:31:828,-3.26,-0.13,-0.88
13:45:31:845,-3.16,-0.25,-0.91
13:45:31:845,-2.97,-0.40,-1.02
13:45:31:845,-3.14,-0.57,-1.15
13:45:31:862,-3.45,-0.58,-1.24
13:45:31:896,-3.71,-0.46,-1.27
13:45:31:963,-4.04,-0.43,-1.34
13:45:31:979,-4.26,-0.42,-1.20
13:45:31:979,-4.31,-0.44,-1.20
13:45:31:995,-4.07,-0.40,-1.31
13:45:32:12,-4.32,-0.60,-1.41
13:45:32:61,-4.13,-0.96,-1.03
13:45:32:61,-4.21,-1.27,-0.53
13:45:32:95,-4.76,-1.50,-0.11
13:45:32:144,-5.17,-1.34,-0.02
13:45:32:144,-5.04,-0.97,-0.36
13:45:32:160,-4.51,-0.73,-0.48
13:45:32:177,-4.23,1.06,-0.00
13:45:32:210,-4.35,0.03,1.27
13:45:32:227,-3.39,0.98,1.37
13:45:32:243,-3.13,-1.59,0.27
13:45:32:340,-2.88,-2.26,0.12
13:45:32:356,-3.05,-1.70,-0.23
13:45:32:371,-3.06,-1.29,-0.44
13:45:32:371,-3.28,-2.11,-1.13
13:45:32:387,-3.61,-1.89,-1.26
13:45:32:404,-3.94,-2.00,-1.14
13:45:32:422,-4.93,-1.71,-0.74
13:45:32:439,-4.90,-1.73,-0.56
13:45:32:473,-5.05,-0.15,0.65
13:45:32:507,-5.80,-1.09,0.13
13:45:32:507,-6.19,-2.30,-0.59
13:45:32:577,-5.79,-2.91,-1.48
13:45:32:577,-4.45,-1.65,-1.39
13:45:32:593,-3.76,-1.12,-1.01
13:45:32:625,-3.70,-1.01,-1.02
13:45:32:674,-4.26,-0.32,-0.96
13:45:32:708,-4.73,-0.17,-0.95
13:45:32:708,-4.29,-0.38,-0.98
13:45:32:725,-3.81,-0.49,-0.86
13:45:32:742,-3.44,-0.50,-0.75
13:45:32:759,-3.13,-0.44,-0.68
13:45:32:791,-3.01,-0.62,-0.80
13:45:32:858,-2.95,-0.74,-0.96
13:45:32:874,-2.89,-0.79,-1.04
13:45:32:891,-2.90,-0.87,-1.10
13:45:32:909,-3.12,-0.80,-1.05
13:45:32:909,-3.57,-0.58,-1.02
13:45:32:926,-3.92,-0.55,-1.00
13:45:33:8,-3.82,-0.44,-0.96
13:45:33:25,-3.86,-0.36,-0.82
13:45:33:41,-3.71,-0.26,-0.80
13:45:33:57,-4.76,-0.24,-1.09
13:45:33:74,-5.42,-0.45,-1.50
13:45:33:90,-5.48,-0.87,-1.11
13:45:33:90,-5.17,-1.43,-0.47
13:45:33:140,-5.16,-1.74,0.12
13:45:33:140,-5.25,-1.59,0.05
13:45:33:189,-5.18,-0.97,-0.37
13:45:33:269,-4.69,0.24,-0.27
13:45:33:287,-4.28,1.17,0.62
13:45:33:287,-3.56,1.23,0.77
13:45:33:303,-2.58,-0.49,0.26
13:45:33:304,-2.21,-0.90,-0.05
13:45:33:304,-2.33,-1.15,-0.05
13:45:33:339,-2.70,-0.93,-0.26
13:45:33:404,-2.91,-0.66,-0.52
13:45:33:404,-3.19,-0.78,-0.73
13:45:33:421,-3.45,-1.44,-1.07
13:45:33:454,-3.82,-1.49,-1.11
13:45:33:454,-4.43,-1.74,-1.15
13:45:33:472,-4.86,-2.01,-1.09
13:45:33:610,-4.99,-1.98,-0.86
13:45:33:610,-5.19,-1.88,-0.65
13:45:33:627,-6.07,-1.73,-0.56
13:45:33:644,-6.67,-1.70,-0.59
13:45:33:644,-5.76,-1.56,-0.82
13:45:33:679,-4.29,-0.97,-0.74
13:45:33:695,-4.05,-0.48,-0.51
13:45:33:729,-4.10,-0.42,-0.68
13:45:33:772,-4.77,-0.12,-0.77
13:45:33:772,-4.70,-0.05,-0.43
13:45:33:789,-3.85,-0.58,-0.54
13:45:33:789,-3.57,-0.28,-0.56
13:45:33:789,-3.41,-0.42,-0.42
13:45:33:824,-3.16,-0.48,-0.48
13:45:33:859,-3.12,-0.72,-0.72
13:45:33:859,-3.10,-0.68,-0.88
13:45:33:945,-3.16,-0.69,-1.05
13:45:33:980,-3.27,-0.65,-1.05
13:45:33:997,-3.39,-0.48,-1.12
13:45:34:32,-3.69,-0.36,-1.11
13:45:34:32,-3.85,-0.34,-1.12
13:45:34:49,-4.15,-0.34,-1.15
13:45:34:49,-4.47,-0.39,-1.04
13:45:34:84,-4.30,-0.38,-1.08
13:45:34:119,-4.44,-0.44,-1.28
13:45:34:137,-4.65,-0.70,-1.33
13:45:34:137,-4.39,-0.94,-0.96
13:45:34:188,-4.51,-0.98,-0.46
13:45:34:204,-4.53,-1.07,-0.13
13:45:34:204,-4.76,-1.07,-0.08
13:45:34:239,-4.76,-0.93,-0.23
13:45:34:270,-4.21,-0.58,-0.40
13:45:34:320,-3.56,-0.01,-0.47
13:45:34:320,-3.23,0.14,-0.20
13:45:34:338,-3.38,0.10,0.45
13:45:34:355,-3.49,-0.21,0.30
13:45:34:372,-3.63,-0.73,0.09
13:45:34:407,-3.65,-1.70,-0.56
13:45:34:424,-3.67,-2.11,-0.87
13:45:34:508,-3.53,-1.49,-0.97
13:45:34:528,-4.11,-0.79,-0.54
13:45:34:528,-4.09,-1.19,-0.76
13:45:34:544,-4.14,-1.30,-0.86
13:45:34:560,-4.58,-1.87,-0.94
13:45:34:581,-4.37,-2.14,-0.97
13:45:34:598,-5.29,-2.09,-0.88
13:45:34:632,-6.47,-2.09,-0.78
13:45:34:649,-6.29,-1.78,-0.84
13:45:34:687,-4.84,-1.27,-0.78
13:45:34:687,-4.00,-1.11,-0.76
13:45:34:704,-3.98,-0.46,-0.79
13:45:34:770,-4.61,-0.41,-1.04
13:45:34:834,-5.21,-0.64,-1.20
13:45:34:851,-4.58,-0.40,-1.22
13:45:34:867,-4.21,-1.01,-1.12
13:45:34:883,-3.79,0.08,-0.79
13:45:34:883,-3.50,-0.02,-0.66
13:45:34:899,-3.28,-0.23,-0.75
13:45:34:917,-3.16,-0.44,-0.92
13:45:34:935,-3.02,-0.64,-1.03
13:45:34:952,-2.93,-0.82,-1.14
13:45:35:18,-3.03,-0.83,-1.19
13:45:35:35,-3.10,-0.67,-1.18
13:45:35:53,-3.26,-0.55,-1.15
13:45:35:69,-3.67,-0.50,-1.12
13:45:35:85,-3.75,-0.43,-1.05
13:45:35:101,-3.86,-0.50,-0.91
13:45:35:119,-4.19,-0.40,-0.61
13:45:35:187,-4.43,-0.17,-0.82
13:45:35:222,-4.92,-0.21,-1.36
13:45:35:222,-4.85,-0.74,-1.01
13:45:35:240,-4.93,-1.13,-0.29
13:45:35:257,-5.29,-1.53,0.26
13:45:35:292,-5.19,-1.60,0.27
13:45:35:325,-4.99,-1.22,-0.08
13:45:35:388,-4.55,-0.24,-0.28
13:45:35:388,-3.93,0.46,-0.34
13:45:35:405,-3.44,0.78,-0.11
13:45:35:405,-3.21,0.19,-0.28
13:45:35:452,-3.21,-0.51,-0.24
13:45:35:469,-3.19,-0.94,-0.31
13:45:35:486,-3.12,-1.26,-0.56
13:45:35:502,-3.35,-1.21,-0.50
13:45:35:537,-3.12,-1.73,-0.76
13:45:35:573,-3.44,-1.31,-0.73
13:45:35:573,-3.69,-1.65,-0.71
13:45:35:590,-4.25,-1.87,-0.86
13:45:35:608,-4.49,-2.16,-1.00
13:45:35:625,-4.88,-1.99,-0.81
13:45:35:677,-4.93,-1.75,-0.78
13:45:35:743,-5.92,-1.62,-0.66
13:45:35:743,-7.29,-1.70,-0.71
13:45:35:761,-6.47,-1.21,-0.65
13:45:35:776,-4.90,-0.88,-0.69
13:45:35:792,-3.82,-0.43,-0.79
13:45:35:792,-3.88,0.36,-0.38
13:45:35:844,-4.66,-0.39,-0.92
13:45:35:861,-5.32,-0.40,-0.90
13:45:35:895,-4.51,-0.49,-1.01
13:45:35:913,-3.95,-0.69,-0.95
13:45:35:929,-3.77,-0.29,-0.74
13:45:35:945,-3.54,-0.33,-0.69
13:45:35:978,-3.38,-0.41,-0.78
13:45:36:9,-3.32,-0.51,-1.01
13:45:36:26,-3.18,-0.66,-1.12
13:45:36:44,-3.09,-0.78,-1.17
13:45:36:145,-2.98,-0.78,-1.14
13:45:36:162,-2.96,-0.63,-1.15
13:45:36:178,-2.91,-0.47,-1.16
13:45:36:178,-3.01,-0.48,-1.13
13:45:36:178,-3.25,-0.44,-1.17
13:45:36:194,-3.58,-0.50,-1.09
13:45:36:227,-3.41,-0.61,-0.84
13:45:36:278,-3.86,-0.61,-0.87
13:45:36:278,-5.02,-0.50,-1.29
13:45:36:293,-6.37,-0.72,-1.69
13:45:36:327,-6.40,-1.16,-1.21
13:45:36:327,-6.03,-1.16,-0.07
13:45:36:362,-5.05,-1.15,0.90
13:45:36:395,-4.72,-1.07,0.80
13:45:36:412,-4.86,-0.56,-0.06
13:45:36:427,-4.52,0.23,-0.61
13:45:36:476,-4.11,0.77,-0.58
13:45:36:491,-3.64,0.48,-0.27
13:45:36:543,-3.49,-0.16,-0.44
13:45:36:560,-3.67,-0.25,-0.35
13:45:36:576,-3.63,-1.11,-0.50
13:45:36:642,-3.65,-1.10,-0.40
13:45:36:642,-3.61,-1.73,-0.52
13:45:36:675,-3.40,-1.90,-0.66
13:45:36:691,-3.38,-1.87,-0.73
13:45:36:724,-3.67,-1.78,-0.78
13:45:36:740,-3.98,-1.56,-0.94
13:45:36:757,-4.29,-1.19,-1.09
13:45:36:757,-4.46,-0.92,-1.06
13:45:36:841,-4.48,-0.54,-0.88
13:45:36:841,-4.46,-0.28,-0.81
13:45:36:873,-4.28,0.02,-0.69
13:45:36:874,-4.05,0.19,-0.53
13:45:36:892,-3.90,0.07,-0.50
13:45:36:909,-3.93,-0.21,-0.65
13:45:36:925,-4.14,-0.34,-0.85
13:45:36:942,-4.43,-0.59,-1.02
13:45:36:975,-4.76,-0.85,-1.07
13:45:36:990,-4.83,-1.02,-0.89
13:45:37:24,-4.47,-0.92,-0.70
13:45:37:41,-4.04,-0.72,-0.64
13:45:37:59,-3.82,-0.34,-0.44
13:45:37:76,-3.75,-0.14,-0.46
13:45:37:110,-3.87,0.06,-0.62
13:45:37:175,-3.97,0.05,-0.84
13:45:37:191,-4.13,-0.05,-0.92
13:45:37:207,-4.17,-0.11,-0.90
13:45:37:207,-4.15,-0.33,-0.88
13:45:37:223,-4.10,-0.51,-0.80
13:45:37:256,-3.97,-0.64,-0.67
13:45:37:291,-3.83,-0.68,-0.63
13:45:37:309,-3.69,-0.64,-0.70
13:45:37:392,-3.63,-0.53,-0.80
13:45:37:425,-3.75,-0.36,-0.83
13:45:37:441,-3.90,-0.30,-0.87
13:45:37:457,-3.77,-0.44,-0.88
13:45:37:475,-3.69,-0.57,-0.98
13:45:37:559,-3.74,-0.88,-0.99
13:45:37:607,-4.00,-1.18,-0.93
13:45:37:607,-4.27,-1.58,-0.75
13:45:37:607,-4.50,-1.88,-0.62
13:45:37:625,-4.66,-2.05,-0.59
13:45:37:642,-4.55,-2.05,-0.73
13:45:37:693,-4.52,-1.53,-0.65
13:45:37:726,-4.51,-0.98,-0.39
13:45:37:742,-4.27,-0.43,-0.14
13:45:37:759,-4.37,-0.07,-0.02
13:45:37:775,-4.31,-0.41,-0.22
13:45:37:824,-4.25,-0.84,-0.34
13:45:37:907,-4.22,-0.97,-0.38
13:45:37:907,-4.26,-0.78,-0.41
13:45:37:974,-4.21,-0.69,-0.39
13:45:38:90,-4.17,-0.19,-0.36
13:45:38:122,-4.18,-0.25,-0.58
13:45:38:139,-4.18,-0.32,-0.65
13:45:38:155,-4.24,-0.54,-0.68
13:45:38:155,-4.12,-0.58,-0.73
13:45:38:172,-4.17,-0.60,-0.77
13:45:38:205,-4.16,-0.65,-0.79
13:45:38:205,-4.17,-0.70,-0.76
13:45:38:323,-4.14,-0.56,-0.65
13:45:38:323,-4.13,-0.65,-0.72
13:45:38:340,-4.11,-0.68,-0.76
13:45:38:340,-4.03,-0.48,-0.72
13:45:38:357,-4.08,-0.51,-0.74
