19:34:53:80,3.63,1.23,0.06
19:34:53:99,3.65,1.23,0.01
19:34:53:101,3.64,1.22,0.05
19:34:53:116,3.60,1.18,0.06
19:34:53:116,3.53,1.12,0.08
19:34:53:136,3.50,1.12,0.04
19:34:53:242,3.59,1.15,0.03
19:34:53:242,3.64,1.17,0.06
19:34:53:258,3.72,1.23,0.12
19:34:53:264,3.83,1.29,0.10
19:34:53:284,3.81,1.29,0.10
19:34:53:284,3.80,1.23,0.08
19:34:53:300,3.76,1.21,0.14
19:34:53:331,3.78,1.18,0.17
19:34:53:367,3.74,1.19,0.18
19:34:53:367,3.65,1.26,0.19
19:34:53:435,3.65,1.27,0.17
19:34:53:442,3.68,1.30,0.20
19:34:53:442,3.66,1.33,0.07
19:34:53:457,3.69,1.36,0.02
19:34:53:513,3.73,1.39,0.02
19:34:53:535,3.73,1.40,0.08
19:34:53:551,3.79,1.45,0.02
19:34:53:582,3.71,1.43,0.07
19:34:53:602,3.68,1.39,0.10
19:34:53:634,3.62,1.36,0.10
19:34:53:639,3.57,1.34,0.11
19:34:53:670,3.59,1.36,0.07
19:34:53:701,3.67,1.37,0.03
19:34:53:717,3.69,1.34,0.05
19:34:53:723,3.67,1.30,0.00
19:34:53:786,3.69,1.24,0.12
19:34:53:817,3.68,1.26,0.09
19:34:53:823,3.65,1.37,0.06
19:34:53:823,3.74,1.37,0.06
19:34:53:861,3.83,1.36,0.03
19:34:53:885,3.62,1.31,0.21
19:34:53:909,3.56,1.25,0.16
19:34:53:943,3.60,1.31,0.21
19:34:53:972,3.64,1.32,0.23
19:34:53:994,3.61,1.43,0.59
19:34:53:999,3.67,1.16,0.30
19:34:54:18,3.69,1.11,-0.03
19:34:54:58,3.84,1.12,-0.04
19:34:54:79,3.79,1.25,0.11
19:34:54:109,3.68,1.34,-0.05
19:34:54:159,3.68,1.28,-0.07
19:34:54:184,3.67,1.26,-0.02
19:34:54:189,3.60,1.24,-0.12
19:34:54:194,3.77,1.43,-0.03
19:34:54:235,3.76,1.34,0.05
19:34:54:249,3.57,1.10,0.10
19:34:54:261,3.56,1.13,-0.07
19:34:54:319,3.83,1.13,0.26
19:34:54:349,3.59,1.44,0.59
19:34:54:359,3.66,1.43,0.36
19:34:54:369,3.75,0.94,0.20
19:34:54:394,3.87,1.02,0.05
19:34:54:409,3.86,1.15,0.14
19:34:54:429,3.77,1.10,0.11
19:34:54:449,3.78,1.01,0.04
19:34:54:530,3.75,1.05,-0.08
19:34:54:530,3.71,1.00,-0.20
19:34:54:538,3.77,0.95,0.03
19:34:54:558,3.69,1.00,-0.09
19:34:54:572,3.72,1.36,-0.05
19:34:54:618,3.67,1.19,0.34
19:34:54:623,3.46,1.15,0.25
19:34:54:683,3.50,1.02,0.08
19:34:54:703,3.54,1.04,0.08
19:34:54:710,3.56,1.13,0.08
19:34:54:710,3.61,1.18,-0.04
19:34:54:753,3.61,1.31,-0.22
19:34:54:764,3.50,1.36,-0.31
19:34:54:788,3.40,1.28,-0.38
19:34:54:873,3.75,1.53,-0.16
19:34:54:880,4.01,1.69,0.01
19:34:54:889,4.01,1.67,-0.13
19:34:54:895,3.75,1.46,-0.24
19:34:54:915,3.51,1.35,-0.29
19:34:54:938,3.47,1.34,-0.25
19:34:54:950,3.47,1.46,-0.19
19:34:54:970,3.58,1.18,-0.19
19:34:55:25,3.57,1.25,-0.06
19:34:55:54,3.51,1.45,-0.03
19:34:55:54,3.49,1.68,-0.08
19:34:55:71,3.69,1.71,-0.02
19:34:55:109,3.80,1.73,-0.03
19:34:55:118,3.88,1.63,-0.09
19:34:55:138,3.87,1.42,-0.20
19:34:55:198,3.96,1.37,-0.33
19:34:55:249,4.01,1.35,-0.38
19:34:55:249,4.18,1.43,-0.68
19:34:55:266,4.31,1.59,-0.81
19:34:55:278,4.86,1.78,-0.66
19:34:55:299,4.88,1.50,-0.53
19:34:55:319,4.28,1.00,-0.37
19:34:55:348,3.85,1.79,-0.04
19:34:55:410,3.08,2.31,0.51
19:34:55:423,3.55,1.61,0.39
19:34:55:430,4.16,0.79,0.50
19:34:55:443,4.48,-0.18,-0.13
19:34:55:459,4.22,-0.54,-0.64
19:34:55:508,4.11,-0.72,-0.62
19:34:55:611,3.73,-0.38,-0.26
19:34:55:618,3.36,0.51,-0.43
19:34:55:618,3.17,1.59,0.09
19:34:55:633,2.99,1.39,0.16
19:34:55:650,3.20,0.49,-0.00
19:34:55:664,3.26,0.94,0.07
19:34:55:670,3.12,0.86,0.01
19:34:55:678,3.08,0.72,0.02
19:34:55:703,3.07,0.99,-0.06
19:34:55:770,3.14,1.15,0.16
19:34:55:770,3.05,0.92,0.35
19:34:55:790,3.07,1.10,0.09
19:34:55:803,3.40,2.13,-0.17
19:34:55:820,4.27,2.51,0.16
19:34:55:833,4.26,2.24,0.02
19:34:55:858,4.40,2.01,0.00
19:34:55:890,5.03,1.92,0.25
19:34:55:923,5.39,1.94,0.15
19:34:55:949,4.77,1.84,0.06
19:34:56:4,3.92,1.29,0.06
19:34:56:29,3.13,1.15,0.14
19:34:56:39,2.99,0.78,0.07
19:34:56:48,3.18,1.04,-0.30
19:34:56:68,3.55,1.24,-0.79
19:34:56:88,3.96,1.02,-1.17
19:34:56:181,3.79,0.96,-1.17
19:34:56:198,3.39,1.01,-0.93
19:34:56:210,3.12,0.87,-0.71
19:34:56:210,3.10,0.99,-0.58
19:34:56:238,3.27,1.03,-0.60
19:34:56:259,3.34,0.88,-0.46
19:34:56:308,3.42,0.71,-0.20
19:34:56:318,3.35,1.17,-0.12
19:34:56:340,3.43,1.41,-0.11
19:34:56:349,3.51,1.42,-0.02
19:34:56:358,3.44,1.15,0.08
19:34:56:363,3.55,0.96,-0.11
19:34:56:393,4.01,1.27,-0.39
19:34:56:438,4.69,1.53,-0.69
19:34:56:490,4.79,1.57,-0.91
19:34:56:495,4.40,1.40,-0.80
19:34:56:513,4.69,1.48,-0.68
19:34:56:513,5.01,1.71,-0.24
19:34:56:528,3.96,1.62,-0.38
19:34:56:561,3.30,1.54,-0.58
19:34:56:578,3.23,1.68,-0.30
19:34:56:595,4.10,1.08,0.49
19:34:56:711,4.81,0.29,0.83
19:34:56:711,4.82,-0.77,0.42
19:34:56:728,4.38,-0.47,0.26
19:34:56:728,3.44,0.25,0.06
19:34:56:745,2.90,0.90,0.14
19:34:56:761,2.53,1.25,0.50
19:34:56:793,2.87,0.99,0.52
19:34:56:825,2.98,0.59,0.06
19:34:56:860,3.13,1.09,-0.28
19:34:56:860,3.20,1.11,-0.20
19:34:56:876,2.99,1.43,-0.49
19:34:56:895,2.77,1.67,-0.72
19:34:56:913,2.86,1.64,-0.67
19:34:56:932,3.32,1.62,-0.57
19:34:56:950,3.82,1.43,-0.57
19:34:57:37,4.35,1.20,-0.33
19:34:57:55,4.57,1.35,-0.07
19:34:57:55,4.76,1.64,-0.21
19:34:57:74,5.60,1.73,-0.18
19:34:57:91,5.29,1.91,0.25
19:34:57:109,4.23,1.97,0.38
19:34:57:127,3.52,1.64,0.34
19:34:57:182,3.34,1.23,0.38
19:34:57:218,3.39,1.00,0.09
19:34:57:218,3.43,1.06,-0.34
19:34:57:218,3.58,0.99,-0.56
19:34:57:255,3.69,1.37,-0.48
19:34:57:306,3.45,1.48,-0.56
19:34:57:306,3.06,1.43,-0.73
19:34:57:323,3.01,1.29,-0.74
19:34:57:377,3.08,1.10,-0.52
19:34:57:394,3.24,0.79,-0.41
19:34:57:394,3.27,0.61,-0.42
19:34:57:411,3.25,0.57,-0.36
19:34:57:446,3.15,0.96,-0.22
19:34:57:464,3.25,0.82,-0.20
19:34:57:482,3.39,0.73,-0.17
19:34:57:584,3.51,0.65,-0.28
19:34:57:586,3.98,0.98,-0.56
19:34:57:586,4.80,1.20,-0.81
19:34:57:619,5.41,1.28,-0.85
19:34:57:638,5.13,1.29,-0.85
19:34:57:638,4.93,1.24,-0.85
19:34:57:655,5.76,1.50,-0.53
19:34:57:724,4.60,1.28,-0.16
19:34:57:742,3.18,1.91,-0.20
19:34:57:760,3.11,1.92,-0.06
19:34:57:761,3.42,1.42,0.48
19:34:57:796,4.50,0.43,0.93
19:34:57:796,4.53,-0.34,0.77
19:34:57:832,4.17,-0.91,-0.06
19:34:57:849,3.55,-0.73,-0.08
19:34:57:902,2.87,-0.10,0.11
19:34:57:972,2.77,0.60,0.13
19:34:57:990,2.71,0.75,-0.18
19:34:57:990,2.77,0.74,-0.47
19:34:58:8,3.03,0.83,-0.56
19:34:58:8,3.22,0.93,-0.59
19:34:58:26,3.32,0.86,-0.50
19:34:58:44,3.25,0.99,-0.37
19:34:58:115,3.28,1.17,-0.15
19:34:58:115,3.37,1.26,-0.04
19:34:58:132,3.96,1.30,-0.13
19:34:58:132,4.94,1.34,-0.05
19:34:58:150,5.34,1.55,0.04
19:34:58:204,4.96,1.69,-0.04
19:34:58:257,5.06,1.75,-0.05
19:34:58:274,4.71,1.89,0.16
19:34:58:294,3.77,1.79,0.24
19:34:58:312,3.28,1.60,-0.04
19:34:58:312,3.58,1.54,-0.33
19:34:58:329,3.98,1.67,-0.19
19:34:58:364,4.20,1.73,-0.01
19:34:58:381,4.12,1.46,-0.17
19:34:58:398,3.39,1.01,-0.35
19:34:58:467,2.83,0.81,-0.36
19:34:58:504,2.67,0.76,-0.34
19:34:58:504,2.90,0.88,-0.20
19:34:58:521,3.26,1.05,-0.15
19:34:58:521,3.54,1.09,-0.30
19:34:58:539,3.75,1.05,-0.43
19:34:58:556,3.70,0.99,-0.53
19:34:58:593,3.57,0.89,-0.58
19:34:58:665,3.60,0.89,-0.49
19:34:58:683,3.74,0.92,-0.39
19:34:58:700,4.33,1.07,-0.49
19:34:58:720,4.72,1.08,-0.52
19:34:58:737,4.60,0.70,-0.56
19:34:58:737,4.67,0.70,-0.63
19:34:58:753,5.04,0.97,-0.34
19:34:58:875,3.86,0.71,-0.08
19:34:58:893,3.25,0.84,-0.25
19:34:58:893,3.72,1.15,-0.33
19:34:58:911,4.34,1.18,-0.04
19:34:58:929,4.28,0.90,-0.08
19:34:58:929,4.02,0.84,-0.11
19:34:58:945,3.39,0.74,-0.03
19:34:58:982,2.89,0.63,0.11
19:34:59:0,2.87,0.75,0.35
19:34:59:18,2.95,0.85,0.35
19:34:59:18,3.26,0.77,0.21
19:34:59:52,3.35,0.78,0.17
19:34:59:106,3.49,1.16,0.14
19:34:59:106,3.40,1.40,0.23
19:34:59:179,3.26,1.28,0.42
19:34:59:232,3.16,1.26,0.29
19:34:59:232,3.43,1.31,0.27
19:34:59:248,3.92,1.35,0.22
19:34:59:250,4.54,1.40,0.22
19:34:59:267,4.77,1.39,0.24
19:34:59:267,4.36,1.45,0.07
19:34:59:285,5.18,1.71,0.16
19:34:59:376,5.18,1.58,0.31
19:34:59:410,4.12,1.44,0.14
19:34:59:410,3.71,1.37,-0.02
19:34:59:410,3.98,1.41,-0.11
19:34:59:445,4.21,1.16,-0.29
19:34:59:445,4.10,1.05,-0.44
19:34:59:445,3.84,1.05,-0.45
19:34:59:480,3.38,1.00,-0.44
19:34:59:515,3.13,1.02,-0.30
19:34:59:536,3.08,0.94,-0.45
19:34:59:553,3.22,0.92,-0.51
19:34:59:570,3.39,0.94,-0.48
19:34:59:605,3.48,1.01,-0.35
19:34:59:641,3.49,0.99,-0.32
19:34:59:658,3.34,0.93,-0.46
19:34:59:692,3.28,0.84,-0.43
19:34:59:727,3.31,0.87,-0.31
19:34:59:746,3.28,0.82,-0.22
19:34:59:746,3.78,0.86,-0.33
19:34:59:763,4.60,0.98,-0.27
19:34:59:782,5.06,0.95,-0.20
19:34:59:816,4.91,0.72,-0.39
19:34:59:841,5.29,0.92,-0.35
19:34:59:884,5.00,1.01,-0.02
19:34:59:902,4.26,0.96,0.01
19:34:59:919,3.33,0.89,-0.05
19:34:59:937,3.45,1.12,0.17
19:34:59:954,3.79,1.05,0.43
19:35:0:17,4.00,0.74,0.14
19:35:0:19,4.06,0.52,-0.27
19:35:0:28,3.71,0.50,-0.33
19:35:0:101,3.34,0.35,-0.13
19:35:0:102,3.13,0.45,0.02
19:35:0:119,3.04,0.86,0.08
19:35:0:129,3.08,0.98,0.02
19:35:0:140,3.27,0.83,0.15
19:35:0:193,3.32,0.81,0.21
19:35:0:210,3.35,0.85,0.36
19:35:0:210,3.36,1.06,0.48
19:35:0:265,3.35,1.37,0.59
19:35:0:319,3.45,1.47,0.59
19:35:0:337,3.95,1.58,0.50
19:35:0:353,4.62,1.70,0.54
19:35:0:356,4.90,1.67,0.54
19:35:0:373,4.48,1.56,0.31
19:35:0:391,4.82,1.69,0.06
19:35:0:442,4.89,1.89,0.17
19:35:0:461,4.19,1.74,0.25
19:35:0:461,3.42,1.54,0.09
19:35:0:478,3.54,1.60,-0.11
19:35:0:529,3.99,1.51,-0.22
19:35:0:530,4.40,1.31,-0.33
19:35:0:547,4.45,1.26,-0.35
19:35:0:580,4.21,1.21,-0.25
19:35:0:599,3.88,1.06,-0.26
19:35:0:650,3.59,0.96,-0.36
19:35:0:669,3.57,0.91,-0.39
19:35:0:670,3.63,0.99,-0.39
19:35:0:704,3.54,1.05,-0.38
19:35:0:721,3.38,1.04,-0.37
19:35:0:739,3.29,0.87,-0.43
19:35:0:774,3.27,0.82,-0.46
19:35:0:842,3.19,0.79,-0.45
19:35:0:860,3.18,0.83,-0.42
19:35:0:894,3.37,0.93,-0.36
19:35:0:896,3.90,0.96,-0.32
19:35:0:896,4.39,1.02,-0.20
19:35:0:913,4.34,0.92,-0.16
19:35:0:931,4.36,0.93,-0.31
19:35:0:966,5.04,1.15,-0.26
19:35:0:983,4.74,1.17,-0.10
19:35:1:18,4.04,1.18,0.06
19:35:1:54,3.56,1.28,-0.11
19:35:1:71,3.70,1.54,0.05
19:35:1:71,3.92,1.68,0.28
19:35:1:125,4.26,1.67,0.21
19:35:1:180,4.37,1.53,0.02
19:35:1:180,3.94,1.21,-0.09
19:35:1:197,3.31,0.91,-0.04
19:35:1:197,2.97,0.69,0.08
19:35:1:215,3.08,1.05,0.04
19:35:1:251,3.03,1.15,0.08
19:35:1:269,3.21,1.66,0.08
19:35:1:322,3.15,1.54,0.20
19:35:1:394,3.26,1.63,0.29
19:35:1:428,3.24,1.53,0.25
19:35:1:428,3.51,1.51,0.33
19:35:1:445,3.51,1.47,0.24
19:35:1:463,3.90,1.46,0.19
19:35:1:463,4.42,1.45,0.15
19:35:1:480,4.53,1.46,0.19
19:35:1:550,4.03,1.47,0.16
19:35:1:551,4.46,1.58,0.08
19:35:1:567,4.56,1.62,0.17
19:35:1:585,4.39,1.56,0.22
19:35:1:601,4.17,1.40,-0.04
19:35:1:605,4.20,1.43,-0.29
19:35:1:622,4.46,1.43,-0.33
19:35:1:727,4.66,1.31,-0.39
19:35:1:727,4.37,1.29,-0.46
19:35:1:727,3.77,1.10,-0.49
19:35:1:745,3.08,0.89,-0.50
19:35:1:745,2.87,0.99,-0.38
19:35:1:783,2.94,1.01,-0.34
19:35:1:817,3.17,1.04,-0.41
19:35:1:834,3.26,1.07,-0.54
19:35:1:918,3.25,1.06,-0.53
19:35:1:939,3.54,0.95,-0.45
19:35:1:939,3.52,0.80,-0.58
19:35:1:956,3.34,0.83,-0.62
19:35:1:973,3.18,0.94,-0.52
19:35:1:989,3.20,1.05,-0.17
19:35:1:990,3.61,1.11,-0.10
19:35:2:60,4.25,1.15,-0.27
19:35:2:80,4.65,1.14,-0.29
19:35:2:80,4.67,1.04,-0.23
19:35:2:96,5.08,1.19,-0.20
19:35:2:114,5.03,1.27,0.01
19:35:2:131,4.59,1.28,0.06
19:35:2:148,3.85,1.29,0.07
19:35:2:236,3.03,1.21,0.02
19:35:2:255,3.21,1.52,0.18
19:35:2:255,3.68,1.52,0.34
19:35:2:255,3.98,1.23,0.14
19:35:2:287,4.19,1.07,-0.12
19:35:2:304,3.78,0.93,-0.17
19:35:2:321,3.43,0.74,0.08
19:35:2:355,2.98,0.95,0.17
19:35:2:424,2.98,1.09,0.26
19:35:2:442,3.26,1.01,0.37
19:35:2:478,3.38,1.27,0.34
19:35:2:512,3.38,1.78,0.37
19:35:2:512,3.13,2.14,0.51
19:35:2:530,3.00,2.26,0.50
19:35:2:548,3.14,1.97,0.36
19:35:2:617,3.14,1.51,0.18
19:35:2:635,3.20,1.26,0.04
19:35:2:635,3.41,1.11,-0.05
19:35:2:635,3.83,1.12,-0.07
19:35:2:653,4.35,1.24,-0.12
19:35:2:670,4.46,1.36,-0.12
19:35:2:686,4.13,1.33,-0.24
19:35:2:722,4.48,1.29,-0.30
19:35:2:758,4.72,1.29,-0.21
19:35:2:793,4.84,1.44,-0.12
19:35:2:793,4.31,1.51,-0.07
19:35:2:810,3.80,1.27,-0.08
19:35:2:828,3.50,0.99,-0.06
19:35:2:879,3.50,0.80,-0.16
19:35:2:897,3.82,0.89,-0.26
19:35:2:967,4.04,0.86,-0.35
19:35:2:967,4.00,0.90,-0.53
19:35:2:983,3.86,0.89,-0.79
19:35:2:984,3.88,0.85,-0.87
19:35:3:19,3.91,0.78,-0.92
19:35:3:19,3.92,1.05,-0.76
19:35:3:196,3.69,0.66,-0.89
19:35:3:214,3.64,0.55,-1.02
19:35:3:232,3.85,0.67,-0.95
19:35:3:232,3.71,0.67,-0.92
19:35:3:249,3.52,0.78,-0.93
19:35:3:249,3.45,0.87,-0.75
19:35:3:268,3.37,0.72,-0.58
19:35:3:268,3.38,0.61,-0.43
19:35:3:336,3.46,0.73,-0.41
19:35:3:337,4.05,0.90,-0.38
19:35:3:337,4.28,1.06,-0.34
19:35:3:354,4.31,1.19,-0.30
19:35:3:374,3.90,1.33,-0.32
19:35:3:374,3.44,1.28,-0.13
19:35:3:374,3.44,1.21,0.15
19:35:3:407,3.71,1.13,0.23
19:35:3:442,3.86,1.24,0.10
19:35:3:477,3.75,1.34,-0.01
19:35:3:530,3.68,1.32,-0.18
19:35:3:566,3.61,1.15,-0.27
19:35:3:583,3.68,1.06,-0.28
19:35:3:583,3.67,1.10,-0.29
19:35:3:601,3.78,1.21,-0.30
19:35:3:637,3.78,1.23,-0.31
19:35:3:707,3.74,1.15,-0.23
19:35:3:708,3.89,1.10,-0.10
19:35:3:725,3.94,1.02,-0.01
19:35:3:725,3.70,1.02,-0.16
19:35:3:741,3.61,1.13,-0.17
19:35:3:762,3.64,1.32,-0.19
19:35:3:779,3.70,1.41,-0.19
19:35:3:779,3.73,1.41,-0.21
19:35:3:882,3.67,1.34,-0.20
19:35:3:939,3.59,1.37,-0.20
19:35:3:939,3.67,1.34,-0.22
19:35:3:957,3.66,1.30,-0.22
19:35:3:972,3.68,1.29,-0.22
19:35:3:974,3.65,1.34,-0.20
19:35:3:991,3.65,1.42,-0.07
19:35:4:24,3.74,1.49,-0.09
19:35:4:79,3.85,1.38,-0.26
19:35:4:80,3.78,1.24,-0.35
19:35:4:98,3.71,1.16,-0.39
19:35:4:115,3.73,1.10,-0.37
19:35:4:131,3.76,1.06,-0.38
19:35:4:133,3.66,1.08,-0.44
19:35:4:149,3.58,1.10,-0.41
19:35:4:241,3.51,1.12,-0.41
19:35:4:241,3.48,1.19,-0.36
19:35:4:258,3.51,1.25,-0.33
19:35:4:275,3.53,1.36,-0.25
19:35:4:293,3.52,1.41,-0.25
19:35:4:311,3.54,1.40,-0.24
19:35:4:326,3.70,1.42,-0.17
19:35:4:342,4.12,1.48,-0.28
19:35:4:377,4.19,1.37,-0.47
19:35:4:428,4.10,1.27,-0.56
19:35:4:446,3.91,1.13,-0.60
19:35:4:464,4.04,1.09,-0.80
19:35:4:482,4.17,1.04,-0.90
19:35:4:482,4.14,1.14,-0.85
19:35:4:517,3.95,1.00,-0.91
19:35:4:536,3.75,0.96,-1.06
19:35:4:589,3.61,0.97,-1.00
19:35:4:605,3.65,0.99,-0.90
19:35:4:654,3.63,1.00,-0.83
19:35:4:654,3.63,0.88,-0.93
19:35:4:671,3.63,0.78,-0.99
19:35:4:706,3.88,0.80,-1.16
19:35:4:746,4.27,1.06,-1.30
19:35:4:832,3.82,0.96,-1.21
19:35:4:866,3.52,0.97,-1.18
19:35:4:883,3.59,1.17,-0.90
19:35:4:883,3.72,1.25,-0.36
19:35:4:899,4.19,1.26,0.12
19:35:4:955,4.09,1.49,0.31
19:35:4:971,3.60,1.86,0.13
19:35:4:972,3.40,1.73,0.07
19:35:4:972,3.30,1.56,-0.03
19:35:4:972,3.52,1.29,-0.29
19:35:4:990,3.59,1.14,-0.60
19:35:4:990,3.65,1.16,-0.75
19:35:5:8,3.58,1.00,-0.78
19:35:5:63,3.42,1.00,-0.79
19:35:5:81,3.27,1.16,-0.81
19:35:5:98,3.30,1.34,-0.97
19:35:5:133,4.12,1.57,-0.99
19:35:5:133,4.38,1.64,-0.86
19:35:5:151,3.62,1.50,-1.01
19:35:5:203,3.15,1.50,-1.05
19:35:5:203,3.04,1.51,-1.00
19:35:5:221,3.64,1.82,-0.86
19:35:5:255,4.23,1.98,-0.82
19:35:5:308,4.23,1.84,-0.91
19:35:5:325,3.77,1.57,-0.84
19:35:5:325,3.58,1.38,-0.66
19:35:5:342,3.73,1.61,-0.41
19:35:5:359,3.81,1.73,-0.33
19:35:5:393,3.67,1.85,-0.35
19:35:5:427,3.61,1.87,-0.43
19:35:5:495,3.65,1.71,-0.46
19:35:5:497,3.56,1.46,-0.49
19:35:5:497,3.58,1.31,-0.60
19:35:5:514,3.65,1.30,-0.67
19:35:5:566,3.76,1.26,-0.68
19:35:5:566,3.91,1.26,-0.68
19:35:5:583,3.79,1.20,-0.64
19:35:5:601,3.48,1.13,-0.63
19:35:5:668,3.48,1.02,-0.66
19:35:5:668,3.81,0.99,-0.61
19:35:5:685,3.97,0.96,-0.47
19:35:5:703,3.84,0.86,-0.29
19:35:5:737,3.74,1.00,0.02
19:35:5:754,3.68,1.17,0.46
19:35:5:772,3.71,1.40,0.78
19:35:5:841,3.73,1.80,0.85
19:35:5:857,3.59,2.34,0.68
19:35:5:874,3.36,2.35,0.67
19:35:5:874,3.13,2.00,0.26
19:35:5:909,3.30,1.68,-0.00
19:35:5:925,3.38,1.48,-0.19
19:35:5:944,3.45,1.44,-0.24
19:35:6:45,3.44,1.47,-0.34
19:35:6:49,3.76,1.26,-0.44
19:35:6:49,4.66,1.30,-0.05
19:35:6:66,4.63,1.05,0.09
19:35:6:82,3.91,0.52,-0.02
19:35:6:82,3.67,0.26,-0.11
19:35:6:117,3.78,0.19,-0.04
19:35:6:134,3.99,0.51,-0.27
19:35:6:206,3.92,0.90,-0.47
19:35:6:206,3.81,1.18,-0.51
19:35:6:225,3.48,1.31,-0.34
19:35:6:225,3.36,1.12,-0.16
19:35:6:259,3.41,0.98,-0.32
19:35:6:276,3.59,1.35,-0.39
19:35:6:310,3.86,1.61,-0.28
19:35:6:330,4.10,1.41,-0.28
19:35:6:383,3.72,1.24,-0.36
19:35:6:418,3.61,1.33,-0.12
19:35:6:437,3.76,1.19,-0.04
19:35:6:454,3.81,1.15,-0.08
19:35:6:473,3.75,1.22,-0.09
19:35:6:473,3.64,1.29,-0.04
19:35:6:507,3.52,1.35,-0.13
19:35:6:523,3.57,1.37,-0.24
19:35:6:575,3.75,1.30,-0.18
19:35:6:578,3.85,1.38,-0.12
19:35:6:596,3.70,1.52,0.07
19:35:6:613,3.80,1.55,0.07
19:35:6:646,3.67,0.98,-0.11
19:35:6:676,3.74,0.87,0.12
19:35:6:676,3.74,0.72,-0.08
19:35:6:746,3.78,0.71,-0.09
19:35:6:746,3.78,0.90,-0.00
19:35:6:763,3.78,0.72,-0.14
19:35:6:780,3.78,0.74,-0.13
19:35:6:816,3.85,0.92,0.13
19:35:6:833,3.75,1.09,0.20
19:35:6:851,3.71,1.17,-0.02
19:35:6:886,3.66,1.08,-0.15
19:35:6:937,3.69,1.19,-0.09
19:35:6:954,3.74,1.19,0.08
19:35:6:954,3.79,1.33,0.08
19:35:6:972,3.77,1.29,0.07
19:35:7:5,3.68,1.30,0.04
19:35:7:25,3.63,1.25,0.02
19:35:7:97,3.70,1.14,0.01
19:35:7:115,3.77,1.06,0.04
19:35:7:133,3.76,1.24,0.09
19:35:7:150,3.72,1.02,0.01
19:35:7:150,3.74,0.90,0.00
19:35:7:150,3.77,1.00,0.16
19:35:7:223,3.67,1.68,0.33
19:35:7:223,3.72,1.09,0.02
19:35:7:223,3.70,0.97,-0.38
19:35:7:258,3.95,0.86,0.37
19:35:7:292,3.62,1.11,0.15
19:35:7:309,3.61,1.06,-0.08
19:35:7:328,3.75,0.90,-0.34
19:35:7:363,3.86,1.00,0.08
19:35:7:380,3.69,1.28,0.25
19:35:7:398,3.58,1.00,0.02
19:35:7:468,3.65,0.93,-0.11
19:35:7:486,3.77,1.03,-0.33
19:35:7:503,3.88,1.04,-0.33
19:35:7:503,3.82,1.38,0.08
19:35:7:538,3.68,1.42,0.34
19:35:7:556,3.64,1.23,0.28
19:35:7:573,3.72,1.13,0.10
19:35:7:590,3.88,1.32,0.09
19:35:7:646,3.83,1.47,0.11
19:35:7:663,3.68,1.42,-0.01
19:35:7:663,3.77,1.37,-0.08
19:35:7:698,3.78,1.14,-0.14
19:35:7:715,3.79,0.99,-0.02
19:35:7:748,3.70,0.88,-0.01
19:35:7:765,3.67,0.80,-0.02
19:35:7:833,3.77,0.75,-0.09
19:35:7:850,3.77,0.50,-0.09
19:35:7:850,3.62,0.87,0.13
19:35:7:868,3.80,1.33,0.36
19:35:7:885,3.77,1.80,0.51
19:35:7:903,3.54,1.66,0.43
19:35:7:920,3.33,1.65,0.30
19:35:7:938,3.15,1.90,0.31
19:35:8:27,3.12,1.91,0.29
19:35:8:27,3.29,1.60,0.28
19:35:8:27,3.40,1.31,0.25
19:35:8:63,3.50,1.28,0.15
19:35:8:83,3.24,1.55,0.04
19:35:8:100,3.12,1.62,0.07
19:35:8:136,3.17,1.62,0.08
19:35:8:188,3.33,1.81,0.29
19:35:8:206,3.42,2.02,0.30
19:35:8:206,3.55,2.01,0.09
19:35:8:222,3.86,2.11,0.01
19:35:8:241,4.48,2.21,0.18
19:35:8:259,4.43,1.85,0.20
19:35:8:277,4.28,1.68,0.21
19:35:8:312,4.42,1.65,0.12
19:35:8:346,4.20,1.35,-0.18
19:35:8:397,3.88,1.22,-0.22
19:35:8:432,3.47,0.96,-0.18
19:35:8:449,3.38,0.66,-0.20
19:35:8:469,3.56,0.49,-0.12
19:35:8:486,3.67,0.61,-0.48
19:35:8:520,3.86,1.04,-0.83
19:35:8:573,3.99,1.27,-0.96
19:35:8:589,3.95,1.32,-0.80
19:35:8:589,3.65,1.28,-0.62
19:35:8:589,3.34,1.19,-0.36
19:35:8:624,3.29,1.05,-0.23
19:35:8:624,3.40,1.09,-0.25
19:35:8:658,3.52,1.12,-0.20
19:35:8:676,3.64,1.24,-0.32
19:35:8:729,3.67,1.35,-0.27
19:35:8:730,3.61,1.30,-0.20
19:35:8:745,3.59,1.24,-0.14
19:35:8:766,3.66,1.17,-0.08
19:35:8:802,3.75,1.20,-0.12
19:35:8:818,3.88,1.31,-0.14
19:35:8:836,3.95,1.51,-0.31
19:35:8:885,3.81,1.44,-0.51
19:35:8:921,3.91,1.43,-0.68
19:35:8:921,4.43,1.54,-0.70
19:35:8:956,4.38,1.34,-0.61
19:35:8:956,4.42,0.95,-0.45
19:35:8:974,4.22,1.10,-0.20
19:35:9:10,3.63,1.29,-0.02
19:35:9:27,3.43,1.15,0.05
19:35:9:63,3.63,0.58,0.04
19:35:9:81,3.99,0.41,-0.05
19:35:9:114,4.21,0.41,0.03
19:35:9:132,4.14,0.51,0.03
19:35:9:150,3.80,0.54,0.14
19:35:9:169,3.30,0.87,0.29
19:35:9:225,2.88,1.18,0.27
19:35:9:277,2.78,0.72,0.10
19:35:9:277,2.96,0.72,0.05
19:35:9:295,3.18,1.00,-0.06
19:35:9:295,3.36,1.32,-0.16
19:35:9:313,3.22,1.36,-0.21
19:35:9:348,2.99,1.43,-0.18
19:35:9:366,2.98,1.29,0.00
19:35:9:399,3.28,1.45,0.15
19:35:9:416,3.62,1.36,0.18
19:35:9:434,3.92,1.33,0.35
19:35:9:468,4.16,2.02,0.41
19:35:9:487,4.53,2.25,0.12
19:35:9:504,4.77,1.88,-0.05
19:35:9:540,5.18,1.87,0.00
19:35:9:557,4.90,1.97,-0.12
19:35:9:592,4.52,2.11,-0.11
19:35:9:642,3.53,1.67,-0.15
19:35:9:642,2.74,1.45,-0.16
19:35:9:660,3.16,1.18,-0.07
19:35:9:679,3.60,0.52,-0.11
19:35:9:696,3.78,0.72,-0.26
19:35:9:732,4.12,0.89,-0.48
19:35:9:748,3.86,0.90,-0.73
19:35:9:785,3.49,0.72,-0.76
19:35:9:818,3.20,0.89,-0.61
19:35:9:819,3.17,0.95,-0.59
19:35:9:871,3.31,1.03,-0.52
19:35:9:926,3.45,1.08,-0.43
19:35:9:942,3.41,1.02,-0.45
19:35:9:959,3.37,0.90,-0.48
19:35:9:976,3.42,0.83,-0.52
19:35:10:48,3.47,0.99,-0.40
19:35:10:66,3.50,1.14,-0.19
19:35:10:66,3.46,1.27,-0.09
19:35:10:66,3.68,1.37,-0.14
19:35:10:99,4.33,1.53,-0.20
19:35:10:119,5.02,1.55,-0.35
19:35:10:137,5.19,1.51,-0.24
19:35:10:208,4.83,1.33,-0.25
19:35:10:226,4.91,1.27,-0.31
19:35:10:226,4.41,1.15,-0.10
19:35:10:242,3.58,1.14,0.18
19:35:10:243,3.49,1.83,0.20
19:35:10:260,3.73,1.82,-0.03
19:35:10:277,4.14,1.36,-0.02
19:35:10:347,4.10,0.83,0.09
19:35:10:348,3.76,0.33,0.14
19:35:10:365,3.27,-0.28,0.25
19:35:10:365,2.73,-0.39,0.27
19:35:10:437,2.55,0.13,0.23
19:35:10:455,2.64,0.47,0.06
19:35:10:455,2.77,0.69,-0.18
19:35:10:470,3.28,1.03,-0.29
19:35:10:490,3.66,1.00,-0.42
19:35:10:524,3.51,0.99,-0.48
19:35:10:543,3.31,0.89,-0.37
19:35:10:560,3.30,1.09,0.00
19:35:10:613,3.41,1.24,0.16
19:35:10:613,3.74,1.21,0.10
19:35:10:629,4.31,1.19,0.06
19:35:10:700,4.91,1.08,0.26
19:35:10:752,4.81,1.59,0.24
19:35:10:752,4.89,1.86,0.06
19:35:10:771,5.52,2.09,0.13
19:35:10:771,4.63,1.96,0.24
19:35:10:789,3.20,1.65,0.12
19:35:10:805,2.91,1.46,-0.16
19:35:10:826,3.37,1.62,-0.16
19:35:10:896,3.63,1.64,-0.16
19:35:10:897,3.99,1.51,-0.12
19:35:10:915,3.85,1.33,-0.13
19:35:10:966,3.34,1.20,-0.17
19:35:10:967,3.09,0.94,-0.24
19:35:10:967,3.07,0.90,-0.23
19:35:10:985,3.20,0.87,-0.28
19:35:11:19,3.31,0.93,-0.34
19:35:11:72,3.55,1.02,-0.43
19:35:11:72,3.66,1.00,-0.42
19:35:11:89,3.55,0.91,-0.46
19:35:11:108,3.58,0.91,-0.37
19:35:11:141,3.50,0.93,-0.34
19:35:11:158,4.00,0.96,-0.23
19:35:11:191,4.87,0.99,-0.11
19:35:11:224,5.15,0.77,-0.33
19:35:11:242,4.86,0.76,-0.58
19:35:11:259,5.24,1.17,-0.44
19:35:11:276,4.50,1.12,-0.19
19:35:11:311,3.57,0.97,-0.16
19:35:11:328,3.37,1.24,-0.08
19:35:11:362,3.73,1.50,0.24
19:35:11:415,3.73,1.34,0.31
19:35:11:432,3.84,1.10,0.05
19:35:11:432,3.56,0.87,-0.24
19:35:11:450,3.15,0.60,-0.20
19:35:11:467,2.80,0.35,0.09
19:35:11:485,2.51,0.48,0.32
19:35:11:517,2.75,0.71,0.44
19:35:11:553,3.12,0.73,0.68
19:35:11:589,3.34,0.81,0.70
19:35:11:607,3.30,1.42,0.64
19:35:11:625,3.18,2.10,0.68
19:35:11:661,3.18,2.11,0.81
19:35:11:661,3.25,1.67,0.67
19:35:11:679,3.59,1.48,0.51
19:35:11:713,4.31,1.53,0.53
19:35:11:783,4.84,1.63,0.44
19:35:11:800,4.77,1.56,0.28
19:35:11:801,5.25,1.61,0.24
19:35:11:818,4.89,1.46,0.26
19:35:11:836,3.88,1.43,0.31
19:35:11:856,3.54,1.69,0.12
19:35:11:873,3.93,1.69,-0.02
19:35:11:908,4.23,1.69,-0.09
19:35:11:942,4.17,1.45,-0.08
19:35:11:958,3.79,1.22,-0.09
19:35:11:975,3.23,1.25,-0.17
19:35:11:993,2.88,0.93,-0.10
19:35:12:27,2.69,0.96,-0.06
19:35:12:47,2.71,0.98,0.02
19:35:12:68,2.93,1.00,0.07
19:35:12:103,3.20,1.06,0.08
19:35:12:155,3.55,1.12,-0.03
19:35:12:172,3.89,1.06,-0.17
19:35:12:172,3.98,1.04,-0.32
19:35:12:207,3.77,0.94,-0.26
19:35:12:207,3.88,1.01,-0.20
19:35:12:242,4.44,1.13,-0.17
19:35:12:276,4.77,0.88,-0.15
19:35:12:297,4.82,0.73,-0.24
19:35:12:314,5.21,0.98,-0.30
19:35:12:332,4.69,1.08,-0.01
19:35:12:349,3.77,1.10,0.10
19:35:12:382,3.29,1.34,0.08
19:35:12:416,3.35,1.65,0.17
19:35:12:434,3.58,1.47,0.34
19:35:12:452,3.88,1.11,0.03
19:35:12:485,3.79,0.92,-0.13
19:35:12:523,3.19,0.66,-0.14
19:35:12:541,2.72,0.52,-0.05
19:35:12:541,2.58,0.31,0.08
19:35:12:558,2.85,0.88,0.11
19:35:12:595,3.29,0.94,0.20
19:35:12:631,3.57,1.02,0.25
19:35:12:664,3.52,1.30,0.40
19:35:12:685,3.40,1.39,0.38
19:35:12:702,3.48,1.66,0.47
19:35:12:719,3.51,1.43,0.34
19:35:12:737,3.86,1.57,0.34
19:35:12:772,4.60,1.59,0.28
19:35:12:790,4.86,1.59,0.32
19:35:12:808,4.65,1.59,0.34
19:35:12:842,5.03,1.82,0.40
19:35:12:876,4.47,1.79,0.37
19:35:12:876,3.93,1.72,0.14
19:35:12:894,3.82,1.67,-0.16
19:35:12:929,4.12,1.68,-0.22
19:35:12:982,4.20,1.47,-0.22
19:35:13:0,4.04,1.30,-0.29
19:35:13:19,3.58,1.14,-0.27
19:35:13:54,3.14,0.97,-0.22
19:35:13:54,2.94,0.89,-0.28
19:35:13:88,2.96,0.91,-0.28
19:35:13:106,3.22,1.11,-0.27
19:35:13:123,3.52,1.18,-0.28
19:35:13:141,3.58,1.10,-0.33
19:35:13:158,3.53,0.97,-0.44
19:35:13:231,3.54,0.88,-0.44
19:35:13:248,3.61,0.87,-0.49
19:35:13:248,3.56,0.94,-0.37
19:35:13:264,3.79,1.05,-0.24
19:35:13:300,4.36,1.19,-0.04
19:35:13:317,4.66,1.08,-0.13
19:35:13:334,4.68,0.88,-0.33
19:35:13:404,5.20,1.07,-0.46
19:35:13:456,4.59,0.94,-0.07
19:35:13:475,3.36,0.68,-0.04
19:35:13:475,3.51,0.90,-0.18
19:35:13:492,4.32,1.22,-0.10
19:35:13:492,4.64,1.19,0.15
19:35:13:510,4.52,1.00,0.20
19:35:13:529,3.64,0.77,-0.00
19:35:13:599,2.91,0.64,0.02
19:35:13:636,2.44,0.71,0.14
19:35:13:636,2.32,0.86,0.25
19:35:13:652,2.55,1.01,0.21
19:35:13:669,2.98,1.10,0.12
19:35:13:669,3.49,1.16,0.07
19:35:13:687,3.69,1.17,0.01
19:35:13:775,3.65,1.36,0.17
19:35:13:775,3.52,1.32,0.31
19:35:13:793,3.41,1.35,0.28
19:35:13:796,3.78,1.47,0.20
19:35:13:813,4.57,1.72,0.30
19:35:13:830,4.98,1.85,0.39
19:35:13:865,4.56,1.65,0.26
19:35:13:900,4.96,1.82,0.13
19:35:13:954,4.56,1.83,0.29
19:35:13:954,3.77,1.75,0.21
19:35:13:954,3.60,1.81,0.05
19:35:13:971,4.08,1.84,-0.04
19:35:14:23,4.55,1.65,-0.08
19:35:14:41,4.58,1.34,-0.27
19:35:14:57,4.18,1.23,-0.30
19:35:14:128,3.49,1.04,-0.30
19:35:14:145,3.27,1.03,-0.26
19:35:14:145,3.16,0.94,-0.33
19:35:14:163,3.09,1.00,-0.36
19:35:14:180,3.19,1.04,-0.29
19:35:14:198,3.40,0.99,-0.30
19:35:14:216,3.47,0.94,-0.41
19:35:14:251,3.41,0.86,-0.49
19:35:14:319,3.42,0.87,-0.47
19:35:14:319,3.53,0.88,-0.35
19:35:14:337,3.64,0.89,-0.31
19:35:14:358,4.14,1.14,-0.34
19:35:14:358,4.59,1.25,-0.33
19:35:14:375,4.61,1.01,-0.32
19:35:14:408,4.79,1.05,-0.39
19:35:14:497,5.03,1.14,-0.28
19:35:14:497,4.21,0.98,-0.24
19:35:14:497,3.55,0.85,-0.13
19:35:14:515,3.63,1.13,0.10
19:35:14:533,3.99,1.22,0.36
19:35:14:550,4.05,0.94,0.22
19:35:14:567,4.37,0.87,-0.00
19:35:14:601,4.05,0.75,-0.05
19:35:14:637,3.38,0.59,0.11
19:35:14:654,2.90,0.56,0.21
19:35:14:672,2.73,0.73,0.23
19:35:14:705,2.78,0.86,0.21
19:35:14:741,3.04,1.10,0.18
19:35:14:758,3.37,1.18,0.10
19:35:14:776,3.44,1.22,0.12
19:35:14:862,3.29,1.16,0.20
19:35:14:863,3.20,1.20,0.27
19:35:14:863,3.27,1.30,0.22
19:35:14:880,3.54,1.26,0.28
19:35:14:897,3.99,1.38,0.29
19:35:14:915,4.51,1.46,0.29
19:35:14:934,4.29,1.26,0.17
19:35:15:54,4.04,1.21,0.03
19:35:15:54,4.87,1.42,0.05
19:35:15:89,5.24,1.47,0.12
19:35:15:108,4.41,1.23,0.02
19:35:15:125,3.98,1.17,-0.01
19:35:15:144,4.05,1.19,-0.18
19:35:15:145,4.23,1.06,-0.26
19:35:15:180,4.41,1.02,-0.27
19:35:15:229,4.36,0.77,-0.44
19:35:15:246,3.81,0.63,-0.54
19:35:15:264,3.35,0.60,-0.50
19:35:15:264,3.12,0.48,-0.39
19:35:15:282,3.30,0.37,-0.41
19:35:15:299,3.32,0.52,-0.49
19:35:15:336,3.47,0.55,-0.49
19:35:15:407,3.46,0.49,-0.54
19:35:15:407,3.46,0.50,-0.58
19:35:15:442,3.52,0.68,-0.44
19:35:15:459,3.45,0.82,-0.33
19:35:15:459,3.44,0.86,-0.32
19:35:15:476,3.59,0.80,-0.30
19:35:15:495,3.92,1.04,-0.30
19:35:15:515,4.51,1.06,-0.31
19:35:15:533,4.48,1.00,-0.49
19:35:15:567,4.04,0.98,-0.50
19:35:15:583,3.66,1.04,-0.33
19:35:15:583,3.93,1.30,-0.20
19:35:15:616,4.28,1.35,-0.22
19:35:15:633,4.44,1.29,-0.29
19:35:15:668,4.62,1.19,-0.42
19:35:15:684,4.26,0.94,-0.48
19:35:15:723,3.56,0.86,-0.42
19:35:15:776,3.22,1.06,-0.12
19:35:15:776,3.34,1.25,0.13
19:35:15:793,3.75,1.26,0.19
19:35:15:811,4.30,0.98,0.10
19:35:15:828,4.55,0.47,0.25
19:35:15:878,4.28,-0.05,0.55
19:35:15:948,3.82,0.17,0.66
19:35:15:966,3.41,0.62,0.43
19:35:15:997,3.35,0.83,0.16
19:35:16:22,3.51,0.89,-0.08
19:35:16:151,3.54,0.76,-0.28
19:35:16:205,3.45,0.75,-0.34
19:35:16:205,3.34,0.98,-0.26
19:35:16:222,3.56,1.02,-0.17
19:35:16:313,4.01,1.05,0.08
19:35:16:313,3.71,1.29,0.06
19:35:16:332,3.66,1.43,-0.04
19:35:16:332,3.59,1.21,0.03
19:35:16:349,3.73,1.13,0.24
19:35:16:365,3.90,1.09,0.38
19:35:16:367,3.91,1.16,0.21
19:35:16:384,3.79,1.21,0.09
19:35:16:402,3.63,1.16,-0.09
19:35:16:402,3.55,1.13,-0.16
19:35:16:438,3.62,1.18,-0.17
19:35:16:474,3.79,1.26,-0.18
19:35:16:489,3.82,1.28,-0.22
19:35:16:489,3.71,1.36,-0.23
19:35:16:506,3.55,1.43,-0.40
19:35:16:507,3.52,1.55,-0.49
19:35:16:507,3.63,1.60,-0.46
19:35:16:541,3.62,1.55,-0.45
19:35:16:558,3.62,1.57,-0.55
19:35:16:575,3.81,1.63,-0.57
19:35:16:575,3.94,1.57,-0.57
19:35:16:594,3.97,1.33,-0.65
19:35:16:663,3.90,1.15,-0.84
19:35:16:698,3.64,0.94,-0.94
19:35:16:698,3.49,0.90,-0.84
19:35:16:715,3.61,1.08,-0.79
19:35:16:733,3.75,1.20,-0.82
19:35:16:733,3.94,1.26,-0.82
19:35:16:733,4.09,1.31,-0.78
19:35:16:767,3.96,1.25,-0.72
19:35:16:836,3.68,1.24,-0.58
19:35:16:856,3.37,1.16,-0.40
19:35:16:873,3.35,1.26,-0.17
19:35:16:891,3.41,1.35,-0.06
19:35:16:891,3.97,1.52,-0.11
19:35:16:910,4.75,1.80,-0.02
19:35:16:944,4.02,1.47,0.01
19:35:16:979,3.28,1.17,-0.07
19:35:16:996,3.14,1.10,0.11
19:35:17:15,3.46,1.19,0.41
19:35:17:32,3.95,1.70,0.49
19:35:17:50,3.87,1.91,-0.00
19:35:17:66,3.53,1.69,-0.29
19:35:17:117,3.44,1.46,-0.25
19:35:17:118,3.47,1.26,-0.15
19:35:17:208,3.57,1.34,-0.16
19:35:17:226,3.50,1.50,-0.22
19:35:17:226,3.42,1.62,-0.36
19:35:17:244,3.35,1.57,-0.63
19:35:17:244,3.22,1.42,-0.70
19:35:17:261,3.29,1.24,-0.84
19:35:17:311,3.61,1.28,-0.99
19:35:17:345,4.21,1.35,-1.19
19:35:17:362,4.07,1.23,-1.12
19:35:17:378,3.84,1.21,-1.21
19:35:17:394,3.57,1.07,-1.27
19:35:17:394,3.52,0.97,-1.37
19:35:17:429,3.78,0.98,-1.60
19:35:17:464,4.04,1.04,-1.75
19:35:17:481,4.21,0.96,-1.80
19:35:17:514,3.89,0.82,-1.74
19:35:17:566,3.76,0.71,-1.79
19:35:17:584,3.79,0.67,-1.82
19:35:17:602,3.79,0.84,-1.61
19:35:17:621,3.90,0.91,-1.47
19:35:17:638,3.79,1.04,-1.37
19:35:17:656,3.78,1.19,-1.19
19:35:17:673,3.95,1.14,-1.08
19:35:17:726,3.92,0.83,-0.95
19:35:17:775,4.20,-0.04,-0.25
19:35:17:792,4.52,-1.11,0.30
19:35:17:812,4.07,-0.01,0.15
19:35:17:847,3.87,0.41,-0.26
19:35:17:847,3.63,0.73,-0.46
19:35:17:847,3.60,0.77,-0.50
19:35:17:882,3.90,0.91,-0.53
19:35:17:932,4.59,1.10,-0.38
19:35:17:932,4.47,1.14,-0.39
19:35:17:932,3.80,0.88,-0.40
19:35:17:949,3.50,0.61,-0.43
19:35:17:987,3.40,0.51,-0.23
19:35:18:4,3.74,0.47,-0.03
19:35:18:22,3.83,0.41,-0.09
19:35:18:91,3.82,0.34,-0.12
19:35:18:91,3.66,0.46,-0.09
19:35:18:91,3.48,0.70,-0.09
19:35:18:127,3.37,1.01,-0.09
19:35:18:161,3.05,1.07,-0.00
19:35:18:179,3.12,0.99,0.08
19:35:18:196,4.53,0.98,0.22
19:35:18:232,4.89,0.89,0.33
19:35:18:319,4.02,0.66,0.03
19:35:18:319,3.33,0.61,-0.21
19:35:18:371,3.34,0.63,-0.19
19:35:18:392,3.68,0.58,-0.22
19:35:18:409,4.14,0.84,-0.26
19:35:18:462,4.18,0.83,-0.22
19:35:18:479,4.00,0.81,-0.18
19:35:18:516,3.89,0.75,-0.12
19:35:18:516,3.88,0.73,-0.02
19:35:18:516,3.89,0.78,0.10
19:35:18:549,3.92,0.72,0.01
19:35:18:549,3.81,0.75,-0.04
19:35:18:621,3.63,0.86,-0.10
19:35:18:638,3.47,0.93,-0.04
19:35:18:657,3.42,0.89,-0.04
19:35:18:657,3.61,0.79,-0.04
19:35:18:657,4.01,0.69,-0.06
19:35:18:690,4.22,0.87,-0.10
19:35:18:693,4.12,0.92,-0.20
19:35:18:711,3.76,0.98,-0.18
19:35:18:728,3.57,0.96,-0.11
19:35:18:864,3.61,0.96,-0.08
19:35:18:881,3.78,0.93,-0.03
19:35:18:881,3.82,0.95,0.02
19:35:18:914,3.78,1.01,0.04
19:35:18:982,3.75,1.02,0.02
19:35:19:33,3.67,1.09,0.05
19:35:19:88,3.70,1.15,0.06
19:35:19:89,3.75,1.19,-0.03
19:35:19:106,3.80,1.14,-0.12
19:35:19:106,3.77,1.13,-0.17
19:35:19:159,3.79,1.06,-0.15
19:35:19:250,3.78,1.10,-0.25
19:35:19:250,3.77,0.99,-0.28
19:35:19:250,3.73,1.00,-0.25
19:35:19:285,3.57,1.07,-0.25
19:35:19:285,3.39,1.13,-0.21
19:35:19:336,3.66,1.20,-0.16
19:35:19:371,3.85,1.22,-0.18
19:35:19:388,3.84,1.09,-0.19
19:35:19:389,3.85,1.10,-0.26
19:35:19:389,3.84,1.17,-0.31
19:35:19:423,3.74,1.13,-0.29
19:35:19:441,3.73,1.22,-0.27
19:35:19:476,3.66,1.25,-0.30
19:35:19:562,3.60,1.37,-0.22
19:35:19:579,3.51,1.40,-0.05
19:35:19:595,3.54,1.38,0.13
19:35:19:610,3.68,1.51,0.18
19:35:19:612,3.72,1.60,0.08
19:35:19:679,3.71,1.56,0.06
19:35:19:714,3.64,1.65,0.01
19:35:19:731,3.81,1.66,-0.08
19:35:19:750,3.94,1.73,-0.23
19:35:19:750,4.02,1.61,-0.29
19:35:19:767,4.00,1.37,-0.44
19:35:19:767,4.23,1.27,-0.61
19:35:19:784,4.56,1.16,-0.53
19:35:19:801,4.65,0.96,-0.62
19:35:19:803,4.63,0.86,-0.56
19:35:19:803,3.79,0.71,-0.39
19:35:19:838,3.27,0.83,-0.12
19:35:19:857,3.24,0.67,0.07
19:35:19:892,3.50,0.37,0.04
19:35:19:892,4.12,0.12,0.03
19:35:19:909,4.38,0.11,-0.06
19:35:19:909,4.29,0.10,-0.14
19:35:19:927,4.04,0.28,-0.00
19:35:19:944,3.72,0.39,0.14
19:35:19:961,3.36,0.83,0.13
19:35:19:961,3.17,1.01,0.02
19:35:19:961,3.22,1.07,-0.06
19:35:19:979,3.33,1.06,0.02
19:35:19:998,3.36,1.04,-0.01
19:35:20:16,3.35,1.06,-0.12
19:35:20:70,3.32,1.09,-0.10
19:35:20:70,3.15,1.18,-0.01
19:35:20:89,3.20,1.01,0.05
19:35:20:141,3.60,0.92,0.18
19:35:20:157,4.23,1.15,0.21
19:35:20:159,4.24,1.69,0.03
19:35:20:176,3.95,1.69,-0.13
19:35:20:246,4.50,1.55,0.07
19:35:20:297,4.54,1.58,0.26
19:35:20:313,4.09,1.66,0.20
19:35:20:313,3.74,1.48,0.27
19:35:20:331,3.43,1.06,0.44
19:35:20:347,3.49,0.89,0.27
19:35:20:349,3.50,1.06,-0.03
19:35:20:401,3.81,1.14,-0.29
19:35:20:436,3.88,1.09,-0.40
19:35:20:436,3.88,1.00,-0.50
19:35:20:436,3.75,1.10,-0.51
19:35:20:471,3.43,1.01,-0.43
19:35:20:488,3.24,1.03,-0.39
19:35:20:523,3.25,1.03,-0.36
19:35:20:558,3.36,1.11,-0.33
19:35:20:610,3.53,1.25,-0.32
19:35:20:610,3.61,1.27,-0.28
19:35:20:627,3.58,1.22,-0.28
19:35:20:627,3.64,1.17,-0.28
19:35:20:697,3.69,1.15,-0.20
19:35:20:697,3.70,1.18,-0.13
19:35:20:714,3.84,1.25,-0.12
19:35:20:733,4.33,1.26,-0.15
19:35:20:768,4.76,1.18,-0.24
19:35:20:786,4.71,1.04,-0.40
19:35:20:820,4.96,1.03,-0.54
19:35:20:840,5.16,1.07,-0.29
19:35:20:858,4.58,0.94,-0.07
19:35:20:874,3.40,0.74,-0.11
19:35:20:911,2.82,0.67,-0.08
19:35:20:946,3.12,0.80,0.10
19:35:20:963,3.70,0.64,0.11
19:35:20:998,4.05,0.23,-0.08
19:35:21:16,4.14,0.02,-0.05
19:35:21:16,3.57,0.08,-0.03
19:35:21:34,3.05,0.30,0.18
19:35:21:86,2.83,0.50,0.29
19:35:21:86,2.93,0.90,0.17
19:35:21:137,3.28,1.26,0.08
19:35:21:171,3.40,1.28,-0.03
19:35:21:172,3.31,1.17,0.02
19:35:21:190,3.33,0.99,-0.01
19:35:21:208,3.37,0.99,0.02
19:35:21:278,3.34,1.04,-0.00
19:35:21:314,3.29,0.94,-0.02
19:35:21:331,3.54,1.06,0.02
19:35:21:331,3.96,1.11,0.08
19:35:21:366,4.49,1.18,0.09
19:35:21:366,4.97,1.26,0.09
19:35:21:384,5.02,1.30,-0.04
19:35:21:402,5.36,1.52,-0.05
19:35:21:437,5.19,1.54,0.19
19:35:21:455,4.38,1.45,0.22
19:35:21:488,3.18,1.33,0.14
19:35:21:524,2.75,1.17,-0.05
19:35:21:543,3.19,1.10,-0.05
19:35:21:561,3.83,1.15,0.07
19:35:21:579,4.23,1.28,0.06
19:35:21:595,4.31,1.23,-0.13
19:35:21:717,3.85,1.07,-0.33
19:35:21:717,3.32,0.88,-0.44
19:35:21:717,2.96,0.71,-0.40
19:35:21:737,3.00,0.77,-0.25
19:35:21:754,3.04,0.92,-0.20
19:35:21:754,3.18,1.06,-0.28
19:35:21:772,3.40,1.04,-0.32
19:35:21:789,3.54,0.96,-0.36
19:35:21:842,3.49,0.89,-0.27
19:35:21:859,3.53,0.76,-0.27
19:35:21:912,3.58,0.82,-0.24
19:35:21:929,4.35,1.00,-0.22
19:35:21:946,5.29,0.96,-0.34
19:35:21:947,5.32,0.65,-0.66
19:35:21:964,5.08,0.78,-0.70
19:35:21:981,5.53,0.94,-0.25
19:35:22:50,4.43,0.46,-0.30
19:35:22:50,3.39,0.37,-0.43
19:35:22:84,3.03,0.69,-0.24
19:35:22:102,3.60,0.71,-0.04
19:35:22:119,4.07,0.37,-0.10
19:35:22:120,4.21,0.23,-0.21
19:35:22:207,3.86,0.17,-0.19
19:35:22:224,3.18,0.25,-0.17
19:35:22:242,2.75,0.51,0.10
19:35:22:242,2.67,0.80,0.30
19:35:22:259,2.91,0.93,0.14
19:35:22:261,3.39,0.87,0.02
19:35:22:349,3.73,0.77,-0.03
19:35:22:350,3.74,0.80,0.14
19:35:22:350,3.64,0.80,0.36
19:35:22:402,3.51,0.94,0.44
19:35:22:420,3.52,1.21,0.54
19:35:22:440,3.58,1.21,0.41
19:35:22:440,4.02,1.26,0.30
19:35:22:457,4.66,1.37,0.31
19:35:22:474,4.88,1.48,0.29
19:35:22:509,4.68,1.50,0.14
19:35:22:527,5.39,1.74,0.21
19:35:22:592,5.06,1.60,0.52
19:35:22:608,3.48,1.27,0.40
19:35:22:608,2.92,1.21,0.05
19:35:22:608,3.46,1.20,-0.00
19:35:22:671,4.21,1.15,-0.06
19:35:22:671,4.75,1.13,-0.21
19:35:22:741,4.63,0.94,-0.39
19:35:22:758,3.96,0.94,-0.38
19:35:22:776,3.50,0.73,-0.49
19:35:22:776,3.11,0.71,-0.55
19:35:22:795,3.04,0.99,-0.39
19:35:22:863,3.17,1.31,-0.32
19:35:22:863,3.42,1.40,-0.29
19:35:22:880,3.59,1.14,-0.36
19:35:22:880,3.68,0.96,-0.46
19:35:22:949,3.78,0.81,-0.44
19:35:22:949,3.96,0.70,-0.30
19:35:22:967,3.83,0.61,-0.24
19:35:22:984,3.92,0.73,-0.16
19:35:23:20,4.39,0.73,-0.20
19:35:23:37,4.36,0.72,-0.14
19:35:23:55,4.02,0.71,-0.25
19:35:23:128,4.47,0.96,-0.30
19:35:23:128,4.29,1.14,-0.17
19:35:23:128,3.56,0.97,-0.04
19:35:23:162,3.63,1.18,-0.12
19:35:23:180,4.02,1.54,0.01
19:35:23:198,4.38,1.59,0.29
19:35:23:251,4.34,1.43,0.23
19:35:23:305,4.05,1.23,0.06
19:35:23:326,3.34,0.87,-0.01
19:35:23:343,2.88,0.87,0.08
19:35:23:343,2.64,0.79,0.17
19:35:23:362,2.89,1.13,0.25
19:35:23:378,3.13,1.21,0.23
19:35:23:380,3.48,1.22,0.19
19:35:23:415,3.53,1.22,0.13
19:35:23:433,3.60,1.23,0.23
19:35:23:468,3.53,1.15,0.39
19:35:23:523,3.49,1.19,0.38
19:35:23:539,3.47,1.33,0.48
19:35:23:540,4.07,1.46,0.49
19:35:23:557,4.91,1.53,0.49
19:35:23:574,5.08,1.35,0.38
19:35:23:607,4.82,1.32,0.19
19:35:23:660,5.46,1.75,0.43
19:35:23:677,4.85,1.75,0.58
19:35:23:677,3.70,1.47,0.27
19:35:23:696,3.41,1.37,-0.11
19:35:23:713,3.78,1.37,-0.16
19:35:23:764,4.26,1.31,-0.08
19:35:23:781,4.30,1.14,-0.20
19:35:23:850,3.91,1.11,-0.27
19:35:23:867,3.33,1.10,-0.34
19:35:23:934,3.06,1.04,-0.34
19:35:23:951,2.94,1.21,-0.28
19:35:23:967,3.01,1.05,-0.25
19:35:23:969,3.00,1.00,-0.35
19:35:23:969,3.04,1.00,-0.37
19:35:24:73,3.26,1.00,-0.39
19:35:24:77,3.58,1.02,-0.29
19:35:24:77,3.73,0.96,-0.35
19:35:24:95,3.74,0.91,-0.34
19:35:24:112,3.90,0.86,-0.31
19:35:24:112,4.51,0.91,-0.31
19:35:24:130,4.99,0.57,-0.31
19:35:24:147,4.81,0.49,-0.49
19:35:24:147,5.61,0.75,-0.55
19:35:24:201,5.55,0.73,-0.47
19:35:24:219,4.12,0.33,-0.39
19:35:24:235,3.54,0.61,-0.13
19:35:24:252,3.62,1.03,0.13
19:35:24:269,3.82,0.92,0.34
19:35:24:394,4.17,0.99,0.12
19:35:24:411,4.03,0.79,-0.15
19:35:24:428,3.38,0.43,-0.26
19:35:24:446,2.85,0.16,-0.07
19:35:24:446,2.71,0.44,0.17
19:35:24:463,2.91,0.99,0.16
19:35:24:463,3.25,1.26,0.03
19:35:24:481,3.58,1.27,0.05
19:35:24:516,3.65,1.12,0.16
19:35:24:516,3.47,1.05,0.25
19:35:24:568,3.39,1.24,0.28
19:35:24:587,3.53,1.36,0.33
19:35:24:587,3.67,1.55,0.43
19:35:24:604,4.16,1.56,0.51
19:35:24:640,4.68,1.55,0.49
19:35:24:661,4.79,1.51,0.49
19:35:24:694,4.41,1.48,0.22
19:35:24:748,5.10,1.77,0.32
19:35:24:801,4.86,1.80,0.45
19:35:24:818,3.89,1.58,0.28
19:35:24:835,3.76,1.50,-0.04
19:35:24:835,4.14,1.49,-0.15
19:35:24:852,4.53,1.39,-0.19
19:35:24:872,4.55,1.26,-0.33
19:35:24:872,4.14,1.06,-0.39
19:35:24:942,3.50,1.00,-0.35
19:35:24:959,3.30,1.03,-0.30
19:35:24:959,3.12,1.10,-0.35
19:35:24:959,3.19,1.18,-0.35
19:35:24:994,3.33,1.08,-0.41
19:35:25:28,3.42,0.93,-0.46
19:35:25:166,3.47,0.86,-0.49
19:35:25:184,3.55,0.87,-0.41
19:35:25:201,3.70,0.88,-0.31
19:35:25:221,3.83,0.84,-0.37
19:35:25:221,3.73,0.72,-0.44
19:35:25:255,4.24,0.76,-0.41
19:35:25:290,4.63,0.84,-0.28
19:35:25:290,4.46,0.70,-0.31
19:35:25:307,5.00,0.92,-0.44
19:35:25:328,5.27,1.11,-0.31
19:35:25:360,4.17,0.97,-0.22
19:35:25:362,3.27,0.90,-0.20
19:35:25:362,3.60,1.23,-0.07
19:35:25:379,3.94,1.34,0.20
19:35:25:379,4.18,1.40,0.26
19:35:25:397,3.99,1.05,0.03
19:35:25:521,3.55,0.75,-0.07
19:35:25:539,3.06,0.73,-0.07
19:35:25:539,2.92,0.83,0.02
19:35:25:592,3.04,0.96,0.04
19:35:25:592,3.26,1.07,0.04
19:35:25:628,3.54,1.15,0.11
19:35:25:646,3.65,1.32,0.08
19:35:25:679,3.66,1.31,0.07
19:35:25:697,3.52,1.22,0.12
19:35:25:715,3.42,1.28,0.31
19:35:25:715,3.32,1.42,0.39
19:35:25:731,3.40,1.51,0.43
19:35:25:732,4.00,1.67,0.46
19:35:25:732,4.50,1.71,0.54
19:35:25:750,4.20,1.48,0.33
19:35:25:802,4.61,1.59,0.22
19:35:25:837,5.16,1.78,0.38
19:35:25:837,4.94,1.74,0.43
19:35:25:890,4.02,1.45,0.22
19:35:25:909,3.42,1.31,-0.03
19:35:25:926,3.69,1.25,-0.13
19:35:25:943,4.35,1.11,-0.24
19:35:25:993,4.72,1.01,-0.28
19:35:26:29,4.40,1.09,-0.34
19:35:26:29,3.83,1.25,-0.27
19:35:26:46,3.64,1.05,-0.34
19:35:26:84,3.25,0.98,-0.51
19:35:26:84,3.18,1.03,-0.45
19:35:26:84,3.36,1.07,-0.32
19:35:26:118,3.42,0.97,-0.39
19:35:26:154,3.33,0.88,-0.51
19:35:26:204,3.25,0.88,-0.49
19:35:26:204,3.45,0.93,-0.34
19:35:26:239,3.59,0.91,-0.34
19:35:26:256,3.45,0.86,-0.42
19:35:26:256,3.60,0.93,-0.41
19:35:26:293,4.23,1.04,-0.30
19:35:26:345,4.60,1.10,-0.29
19:35:26:365,4.30,1.00,-0.34
19:35:26:365,4.46,1.18,-0.27
19:35:26:382,4.71,1.27,-0.11
19:35:26:417,4.08,1.13,-0.04
19:35:26:433,3.77,1.18,-0.07
19:35:26:470,3.30,1.16,-0.05
19:35:26:488,3.60,1.26,-0.02
19:35:26:540,4.21,1.37,0.07
19:35:26:559,4.39,1.41,0.14
19:35:26:577,4.16,1.26,0.04
19:35:26:627,3.62,1.19,0.10
19:35:26:627,3.09,1.12,0.09
19:35:26:644,2.90,1.22,0.12
19:35:26:645,3.11,1.25,0.27
19:35:26:679,3.27,1.34,0.21
19:35:26:730,3.37,1.33,0.20
19:35:26:748,3.46,1.09,0.28
19:35:26:766,3.47,1.16,0.39
19:35:26:766,3.43,1.46,0.54
19:35:26:801,3.29,1.97,0.56
19:35:26:819,3.17,1.91,0.44
19:35:26:837,3.04,1.46,0.27
19:35:26:872,3.33,1.36,0.17
19:35:26:907,4.02,1.33,0.17
19:35:26:925,4.44,1.39,0.10
19:35:26:977,4.06,1.35,-0.03
19:35:26:977,3.55,1.02,-0.12
19:35:26:995,3.76,0.98,-0.22
19:35:27:13,4.66,1.27,-0.37
19:35:27:116,5.41,1.33,-0.39
19:35:27:134,5.28,1.44,-0.24
19:35:27:151,4.54,1.23,-0.27
19:35:27:167,3.76,0.92,-0.22
19:35:27:187,3.22,0.64,-0.03
19:35:27:206,3.13,0.32,0.16
19:35:27:258,3.43,0.18,0.14
19:35:27:276,3.78,0.42,-0.30
19:35:27:296,4.13,0.92,-0.61
19:35:27:296,4.21,1.21,-0.75
19:35:27:313,4.19,1.30,-0.78
19:35:27:333,3.93,1.01,-0.74
19:35:27:350,3.71,0.78,-0.78
19:35:27:367,3.59,0.83,-0.79
19:35:27:455,3.62,0.92,-0.71
19:35:27:455,3.58,0.96,-0.73
19:35:27:472,3.49,0.93,-0.66
19:35:27:507,3.36,0.92,-0.58
19:35:27:507,3.30,0.88,-0.49
19:35:27:524,3.45,0.73,-0.25
19:35:27:560,3.91,0.64,-0.22
19:35:27:560,4.85,0.86,-0.38
19:35:27:630,4.44,0.87,-0.53
19:35:27:665,3.76,0.84,-0.60
19:35:27:665,3.46,0.79,-0.43
19:35:27:683,3.41,0.94,-0.20
19:35:27:700,3.63,1.09,-0.18
19:35:27:734,3.84,1.22,-0.22
19:35:27:804,3.95,1.40,-0.45
19:35:27:823,3.96,1.26,-0.63
19:35:27:861,3.84,1.04,-0.66
19:35:27:861,3.81,0.76,-0.60
19:35:27:878,3.78,0.56,-0.65
19:35:27:913,3.77,0.56,-0.60
19:35:27:931,3.86,0.68,-0.48
19:35:27:968,3.93,0.75,-0.53
19:35:27:986,3.94,0.87,-0.58
19:35:28:3,4.02,0.99,-0.67
19:35:28:39,4.06,1.04,-0.69
19:35:28:57,3.96,1.02,-0.73
19:35:28:57,3.85,1.08,-0.65
19:35:28:94,3.85,1.16,-0.62
19:35:28:164,3.78,1.06,-0.74
19:35:28:181,3.64,0.93,-0.77
19:35:28:182,3.55,0.87,-0.80
19:35:28:182,3.59,0.88,-0.84
19:35:28:200,4.02,1.05,-1.01
19:35:28:217,4.50,1.20,-1.02
19:35:28:217,4.02,1.08,-0.92
19:35:28:235,3.51,1.00,-0.79
19:35:28:235,3.28,0.94,-0.60
19:35:28:270,3.56,0.73,-0.17
19:35:28:272,3.92,1.00,0.27
19:35:28:340,3.90,1.83,0.10
19:35:28:340,3.60,1.85,-0.26
19:35:28:358,3.38,1.67,-0.30
19:35:28:358,3.24,1.33,-0.23
19:35:28:414,3.43,1.05,-0.31
19:35:28:414,3.59,1.02,-0.35
19:35:28:468,3.65,1.05,-0.51
19:35:28:505,3.60,0.96,-0.59
19:35:28:541,3.37,0.99,-0.59
19:35:28:541,3.29,1.02,-0.67
19:35:28:558,4.09,1.17,-0.71
19:35:28:576,4.44,1.29,-0.67
19:35:28:592,3.49,1.06,-0.80
19:35:28:611,3.12,1.13,-0.85
19:35:28:699,3.58,1.15,-0.95
19:35:28:718,4.21,1.28,-1.00
19:35:28:719,4.56,1.37,-1.03
19:35:28:719,4.19,1.28,-1.11
19:35:28:755,3.84,1.32,-1.08
19:35:28:755,3.61,1.50,-0.90
19:35:28:771,3.49,1.74,-0.67
19:35:28:807,3.50,1.85,-0.60
19:35:28:842,3.50,1.88,-0.67
19:35:28:861,3.71,1.54,-0.82
19:35:28:912,3.76,1.34,-0.70
19:35:28:914,3.76,1.32,-0.62
19:35:28:914,3.95,1.36,-0.56
19:35:28:931,3.97,1.17,-0.56
19:35:28:986,3.84,0.97,-0.57
19:35:29:4,3.75,0.96,-0.56
19:35:29:55,3.79,1.00,-0.46
19:35:29:76,3.79,0.96,-0.31
19:35:29:93,3.82,0.84,-0.28
19:35:29:93,3.86,0.77,-0.17
19:35:29:112,3.81,0.85,-0.02
19:35:29:130,3.63,1.08,0.19
19:35:29:164,3.48,1.44,0.25
19:35:29:200,3.35,1.92,0.29
19:35:29:217,3.33,2.12,0.15
19:35:29:253,3.38,1.93,0.10
19:35:29:270,3.48,1.59,0.06
19:35:29:270,3.52,1.45,0.04
19:35:29:307,3.47,1.58,-0.08
19:35:29:345,3.29,1.52,-0.03
19:35:29:345,3.26,1.44,0.04
19:35:29:365,3.50,1.43,-0.09
19:35:29:452,4.53,1.34,0.01
19:35:29:452,4.38,1.17,0.02
19:35:29:468,3.71,1.03,-0.27
19:35:29:472,3.49,1.13,-0.32
19:35:29:525,3.56,1.00,-0.19
19:35:29:542,3.92,1.17,-0.04
19:35:29:542,4.06,1.22,0.01
19:35:29:579,4.02,1.19,0.02
19:35:29:649,3.82,0.89,0.04
19:35:29:667,3.67,0.92,-0.19
19:35:29:667,3.96,1.18,-0.22
19:35:29:685,3.91,1.31,-0.26
19:35:29:702,3.69,1.21,-0.28
19:35:29:721,3.54,1.05,-0.17
19:35:29:739,3.66,1.15,-0.10
19:35:29:791,3.85,1.13,-0.12
19:35:29:808,3.91,1.07,-0.08
19:35:29:809,3.82,0.97,-0.06
19:35:29:829,3.78,0.89,-0.11
19:35:29:847,3.81,0.85,-0.11
19:35:29:881,3.81,0.81,-0.02
19:35:29:935,3.74,0.87,-0.03
19:35:30:24,3.67,1.01,-0.11
19:35:30:24,3.68,1.14,-0.15
19:35:30:42,3.75,1.17,-0.11
19:35:30:61,3.73,1.16,-0.08
19:35:30:77,3.67,1.22,-0.04
19:35:30:81,3.64,1.24,0.03
19:35:30:81,3.53,1.36,0.10
19:35:30:98,3.55,1.37,0.10
19:35:30:167,3.62,1.29,0.05
19:35:30:167,3.79,1.22,-0.04
19:35:30:184,4.15,0.99,-0.01
19:35:30:201,4.14,0.87,0.04
19:35:30:233,3.98,0.57,0.15
19:35:30:235,3.81,0.85,0.15
19:35:30:268,3.73,1.21,0.23
19:35:30:341,3.53,1.33,0.25
19:35:30:360,3.23,1.19,0.22
19:35:30:395,3.16,1.12,0.18
19:35:30:395,3.22,1.40,0.23
19:35:30:413,3.45,1.43,0.31
19:35:30:430,3.54,1.26,0.19
19:35:30:460,3.42,1.37,0.11
19:35:30:533,3.22,1.55,0.06
19:35:30:535,3.29,1.72,-0.00
19:35:30:535,3.81,1.60,-0.12
19:35:30:552,4.24,1.47,-0.20
19:35:30:587,4.49,1.62,-0.26
19:35:30:587,4.24,1.79,-0.18
19:35:30:602,4.33,1.87,-0.25
19:35:30:622,4.34,1.63,-0.31
19:35:30:656,3.97,1.35,-0.15
19:35:30:674,3.55,0.78,0.07
19:35:30:691,3.46,-0.06,0.41
19:35:30:708,3.54,0.16,0.10
19:35:30:743,3.86,0.59,-0.46
19:35:30:760,4.24,0.92,-0.74
19:35:30:796,4.18,1.11,-0.82
19:35:30:882,3.77,1.34,-0.76
19:35:30:882,3.47,1.43,-0.64
19:35:30:882,3.43,1.40,-0.56
19:35:30:900,3.35,1.29,-0.44
19:35:30:918,3.31,1.18,-0.50
19:35:30:936,3.41,1.19,-0.49
19:35:30:953,3.57,1.18,-0.43
19:35:30:990,3.66,1.15,-0.32
19:35:31:25,3.62,1.09,-0.26
19:35:31:42,3.56,1.10,-0.17
19:35:31:59,3.71,1.09,-0.14
19:35:31:76,3.96,1.21,-0.06
19:35:31:96,4.03,1.26,-0.09
19:35:31:113,3.95,1.32,-0.18
19:35:31:149,3.98,1.37,-0.33
19:35:31:166,4.36,1.49,-0.43
19:35:31:202,5.02,1.45,-0.60
19:35:31:222,4.66,1.13,-0.61
19:35:31:241,4.03,1.02,-0.48
19:35:31:275,3.70,0.97,-0.27
19:35:31:292,3.51,0.93,-0.12
19:35:31:313,3.14,0.66,-0.26
19:35:31:347,3.25,0.53,-0.32
19:35:31:400,3.66,0.54,-0.18
19:35:31:488,4.05,0.69,-0.16
19:35:31:488,4.20,0.73,-0.04
19:35:31:506,3.99,0.74,0.03
19:35:31:506,3.75,0.46,0.21
19:35:31:524,3.39,0.31,0.30
19:35:31:541,3.11,0.67,0.27
19:35:31:560,2.93,0.94,0.21
19:35:31:612,2.96,1.04,0.07
19:35:31:613,3.06,0.97,-0.11
19:35:31:630,3.10,1.00,-0.19
19:35:31:630,3.18,1.08,-0.13
19:35:31:646,3.40,1.28,-0.02
19:35:31:680,3.58,1.28,0.08
19:35:31:767,3.53,1.11,0.05
19:35:31:767,3.82,1.02,0.14
19:35:31:803,4.35,1.33,0.20
19:35:31:803,4.80,1.58,0.19
19:35:31:803,4.61,1.64,0.05
19:35:31:821,4.76,1.81,0.05
19:35:31:840,4.94,2.18,0.20
19:35:31:868,4.40,1.86,0.30
19:35:31:886,3.46,1.35,0.09
19:35:31:937,3.15,1.22,-0.07
19:35:31:953,3.59,1.26,-0.16
19:35:31:953,4.18,1.20,-0.21
19:35:31:985,4.44,0.91,-0.53
19:35:32:13,4.08,0.68,-0.65
19:35:32:31,3.45,0.61,-0.71
19:35:32:70,2.97,0.75,-0.55
19:35:32:172,2.83,1.07,-0.32
19:35:32:190,3.05,1.29,-0.12
19:35:32:190,3.29,1.29,-0.16
19:35:32:207,3.26,1.13,-0.36
19:35:32:224,3.12,0.88,-0.46
19:35:32:242,3.21,0.89,-0.35
19:35:32:242,3.50,0.84,-0.29
19:35:32:259,3.34,0.81,-0.36
19:35:32:311,3.47,0.98,-0.38
19:35:32:311,4.12,1.23,-0.23
19:35:32:327,4.99,1.39,-0.22
19:35:32:346,5.38,1.24,-0.39
19:35:32:363,4.90,1.27,-0.44
19:35:32:415,5.23,1.56,-0.29
19:35:32:433,5.12,1.33,-0.15
19:35:32:483,4.21,1.07,-0.40
19:35:32:483,3.27,0.81,-0.38
19:35:32:501,3.03,0.78,-0.29
19:35:32:518,3.47,0.83,0.01
19:35:32:535,3.90,0.64,0.11
19:35:32:567,4.06,0.41,-0.09
19:35:32:586,3.67,0.17,-0.29
19:35:32:621,3.15,0.14,-0.11
19:35:32:671,2.82,0.24,0.12
19:35:32:688,2.70,0.67,0.20
19:35:32:707,3.05,0.90,0.21
19:35:32:725,3.29,0.98,0.02
19:35:32:742,3.40,1.02,-0.05
19:35:32:742,3.52,0.89,0.15
19:35:32:777,3.46,0.97,0.11
19:35:32:794,3.71,1.06,0.21
19:35:32:848,3.79,1.25,0.39
19:35:32:864,3.60,1.09,0.38
19:35:32:883,4.16,1.24,0.51
19:35:32:901,4.59,1.38,0.48
19:35:32:933,4.47,1.45,0.39
19:35:32:949,4.66,1.48,0.27
19:35:32:985,4.83,1.46,0.34
19:35:33:21,4.24,1.43,0.28
19:35:33:38,3.63,1.31,0.13
19:35:33:40,3.64,1.50,-0.01
19:35:33:74,3.90,1.56,0.00
19:35:33:91,3.94,1.55,-0.09
19:35:33:111,3.97,1.33,-0.25
19:35:33:146,3.59,1.14,-0.25
19:35:33:217,3.24,0.95,-0.29
19:35:33:218,3.13,0.95,-0.24
19:35:33:218,3.04,1.40,-0.08
19:35:33:236,3.48,1.15,-0.18
19:35:33:254,3.57,1.17,-0.25
19:35:33:271,3.77,1.01,-0.26
19:35:33:306,3.77,0.88,-0.37
19:35:33:394,3.61,0.74,-0.36
19:35:33:396,3.53,0.79,-0.29
19:35:33:396,3.51,0.90,-0.18
19:35:33:414,3.86,1.08,-0.04
19:35:33:431,4.39,1.16,-0.05
19:35:33:447,4.67,1.07,-0.16
19:35:33:466,4.87,0.94,-0.35
19:35:33:484,5.37,1.17,-0.44
19:35:33:519,4.66,1.16,-0.20
19:35:33:536,3.53,0.97,0.02
19:35:33:588,2.89,0.92,-0.06
19:35:33:607,3.43,1.40,0.22
19:35:33:607,3.77,1.41,0.44
19:35:33:639,4.16,1.25,0.39
19:35:33:675,4.03,1.00,0.16
19:35:33:693,3.32,0.70,-0.05
19:35:33:726,2.61,0.56,0.06
19:35:33:745,2.50,0.71,0.26
19:35:33:745,2.81,0.96,0.31
19:35:33:794,3.14,1.17,0.29
19:35:33:794,3.53,1.17,0.33
19:35:33:829,3.56,1.22,0.42
19:35:33:847,3.55,1.12,0.51
19:35:33:897,3.58,1.14,0.55
19:35:33:966,3.65,1.29,0.41
19:35:34:1,4.09,1.56,0.27
19:35:34:19,4.63,1.77,0.34
19:35:34:19,4.83,1.72,0.44
19:35:34:37,4.69,1.74,0.28
19:35:34:54,5.25,1.80,0.22
19:35:34:123,4.68,1.87,0.39
19:35:34:139,3.75,1.55,0.21
19:35:34:139,3.70,1.67,-0.09
19:35:34:155,4.14,1.70,-0.15
19:35:34:155,4.42,1.52,-0.18
19:35:34:155,4.38,1.36,-0.20
19:35:34:189,3.83,1.11,-0.15
19:35:34:208,3.27,0.96,-0.18
19:35:34:294,3.09,1.01,-0.12
19:35:34:295,3.24,1.05,-0.06
19:35:34:295,3.27,1.11,-0.15
19:35:34:311,3.43,1.18,-0.23
19:35:34:326,3.57,1.01,-0.30
19:35:34:361,3.66,0.92,-0.27
19:35:34:378,3.74,0.85,-0.28
19:35:34:394,3.72,0.78,-0.23
19:35:34:430,3.57,0.60,-0.30
19:35:34:484,4.03,0.71,-0.37
19:35:34:484,4.59,0.77,-0.41
19:35:34:501,4.53,0.75,-0.41
19:35:34:520,4.81,0.87,-0.47
19:35:34:554,4.85,1.02,-0.33
19:35:34:574,4.15,0.83,-0.23
19:35:34:626,3.89,1.06,-0.22
19:35:34:659,4.18,1.44,0.05
19:35:34:661,3.94,1.37,0.29
19:35:34:679,3.96,1.26,0.33
19:35:34:694,3.86,1.28,0.25
19:35:34:746,3.25,0.94,0.08
19:35:34:748,2.78,0.65,-0.04
19:35:34:765,2.72,0.69,-0.01
19:35:34:835,2.82,0.77,0.17
19:35:34:852,3.14,1.30,0.46
19:35:34:852,3.38,1.40,0.47
19:35:34:852,3.54,1.40,0.45
19:35:34:870,3.48,1.36,0.54
19:35:34:904,3.61,1.35,0.64
19:35:34:923,3.66,1.36,0.67
19:35:34:977,3.96,1.65,0.54
19:35:35:12,4.54,1.83,0.56
19:35:35:12,4.79,1.98,0.54
19:35:35:12,4.62,1.90,0.36
19:35:35:67,5.26,2.06,0.29
19:35:35:67,4.78,1.84,0.46
19:35:35:83,3.68,1.67,0.24
19:35:35:118,3.97,1.80,0.00
19:35:35:188,4.38,1.70,-0.15
19:35:35:207,4.68,1.53,-0.31
19:35:35:207,4.60,1.36,-0.37
19:35:35:207,4.03,1.10,-0.28
19:35:35:242,3.24,0.99,-0.22
19:35:35:277,2.97,0.97,-0.15
19:35:35:295,3.14,1.12,-0.17
19:35:35:313,3.31,1.25,-0.15
19:35:35:365,3.46,1.21,-0.31
19:35:35:365,3.53,1.16,-0.36
19:35:35:382,3.58,0.94,-0.42
19:35:35:401,3.54,0.77,-0.44
19:35:35:438,3.44,0.65,-0.40
19:35:35:458,3.44,0.62,-0.35
19:35:35:473,3.84,0.75,-0.30
19:35:35:543,4.51,0.95,-0.19
19:35:35:543,4.71,0.90,-0.26
19:35:35:559,4.49,0.85,-0.41
19:35:35:594,5.08,1.29,-0.41
19:35:35:611,4.60,1.38,-0.08
19:35:35:611,3.78,1.21,0.03
19:35:35:646,3.78,1.30,-0.16
19:35:35:696,4.11,1.34,-0.14
19:35:35:731,4.12,1.35,0.05
19:35:35:749,4.17,1.46,0.15
19:35:35:749,3.77,1.34,0.10
19:35:35:786,3.18,1.08,-0.03
19:35:35:786,2.79,0.88,-0.08
19:35:35:804,2.73,0.98,0.01
19:35:35:838,3.05,1.20,0.13
19:35:35:923,3.26,1.34,0.17
19:35:35:923,3.50,1.51,0.21
19:35:35:923,3.65,1.44,0.34
19:35:35:941,3.57,1.45,0.47
19:35:35:959,3.35,1.34,0.46
19:35:35:977,3.34,1.44,0.46
19:35:36:14,3.44,1.60,0.49
19:35:36:32,3.99,1.79,0.52
19:35:36:85,4.48,1.82,0.54
19:35:36:85,4.11,1.63,0.35
19:35:36:103,4.73,1.65,0.01
19:35:36:138,5.08,1.75,0.22
19:35:36:154,4.69,1.56,0.19
19:35:36:171,4.38,1.54,0.03
19:35:36:189,4.39,1.52,-0.18
19:35:36:223,4.62,1.49,-0.38
19:35:36:262,4.78,1.38,-0.47
19:35:36:296,4.37,1.17,-0.46
19:35:36:312,3.79,0.97,-0.27
19:35:36:331,3.12,0.91,-0.21
19:35:36:348,2.86,0.89,-0.28
19:35:36:365,3.00,1.09,-0.30
19:35:36:399,3.44,1.15,-0.21
19:35:36:450,3.42,1.05,-0.32
19:35:36:451,3.40,1.02,-0.41
19:35:36:468,3.32,0.84,-0.38
19:35:36:486,3.41,0.84,-0.24
19:35:36:503,3.32,0.83,-0.22
19:35:36:538,3.21,0.83,-0.29
19:35:36:556,3.64,0.94,-0.26
19:35:36:591,4.18,1.01,-0.31
19:35:36:711,4.52,1.04,-0.30
19:35:36:728,4.40,1.08,-0.29
19:35:36:728,4.81,1.22,-0.26
19:35:36:745,4.62,1.29,-0.10
19:35:36:817,3.75,1.12,-0.18
19:35:36:817,3.21,1.04,-0.20
19:35:36:835,3.39,1.16,-0.17
19:35:36:835,3.96,1.33,0.03
19:35:36:853,4.38,1.42,0.15
19:35:36:871,4.59,1.29,0.07
19:35:36:871,4.14,0.96,-0.07
19:35:36:871,3.58,0.80,-0.05
19:35:36:889,3.27,0.86,0.15
19:35:36:907,3.06,1.04,0.41
19:35:36:941,3.14,1.29,0.46
19:35:36:978,3.27,1.34,0.42
19:35:37:13,3.29,1.43,0.38
19:35:37:13,3.18,1.20,0.42
19:35:37:32,3.27,1.25,0.35
19:35:37:66,3.27,1.39,0.44
19:35:37:84,3.24,1.35,0.39
19:35:37:101,3.20,1.15,0.20
19:35:37:172,3.57,1.15,0.16
19:35:37:173,4.34,1.40,0.20
19:35:37:190,4.92,1.34,0.01
19:35:37:190,4.85,1.24,-0.25
19:35:37:208,5.28,1.42,-0.15
19:35:37:280,5.04,1.35,-0.06
19:35:37:280,4.71,1.32,-0.04
19:35:37:314,3.71,1.02,-0.11
19:35:37:350,3.18,0.84,-0.32
19:35:37:386,3.42,0.84,-0.39
19:35:37:403,3.73,0.78,-0.43
19:35:37:437,4.23,0.88,-0.38
19:35:37:437,4.27,0.91,-0.39
19:35:37:456,3.76,0.81,-0.38
19:35:37:456,3.46,0.87,-0.39
19:35:37:526,3.32,0.95,-0.35
19:35:37:544,3.41,0.86,-0.37
19:35:37:544,3.39,0.89,-0.47
19:35:37:561,3.43,0.90,-0.54
19:35:37:596,3.46,1.00,-0.51
19:35:37:614,3.52,0.88,-0.47
19:35:37:633,3.50,0.90,-0.46
19:35:37:650,3.39,0.85,-0.51
19:35:37:721,3.31,0.91,-0.49
19:35:37:721,3.64,1.07,-0.41
19:35:37:739,4.09,1.08,-0.35
19:35:37:774,4.10,1.10,-0.42
19:35:37:792,3.97,1.04,-0.40
19:35:37:792,3.95,1.10,-0.35
19:35:37:862,4.50,1.32,-0.33
19:35:37:932,4.85,1.33,-0.30
19:35:37:948,4.56,1.24,-0.29
19:35:37:951,4.14,1.34,-0.18
19:35:37:969,3.22,1.20,-0.08
19:35:38:90,2.79,1.26,0.11
19:35:38:107,2.93,1.44,0.22
19:35:38:125,3.48,1.41,0.08
19:35:38:175,4.30,1.25,-0.05
19:35:38:193,4.62,1.00,-0.08
19:35:38:227,4.41,0.67,0.12
19:35:38:297,3.96,0.58,0.45
19:35:38:331,3.66,0.64,0.68
19:35:38:331,3.41,0.86,0.57
19:35:38:348,3.25,0.95,0.17
19:35:38:348,3.17,0.93,-0.10
19:35:38:366,3.17,0.81,-0.30
19:35:38:366,3.19,0.81,-0.40
19:35:38:418,3.94,1.20,-0.40
19:35:38:452,4.74,1.22,-0.15
19:35:38:452,4.42,1.30,-0.29
19:35:38:469,3.85,0.98,-0.34
19:35:38:522,3.58,0.40,-0.18
19:35:38:541,3.73,0.37,-0.08
19:35:38:541,3.80,0.58,-0.04
19:35:38:570,3.88,0.94,-0.25
19:35:38:623,3.79,1.18,-0.35
19:35:38:639,3.67,1.20,-0.37
19:35:38:640,3.58,1.16,-0.21
19:35:38:640,3.66,1.12,-0.09
19:35:38:657,3.80,1.03,-0.01
19:35:38:673,3.89,1.01,0.00
19:35:38:689,3.93,0.98,-0.09
19:35:38:691,3.90,1.07,-0.15
19:35:38:724,3.62,1.24,0.19
19:35:38:741,3.49,1.89,0.65
19:35:38:793,3.61,2.76,0.93
19:35:38:796,3.41,3.33,0.92
19:35:38:814,3.56,3.33,0.73
19:35:38:814,3.48,2.62,0.58
19:35:38:831,3.26,2.41,0.38
19:35:38:831,3.32,2.06,0.24
19:35:38:847,3.48,1.87,0.11
19:35:38:849,3.50,1.65,-0.12
19:35:38:884,3.53,1.30,-0.18
19:35:38:935,3.68,1.23,-0.28
19:35:38:952,3.71,1.18,-0.32
19:35:38:986,3.69,1.38,-0.45
