17:7:15:45,3.94,-0.06,-0.34
17:7:15:61,3.98,-0.06,-0.34
17:7:15:61,3.99,-0.07,-0.38
17:7:15:61,3.96,-0.07,-0.33
17:7:15:61,3.97,-0.06,-0.34
17:7:15:77,3.96,-0.08,-0.35
17:7:15:77,3.97,-0.08,-0.30
17:7:15:77,3.97,-0.08,-0.36
17:7:15:491,3.95,-0.08,-0.34
17:7:15:491,3.97,-0.07,-0.37
17:7:15:491,3.98,-0.05,-0.36
17:7:15:572,3.95,-0.09,-0.36
17:7:15:578,3.98,-0.06,-0.33
17:7:15:584,3.97,-0.07,-0.34
17:7:15:638,3.97,-0.06,-0.33
17:7:15:667,3.97,-0.07,-0.34
17:7:15:667,3.98,-0.08,-0.35
17:7:15:726,3.96,-0.07,-0.36
17:7:15:777,3.98,-0.08,-0.31
17:7:15:933,3.98,-0.06,-0.34
17:7:15:941,3.98,-0.07,-0.36
17:7:16:10,3.97,-0.06,-0.34
17:7:16:315,3.96,-0.07,-0.35
17:7:16:315,4.00,-0.07,-0.35
17:7:16:315,3.96,-0.06,-0.34
17:7:16:315,3.97,-0.04,-0.34
17:7:16:422,3.98,-0.08,-0.34
17:7:16:561,3.97,-0.06,-0.37
17:7:16:751,3.96,-0.06,-0.34
17:7:16:751,3.99,-0.08,-0.32
17:7:16:751,3.95,-0.08,-0.36
17:7:16:751,3.96,-0.08,-0.36
17:7:16:751,3.96,-0.08,-0.35
17:7:16:751,3.96,-0.08,-0.35
17:7:16:751,3.95,-0.06,-0.36
17:7:17:23,3.96,-0.06,-0.35
17:7:17:23,3.96,-0.06,-0.35
17:7:17:23,3.98,-0.08,-0.33
17:7:17:23,3.96,-0.06,-0.32
17:7:17:23,3.97,-0.06,-0.34
17:7:17:23,3.98,-0.09,-0.36
17:7:17:251,3.97,-0.08,-0.37
17:7:17:251,3.97,-0.08,-0.37
17:7:17:251,3.99,-0.06,-0.38
17:7:17:251,3.96,-0.07,-0.32
17:7:17:251,3.98,-0.07,-0.32
17:7:17:251,3.97,-0.08,-0.33
17:7:17:251,3.99,-0.06,-0.38
17:7:17:286,3.96,-0.06,-0.38
17:7:17:429,3.98,-0.06,-0.35
17:7:17:454,3.98,-0.07,-0.34
17:7:17:564,3.97,-0.08,-0.36
17:7:17:644,3.94,-0.07,-0.36
17:7:17:644,3.97,-0.08,-0.34
17:7:17:644,3.96,-0.06,-0.30
17:7:17:764,3.97,-0.06,-0.35
17:7:17:764,3.96,-0.08,-0.32
17:7:17:764,3.96,-0.08,-0.32
17:7:17:764,3.97,-0.09,-0.32
17:7:17:764,3.97,-0.08,-0.32
17:7:17:993,3.98,-0.09,-0.36
17:7:17:993,3.97,-0.08,-0.35
17:7:17:993,3.96,-0.07,-0.33
17:7:18:146,3.97,-0.08,-0.35
17:7:18:283,3.97,-0.07,-0.31
17:7:18:283,3.95,-0.08,-0.35
17:7:18:374,4.00,-0.08,-0.32
17:7:18:374,3.97,-0.08,-0.32
17:7:18:374,3.96,-0.11,-0.33
17:7:18:374,3.96,-0.08,-0.30
17:7:18:374,3.96,-0.05,-0.34
17:7:18:374,3.95,-0.08,-0.33
17:7:18:443,3.97,-0.10,-0.33
17:7:18:443,3.97,-0.09,-0.31
17:7:18:443,3.98,-0.10,-0.35
17:7:18:443,3.96,-0.10,-0.33
17:7:18:443,3.94,-0.12,-0.36
17:7:18:443,3.97,-0.09,-0.32
17:7:18:443,3.98,-0.11,-0.34
17:7:18:483,3.97,-0.08,-0.32
17:7:18:483,3.99,-0.09,-0.33
17:7:18:483,3.97,-0.09,-0.35
17:7:18:483,3.95,-0.09,-0.31
17:7:18:483,3.95,-0.09,-0.35
17:7:18:483,3.98,-0.07,-0.34
17:7:18:483,3.97,-0.10,-0.33
17:7:18:501,3.98,-0.08,-0.32
17:7:18:501,3.96,-0.11,-0.34
17:7:18:501,3.97,-0.09,-0.34
17:7:18:501,3.99,-0.08,-0.33
17:7:18:501,3.98,-0.09,-0.30
17:7:18:501,3.98,-0.08,-0.34
17:7:18:501,3.97,-0.08,-0.33
17:7:18:624,3.96,-0.10,-0.32
17:7:18:624,3.98,-0.09,-0.32
17:7:18:624,3.98,-0.07,-0.34
17:7:18:624,3.98,-0.07,-0.34
17:7:18:661,3.96,-0.09,-0.32
17:7:18:661,3.97,-0.05,-0.34
17:7:18:661,3.97,-0.08,-0.32
17:7:18:661,3.97,-0.09,-0.32
17:7:18:661,3.98,-0.08,-0.28
17:7:18:661,4.01,-0.11,-0.36
17:7:18:819,3.97,-0.09,-0.34
17:7:18:819,3.97,-0.07,-0.33
17:7:18:819,3.97,-0.04,-0.34
17:7:18:819,3.96,-0.08,-0.32
17:7:18:819,3.96,-0.13,-0.32
17:7:18:819,3.96,-0.08,-0.36
17:7:18:819,3.99,-0.07,-0.33
17:7:18:869,3.98,-0.07,-0.35
17:7:18:869,3.98,-0.06,-0.36
17:7:18:869,3.98,-0.10,-0.32
17:7:18:869,3.96,-0.09,-0.34
17:7:18:869,3.96,-0.09,-0.32
17:7:18:869,3.97,-0.09,-0.34
17:7:18:869,3.98,-0.09,-0.33
17:7:18:888,3.98,-0.09,-0.34
17:7:18:888,3.98,-0.08,-0.33
17:7:18:888,3.95,-0.07,-0.35
17:7:18:888,3.96,-0.07,-0.34
17:7:18:888,3.96,-0.12,-0.34
17:7:18:888,3.96,-0.08,-0.33
17:7:18:905,3.99,-0.06,-0.33
17:7:18:905,3.98,-0.08,-0.35
17:7:18:905,3.97,-0.07,-0.31
17:7:19:30,3.98,-0.06,-0.37
17:7:19:30,3.99,-0.09,-0.32
17:7:19:30,3.97,-0.08,-0.36
17:7:19:30,4.00,-0.04,-0.28
17:7:19:30,3.98,-0.03,-0.33
17:7:19:53,3.99,-0.06,-0.33
17:7:19:53,3.97,-0.02,-0.29
17:7:19:53,4.00,-0.04,-0.32
17:7:19:53,3.99,-0.01,-0.27
17:7:19:98,3.99,-0.03,-0.24
17:7:19:98,3.97,-0.00,-0.29
17:7:19:98,4.00,-0.00,-0.29
17:7:19:98,4.00,0.01,-0.30
17:7:19:164,3.97,-0.01,-0.25
17:7:19:164,4.00,0.01,-0.21
17:7:19:164,4.05,-0.01,-0.25
17:7:19:164,4.05,0.01,-0.28
17:7:19:164,4.08,0.06,-0.28
17:7:19:164,4.14,0.03,-0.34
17:7:19:164,4.15,0.18,-0.20
17:7:19:349,4.24,0.15,-0.24
17:7:19:349,4.42,0.01,-0.28
17:7:19:349,4.59,0.02,-0.41
17:7:19:349,4.88,-0.07,-0.89
17:7:19:349,5.88,0.31,-0.31
17:7:19:349,6.02,0.31,-0.34
17:7:19:349,5.48,0.29,-0.57
17:7:19:385,4.51,-0.15,-0.93
17:7:19:385,3.80,-0.22,-1.06
17:7:19:385,2.18,0.57,-2.11
17:7:19:385,1.79,0.83,-1.87
17:7:19:439,1.85,1.59,-1.85
17:7:19:439,2.11,1.65,-1.40
17:7:19:439,2.62,1.70,-1.03
17:7:19:439,3.64,2.27,-0.36
17:7:19:526,3.68,1.68,-0.47
17:7:19:526,4.62,1.06,-0.43
17:7:19:526,5.06,0.50,-0.50
17:7:19:526,5.40,-0.15,-0.58
17:7:19:526,5.46,-0.76,-0.48
17:7:19:548,5.11,-1.30,-0.36
17:7:19:548,4.89,-1.35,0.00
17:7:19:582,4.58,-1.15,0.64
17:7:19:582,4.49,-0.71,1.16
17:7:19:599,4.33,-0.99,1.41
17:7:19:600,4.12,-1.54,1.39
17:7:19:689,4.03,-1.68,0.74
17:7:19:689,4.15,-1.73,-0.53
17:7:19:689,4.09,6.06,-3.71
17:7:19:742,7.63,2.00,3.18
17:7:19:742,4.86,-0.37,-1.15
17:7:19:742,5.34,-1.72,-0.42
17:7:19:885,4.03,-1.68,-1.44
17:7:19:885,4.02,-0.29,0.02
17:7:19:885,3.97,0.64,-0.14
17:7:19:885,3.82,0.13,-0.71
17:7:19:885,3.92,-0.52,-1.15
17:7:19:885,3.76,-0.36,-1.05
17:7:19:939,3.87,0.33,-0.72
17:7:19:939,3.88,0.17,-0.75
17:7:19:940,3.92,-0.37,-0.82
17:7:19:958,3.88,-0.24,-0.75
17:7:19:994,3.90,-0.04,-0.67
17:7:19:994,3.96,-0.03,-0.92
17:7:19:994,4.01,-0.03,-0.89
17:7:19:994,3.98,0.01,-0.69
17:7:20:47,4.11,-0.18,-0.64
17:7:20:65,4.07,-0.36,-0.95
17:7:20:65,4.06,-0.39,-0.77
17:7:20:65,4.13,-0.44,-0.58
17:7:20:66,4.08,-0.86,-0.70
17:7:20:66,4.13,-0.61,-0.22
17:7:20:66,4.49,-0.81,-0.27
17:7:20:83,4.98,-0.33,0.33
17:7:20:83,5.21,0.03,0.13
17:7:20:83,5.58,-0.99,-0.47
17:7:20:83,6.02,-0.91,-0.71
17:7:20:83,6.58,-0.18,-1.26
17:7:20:83,7.83,0.39,-1.96
17:7:20:83,8.00,1.22,-3.38
17:7:20:101,8.00,1.07,-1.83
17:7:20:101,7.30,-0.24,-2.15
17:7:20:101,5.09,1.89,-3.24
17:7:20:134,1.72,0.45,-3.23
17:7:20:134,-0.11,0.01,0.61
17:7:20:134,0.70,-0.25,0.23
17:7:20:134,-0.12,0.34,-2.12
17:7:20:149,-0.96,1.49,-2.04
17:7:20:149,0.54,-0.58,-1.97
17:7:20:166,1.54,0.14,-1.59
17:7:20:235,1.99,0.70,-1.22
17:7:20:235,3.49,1.29,-0.72
17:7:20:235,4.46,1.02,-0.95
17:7:20:235,6.12,1.12,-1.44
17:7:20:235,8.00,0.84,-1.17
17:7:20:235,8.00,-1.22,-1.08
17:7:20:235,8.00,-4.50,0.25
17:7:20:252,8.00,-8.00,2.02
17:7:20:252,8.00,-8.00,7.37
17:7:20:252,8.00,-6.88,4.26
17:7:20:252,4.19,2.57,-6.08
17:7:20:252,6.24,4.83,-3.35
17:7:20:269,6.03,-0.33,1.95
17:7:20:269,2.09,-2.02,-2.77
17:7:20:301,5.42,-2.41,0.27
17:7:20:309,6.82,-2.74,-1.22
17:7:20:309,3.58,-0.14,0.49
17:7:20:317,4.08,-0.02,-0.72
17:7:20:317,3.73,0.26,-0.72
17:7:20:324,4.10,-1.22,-1.57
17:7:20:356,3.68,-0.30,-0.71
17:7:20:411,3.90,0.21,-0.27
17:7:20:429,3.90,-0.20,-0.34
17:7:20:429,3.60,-0.69,-0.77
17:7:20:445,3.80,0.10,-0.10
17:7:20:446,4.19,-0.54,-0.46
17:7:20:446,4.13,-0.10,-1.18
17:7:20:484,4.54,0.37,-0.96
17:7:20:502,4.51,-0.10,-0.70
17:7:20:591,4.43,-0.76,-0.62
17:7:20:610,4.50,-0.78,-0.73
17:7:20:628,5.35,-0.32,-0.11
17:7:20:665,5.43,-0.30,-0.44
17:7:20:665,5.73,-0.03,-0.13
17:7:20:699,5.91,0.13,0.22
17:7:20:716,5.92,0.01,-0.69
17:7:20:737,7.46,0.50,-2.29
17:7:20:790,8.00,1.17,-3.35
17:7:20:807,8.00,-0.33,-3.14
17:7:20:826,8.00,1.32,-5.08
17:7:20:843,6.57,1.73,-3.62
17:7:20:861,4.42,0.81,-5.88
17:7:20:989,1.00,1.27,2.26
17:7:21:7,-0.25,-0.02,1.11
17:7:21:133,0.74,-1.64,-2.06
17:7:21:189,-0.79,-0.87,-2.41
17:7:21:189,0.84,-0.10,-1.43
17:7:21:205,1.33,-0.28,-0.21
17:7:21:223,1.80,0.30,-0.30
17:7:21:243,2.56,0.84,-0.43
17:7:21:316,3.36,0.57,-0.68
17:7:21:335,4.49,0.40,-0.52
17:7:21:352,6.37,0.02,-0.76
17:7:21:370,8.00,-2.08,-0.50
17:7:21:370,8.00,-5.02,1.36
17:7:21:387,8.00,-8.00,-0.33
17:7:21:387,7.47,-8.00,1.28
17:7:21:387,7.24,-8.00,7.05
17:7:21:387,8.00,-3.83,4.34
17:7:21:387,5.41,8.00,-8.00
17:7:21:405,8.00,1.67,6.89
17:7:21:405,5.44,-1.45,-0.72
17:7:21:405,2.58,-7.89,-3.84
17:7:21:405,3.89,-0.52,0.16
17:7:21:424,4.08,-0.39,-0.17
17:7:21:495,4.13,-0.04,-0.07
17:7:21:531,4.07,0.27,-0.70
17:7:21:549,3.71,0.33,-0.95
17:7:21:549,3.89,-0.94,-1.89
17:7:21:602,3.55,-0.13,-1.20
17:7:21:602,3.97,0.38,-0.62
17:7:21:620,3.97,0.14,-0.84
17:7:21:639,3.90,-0.20,-1.20
17:7:21:681,4.03,0.48,-0.91
17:7:21:699,4.29,-0.00,-0.55
17:7:21:699,4.04,-0.73,-0.74
17:7:21:770,4.18,-0.73,-0.79
17:7:21:770,4.39,-0.50,-0.85
17:7:21:825,4.51,-0.70,-1.00
17:7:21:876,4.89,-0.58,-0.46
17:7:21:883,5.37,0.06,0.15
17:7:21:883,5.32,-0.32,-0.32
17:7:21:919,5.17,-0.27,0.12
17:7:21:937,5.56,-0.72,-0.71
17:7:21:937,7.05,-0.48,-2.01
17:7:21:954,8.00,0.07,-2.83
17:7:21:954,8.00,1.64,-3.53
17:7:21:972,8.00,1.58,-1.75
17:7:21:989,6.79,0.14,-2.46
17:7:22:60,6.32,1.47,-3.99
17:7:22:79,3.24,-2.22,-0.78
17:7:22:79,-1.19,-0.71,0.99
17:7:22:114,0.52,-1.30,-0.19
17:7:22:133,-0.99,-0.88,-2.34
17:7:22:168,-0.60,0.56,-1.50
17:7:22:205,-0.62,0.69,-1.38
17:7:22:331,0.04,0.88,-1.06
17:7:22:384,0.85,0.89,-1.18
17:7:22:491,1.68,0.57,-1.57
17:7:22:544,2.88,0.49,-1.86
17:7:22:647,4.76,0.18,-2.16
17:7:22:648,7.23,0.66,-1.70
17:7:22:667,8.00,-0.84,-0.89
17:7:22:685,8.00,-4.17,0.65
17:7:22:757,8.00,-6.81,2.46
17:7:22:774,8.00,-8.00,4.64
17:7:22:774,7.96,-7.68,8.00
17:7:22:774,3.38,-1.42,-1.91
17:7:22:793,6.44,8.00,3.95
17:7:22:809,8.00,0.23,5.23
17:7:22:809,6.40,-2.42,-1.68
17:7:22:809,4.09,-2.36,-0.31
17:7:22:809,4.87,-1.98,-1.03
17:7:22:811,3.51,-0.43,-0.09
17:7:22:830,4.27,-0.22,-0.63
17:7:22:830,3.98,0.13,-0.73
17:7:22:830,3.94,-0.83,-1.08
17:7:22:830,3.89,-0.73,-0.89
17:7:22:846,3.78,-0.17,-0.77
17:7:22:846,3.97,-0.07,-0.61
17:7:22:846,3.81,-0.75,-0.99
17:7:22:864,3.78,-0.46,-0.80
17:7:22:864,3.98,-0.20,-0.70
17:7:22:938,3.99,-0.32,-0.75
17:7:22:938,4.04,-0.31,-0.65
17:7:22:938,3.81,-0.29,-0.69
17:7:22:990,4.06,-0.56,-0.79
17:7:22:991,4.42,-0.66,-0.77
17:7:23:8,4.40,-0.66,-0.73
17:7:23:8,4.70,-0.62,-0.15
17:7:23:26,5.06,-0.46,-0.24
17:7:23:26,5.17,-0.74,-0.17
17:7:23:44,5.12,-0.23,0.36
17:7:23:77,5.58,-0.79,-0.48
17:7:23:147,6.86,-0.48,-1.49
17:7:23:164,8.00,0.71,-2.04
17:7:23:164,8.00,1.19,-2.98
17:7:23:199,8.00,1.39,-2.29
17:7:23:199,6.47,-0.17,-1.41
17:7:23:217,4.52,1.32,-2.80
17:7:23:217,2.03,0.91,-4.29
17:7:23:233,0.51,-0.78,0.72
17:7:23:304,-1.62,0.53,2.06
17:7:23:306,1.47,-1.15,-1.79
17:7:23:306,-0.79,-0.35,-2.08
17:7:23:324,0.95,-0.23,-1.54
17:7:23:324,1.62,-0.39,-1.03
17:7:23:324,2.50,-0.62,-0.34
17:7:23:341,3.41,-0.11,-0.38
17:7:23:361,4.13,-0.21,-0.25
17:7:23:361,4.99,-0.61,-1.04
17:7:23:397,6.15,-0.75,-0.74
17:7:23:432,7.25,-1.06,-0.90
17:7:23:468,8.00,-2.22,-0.75
17:7:23:484,8.00,-3.01,0.17
17:7:23:517,8.00,-3.64,2.15
17:7:23:517,8.00,-6.42,6.57
17:7:23:533,7.26,-6.91,6.42
17:7:23:534,5.65,-4.34,3.54
17:7:23:551,0.97,4.30,-8.00
17:7:23:552,6.64,4.31,-2.76
17:7:23:677,6.30,1.94,2.56
17:7:23:749,5.22,-1.75,-0.10
17:7:23:749,7.12,-2.82,0.27
17:7:23:749,3.83,-0.79,-1.37
17:7:23:803,3.19,0.29,-0.71
17:7:23:857,3.80,0.52,-0.08
17:7:23:857,3.80,0.60,-0.69
17:7:23:857,3.81,-0.29,-1.13
17:7:23:910,3.62,-0.34,-1.06
17:7:23:945,3.71,0.11,-0.55
17:7:24:19,3.87,0.21,-0.62
17:7:24:72,3.78,-0.18,-1.03
17:7:24:90,3.92,0.07,-1.01
17:7:24:90,4.05,0.12,-1.02
17:7:24:106,4.03,0.21,-0.90
17:7:24:156,4.01,-0.03,-0.58
17:7:24:174,3.98,-0.23,-0.65
17:7:24:208,3.92,0.45,-0.58
17:7:24:263,3.91,-0.17,-0.33
17:7:24:263,3.89,-0.47,-0.34
17:7:24:280,3.90,-0.29,-0.50
17:7:24:299,4.11,-0.02,-0.47
17:7:24:299,4.02,-0.42,-0.35
17:7:24:331,4.04,-0.66,-0.50
17:7:24:331,4.41,-0.45,-0.67
17:7:24:385,5.18,0.34,-1.28
17:7:24:403,5.68,-0.27,0.38
17:7:24:403,6.08,-0.10,0.18
17:7:24:419,6.62,0.22,-0.36
17:7:24:439,6.56,0.99,-0.70
17:7:24:439,5.63,1.01,-0.26
17:7:24:439,4.24,0.49,-0.14
17:7:24:474,2.75,0.22,0.44
17:7:24:651,1.23,1.86,-0.80
17:7:24:741,1.32,1.68,-1.88
17:7:24:759,1.64,0.90,-1.86
17:7:24:902,1.89,0.80,-1.73
17:7:24:976,2.31,1.28,-1.29
17:7:24:994,3.08,1.53,-1.11
17:7:25:29,3.99,1.59,-1.29
17:7:25:137,4.83,0.73,-2.05
17:7:25:243,5.88,-1.00,-2.75
17:7:25:385,6.94,-2.35,-2.93
17:7:25:510,6.09,-3.93,-3.68
17:7:25:548,4.27,-4.94,-4.29
17:7:25:652,3.69,-5.12,-4.40
17:7:25:743,4.87,-8.00,-4.49
17:7:25:743,2.88,-3.43,-4.19
17:7:25:743,2.68,-2.13,-3.99
17:7:25:885,7.14,-2.04,0.73
17:7:25:885,5.10,1.84,1.73
17:7:25:885,4.76,0.41,0.01
17:7:25:885,4.01,-0.55,-0.87
17:7:25:885,4.07,-0.62,-0.68
17:7:25:920,4.27,-0.14,0.04
17:7:25:920,4.26,-0.06,-0.32
17:7:25:920,4.03,-0.40,-0.39
17:7:25:920,4.02,-0.30,-0.45
17:7:25:920,3.96,-0.15,-0.33
17:7:26:217,3.92,-0.37,-0.38
17:7:26:429,3.88,-0.30,-0.33
17:7:26:429,3.94,-0.14,-0.40
17:7:26:429,3.97,-0.29,-0.60
17:7:26:535,3.97,-0.47,-0.45
17:7:26:674,3.98,-0.17,-0.04
17:7:26:744,4.16,-0.25,-0.32
17:7:26:744,3.93,-0.44,-0.43
17:7:26:744,3.86,-0.38,-0.44
17:7:26:973,3.94,-0.32,-0.37
17:7:26:973,3.98,-0.29,-0.03
17:7:27:154,4.09,-0.27,-0.37
17:7:27:154,4.01,-0.13,-0.33
17:7:27:154,4.10,-0.16,-0.44
17:7:27:154,4.09,-0.06,-0.30
17:7:27:154,3.99,-0.13,-0.37
17:7:27:186,4.13,-0.23,-0.28
17:7:27:186,4.22,-0.22,-0.42
17:7:27:186,4.50,-0.03,-0.35
17:7:27:186,4.63,0.29,0.16
17:7:27:186,5.04,0.15,0.18
17:7:27:362,5.15,0.11,-0.58
17:7:27:362,4.93,0.32,-0.45
17:7:27:362,4.49,0.51,0.43
17:7:27:362,4.17,0.78,0.27
17:7:27:468,2.87,1.30,0.02
17:7:27:468,2.25,0.45,-1.29
17:7:27:541,2.40,-0.39,-1.54
17:7:28:394,2.59,-0.30,-0.89
17:7:28:394,2.85,0.33,-0.37
17:7:28:394,3.39,0.47,-0.09
17:7:28:394,3.82,-0.18,0.25
17:7:28:535,4.21,-1.13,0.14
17:7:28:535,4.43,-1.50,0.15
17:7:28:535,4.41,-1.85,0.09
17:7:28:535,4.34,-1.92,0.25
17:7:28:535,4.26,-2.12,0.08
17:7:28:535,4.01,-1.99,0.10
17:7:28:535,5.02,-1.93,1.73
17:7:28:624,5.35,-2.09,2.63
17:7:28:624,3.89,1.46,-0.62
17:7:28:624,4.71,-0.01,0.44
17:7:28:768,3.92,-0.34,-0.45
17:7:28:786,4.16,-0.43,-0.25
17:7:29:51,3.90,0.17,-0.20
17:7:29:51,4.02,0.18,-0.06
17:7:29:51,4.03,0.06,-0.15
17:7:29:51,3.98,0.03,-0.35
17:7:29:51,3.96,0.07,-0.39
17:7:29:51,4.05,0.05,-0.32
17:7:29:51,3.95,0.07,-0.33
17:7:29:105,4.04,-0.00,-0.32
17:7:29:105,4.00,0.04,-0.39
17:7:29:105,3.93,-0.00,-0.41
17:7:29:105,3.98,-0.02,-0.40
17:7:29:105,3.98,0.04,-0.46
17:7:29:105,3.97,0.05,-0.42
17:7:29:319,3.95,-0.07,-0.40
17:7:29:319,3.94,-0.04,-0.41
17:7:29:319,3.98,-0.05,-0.42
17:7:29:319,3.97,-0.04,-0.44
17:7:29:319,4.00,-0.03,-0.41
17:7:29:319,3.96,-0.11,-0.44
17:7:29:319,3.95,-0.15,-0.47
17:7:29:337,3.97,-0.05,-0.44
17:7:29:337,3.96,-0.05,-0.45
17:7:29:337,3.96,-0.11,-0.41
17:7:29:337,3.94,-0.11,-0.40
17:7:29:337,3.95,-0.05,-0.39
17:7:29:337,3.96,-0.05,-0.39
17:7:29:337,4.00,-0.07,-0.35
17:7:29:443,3.97,-0.09,-0.37
17:7:29:443,4.00,-0.03,-0.42
17:7:29:443,3.97,-0.03,-0.35
17:7:29:443,3.96,-0.07,-0.32
17:7:29:443,3.99,-0.02,-0.37
17:7:29:639,3.95,-0.07,-0.34
17:7:29:639,3.98,-0.11,-0.33
17:7:29:692,3.97,-0.02,-0.30
17:7:29:692,3.99,-0.10,-0.29
17:7:29:692,3.98,-0.14,-0.30
17:7:29:692,3.96,-0.07,-0.26
17:7:29:692,3.94,-0.09,-0.31
17:7:29:692,4.00,-0.05,-0.32
17:7:29:797,3.94,-0.02,-0.26
17:7:29:797,3.91,-0.07,-0.27
17:7:29:797,3.95,-0.20,-0.27
17:7:29:797,3.95,-0.11,-0.21
17:7:29:797,3.96,-0.09,-0.23
17:7:29:797,3.96,-0.08,-0.27
17:7:29:797,4.01,-0.01,-0.28
17:7:29:833,3.97,-0.04,-0.32
17:7:29:833,4.01,-0.04,-0.29
17:7:29:833,4.01,-0.01,-0.31
17:7:29:833,3.98,-0.08,-0.23
17:7:29:833,3.98,-0.08,-0.29
17:7:29:833,3.97,-0.01,-0.34
17:7:29:958,3.97,-0.05,-0.27
17:7:29:958,3.97,-0.07,-0.27
17:7:29:958,3.99,-0.05,-0.26
17:7:29:958,3.98,-0.03,-0.31
17:7:29:994,3.96,-0.03,-0.30
17:7:29:994,3.99,-0.05,-0.27
17:7:29:994,3.99,-0.05,-0.28
17:7:30:65,4.00,-0.03,-0.27
17:7:30:65,3.97,-0.00,-0.25
17:7:30:65,3.99,-0.03,-0.25
17:7:30:65,3.97,-0.07,-0.26
17:7:30:190,3.96,-0.06,-0.23
17:7:30:190,4.00,-0.04,-0.25
17:7:30:190,3.98,-0.04,-0.24
17:7:30:190,3.98,-0.07,-0.23
17:7:30:310,3.98,-0.07,-0.21
17:7:30:310,3.99,-0.04,-0.24
17:7:30:310,3.97,-0.04,-0.25
17:7:30:310,3.97,-0.05,-0.25
17:7:30:310,3.99,-0.05,-0.27
17:7:30:310,3.99,-0.07,-0.21
17:7:30:505,3.99,-0.08,-0.24
17:7:30:505,4.00,-0.05,-0.19
17:7:30:505,3.97,-0.05,-0.26
17:7:30:505,4.01,-0.05,-0.22
17:7:30:505,3.96,-0.07,-0.23
17:7:30:505,4.00,-0.05,-0.23
17:7:30:505,3.99,-0.04,-0.22
17:7:30:575,4.00,-0.08,-0.23
17:7:30:575,3.97,-0.06,-0.21
17:7:30:575,3.98,-0.07,-0.21
17:7:30:575,3.97,-0.07,-0.20
17:7:30:575,4.00,-0.07,-0.22
17:7:30:575,4.00,-0.05,-0.21
17:7:30:575,4.00,-0.05,-0.22
17:7:30:736,3.98,-0.08,-0.19
17:7:30:736,3.99,-0.08,-0.21
17:7:30:736,3.99,-0.09,-0.21
17:7:30:736,3.99,-0.08,-0.21
17:7:30:736,3.99,-0.08,-0.21
17:7:30:736,4.01,-0.09,-0.22
17:7:30:753,3.99,-0.08,-0.20
17:7:30:753,3.98,-0.06,-0.21
17:7:30:753,4.01,-0.10,-0.18
17:7:30:753,3.96,-0.15,-0.19
17:7:30:753,3.97,-0.14,-0.18
17:7:30:753,3.98,-0.10,-0.20
17:7:30:753,4.01,-0.13,-0.21
17:7:30:856,3.99,-0.13,-0.23
17:7:30:856,4.00,-0.10,-0.14
17:7:30:856,4.00,-0.11,-0.17
17:7:30:856,3.99,-0.12,-0.15
17:7:30:856,3.98,-0.10,-0.17
17:7:30:856,3.99,-0.13,-0.18
17:7:30:856,3.97,-0.15,-0.16
17:7:30:944,3.98,-0.16,-0.19
17:7:30:944,3.98,-0.12,-0.16
17:7:30:944,4.00,-0.14,-0.14
17:7:30:944,3.99,-0.13,-0.17
17:7:30:944,3.99,-0.12,-0.16
17:7:30:944,3.99,-0.11,-0.17
17:7:31:50,3.96,-0.17,-0.16
17:7:31:50,3.99,-0.14,-0.15
17:7:31:50,3.99,-0.16,-0.19
17:7:31:50,3.97,-0.18,-0.17
17:7:31:50,4.00,-0.16,-0.17
17:7:31:50,3.99,-0.17,-0.18
17:7:31:50,3.99,-0.15,-0.15
17:7:31:100,3.97,-0.09,-0.14
17:7:31:100,3.99,-0.17,-0.21
17:7:31:100,4.01,-0.16,-0.17
17:7:31:100,4.00,-0.13,-0.18
17:7:31:100,4.01,-0.11,-0.23
17:7:31:100,4.01,-0.08,-0.14
17:7:31:100,3.98,-0.12,-0.17
17:7:31:227,3.97,-0.12,-0.17
17:7:31:227,4.01,-0.11,-0.16
17:7:31:227,4.04,-0.10,-0.17
17:7:31:227,4.02,-0.13,-0.15
17:7:31:227,3.99,-0.11,-0.14
17:7:31:227,4.02,-0.07,-0.09
17:7:31:260,4.00,-0.05,-0.13
17:7:31:260,4.04,-0.10,-0.11
17:7:31:260,4.08,-0.06,-0.14
17:7:31:260,4.11,0.10,-0.18
17:7:31:260,4.17,0.05,-0.05
17:7:31:260,4.26,-0.05,-0.06
17:7:31:260,4.35,0.09,-0.24
17:7:31:278,4.57,0.33,-0.39
17:7:31:278,4.98,-0.23,-0.45
17:7:31:278,5.88,0.07,0.11
17:7:31:278,5.91,0.40,-0.09
17:7:31:278,5.73,0.64,-0.09
17:7:31:278,4.63,-0.84,-1.01
17:7:31:278,3.86,-1.10,-0.61
17:7:31:296,2.53,0.03,-1.70
17:7:31:296,1.59,0.89,-1.83
17:7:31:296,1.69,1.31,-2.15
17:7:31:296,2.01,0.85,-1.82
17:7:31:296,2.53,1.10,-1.37
17:7:31:296,2.95,1.31,-0.91
17:7:31:296,3.67,1.34,-0.47
17:7:31:313,4.42,1.23,-0.16
17:7:31:313,4.87,0.90,-0.10
17:7:31:313,5.26,0.74,0.02
17:7:31:313,5.58,0.55,0.16
17:7:31:313,5.59,0.21,0.21
17:7:31:313,5.35,-0.47,0.53
17:7:31:313,4.95,-0.60,0.59
17:7:31:313,4.71,-0.43,0.94
17:7:31:313,4.50,-0.58,1.21
17:7:31:313,4.27,-0.72,1.27
17:7:31:313,4.41,-1.21,1.39
17:7:31:313,4.62,-2.47,1.44
17:7:31:367,5.08,-4.40,0.84
17:7:31:367,3.38,3.05,-2.69
17:7:31:438,6.82,2.23,0.19
17:7:31:438,4.38,0.43,-0.28
17:7:31:472,4.42,-3.21,-0.85
17:7:31:472,3.64,0.22,-0.01
17:7:31:472,4.02,-0.70,-0.55
17:7:31:472,4.20,-0.33,-0.24
17:7:31:472,4.03,0.26,-0.46
17:7:31:472,3.85,0.00,-0.77
17:7:31:684,3.88,-0.58,-0.99
17:7:31:684,3.88,-0.48,-0.87
17:7:31:684,3.99,0.01,-0.37
17:7:31:684,3.95,-0.03,-0.54
17:7:31:684,3.92,-0.48,-0.64
17:7:31:813,3.83,-0.40,-0.57
17:7:31:813,3.85,-0.19,-0.29
17:7:31:813,3.94,-0.38,-0.35
17:7:31:813,4.00,-0.35,-0.51
17:7:31:813,4.05,-0.45,-0.41
17:7:31:813,4.22,-0.51,-0.58
17:7:31:936,4.20,0.31,-0.68
17:7:31:936,4.46,-0.03,-0.11
17:7:31:936,4.51,-0.36,-0.42
17:7:31:936,4.52,-0.85,-0.60
17:7:31:936,5.05,-0.56,-0.02
17:7:32:116,4.81,-0.42,0.02
17:7:32:116,5.64,-0.10,-0.22
17:7:32:116,4.95,-0.80,-0.21
17:7:32:116,5.86,-0.67,-0.70
17:7:32:116,5.86,0.37,-0.12
17:7:32:116,5.69,-0.18,0.25
17:7:32:167,4.90,-1.15,0.27
17:7:32:167,4.18,-2.65,-0.65
17:7:32:168,3.87,-1.61,-0.38
17:7:32:168,3.96,-0.91,-0.24
17:7:32:168,3.52,-0.44,-0.29
17:7:32:203,3.88,-0.71,0.49
17:7:32:203,3.21,-1.27,0.19
17:7:32:203,2.63,-1.18,-0.05
17:7:32:203,2.26,-0.69,-0.28
17:7:32:203,1.82,0.25,-0.33
17:7:32:311,1.39,0.95,-0.45
17:7:32:311,1.10,1.08,-0.68
17:7:32:311,1.44,1.09,-0.95
17:7:32:311,1.79,0.80,-1.01
17:7:32:331,2.44,0.27,-1.22
17:7:32:331,3.43,-0.07,-1.20
17:7:32:348,4.71,0.09,-1.04
17:7:32:348,6.13,0.03,-0.86
17:7:32:348,7.65,-0.40,-0.52
17:7:32:348,8.00,-1.78,-0.32
17:7:32:348,8.00,-3.39,0.45
17:7:32:348,8.00,-3.73,1.12
17:7:32:366,7.08,-4.69,1.08
17:7:32:401,5.93,-5.30,1.88
17:7:32:471,5.57,-3.55,3.40
17:7:32:504,6.03,-1.70,3.72
17:7:32:504,5.32,-1.12,1.27
17:7:32:504,4.32,7.20,-2.68
17:7:32:504,7.93,1.71,4.04
17:7:32:505,6.94,-0.84,-1.54
17:7:32:540,4.57,-1.72,-1.57
17:7:32:540,3.79,-0.83,-1.04
17:7:32:540,3.69,-0.60,-0.12
17:7:32:540,4.41,0.42,-0.21
17:7:32:540,3.58,0.26,-1.05
17:7:32:540,3.78,-0.39,-1.42
17:7:32:540,3.88,-0.62,-1.27
17:7:32:540,3.90,0.08,-0.98
17:7:32:575,3.81,0.49,-0.71
17:7:32:575,3.83,-0.18,-1.08
17:7:32:575,3.87,-0.40,-1.10
17:7:32:575,3.85,0.02,-0.74
17:7:32:575,3.95,0.06,-0.70
17:7:32:575,3.97,-0.17,-0.49
17:7:32:575,4.07,-0.26,-0.78
17:7:32:735,4.00,-0.18,-0.83
17:7:32:735,4.01,-0.11,-0.85
17:7:32:735,4.07,-0.44,-0.75
17:7:32:735,3.95,-0.45,-0.76
17:7:32:735,4.25,-0.29,-1.00
17:7:32:735,4.65,-0.99,-0.47
17:7:32:878,5.07,-0.11,-0.46
17:7:32:878,5.26,-0.43,0.12
17:7:32:878,5.22,-1.07,-0.38
17:7:32:878,6.13,-1.06,-1.25
17:7:32:878,7.06,-0.15,-1.23
17:7:32:878,8.00,0.86,-1.36
17:7:32:898,8.00,1.42,-2.80
17:7:32:898,7.69,0.98,-2.36
17:7:32:898,5.85,-0.61,-2.35
17:7:32:933,3.70,1.45,-3.38
17:7:32:933,0.73,0.18,-2.08
17:7:33:22,0.39,-0.46,0.98
17:7:33:22,0.57,-0.07,0.42
17:7:33:22,0.05,0.39,-1.46
17:7:33:22,0.02,1.27,-1.72
17:7:33:74,0.71,0.69,-2.04
17:7:33:74,1.50,-0.05,-1.62
17:7:33:155,2.23,0.38,-0.96
17:7:33:208,3.64,0.71,-1.10
17:7:33:241,5.07,0.85,-1.30
17:7:33:250,6.65,0.91,-1.19
17:7:33:250,8.00,-0.66,-1.38
17:7:33:271,8.00,-2.94,-0.96
17:7:33:276,8.00,-5.41,0.83
17:7:33:363,8.00,-6.88,1.44
17:7:33:380,7.07,-8.00,5.35
17:7:33:414,7.33,-5.16,5.63
17:7:33:414,5.57,-3.78,0.97
17:7:33:414,5.49,8.00,-1.21
17:7:33:414,8.00,-1.01,2.32
17:7:33:414,6.06,-2.27,-1.84
17:7:33:414,3.81,-4.03,-1.64
17:7:33:414,3.40,-0.15,0.21
17:7:33:432,3.75,-0.49,-0.23
17:7:33:432,3.85,0.07,-0.13
17:7:33:432,4.09,0.44,-0.58
17:7:33:432,3.43,0.11,-0.87
17:7:33:432,3.96,-0.76,-1.13
17:7:33:432,3.80,-0.09,-0.67
17:7:33:449,3.89,0.09,-0.53
17:7:33:469,3.88,-0.41,-0.72
17:7:33:486,3.80,-0.55,-0.99
17:7:33:486,3.89,-0.16,-0.69
17:7:33:486,3.97,-0.21,-0.73
17:7:33:486,3.99,-0.38,-0.85
17:7:33:486,3.93,0.14,-0.87
17:7:33:486,4.27,0.08,-0.75
17:7:33:520,4.28,-0.39,-0.64
17:7:33:557,4.04,-0.25,-0.86
17:7:33:557,4.43,-0.69,-0.81
17:7:33:557,4.69,-0.88,-0.88
17:7:33:588,5.25,-0.30,0.15
17:7:33:626,5.47,-0.18,0.16
17:7:33:626,5.74,-0.57,-0.25
17:7:33:644,6.68,-0.37,-1.37
17:7:33:662,8.00,0.31,-2.00
17:7:33:769,8.00,0.74,-3.37
17:7:33:875,8.00,1.55,-2.70
17:7:33:875,6.48,-0.32,-2.14
17:7:33:875,4.85,2.15,-2.94
17:7:33:949,1.06,0.57,-2.82
17:7:33:983,0.13,-0.88,0.77
17:7:34:0,0.27,0.63,-0.26
17:7:34:17,0.50,1.75,-1.25
17:7:34:19,-0.68,1.05,-2.21
17:7:34:104,0.58,0.40,-1.81
17:7:34:106,1.34,0.34,-1.44
17:7:34:125,2.51,0.63,-1.52
17:7:34:179,3.69,0.68,-1.09
17:7:34:179,5.23,0.55,-1.31
17:7:34:213,7.36,0.58,-1.35
17:7:34:233,8.00,-0.83,-1.26
17:7:34:304,8.00,-3.62,-0.35
17:7:34:304,8.00,-5.84,0.66
17:7:34:304,8.00,-7.98,1.31
17:7:34:304,6.98,-8.00,6.19
17:7:34:322,7.45,-4.87,5.80
17:7:34:322,6.18,-0.37,3.33
17:7:34:322,5.51,8.00,-2.07
17:7:34:322,8.00,0.63,1.81
17:7:34:322,5.36,-3.75,-1.69
17:7:34:340,4.74,-4.65,-2.17
17:7:34:340,3.05,-0.77,0.08
17:7:34:340,3.30,-0.25,0.16
17:7:34:357,3.73,-0.18,0.07
17:7:34:358,4.20,0.36,-0.47
17:7:34:396,3.68,-0.40,-0.90
17:7:34:414,3.84,-0.99,-1.19
17:7:34:485,3.73,-0.23,-0.37
17:7:34:503,3.91,0.16,-0.30
17:7:34:519,3.95,-0.41,-0.52
17:7:34:521,3.90,-0.64,-0.85
17:7:34:521,3.95,-0.06,-0.31
17:7:34:539,4.02,-0.25,-0.40
17:7:34:539,3.97,-0.42,-0.83
17:7:34:555,4.11,-0.16,-0.43
17:7:34:555,4.21,0.12,-0.57
17:7:34:642,4.32,-0.41,-0.68
17:7:34:713,4.38,-0.65,-0.46
17:7:34:713,4.55,-1.06,-0.45
17:7:34:713,4.88,-0.68,-0.32
17:7:34:730,5.41,-0.45,-0.04
17:7:34:730,5.44,-0.27,0.14
17:7:34:783,6.25,-0.70,-0.43
17:7:34:818,7.35,-0.29,-1.55
17:7:34:852,8.00,0.48,-2.63
17:7:34:890,8.00,1.45,-3.10
17:7:34:890,8.00,-0.03,-2.38
17:7:34:907,6.97,-0.41,-2.45
17:7:34:907,5.58,0.35,-2.85
17:7:34:960,0.97,0.22,-2.14
17:7:34:995,-0.16,3.32,0.71
17:7:35:13,-0.06,1.77,-0.99
17:7:35:13,-0.75,0.84,-2.00
17:7:35:13,-0.17,-0.02,-1.93
17:7:35:32,1.06,-0.13,-1.68
17:7:35:67,2.26,-0.12,-1.13
17:7:35:84,3.42,-0.28,-0.56
17:7:35:84,4.60,-0.70,-0.36
17:7:35:84,5.69,-0.70,0.14
17:7:35:103,7.07,-1.51,-0.39
17:7:35:137,8.00,-2.55,0.01
17:7:35:173,8.00,-3.73,-0.12
17:7:35:209,8.00,-5.23,-0.35
17:7:35:243,7.13,-5.61,1.61
17:7:35:243,6.97,-3.62,4.92
17:7:35:261,6.69,-3.28,6.04
17:7:35:278,5.75,-2.30,5.73
17:7:35:278,3.82,0.94,-1.11
17:7:35:314,4.33,8.00,-3.15
17:7:35:367,5.42,1.50,4.25
17:7:35:385,5.70,-1.47,-1.96
17:7:35:407,3.92,-0.51,-0.17
17:7:35:442,4.64,-1.93,-1.46
17:7:35:442,3.04,0.36,0.35
17:7:35:495,3.81,0.43,-0.42
17:7:35:529,3.86,0.02,-0.91
17:7:35:548,3.80,-0.48,-1.19
17:7:35:548,3.69,-0.31,-0.84
17:7:35:566,3.95,0.03,-0.63
17:7:35:584,3.86,-0.42,-0.93
17:7:35:602,3.76,-0.40,-0.80
17:7:35:622,3.89,-0.23,-0.60
17:7:35:622,3.85,-0.31,-0.62
17:7:35:622,3.84,-0.42,-0.59
17:7:35:639,3.86,-0.48,-0.58
17:7:35:639,3.81,-0.45,-0.63
17:7:35:657,3.97,-0.53,-0.62
17:7:35:726,4.14,-0.64,-0.72
17:7:35:726,4.24,-0.39,-0.75
17:7:35:726,4.09,-0.38,-0.73
17:7:35:744,4.33,-0.43,-0.39
17:7:35:761,4.19,-0.34,-0.45
17:7:35:795,4.35,-0.43,-0.33
17:7:35:829,4.93,-1.05,-0.80
17:7:35:882,6.24,0.05,-0.70
17:7:35:902,7.51,0.49,-0.44
17:7:35:902,6.80,0.05,-0.59
17:7:35:919,5.96,-0.94,-2.16
17:7:35:919,3.97,-1.59,-2.78
17:7:35:936,0.38,0.49,-4.42
17:7:35:956,0.53,2.55,-2.05
17:7:36:10,0.52,2.06,-1.17
17:7:36:10,1.34,0.80,-1.48
17:7:36:67,2.23,0.14,-1.22
17:7:36:191,3.28,-0.21,-0.65
17:7:36:313,4.16,-0.42,-0.31
17:7:36:473,4.86,-0.32,0.29
17:7:36:508,5.43,-0.13,0.91
17:7:36:508,5.69,-0.20,1.39
17:7:36:544,5.60,-0.48,1.58
17:7:36:597,5.41,-0.36,1.56
17:7:36:631,5.35,0.42,1.88
17:7:36:631,5.29,1.61,2.51
17:7:36:648,5.06,2.52,3.07
17:7:36:666,4.55,2.19,2.72
17:7:36:684,4.16,1.71,2.01
17:7:36:701,3.65,1.54,1.42
17:7:36:702,3.47,-0.30,-1.46
17:7:36:702,6.59,-2.43,-0.66
17:7:36:792,5.28,1.29,0.55
17:7:36:792,3.82,0.28,0.07
17:7:36:793,3.50,-1.18,-0.73
17:7:36:793,3.99,-0.97,-0.92
17:7:36:793,3.91,-0.83,-1.15
17:7:36:793,3.95,0.01,-0.78
17:7:36:793,4.11,-0.14,-0.91
17:7:36:793,3.89,-0.75,-1.01
17:7:36:810,3.90,-0.52,-0.88
17:7:36:810,3.91,-0.17,-0.72
17:7:36:810,3.97,-0.12,-0.90
17:7:36:829,3.87,-0.20,-0.88
17:7:36:829,3.86,-0.25,-0.83
17:7:36:830,3.89,-0.15,-0.75
17:7:36:848,3.85,-0.06,-0.73
17:7:36:848,3.95,-0.11,-0.79
17:7:36:883,3.96,-0.08,-0.76
17:7:36:918,4.00,-0.05,-0.75
17:7:36:976,3.98,0.22,-0.73
17:7:36:976,3.89,0.15,-0.77
17:7:36:993,3.97,0.00,-0.59
17:7:37:46,4.04,0.16,-0.47
17:7:37:46,4.08,0.18,-0.40
17:7:37:64,4.02,0.04,-0.35
17:7:37:64,4.23,0.12,-0.30
17:7:37:155,4.25,0.04,-0.19
17:7:37:262,4.03,0.02,-0.45
17:7:37:406,3.92,-0.25,-0.64
17:7:37:459,3.91,-0.74,-1.00
17:7:37:563,3.80,-1.39,-1.29
17:7:37:689,3.88,-2.16,-2.50
17:7:37:902,3.85,-1.07,-1.63
17:7:37:920,3.79,-0.06,-1.50
17:7:37:937,3.84,0.73,-0.23
17:7:37:990,3.98,1.73,0.39
17:7:38:59,3.91,1.51,0.28
17:7:38:59,3.87,1.14,-0.02
17:7:38:59,3.83,1.10,-0.20
17:7:38:76,3.75,0.97,-0.29
17:7:38:76,3.74,0.63,-0.74
17:7:38:76,3.64,0.20,-0.93
17:7:38:76,3.71,0.41,-0.98
17:7:38:238,3.69,0.36,-1.14
17:7:38:238,3.67,0.12,-1.24
17:7:38:238,3.42,0.02,-1.40
17:7:38:292,3.32,0.13,-1.40
17:7:38:292,3.35,0.39,-1.25
17:7:38:292,3.68,-0.12,-0.37
17:7:38:328,3.75,0.33,-0.80
17:7:38:328,4.83,1.14,1.55
17:7:38:418,4.72,0.29,-1.71
17:7:38:418,4.46,0.75,-0.36
17:7:38:418,4.07,0.12,-0.40
17:7:38:418,3.76,-0.32,-0.88
17:7:38:454,3.87,0.04,-0.55
17:7:38:454,3.97,0.11,-0.58
17:7:38:614,3.81,0.19,-0.59
17:7:38:614,3.97,0.12,-0.54
17:7:38:614,4.04,-0.05,-0.63
17:7:38:687,3.96,-0.07,-0.66
17:7:38:687,3.91,-0.10,-0.76
17:7:38:687,3.91,-0.05,-0.72
17:7:38:705,3.92,-0.08,-0.71
17:7:38:705,3.97,-0.05,-0.84
17:7:38:705,3.90,0.08,-0.84
17:7:38:705,3.90,0.02,-0.80
17:7:38:705,3.89,-0.01,-0.82
17:7:38:705,3.90,0.09,-0.82
17:7:38:722,3.90,0.08,-0.78
17:7:38:794,3.90,0.13,-0.76
17:7:38:830,3.91,0.11,-0.75
17:7:38:830,3.91,-0.05,-0.77
17:7:38:830,3.92,-0.05,-0.66
17:7:38:849,3.95,0.03,-0.73
17:7:38:867,3.89,0.01,-0.71
17:7:38:919,3.92,-0.01,-0.74
17:7:39:7,3.94,0.04,-0.74
17:7:39:24,3.97,-0.02,-0.71
17:7:39:24,4.01,-0.03,-0.70
17:7:39:24,4.01,-0.06,-0.71
17:7:39:24,3.97,-0.10,-0.75
17:7:39:24,3.96,0.04,-0.51
17:7:39:59,3.93,0.11,-0.53
17:7:39:59,3.91,-0.02,-0.49
17:7:39:59,3.88,-0.08,-0.54
17:7:39:60,3.92,0.09,-0.38
17:7:39:200,3.90,-0.02,-0.41
17:7:39:200,3.93,-0.12,-0.35
17:7:39:200,3.94,-0.06,-0.37
17:7:39:200,3.93,-0.02,-0.33
17:7:39:239,3.92,-0.05,-0.35
17:7:39:239,3.93,0.01,-0.33
17:7:39:377,3.94,0.03,-0.32
17:7:39:377,3.95,-0.02,-0.29
17:7:39:377,3.99,-0.01,-0.31
17:7:39:377,3.95,-0.02,-0.32
17:7:39:377,3.97,-0.08,-0.31
17:7:39:377,3.98,-0.00,-0.32
17:7:39:447,3.92,0.01,-0.33
17:7:39:447,4.01,0.02,-0.32
17:7:39:482,4.01,0.03,-0.28
17:7:39:500,3.98,0.00,-0.32
17:7:39:500,3.98,-0.06,-0.25
17:7:39:517,3.98,-0.08,-0.32
17:7:39:517,3.94,-0.01,-0.35
17:7:39:517,3.97,-0.01,-0.35
17:7:39:552,3.95,-0.05,-0.32
17:7:39:570,3.98,-0.02,-0.29
17:7:39:586,3.99,-0.02,-0.27
17:7:39:601,3.98,-0.03,-0.31
17:7:39:601,3.97,-0.04,-0.31
17:7:39:636,3.95,-0.04,-0.31
17:7:39:636,3.97,-0.02,-0.30
17:7:39:671,3.97,-0.03,-0.30
17:7:39:689,3.98,-0.01,-0.32
17:7:39:689,3.99,-0.06,-0.33
17:7:39:707,3.95,-0.05,-0.34
17:7:39:707,3.98,-0.04,-0.33
17:7:39:758,3.97,-0.01,-0.31
17:7:39:758,3.95,-0.04,-0.35
17:7:39:758,3.98,-0.07,-0.34
17:7:39:758,3.97,-0.04,-0.31
17:7:39:758,3.97,-0.07,-0.36
17:7:39:759,3.98,-0.06,-0.31
17:7:39:866,3.98,-0.05,-0.32
17:7:39:866,3.96,-0.05,-0.35
17:7:39:866,4.00,-0.07,-0.34
17:7:39:866,3.96,-0.09,-0.33
17:7:39:866,3.98,-0.08,-0.33
17:7:39:866,3.97,-0.05,-0.32
17:7:39:899,3.95,-0.08,-0.32
17:7:39:899,3.96,-0.10,-0.32
17:7:39:899,3.97,-0.09,-0.30
17:7:39:916,3.99,-0.07,-0.33
17:7:39:953,3.97,-0.07,-0.30
17:7:39:953,3.97,-0.09,-0.35
17:7:39:987,3.98,-0.09,-0.34
17:7:40:40,3.96,-0.07,-0.35
17:7:40:55,3.99,-0.08,-0.35
17:7:40:73,4.00,-0.07,-0.36
17:7:40:73,4.00,-0.06,-0.36
17:7:40:73,3.97,-0.09,-0.34
17:7:40:94,3.96,-0.14,-0.31
17:7:40:94,3.94,-0.11,-0.33
17:7:40:129,3.94,-0.09,-0.33
17:7:40:129,3.98,-0.10,-0.32
17:7:40:237,3.99,-0.09,-0.34
17:7:40:237,3.97,-0.09,-0.37
17:7:40:237,3.99,-0.06,-0.37
17:7:40:237,3.99,-0.09,-0.36
17:7:40:237,3.95,-0.07,-0.35
17:7:40:273,3.98,-0.08,-0.33
17:7:40:273,3.96,-0.11,-0.36
17:7:40:290,3.96,-0.08,-0.35
17:7:40:308,3.98,-0.09,-0.33
17:7:40:308,3.97,-0.10,-0.34
17:7:40:343,3.96,-0.11,-0.36
17:7:40:413,3.96,-0.09,-0.35
17:7:40:447,3.96,-0.10,-0.37
17:7:40:447,3.98,-0.07,-0.33
17:7:40:468,3.97,-0.08,-0.36
17:7:40:503,3.98,-0.12,-0.33
17:7:40:503,3.96,-0.11,-0.31
17:7:40:573,3.96,-0.10,-0.32
17:7:40:591,3.97,-0.11,-0.32
17:7:40:591,3.97,-0.11,-0.36
17:7:40:625,3.96,-0.11,-0.31
17:7:40:643,3.97,-0.11,-0.30
17:7:40:662,3.97,-0.08,-0.33
17:7:40:662,3.99,-0.09,-0.31
17:7:40:662,3.94,-0.10,-0.32
17:7:40:753,3.97,-0.11,-0.30
17:7:40:753,3.97,-0.10,-0.31
17:7:40:753,4.00,-0.06,-0.33
17:7:40:771,3.96,-0.09,-0.33
17:7:40:771,3.99,-0.11,-0.30
17:7:40:807,3.97,-0.09,-0.31
17:7:40:807,3.96,-0.09,-0.31
17:7:40:845,3.97,-0.10,-0.30
17:7:40:898,3.96,-0.11,-0.26
17:7:40:916,3.98,-0.10,-0.31
17:7:40:949,3.97,-0.09,-0.31
17:7:40:949,3.99,-0.11,-0.26
17:7:40:966,3.98,-0.08,-0.28
17:7:41:1,3.99,-0.09,-0.26
17:7:41:1,3.98,-0.06,-0.28
17:7:41:1,3.99,-0.03,-0.27
17:7:41:19,3.95,-0.11,-0.26
17:7:41:112,3.96,-0.12,-0.27
17:7:41:129,3.96,-0.12,-0.19
17:7:41:147,3.98,-0.05,-0.28
17:7:41:182,3.98,-0.07,-0.26
17:7:41:183,4.00,-0.14,-0.22
17:7:41:202,3.97,-0.15,-0.22
17:7:41:203,3.98,-0.06,-0.18
17:7:41:221,3.98,-0.07,-0.22
17:7:41:221,3.98,-0.07,-0.19
17:7:41:237,3.99,-0.07,-0.23
17:7:41:308,4.01,-0.08,-0.25
17:7:41:308,4.04,0.00,-0.18
17:7:41:324,4.02,-0.03,-0.22
17:7:41:376,4.01,-0.01,-0.22
17:7:41:428,4.02,-0.01,-0.24
17:7:41:464,4.03,0.02,-0.20
17:7:41:499,4.05,-0.02,-0.19
17:7:41:608,4.08,-0.05,-0.17
17:7:41:626,4.18,0.03,-0.25
17:7:41:661,4.47,0.08,-0.50
17:7:41:697,4.47,0.30,-0.25
17:7:41:733,4.87,0.33,-0.34
17:7:41:751,5.20,0.08,-0.79
17:7:41:857,6.27,0.31,-0.65
17:7:41:892,5.69,-0.64,-1.30
17:7:41:892,4.44,-0.52,-1.64
17:7:41:909,2.87,1.07,-2.29
17:7:41:927,1.92,1.23,-2.29
17:7:41:944,1.99,1.35,-2.44
17:7:41:944,2.45,1.23,-1.88
17:7:42:14,2.80,1.33,-1.21
17:7:42:14,3.24,1.23,-0.75
17:7:42:14,3.83,1.08,-0.29
17:7:42:14,4.70,1.02,-0.02
17:7:42:14,4.77,0.79,0.14
17:7:42:32,4.90,0.09,0.08
17:7:42:50,4.98,-0.11,0.23
17:7:42:66,4.87,-0.16,0.64
17:7:42:66,4.65,-0.51,0.74
17:7:42:100,4.41,-0.67,1.12
17:7:42:187,4.57,-1.07,1.19
17:7:42:204,4.59,-1.31,1.29
17:7:42:204,4.91,-2.55,1.85
17:7:42:293,4.97,-3.71,1.70
17:7:42:293,4.43,-0.35,-1.03
17:7:42:294,6.74,2.30,0.25
17:7:42:328,4.33,0.09,-0.68
17:7:42:398,4.25,-1.49,0.56
17:7:42:398,4.31,-1.13,-0.07
17:7:42:433,3.81,-0.30,-0.08
17:7:42:486,3.70,0.22,-0.09
17:7:42:556,4.10,-0.04,-0.62
17:7:42:575,3.90,-0.90,-0.78
17:7:42:592,3.95,-0.54,-0.60
17:7:42:610,3.93,-0.16,-0.36
17:7:42:610,4.01,-0.34,-0.51
17:7:42:646,3.94,-0.47,-0.63
17:7:42:646,3.85,-0.38,-0.65
17:7:42:646,3.91,-0.22,-0.71
17:7:42:663,4.01,-0.74,-0.50
17:7:42:663,3.96,-0.42,-0.26
17:7:42:663,4.05,-0.33,-0.51
17:7:42:699,4.25,-0.28,-0.73
17:7:42:716,4.24,-0.27,-0.61
17:7:42:753,4.65,-0.70,-0.43
17:7:42:787,4.53,-0.97,-0.28
17:7:42:787,4.96,-0.81,-0.31
17:7:42:805,5.59,-0.19,0.06
17:7:42:821,5.80,-0.26,-0.06
17:7:42:822,6.05,-0.16,-0.56
17:7:42:822,7.01,0.12,-0.91
17:7:42:858,8.00,0.60,-2.13
17:7:42:858,8.00,0.40,-5.07
17:7:42:929,8.00,0.98,-3.22
17:7:42:947,6.47,-0.35,-3.15
17:7:42:947,4.65,1.83,-4.77
17:7:42:965,2.06,-2.16,-1.78
17:7:42:981,-0.09,2.33,0.24
17:7:42:983,0.16,0.95,-2.21
17:7:43:1,-0.76,2.02,-1.37
17:7:43:19,0.68,0.36,-2.29
17:7:43:37,1.26,-0.17,-1.63
17:7:43:89,2.20,0.20,-1.30
17:7:43:111,3.21,0.64,-1.26
17:7:43:128,4.49,0.43,-0.61
17:7:43:162,6.02,-0.08,-1.45
17:7:43:179,7.94,-0.32,-1.18
17:7:43:218,8.00,-2.08,-0.89
17:7:43:218,8.00,-4.90,0.71
17:7:43:218,8.00,-6.39,2.24
17:7:43:290,8.00,-8.00,4.73
17:7:43:290,7.47,-7.27,7.51
17:7:43:327,8.00,-5.80,6.54
17:7:43:345,6.09,8.00,-5.32
17:7:43:362,8.00,0.53,6.12
17:7:43:464,5.88,-3.41,-2.16
17:7:43:482,3.29,-4.34,-1.48
17:7:43:500,4.32,-1.12,-0.35
17:7:43:516,3.40,-0.49,-0.15
17:7:43:516,3.87,0.07,-0.44
17:7:43:533,3.48,1.30,-0.33
17:7:43:533,3.92,-0.84,-1.26
17:7:43:549,3.83,-1.10,-0.83
17:7:43:569,3.93,-0.05,-0.52
17:7:43:624,4.04,0.24,-0.41
17:7:43:624,3.80,-0.86,-1.24
17:7:43:624,3.81,-0.54,-0.54
17:7:43:642,3.84,0.26,0.53
17:7:43:660,3.84,-0.54,-0.84
17:7:43:660,3.98,-0.58,-0.73
17:7:43:660,4.40,-0.44,-0.39
17:7:43:660,4.76,-0.33,-0.94
17:7:43:695,5.46,-0.02,-0.39
17:7:43:695,5.86,-0.21,0.05
17:7:43:713,5.87,-0.30,-0.23
17:7:43:713,6.12,-0.10,-0.63
17:7:43:732,6.96,-0.10,-1.06
17:7:43:732,8.00,0.75,-2.53
17:7:43:747,8.00,0.71,-4.97
17:7:43:800,8.00,1.46,-3.53
17:7:43:834,6.46,0.19,-3.17
17:7:43:872,5.23,2.83,-5.39
17:7:43:872,0.33,-2.67,-0.55
17:7:43:872,-2.19,2.77,2.25
17:7:43:889,1.88,-0.75,-2.56
17:7:43:907,-1.02,-0.05,-3.06
17:7:43:907,-0.37,1.32,-2.58
17:7:43:907,0.63,0.87,-1.68
17:7:43:976,1.82,0.90,-1.32
17:7:44:12,3.02,0.97,-1.51
17:7:44:64,4.02,1.65,-1.19
17:7:44:83,6.06,1.56,-1.31
17:7:44:101,8.00,0.50,-1.09
17:7:44:101,8.00,-2.66,-0.64
17:7:44:117,8.00,-7.20,0.61
17:7:44:176,8.00,-8.00,1.89
17:7:44:192,8.00,-8.00,8.00
17:7:44:195,8.00,-7.96,3.39
17:7:44:195,3.48,8.00,-8.00
17:7:44:213,8.00,2.19,-2.52
17:7:44:231,3.27,-0.96,-1.47
17:7:44:231,2.74,-4.35,-1.46
17:7:44:266,3.60,-0.66,0.61
17:7:44:283,3.87,-0.35,-0.16
17:7:44:352,3.98,-0.39,-0.30
17:7:44:368,4.07,0.42,-0.30
17:7:44:370,3.75,-0.17,-0.64
17:7:44:387,3.93,-1.00,-1.13
17:7:44:388,3.79,-0.27,-0.64
17:7:44:405,4.00,0.28,-0.36
17:7:44:440,3.93,-0.15,-0.66
17:7:44:440,3.85,-0.60,-1.17
17:7:44:493,3.87,-0.12,-0.59
17:7:44:509,4.05,-0.08,-0.42
17:7:44:526,4.09,-0.40,-0.95
17:7:44:560,4.02,-0.16,-1.26
17:7:44:577,4.32,-0.40,-1.16
17:7:44:593,4.92,-0.62,-0.69
17:7:44:647,5.36,-1.04,-0.96
17:7:44:721,6.32,-0.49,-0.05
17:7:44:721,6.55,0.36,0.07
17:7:44:737,7.03,0.15,-0.99
17:7:44:738,8.00,0.88,-2.30
17:7:44:756,8.00,1.67,-4.57
17:7:44:756,8.00,0.44,-1.42
17:7:44:773,6.27,1.32,-2.18
17:7:44:827,6.02,1.87,-5.16
17:7:44:828,-0.70,-1.93,-3.00
17:7:44:864,2.12,2.09,0.01
17:7:44:899,-0.24,0.83,-0.84
17:7:44:919,-1.05,3.11,-0.91
17:7:44:936,0.26,0.29,-2.38
17:7:44:936,0.40,0.68,-1.47
17:7:44:971,1.70,0.94,-1.78
17:7:44:989,2.94,1.13,-1.30
17:7:45:76,4.19,0.82,-1.15
17:7:45:97,6.08,0.81,-1.27
17:7:45:115,8.00,0.03,-1.03
17:7:45:115,8.00,-3.09,-0.61
17:7:45:133,8.00,-6.43,1.48
17:7:45:237,8.00,-8.00,2.01
17:7:45:254,8.00,-8.00,6.22
17:7:45:254,8.00,-7.51,7.12
17:7:45:288,5.41,-3.18,-0.45
17:7:45:345,5.26,8.00,-8.00
17:7:45:345,4.88,-2.03,3.19
17:7:45:365,5.48,-1.37,-2.06
17:7:45:435,3.28,-2.70,0.42
17:7:45:452,6.20,-1.47,-0.15
17:7:45:472,3.79,-0.87,-0.69
17:7:45:490,3.59,0.71,0.12
17:7:45:508,3.61,-0.34,-0.64
17:7:45:508,3.82,-1.12,-0.75
17:7:45:524,3.76,-0.27,-0.63
17:7:45:543,3.85,-0.02,-0.54
17:7:45:543,3.85,-0.22,-0.50
17:7:45:598,3.80,-0.68,-1.00
17:7:45:632,3.76,-0.49,-0.79
17:7:45:632,4.09,0.09,-0.44
17:7:45:649,4.13,-0.00,-0.51
17:7:45:667,4.11,-0.04,-0.47
17:7:45:687,4.59,-0.42,-1.01
17:7:45:705,4.87,-0.61,-0.99
17:7:45:705,4.93,-0.43,-0.68
17:7:45:722,6.01,-0.23,0.17
17:7:45:757,6.04,-0.06,-0.10
17:7:45:794,6.02,-0.25,-0.64
17:7:45:811,7.15,-0.15,-1.09
17:7:45:828,8.00,1.19,-2.84
17:7:45:848,8.00,1.91,-2.58
17:7:45:848,8.00,0.78,-3.26
17:7:45:902,6.10,-1.47,-3.19
17:7:45:938,2.23,-0.59,-3.78
17:7:45:973,0.86,1.10,-1.50
17:7:45:990,0.22,2.22,0.08
17:7:46:46,-0.63,1.05,-1.36
17:7:46:46,-0.38,0.72,-2.14
17:7:46:63,0.38,0.02,-2.34
17:7:46:81,1.30,0.14,-2.10
17:7:46:81,2.38,0.13,-2.10
17:7:46:117,3.63,0.14,-1.88
17:7:46:151,5.54,-0.48,-1.87
17:7:46:186,8.00,-0.92,-0.57
17:7:46:186,8.00,-2.86,0.87
17:7:46:186,8.00,-5.38,2.27
17:7:46:257,8.00,-6.80,4.30
17:7:46:310,8.00,-8.00,6.94
17:7:46:328,8.00,-4.57,8.00
17:7:46:346,4.18,-0.22,-2.26
17:7:46:346,6.17,6.50,-7.19
17:7:46:364,2.35,-3.34,-0.62
17:7:46:364,6.63,-2.29,-0.94
17:7:46:402,4.40,-1.17,-0.45
17:7:46:420,3.62,0.19,-0.37
17:7:46:437,3.47,0.39,-0.51
17:7:46:509,3.96,0.93,-0.13
17:7:46:509,3.72,-0.75,-1.25
17:7:46:545,3.66,-0.80,-1.03
17:7:46:562,3.96,0.14,-0.65
17:7:46:563,3.81,-0.21,-0.72
17:7:46:580,3.82,-0.49,-0.79
17:7:46:598,3.87,-0.05,-0.59
17:7:46:704,4.03,-0.17,-0.82
17:7:46:722,3.99,-0.05,-0.87
17:7:46:722,4.16,0.14,-0.67
17:7:46:757,4.14,0.05,-0.77
17:7:46:757,4.15,-0.08,-0.68
17:7:46:775,4.18,0.00,-0.39
17:7:46:793,4.46,-0.31,-0.45
17:7:46:793,4.41,-0.58,-0.75
17:7:46:845,5.08,-0.59,-0.02
17:7:46:862,5.89,-0.28,-0.59
17:7:46:880,6.58,-0.52,-1.19
17:7:46:913,7.79,0.19,-1.11
17:7:46:915,8.00,1.23,-1.37
17:7:46:931,7.53,2.77,-0.96
17:7:46:980,3.69,0.50,-0.14
17:7:47:51,1.48,-0.22,-1.08
17:7:47:51,-1.22,1.42,-3.73
17:7:47:69,-0.04,2.02,-1.50
17:7:47:86,0.17,1.49,-1.33
17:7:47:86,0.99,1.49,-1.47
17:7:47:104,2.28,0.44,-2.51
17:7:47:142,3.32,-0.18,-2.02
17:7:47:159,4.36,-0.20,-1.58
17:7:47:195,4.89,-0.22,-2.07
17:7:47:232,5.84,-0.27,-2.91
17:7:47:391,6.61,-0.86,-3.65
17:7:47:445,6.98,-2.03,-4.28
17:7:47:553,6.82,-3.40,-5.28
17:7:47:696,4.69,-5.17,-6.18
17:7:47:839,3.94,-6.29,-5.30
17:7:47:963,4.23,-5.80,-3.10
17:7:48:232,5.46,-7.32,-1.74
17:7:48:353,3.86,-3.90,-3.81
17:7:48:389,4.31,2.07,1.21
17:7:48:409,6.14,-0.12,1.61
17:7:48:585,3.75,0.12,0.38
17:7:48:691,4.42,-0.37,-0.87
17:7:48:709,3.88,-0.11,-0.35
17:7:48:762,4.25,0.29,-0.55
17:7:48:762,4.01,0.14,-0.56
17:7:48:762,4.05,0.16,0.02
17:7:48:886,4.20,0.06,-0.19
17:7:48:886,4.00,0.07,-0.33
17:7:48:957,4.11,-0.07,-0.45
17:7:48:957,4.00,-0.08,-0.08
17:7:49:13,4.04,-0.20,-0.34
17:7:49:495,3.93,-0.48,-0.28
17:7:49:495,4.04,-0.34,-0.33
17:7:49:495,4.01,-0.36,-0.30
17:7:49:495,3.96,-0.30,-0.47
17:7:49:495,4.10,-0.55,-0.50
17:7:49:495,3.92,-0.37,-0.34
17:7:49:584,4.03,-0.17,-0.27
17:7:49:584,3.98,-0.37,-0.33
17:7:49:584,3.89,-0.40,-0.22
17:7:49:584,3.91,-0.41,-0.10
17:7:49:584,3.92,-0.29,0.12
17:7:49:676,4.09,-0.18,-0.07
17:7:49:676,4.08,-0.14,-0.04
17:7:49:676,4.15,-0.16,0.12
17:7:49:676,4.33,-0.35,-0.25
17:7:49:676,4.68,-0.12,-0.51
17:7:49:676,4.69,0.45,-0.26
17:7:49:819,4.50,0.60,-0.18
17:7:49:819,4.89,0.08,-0.29
17:7:49:819,4.90,0.76,0.34
17:7:49:922,4.35,0.29,0.17
17:7:49:922,3.09,1.25,-1.37
17:7:49:993,2.65,0.43,-2.39
17:7:49:993,2.51,-0.17,-1.86
17:7:49:993,2.80,-0.10,-1.39
17:7:49:993,2.88,0.32,-0.64
17:7:49:993,3.41,0.15,0.15
17:7:50:191,4.07,-0.91,0.64
17:7:50:191,4.61,-1.96,0.45
17:7:50:210,4.60,-3.40,-0.03
17:7:50:210,4.31,-3.51,0.10
17:7:50:227,3.99,-2.71,-0.01
17:7:50:387,4.90,-4.86,2.71
17:7:50:387,3.05,0.90,2.73
17:7:50:387,3.67,1.16,0.66
17:7:50:387,4.89,-0.02,0.28
17:7:50:387,3.92,-0.49,-0.27
17:7:50:533,4.01,-0.77,-0.27
17:7:50:533,3.99,0.51,0.02
17:7:50:533,4.09,0.04,-0.37
17:7:50:533,3.95,-0.22,-0.24
17:7:50:674,4.01,-0.08,-0.32
17:7:50:726,4.00,-0.16,-0.27
17:7:50:726,3.98,-0.17,-0.38
17:7:50:921,3.97,-0.29,-0.27
17:7:50:921,3.93,-0.42,-0.25
17:7:50:921,3.98,-0.28,-0.28
17:7:50:921,3.98,-0.23,-0.40
17:7:50:921,3.98,-0.18,-0.37
17:7:50:973,4.00,-0.15,-0.29
17:7:50:973,4.01,-0.23,-0.39
17:7:50:973,4.04,-0.17,-0.41
17:7:51:9,3.98,-0.07,-0.33
17:7:51:9,4.00,-0.11,-0.40
17:7:51:9,3.97,-0.32,-0.42
17:7:51:27,3.98,-0.29,-0.40
17:7:51:27,3.95,-0.21,-0.35
17:7:51:27,3.95,-0.30,-0.38
17:7:51:27,3.95,-0.27,-0.37
17:7:51:27,3.96,-0.20,-0.36
17:7:51:27,3.95,-0.12,-0.33
17:7:51:115,3.99,-0.17,-0.36
17:7:51:115,3.98,-0.19,-0.37
17:7:51:115,3.99,-0.17,-0.34
17:7:51:115,3.98,-0.20,-0.34
17:7:51:115,4.00,-0.19,-0.36
17:7:51:115,3.96,-0.12,-0.43
17:7:51:115,3.97,-0.15,-0.35
17:7:51:189,4.01,-0.22,-0.34
17:7:51:189,3.93,-0.19,-0.32
17:7:51:189,3.99,-0.18,-0.34
17:7:51:189,3.98,-0.13,-0.36
17:7:51:189,3.96,-0.20,-0.33
17:7:51:189,3.93,-0.24,-0.31
17:7:51:189,3.96,-0.21,-0.31
17:7:51:259,3.97,-0.17,-0.31
17:7:51:259,3.97,-0.15,-0.33
17:7:51:259,3.98,-0.17,-0.35
17:7:51:259,4.00,-0.16,-0.30
17:7:51:259,3.94,-0.22,-0.30
17:7:51:259,3.96,-0.23,-0.30
17:7:51:259,3.96,-0.20,-0.28
17:7:51:294,3.98,-0.19,-0.30
17:7:51:294,4.00,-0.14,-0.34
17:7:51:294,3.97,-0.11,-0.32
17:7:51:294,4.00,-0.21,-0.30
17:7:51:294,3.96,-0.20,-0.29
17:7:51:294,3.96,-0.16,-0.32
17:7:51:433,3.95,-0.18,-0.32
17:7:51:433,3.99,-0.15,-0.30
17:7:51:433,3.98,-0.15,-0.31
17:7:51:433,3.99,-0.09,-0.30
17:7:51:433,3.95,-0.06,-0.33
17:7:51:433,3.97,-0.15,-0.31
17:7:51:433,3.98,-0.15,-0.36
17:7:51:468,4.01,-0.10,-0.32
17:7:51:468,3.98,-0.10,-0.33
17:7:51:468,4.01,-0.13,-0.35
17:7:51:468,3.96,-0.15,-0.26
17:7:51:468,3.97,-0.20,-0.32
17:7:51:468,3.96,-0.19,-0.30
17:7:51:468,3.98,-0.18,-0.30
17:7:51:555,4.01,-0.16,-0.29
17:7:51:555,3.99,-0.14,-0.34
17:7:51:605,3.99,-0.18,-0.26
17:7:51:642,3.98,-0.17,-0.26
17:7:51:660,3.99,-0.15,-0.24
17:7:51:660,4.00,-0.20,-0.26
17:7:51:660,3.99,-0.14,-0.31
17:7:51:660,3.98,-0.18,-0.23
17:7:51:660,3.97,-0.15,-0.24
17:7:51:660,3.99,-0.17,-0.22
17:7:51:942,3.94,-0.13,-0.19
17:7:51:942,3.98,-0.13,-0.27
17:7:51:942,4.01,-0.18,-0.27
17:7:51:942,4.01,-0.12,-0.23
17:7:51:942,4.04,-0.10,-0.24
17:7:51:942,4.06,-0.13,-0.27
17:7:52:52,4.05,-0.13,-0.24
17:7:52:52,4.13,-0.03,-0.29
17:7:52:52,4.21,0.11,-0.33
17:7:52:52,4.43,0.05,-0.37
17:7:52:52,4.69,0.16,-0.28
17:7:52:52,5.17,0.03,-0.56
17:7:52:155,5.82,-0.15,-1.71
17:7:52:155,6.76,0.49,-1.13
17:7:52:157,5.69,-0.53,-1.59
17:7:52:157,4.16,-0.33,-2.38
17:7:52:157,2.21,1.67,-2.09
17:7:52:157,1.59,1.78,-2.86
17:7:52:157,1.60,1.38,-2.42
17:7:52:157,1.96,1.54,-1.74
17:7:52:157,2.51,1.63,-1.02
17:7:52:354,3.29,1.54,-0.48
17:7:52:354,3.97,1.09,-0.25
17:7:52:354,4.56,0.50,-0.08
17:7:52:354,5.05,0.03,-0.05
17:7:52:444,5.33,-0.47,-0.08
17:7:52:498,5.35,-1.05,0.21
17:7:52:516,5.05,-1.51,0.76
17:7:52:516,4.69,-1.41,1.82
17:7:52:516,4.97,-1.57,2.27
17:7:52:657,5.35,-2.70,3.21
17:7:52:657,5.56,-4.38,2.76
17:7:52:657,4.00,0.12,-3.02
17:7:52:710,5.77,3.00,0.22
17:7:52:710,3.07,0.61,-0.50
17:7:52:710,4.51,-2.05,0.61
17:7:52:729,4.56,-0.84,-0.35
17:7:52:729,3.82,-0.69,-0.20
17:7:52:729,3.32,0.31,0.24
17:7:52:729,4.02,-0.23,-0.43
17:7:52:729,3.79,-0.91,-0.88
17:7:52:729,3.87,-0.61,-0.82
17:7:52:729,4.01,-0.08,-0.44
17:7:52:814,3.95,-0.43,-0.50
17:7:52:814,3.84,-0.51,-0.70
17:7:52:848,3.88,-0.38,-0.62
17:7:52:848,3.98,-0.35,-0.48
17:7:52:848,4.42,-1.01,-1.08
17:7:52:848,4.13,-0.40,-0.69
17:7:52:848,4.26,-0.16,-0.39
17:7:52:848,4.21,-0.33,-0.68
17:7:52:885,4.15,-0.18,-0.70
17:7:52:900,4.23,-0.40,-0.47
17:7:52:920,4.51,-0.94,-0.65
17:7:52:920,4.57,-0.57,-0.61
17:7:52:920,5.03,-0.97,-1.06
17:7:52:920,5.88,-0.10,-0.16
17:7:52:920,6.11,-0.06,0.40
17:7:52:920,7.02,0.10,-0.63
17:7:52:921,7.83,0.68,-1.76
17:7:52:921,8.00,1.49,-2.59
17:7:52:921,8.00,2.03,-2.91
17:7:52:921,8.00,1.15,-2.12
17:7:52:921,6.65,-0.32,-4.08
17:7:52:921,2.86,-0.06,-3.03
17:7:52:921,0.24,-0.38,0.36
17:7:52:995,-0.28,0.52,-2.22
17:7:52:995,-0.35,2.35,-1.22
17:7:52:995,-0.63,0.98,-1.83
17:7:52:995,0.17,0.44,-1.89
17:7:52:995,0.88,0.56,-2.06
17:7:52:995,2.05,0.47,-1.92
17:7:52:995,3.23,0.59,-1.27
17:7:53:31,4.88,0.31,-1.55
17:7:53:48,7.15,0.52,-1.35
17:7:53:48,8.00,-0.55,-1.00
17:7:53:48,8.00,-3.27,-0.18
17:7:53:48,8.00,-6.38,1.47
17:7:53:48,8.00,-8.00,3.05
17:7:53:48,8.00,-8.00,6.77
17:7:53:48,8.00,-6.35,7.63
17:7:53:102,7.03,8.00,-7.00
17:7:53:102,7.12,0.21,7.14
17:7:53:102,6.46,-0.96,-2.28
17:7:53:102,1.98,-4.79,-1.64
17:7:53:102,6.58,-1.84,-0.35
17:7:53:157,3.35,0.04,0.78
17:7:53:157,3.89,0.33,-0.17
17:7:53:192,3.93,0.46,-0.52
17:7:53:210,3.95,-0.94,-1.51
17:7:53:210,3.45,-0.71,-1.01
17:7:53:210,3.89,0.39,0.04
17:7:53:210,3.99,0.15,-0.26
17:7:53:210,3.87,-0.76,-0.89
17:7:53:373,3.90,-0.35,-0.56
17:7:53:373,4.13,0.04,-0.41
17:7:53:373,4.06,-0.02,-1.05
17:7:53:426,4.33,-0.08,-0.36
17:7:53:443,4.58,-0.45,-0.53
17:7:53:443,4.63,-0.80,-0.78
17:7:53:443,5.46,-0.60,-0.52
17:7:53:444,5.65,-0.08,-0.17
17:7:53:552,5.80,-0.23,-0.12
17:7:53:587,6.04,-0.53,-0.41
17:7:53:614,6.89,-0.13,-1.16
17:7:53:633,8.00,0.60,-2.87
17:7:53:688,8.00,1.60,-3.68
17:7:53:688,8.00,1.47,-3.28
17:7:53:741,7.27,-0.04,-3.65
17:7:53:758,4.98,2.67,-4.40
17:7:53:777,1.29,-1.20,-0.50
17:7:53:813,-0.47,1.81,0.66
17:7:53:813,0.35,-0.14,-1.32
17:7:53:830,-0.22,0.88,-2.26
17:7:53:830,-0.24,0.17,-2.26
17:7:53:831,0.53,0.61,-1.19
17:7:53:905,1.45,0.72,-1.21
17:7:53:923,2.39,0.53,-1.56
17:7:53:923,3.54,0.92,-1.39
17:7:53:923,4.97,0.75,-1.73
17:7:53:923,7.62,0.69,-1.76
17:7:53:923,8.00,-0.98,-1.15
17:7:53:923,8.00,-5.24,0.36
17:7:53:923,8.00,-8.00,2.13
17:7:53:923,8.00,-8.00,6.37
17:7:53:923,8.00,-8.00,8.00
17:7:53:939,3.83,-0.27,-4.46
17:7:53:975,6.18,8.00,-7.87
17:7:54:80,2.48,-2.31,1.06
17:7:54:80,6.96,-4.00,-2.74
17:7:54:80,1.79,-0.38,0.70
17:7:54:80,4.13,-0.01,0.04
17:7:54:99,3.68,0.06,-0.04
17:7:54:137,4.18,0.51,-0.19
17:7:54:137,4.10,-0.27,-0.96
17:7:54:264,3.83,-1.02,-1.46
17:7:54:264,3.55,-0.32,-0.90
17:7:54:264,3.88,0.46,-0.12
17:7:54:282,3.86,0.14,-0.23
17:7:54:299,3.88,-0.86,-0.96
17:7:54:299,3.94,-0.45,-0.68
17:7:54:335,4.12,0.10,-0.32
17:7:54:335,4.10,-0.06,-0.81
17:7:54:388,4.28,-0.19,-0.50
17:7:54:477,4.66,-0.29,-0.61
17:7:54:477,4.74,-0.69,-0.73
17:7:54:496,5.34,-0.75,-0.28
17:7:54:530,5.64,-0.19,0.07
17:7:54:533,5.88,-0.02,-0.00
17:7:54:568,6.44,-0.25,-0.55
17:7:54:603,7.79,0.20,-1.75
17:7:54:603,8.00,1.12,-3.86
17:7:54:603,8.00,1.29,-1.60
17:7:54:603,8.00,-1.24,-2.71
17:7:54:619,6.57,-1.26,-4.01
17:7:54:637,0.02,1.31,-2.21
17:7:54:655,-0.32,3.93,0.54
17:7:54:655,0.43,2.36,-2.19
17:7:54:655,-0.86,0.39,-2.56
17:7:54:655,-0.16,-0.10,-2.54
17:7:54:655,1.10,0.11,-1.78
17:7:54:690,2.01,0.36,-1.24
17:7:54:708,2.80,0.50,-1.28
17:7:54:727,3.80,0.32,-1.45
17:7:54:799,5.04,0.41,-1.66
17:7:54:852,7.60,0.90,-0.92
17:7:54:852,8.00,-1.31,-0.59
17:7:54:852,8.00,-5.57,1.10
17:7:54:852,8.00,-8.00,2.95
17:7:54:869,7.67,-8.00,5.31
17:7:54:869,7.76,-7.40,8.00
17:7:54:869,7.63,-6.09,6.74
17:7:54:887,5.53,8.00,-5.40
17:7:54:887,8.00,1.12,6.05
17:7:54:904,7.37,-2.60,-2.65
17:7:54:905,1.20,-2.74,-0.36
17:7:54:971,6.11,-1.85,0.36
17:7:55:6,4.35,-1.34,-1.00
17:7:55:25,4.11,0.33,-0.76
17:7:55:42,3.64,0.67,-0.64
17:7:55:62,4.02,-0.85,-1.46
17:7:55:62,3.72,-0.81,-1.19
17:7:55:62,3.94,0.08,-0.60
17:7:55:115,3.89,0.27,-0.60
17:7:55:115,3.83,-0.71,-1.11
17:7:55:147,3.82,-0.23,-0.63
17:7:55:164,3.94,-0.40,-1.00
17:7:55:199,3.98,-0.09,-0.78
17:7:55:235,4.05,-0.41,-0.50
17:7:55:235,4.25,-0.49,-0.73
17:7:55:252,4.29,-0.49,-0.94
17:7:55:288,4.64,-0.60,-0.90
17:7:55:325,5.06,-0.40,-1.12
17:7:55:342,5.45,-0.29,-0.08
17:7:55:360,5.67,-0.10,0.05
17:7:55:377,6.46,-0.63,-0.88
17:7:55:430,8.00,0.16,-1.93
17:7:55:448,8.00,1.71,-3.02
17:7:55:500,8.00,1.26,-0.12
17:7:55:519,8.00,1.04,-1.27
17:7:55:554,5.27,-1.20,-3.40
17:7:55:554,0.24,0.87,-4.16
17:7:55:573,0.39,1.70,-2.62
17:7:55:591,0.32,2.62,-0.06
17:7:55:591,-0.51,1.27,-1.28
17:7:55:680,-0.28,0.53,-2.21
17:7:55:715,0.58,-0.25,-2.53
17:7:55:783,1.48,-0.77,-2.44
17:7:55:803,2.73,-0.71,-1.88
17:7:55:803,4.65,-0.48,-0.81
17:7:55:910,6.29,-1.85,-1.56
17:7:55:927,8.00,-3.60,0.60
17:7:55:945,8.00,-5.09,1.44
17:7:55:962,8.00,-5.08,3.13
17:7:55:980,8.00,-6.23,4.48
17:7:56:85,7.07,-4.58,7.11
17:7:56:103,7.33,-2.01,6.38
17:7:56:121,4.25,-0.28,-1.86
17:7:56:247,5.79,4.86,-0.40
17:7:56:266,8.00,-3.38,-0.49
17:7:56:283,3.52,-2.48,-1.58
17:7:56:283,1.30,-0.40,0.87
17:7:56:299,4.36,0.06,-1.05
17:7:56:299,3.68,0.30,-0.30
17:7:56:302,3.83,-0.28,-0.90
17:7:56:320,3.71,-0.45,-1.01
17:7:56:320,3.87,-0.37,-0.99
17:7:56:320,3.88,-0.01,-0.79
17:7:56:320,3.85,-0.40,-1.00
17:7:56:320,3.95,-0.09,-0.79
17:7:56:320,3.83,-0.21,-0.78
17:7:56:337,3.94,-0.12,-0.67
17:7:56:373,3.83,-0.12,-0.66
17:7:56:407,3.83,-0.56,-0.58
17:7:56:407,3.92,-0.61,-0.30
17:7:56:407,3.90,-0.41,-0.55
17:7:56:407,4.13,-0.47,-0.49
17:7:56:423,3.97,-0.60,-0.19
17:7:56:425,4.01,-0.66,-0.38
17:7:56:443,4.06,-0.73,-0.11
17:7:56:443,4.14,-0.23,-0.55
17:7:56:459,4.58,-0.14,-0.14
17:7:56:459,4.62,-0.71,-0.75
17:7:56:498,5.39,-0.57,-0.39
17:7:56:498,6.82,0.59,-0.53
17:7:56:498,6.34,0.37,-0.36
17:7:56:516,5.23,-0.73,-2.00
17:7:56:516,3.42,-2.22,-2.73
17:7:56:537,1.59,0.08,-3.44
17:7:56:572,1.58,0.22,-3.29
17:7:56:607,1.16,0.60,-1.88
17:7:56:643,1.80,0.85,-1.53
17:7:56:677,2.44,0.52,-1.07
17:7:56:695,3.39,0.12,-0.56
17:7:56:713,4.33,-0.08,-0.13
17:7:56:782,5.06,0.52,0.80
17:7:56:910,5.36,0.96,1.27
17:7:56:962,5.25,0.69,1.54
17:7:56:998,5.08,0.80,1.46
17:7:57:15,4.85,0.64,1.41
17:7:57:33,4.83,0.84,1.31
17:7:57:50,4.69,1.53,1.54
17:7:57:139,4.56,1.71,1.73
17:7:57:156,4.42,1.95,1.66
17:7:57:174,4.11,1.24,1.07
17:7:57:191,3.93,0.71,0.72
17:7:57:207,3.75,0.92,0.54
17:7:57:208,3.74,0.90,0.06
17:7:57:281,5.10,0.30,-0.10
17:7:57:281,4.70,0.79,0.09
17:7:57:334,3.83,-0.25,-0.74
17:7:57:334,3.96,-0.89,-0.92
17:7:57:351,4.05,-0.70,-0.51
17:7:57:351,4.01,-0.45,-0.64
17:7:57:351,3.90,0.12,-0.68
17:7:57:369,3.86,0.06,-0.98
17:7:57:388,4.07,-0.29,-0.89
17:7:57:406,4.06,-0.40,-0.84
17:7:57:406,4.01,-0.18,-0.80
17:7:57:406,3.87,0.02,-0.87
17:7:57:406,3.91,-0.08,-0.87
17:7:57:425,3.98,-0.12,-0.75
17:7:57:477,3.93,0.02,-0.75
17:7:57:493,3.90,0.04,-0.77
17:7:57:513,3.90,0.12,-0.79
17:7:57:513,3.88,0.28,-0.95
17:7:57:531,3.89,0.24,-0.81
17:7:57:531,3.86,0.36,-0.94
17:7:57:531,3.93,0.33,-0.78
17:7:57:550,3.95,0.38,-0.80
17:7:57:550,3.84,0.50,-0.75
17:7:57:566,3.93,0.59,-0.69
17:7:57:582,4.01,0.44,-0.71
17:7:57:582,4.09,0.46,-0.73
17:7:57:598,4.08,0.17,-0.68
17:7:57:600,3.98,0.08,-0.67
17:7:57:723,3.94,0.30,-0.65
17:7:57:776,4.08,0.11,-0.89
17:7:57:900,4.25,0.04,-0.86
17:7:57:956,4.13,-0.51,-0.66
17:7:57:956,3.90,-1.36,-1.20
17:7:57:956,3.82,-1.20,-1.54
17:7:57:991,4.02,-0.24,-0.79
17:7:58:41,4.04,0.99,0.32
17:7:58:41,4.04,1.12,-0.03
17:7:58:77,3.85,1.13,-0.01
17:7:58:96,3.77,0.83,-0.51
17:7:58:114,3.49,0.79,-0.92
17:7:58:114,3.32,0.80,-1.00
17:7:58:204,3.25,0.56,-1.31
17:7:58:204,3.30,0.53,-1.45
17:7:58:204,3.37,0.45,-1.42
17:7:58:204,3.51,0.19,-1.38
17:7:58:292,3.55,0.32,-1.37
17:7:58:292,3.74,0.18,-1.08
17:7:58:326,4.23,-0.04,-0.49
17:7:58:327,4.36,-0.17,-1.16
17:7:58:363,4.21,1.05,-0.41
17:7:58:380,4.05,0.29,-0.29
17:7:58:397,3.82,-0.04,-0.40
17:7:58:450,3.80,0.05,-0.94
17:7:58:485,3.89,0.12,-0.88
17:7:58:503,3.89,0.22,-1.03
17:7:58:558,3.90,0.18,-0.49
17:7:58:647,4.00,0.15,-0.36
17:7:58:682,4.01,0.04,-0.45
17:7:58:682,3.96,-0.10,-0.69
17:7:58:682,4.05,-0.14,-0.78
17:7:58:715,4.04,-0.19,-0.72
17:7:58:733,3.92,-0.18,-0.78
17:7:58:768,3.93,0.07,-0.73
17:7:58:859,3.89,-0.02,-0.73
17:7:58:892,3.93,-0.09,-0.77
17:7:58:983,3.88,-0.04,-0.72
17:7:59:108,3.86,0.06,-0.77
17:7:59:159,3.87,0.08,-0.73
17:7:59:176,3.93,0.05,-0.70
17:7:59:211,3.95,0.08,-0.78
17:7:59:211,3.95,0.21,-0.71
17:7:59:211,3.92,0.16,-0.70
17:7:59:230,3.94,0.05,-0.68
17:7:59:248,3.89,0.10,-0.67
17:7:59:333,3.97,0.11,-0.70
17:7:59:333,3.95,0.08,-0.70
17:7:59:368,4.03,-0.02,-0.65
17:7:59:404,3.96,-0.04,-0.70
17:7:59:404,4.00,0.05,-0.63
17:7:59:511,3.90,0.15,-0.51
17:7:59:548,3.98,0.13,-0.45
17:7:59:548,3.90,0.05,-0.55
17:7:59:566,3.88,0.09,-0.50
17:7:59:566,3.92,0.12,-0.30
17:7:59:669,3.97,0.02,-0.29
17:7:59:669,3.96,-0.00,-0.31
17:7:59:669,3.98,0.05,-0.14
17:7:59:687,3.92,0.12,-0.25
17:7:59:687,3.91,0.29,-0.25
17:7:59:687,3.93,0.31,-0.31
17:7:59:723,3.95,0.18,-0.19
17:7:59:849,3.98,0.09,-0.27
17:7:59:849,4.01,0.12,-0.15
17:7:59:849,3.93,0.00,-0.12
17:7:59:849,3.94,0.07,-0.11
17:7:59:850,3.95,0.01,-0.14
17:7:59:850,3.95,0.03,-0.08
17:7:59:884,3.94,0.13,-0.11
17:7:59:885,4.01,0.13,-0.22
17:7:59:922,3.99,0.00,-0.15
17:7:59:922,4.00,-0.02,-0.18
17:7:59:939,4.01,0.03,-0.25
17:7:59:975,3.98,0.03,-0.25
17:7:59:975,3.99,0.00,-0.16
17:8:0:42,3.96,-0.02,-0.19
17:8:0:42,3.97,-0.01,-0.17
17:8:0:93,3.97,0.01,-0.24
17:8:0:93,3.98,-0.01,-0.19
17:8:0:93,3.96,-0.05,-0.20
17:8:0:93,3.97,-0.08,-0.22
17:8:0:93,3.99,-0.05,-0.28
17:8:0:93,4.00,-0.03,-0.23
17:8:0:112,3.98,0.00,-0.23
17:8:0:112,4.02,-0.05,-0.24
17:8:0:183,3.98,-0.06,-0.26
17:8:0:183,4.00,-0.05,-0.30
17:8:0:183,4.01,0.05,-0.24
17:8:0:217,4.00,0.00,-0.29
17:8:0:235,4.04,-0.07,-0.21
17:8:0:235,3.99,-0.09,-0.25
17:8:0:235,3.98,-0.08,-0.24
17:8:0:253,4.00,-0.09,-0.20
17:8:0:253,3.96,-0.09,-0.19
17:8:0:253,3.97,-0.12,-0.23
17:8:0:253,3.97,-0.09,-0.24
17:8:0:271,4.02,-0.02,-0.23
17:8:0:289,3.97,-0.11,-0.22
17:8:0:307,3.97,-0.11,-0.20
17:8:0:343,3.97,-0.08,-0.19
17:8:0:376,4.01,-0.03,-0.20
17:8:0:378,3.97,-0.09,-0.19
17:8:0:395,3.98,-0.12,-0.23
17:8:0:395,3.98,-0.08,-0.20
17:8:0:395,4.00,-0.05,-0.23
17:8:0:432,3.99,-0.08,-0.21
17:8:0:432,3.98,-0.11,-0.23
17:8:0:450,3.97,-0.09,-0.17
17:8:0:468,3.97,-0.09,-0.24
17:8:0:558,3.99,-0.05,-0.24
17:8:0:558,3.99,-0.08,-0.24
17:8:0:558,3.97,-0.08,-0.19
17:8:0:611,3.99,-0.07,-0.22
17:8:0:612,3.99,-0.08,-0.22
17:8:0:630,3.99,-0.09,-0.24
17:8:0:648,3.99,-0.08,-0.22
17:8:0:718,4.00,-0.04,-0.23
17:8:0:718,3.98,-0.01,-0.21
17:8:0:734,4.00,-0.08,-0.23
17:8:0:768,3.99,-0.07,-0.22
17:8:0:801,3.96,-0.04,-0.22
17:8:0:837,4.00,-0.07,-0.26
17:8:0:923,3.98,-0.09,-0.27
17:8:0:924,3.98,-0.07,-0.19
17:8:0:924,4.00,-0.06,-0.22
17:8:0:924,3.99,-0.08,-0.20
17:8:0:924,3.99,-0.09,-0.23
17:8:0:977,3.98,-0.07,-0.19
17:8:0:977,3.97,-0.09,-0.21
17:8:0:995,3.99,-0.09,-0.23
17:8:1:31,3.98,-0.10,-0.25
17:8:1:83,3.97,-0.11,-0.21
17:8:1:101,4.00,-0.08,-0.24
17:8:1:135,3.99,-0.07,-0.23
17:8:1:153,3.98,-0.09,-0.23
17:8:1:171,3.99,-0.11,-0.23
17:8:1:188,3.98,-0.10,-0.20
17:8:1:241,3.99,-0.08,-0.22
17:8:1:281,3.98,-0.09,-0.22
17:8:1:281,3.98,-0.08,-0.22
17:8:1:281,4.02,-0.09,-0.24
17:8:1:299,4.02,-0.08,-0.22
17:8:1:316,3.98,-0.12,-0.24
17:8:1:334,3.99,-0.12,-0.26
17:8:1:334,3.98,-0.11,-0.23
17:8:1:351,3.99,-0.11,-0.24
17:8:1:351,4.00,-0.12,-0.23
17:8:1:351,3.98,-0.13,-0.23
17:8:1:370,3.97,-0.13,-0.25
17:8:1:370,3.99,-0.12,-0.19
17:8:1:444,4.01,-0.12,-0.24
17:8:1:444,3.96,-0.16,-0.19
17:8:1:462,4.00,-0.11,-0.21
17:8:1:479,4.04,-0.15,-0.24
17:8:1:479,4.03,0.16,-0.39
17:8:1:497,4.03,-0.03,-0.16
17:8:1:512,3.94,-0.42,-0.27
17:8:1:530,3.91,-0.24,-0.11
17:8:1:564,3.93,-0.23,0.02
17:8:1:617,3.89,-0.31,-0.14
17:8:1:654,3.98,-0.27,-0.20
17:8:1:654,3.98,-0.25,-0.19
17:8:1:672,3.96,-0.19,-0.18
17:8:1:689,3.99,-0.14,-0.30
17:8:1:707,4.00,-0.24,-0.25
17:8:1:726,3.94,-0.25,-0.21
17:8:1:726,3.97,-0.22,-0.22
17:8:1:779,3.94,-0.24,-0.28
17:8:1:865,3.97,-0.24,-0.31
17:8:1:884,3.93,-0.32,-0.04
17:8:1:918,3.82,-0.40,-0.27
17:8:1:954,3.96,-0.31,-0.36
17:8:1:989,4.07,-0.46,-0.62
17:8:2:25,4.06,-0.36,-0.50
17:8:2:42,4.07,-0.42,-0.58
17:8:2:60,4.02,-0.32,-0.58
17:8:2:78,4.00,-0.42,-0.47
17:8:2:113,3.95,-0.52,-0.42
17:8:2:132,3.94,-0.50,-0.47
17:8:2:186,3.91,-0.53,-0.45
17:8:2:204,3.93,-0.48,-0.34
17:8:2:256,3.97,-0.51,-0.41
17:8:2:274,4.00,-0.39,-0.44
17:8:2:274,3.93,-0.42,-0.52
17:8:2:292,4.00,-0.54,-0.49
17:8:2:345,3.94,-0.49,-0.55
17:8:2:363,4.01,-0.44,-0.47
17:8:2:398,4.05,-0.58,-0.42
17:8:2:434,4.16,-0.68,-0.36
17:8:2:503,4.16,-0.56,-0.26
17:8:2:540,4.30,-0.58,-0.43
17:8:2:540,4.46,-0.77,-0.44
17:8:2:558,4.60,-0.87,-0.55
17:8:2:558,5.16,-1.00,-0.70
17:8:2:593,5.93,-0.23,-0.22
17:8:2:611,6.99,-0.03,-0.42
17:8:2:611,7.61,0.03,-1.02
17:8:2:734,8.00,1.20,-1.48
17:8:2:752,8.00,1.64,-1.96
17:8:2:770,8.00,-0.15,-2.45
17:8:2:789,6.06,-2.83,-3.51
17:8:2:805,4.39,-0.10,-3.44
17:8:2:807,1.87,1.42,-2.19
17:8:2:822,0.71,3.61,-1.08
17:8:2:931,0.09,2.12,-1.65
17:8:2:931,0.12,1.46,-2.13
17:8:2:931,0.61,0.41,-2.23
17:8:2:931,1.48,0.45,-1.54
17:8:2:949,2.72,1.30,-0.96
17:8:2:966,3.71,0.94,-0.84
17:8:2:987,5.20,0.97,-0.84
17:8:3:21,7.23,0.46,-0.29
17:8:3:92,8.00,-2.46,-0.43
17:8:3:92,8.00,-5.81,1.00
17:8:3:92,8.00,-7.78,3.18
17:8:3:92,7.57,-8.00,4.87
17:8:3:126,6.87,-6.45,6.03
17:8:3:144,7.79,-5.71,6.77
17:8:3:162,4.91,4.48,-3.30
17:8:3:215,8.00,1.59,4.91
17:8:3:248,6.75,-4.50,-2.66
17:8:3:248,1.25,-1.08,-0.57
17:8:3:248,4.03,-1.28,-0.15
17:8:3:248,4.59,-0.94,-1.92
17:8:3:248,3.55,0.21,-0.55
17:8:3:285,4.07,-0.13,-0.44
17:8:3:285,3.57,-1.03,-0.99
17:8:3:303,4.00,-0.50,-0.49
17:8:3:338,3.84,-0.04,-0.52
17:8:3:372,4.00,-0.66,-0.92
17:8:3:393,3.95,-0.51,-0.74
17:8:3:393,4.05,-0.28,-0.49
17:8:3:428,3.90,-0.55,-0.87
17:8:3:446,4.10,-0.50,-0.69
17:8:3:446,4.27,-0.42,-0.31
17:8:3:463,4.32,-0.54,-0.45
17:8:3:463,4.54,-0.54,-0.75
17:8:3:463,5.01,-0.42,-0.69
17:8:3:499,5.74,-0.03,-0.30
17:8:3:532,5.47,-0.37,-0.21
17:8:3:532,5.69,-0.29,-0.29
17:8:3:548,6.19,-0.19,-0.74
17:8:3:604,7.60,-0.25,-2.26
17:8:3:622,8.00,0.21,-4.56
17:8:3:624,8.00,0.44,-1.04
17:8:3:641,8.00,0.01,-2.37
17:8:3:659,6.59,1.42,-3.98
17:8:3:677,2.50,1.99,-5.46
17:8:3:677,-0.13,1.09,1.89
17:8:3:713,-1.00,0.21,1.04
17:8:3:713,1.67,-1.28,-2.79
17:8:3:747,-0.92,1.30,-1.98
17:8:3:818,0.41,0.73,-2.24
17:8:3:853,1.12,0.75,-1.14
17:8:3:853,2.22,1.10,-0.73
17:8:3:872,3.61,1.48,-0.73
17:8:3:906,5.09,1.11,-1.45
17:8:3:909,7.51,0.98,-1.30
17:8:3:909,8.00,-0.42,-0.89
17:8:3:978,8.00,-3.92,-0.02
17:8:3:996,8.00,-7.51,1.71
17:8:3:996,8.00,-8.00,3.61
17:8:4:15,8.00,-8.00,8.00
17:8:4:32,7.88,-5.98,4.54
17:8:4:49,5.36,8.00,-4.26
17:8:4:49,8.00,0.54,5.15
17:8:4:67,6.47,-3.65,-2.45
17:8:4:154,3.09,-3.78,-0.52
17:8:4:172,5.61,-1.84,-0.59
17:8:4:172,4.01,-0.85,-0.61
17:8:4:190,3.89,0.02,-0.30
17:8:4:190,3.71,1.01,0.04
17:8:4:207,3.93,-0.46,-1.18
17:8:4:244,3.53,-1.16,-1.48
17:8:4:260,3.78,0.13,-0.49
17:8:4:260,3.97,0.51,-0.12
17:8:4:276,3.91,-0.25,-0.75
17:8:4:333,3.86,-0.62,-0.92
17:8:4:333,4.20,0.28,-0.50
17:8:4:351,4.07,0.16,-0.56
17:8:4:370,4.24,-0.33,-0.98
17:8:4:387,4.57,-0.29,-0.73
17:8:4:387,4.70,-0.73,-0.56
17:8:4:387,5.26,-0.50,-0.17
17:8:4:403,5.88,-0.06,0.07
17:8:4:420,5.73,-0.10,0.04
17:8:4:420,5.88,-0.03,0.01
17:8:4:509,6.17,-0.49,-0.97
17:8:4:527,7.55,-0.26,-2.58
17:8:4:527,8.00,1.18,-3.79
17:8:4:547,8.00,1.06,-2.08
17:8:4:547,7.46,0.81,-4.02
17:8:4:565,6.21,1.24,-3.62
17:8:4:600,3.09,0.43,-7.51
17:8:4:636,-0.72,0.12,3.43
17:8:4:690,-0.77,0.48,0.20
17:8:4:708,0.59,-2.06,-4.13
17:8:4:726,-0.96,1.86,-2.07
17:8:4:762,1.00,0.07,-1.83
17:8:4:762,2.01,1.13,-1.33
17:8:4:762,3.29,1.54,-1.31
17:8:4:797,4.20,1.14,-1.30
17:8:4:832,5.53,0.97,-1.49
17:8:4:902,8.00,1.41,-1.44
17:8:4:903,8.00,0.27,-1.10
17:8:4:940,8.00,-3.72,0.32
17:8:4:956,8.00,-8.00,0.74
17:8:4:958,7.67,-8.00,6.52
17:8:4:974,8.00,-8.00,7.78
17:8:4:993,7.86,-4.88,1.76
17:8:5:11,3.19,8.00,-8.00
17:8:5:49,8.00,1.36,0.40
17:8:5:66,3.40,-1.71,-1.61
17:8:5:85,2.97,-3.92,-0.88
17:8:5:102,3.71,-0.70,-0.15
17:8:5:136,4.21,-0.50,0.40
17:8:5:171,4.56,-0.18,-0.27
17:8:5:189,4.07,0.15,-0.79
17:8:5:225,3.74,-0.34,-0.68
17:8:5:243,3.92,-0.99,-1.12
17:8:5:279,3.78,-0.08,-0.58
17:8:5:280,3.91,0.17,-0.41
17:8:5:319,3.92,-0.52,-0.55
17:8:5:319,3.84,-0.67,-0.79
17:8:5:336,3.97,-0.09,-0.55
17:8:5:372,4.09,-0.18,-0.68
17:8:5:462,3.93,0.00,-1.21
17:8:5:462,4.61,-0.16,-0.71
17:8:5:462,4.71,-0.73,-0.96
17:8:5:479,4.92,-0.95,-0.94
17:8:5:496,6.20,-0.08,-0.36
17:8:5:514,6.10,0.30,0.36
17:8:5:601,6.41,-0.15,-0.21
17:8:5:601,6.86,-0.09,-0.79
17:8:5:620,8.00,0.61,-2.29
17:8:5:620,8.00,1.76,-4.27
17:8:5:637,8.00,1.00,-2.26
17:8:5:656,8.00,-1.70,-2.35
17:8:5:687,5.28,-0.20,-5.63
17:8:5:705,0.82,2.94,-1.82
17:8:5:759,0.85,2.49,-1.81
17:8:5:776,-0.82,3.21,-1.48
17:8:5:794,-0.20,0.68,-0.82
17:8:5:811,-0.04,0.45,-2.11
17:8:5:829,1.12,-0.01,-2.24
17:8:5:848,1.90,0.10,-1.76
17:8:5:865,3.11,0.25,-1.67
17:8:5:901,4.17,1.14,-1.13
17:8:5:919,6.18,1.57,-1.46
17:8:5:955,8.00,1.12,-1.00
17:8:5:991,8.00,-2.87,-0.88
17:8:6:9,8.00,-6.93,1.53
17:8:6:9,8.00,-8.00,3.80
17:8:6:26,8.00,-8.00,8.00
17:8:6:62,8.00,-6.88,5.41
17:8:6:98,4.30,2.66,-2.58
17:8:6:151,4.97,8.00,-2.39
17:8:6:191,3.68,0.40,5.46
17:8:6:191,8.00,-4.99,-1.09
17:8:6:191,3.84,-1.54,0.78
17:8:6:209,3.14,-0.06,-0.95
17:8:6:226,3.63,-0.15,-0.35
17:8:6:243,3.94,0.30,-0.30
17:8:6:279,3.95,-0.14,-0.60
17:8:6:352,3.88,-0.34,-1.25
17:8:6:370,3.71,-0.33,-1.03
17:8:6:370,3.81,0.04,-0.91
17:8:6:404,3.95,-0.01,-0.35
17:8:6:424,3.89,-0.35,-0.62
17:8:6:424,4.04,-0.36,-0.85
17:8:6:493,3.79,1.17,0.04
17:8:6:514,4.09,0.32,-0.17
17:8:6:530,4.13,-0.46,-0.62
17:8:6:530,4.21,-0.08,-0.57
17:8:6:548,4.38,-0.19,-0.58
17:8:6:565,4.60,-0.71,-0.71
17:8:6:583,4.75,-0.78,-0.25
17:8:6:618,5.20,-0.29,-0.00
17:8:6:670,5.49,-0.38,-0.11
17:8:6:688,6.38,-1.09,-1.05
17:8:6:707,8.00,-0.39,-1.56
17:8:6:741,8.00,1.74,-1.35
17:8:6:741,8.00,1.83,-0.75
17:8:6:775,7.88,0.74,-2.43
17:8:6:794,4.71,-0.50,-2.28
17:8:6:863,1.08,-1.45,-2.89
17:8:6:863,0.02,1.62,-1.79
17:8:6:863,-0.43,2.77,0.62
17:8:6:894,-0.63,2.15,-1.04
17:8:6:914,-0.13,1.33,-1.33
17:8:6:931,0.88,0.69,-1.82
17:8:6:949,2.00,0.42,-1.55
17:8:6:966,3.58,0.02,-0.77
17:8:7:21,5.26,0.60,0.24
17:8:7:21,7.44,-0.04,0.35
17:8:7:57,8.00,-2.05,0.84
17:8:7:93,8.00,-4.36,1.14
17:8:7:93,8.00,-7.26,-0.93
17:8:7:110,6.57,-7.91,-1.30
17:8:7:146,5.22,-6.77,0.49
17:8:7:254,5.17,-5.85,1.92
17:8:7:288,4.64,-4.55,1.92
17:8:7:446,3.35,1.56,-1.82
17:8:7:446,6.07,7.21,-1.97
17:8:7:463,7.44,-5.46,-1.91
17:8:7:498,3.23,0.79,1.37
17:8:7:627,3.46,-0.10,-0.70
17:8:7:645,4.64,-0.40,-0.65
17:8:7:680,3.94,0.37,0.62
17:8:7:753,4.28,0.15,-0.01
17:8:7:789,3.84,-0.11,-0.56
17:8:7:807,3.92,0.28,-0.47
17:8:7:807,3.95,0.25,-0.28
17:8:7:876,3.96,0.13,-0.51
17:8:7:894,4.02,0.14,-0.46
17:8:7:928,3.87,0.11,-0.40
17:8:8:1,3.91,-0.10,-0.57
17:8:8:1,3.95,0.11,-0.24
17:8:8:1,4.02,0.31,-0.42
17:8:8:36,3.99,0.05,-0.61
17:8:8:36,3.91,-0.10,-0.46
17:8:8:70,4.03,-0.16,-0.38
17:8:8:70,3.96,0.02,-0.46
17:8:8:105,3.96,-0.14,-0.48
17:8:8:105,3.95,-0.04,-0.29
17:8:8:140,4.09,-0.28,-0.39
17:8:8:247,4.22,0.02,-0.78
17:8:8:424,4.28,0.03,-0.76
17:8:8:461,4.35,-0.17,-0.28
17:8:8:550,4.36,-0.32,-0.25
17:8:8:657,4.90,0.24,-0.32
17:8:8:853,5.00,0.54,0.02
17:8:8:853,5.11,0.29,0.62
17:8:8:960,4.43,0.48,0.11
17:8:8:960,4.52,1.01,0.77
17:8:9:81,3.98,0.30,0.44
17:8:9:296,3.29,0.88,-0.59
17:8:9:480,3.09,0.24,-1.70
17:8:9:592,2.90,0.12,-1.48
17:8:9:592,3.13,0.47,-1.24
17:8:9:665,3.17,0.96,-1.13
17:8:9:823,3.39,1.25,-1.16
17:8:9:823,3.47,0.87,-1.68
17:8:11:104,3.71,0.37,-1.67
17:8:11:104,4.17,-0.32,-1.69
17:8:11:104,4.60,-0.69,-1.80
17:8:11:104,4.37,-1.61,-2.17
17:8:11:104,4.15,-2.66,-2.07
17:8:11:104,4.20,-3.52,-2.01
17:8:11:276,3.85,-3.81,-1.67
17:8:11:276,3.65,-3.16,-0.96
17:8:11:276,3.52,-2.08,-0.82
17:8:11:276,3.39,-2.78,0.01
17:8:11:437,3.35,-3.08,-0.77
17:8:11:475,3.76,0.09,0.59
17:8:11:742,5.02,0.95,0.56
17:8:11:742,4.25,0.82,0.39
17:8:11:742,3.95,-0.52,-0.60
17:8:11:742,3.88,-0.74,-0.55
17:8:11:832,4.09,0.07,-0.31
17:8:11:975,4.01,0.01,-0.38
17:8:11:975,4.06,-0.26,-0.57
17:8:11:975,4.10,-0.06,-0.59
17:8:11:975,4.00,-0.14,-0.52
17:8:11:975,3.97,-0.23,-0.65
17:8:11:975,3.97,-0.14,-0.61
17:8:11:975,3.89,-0.21,-0.53
17:8:11:975,3.92,-0.08,-0.45
17:8:11:975,3.95,-0.06,-0.54
17:8:11:975,3.95,-0.25,-0.62
17:8:12:29,3.93,-0.21,-0.57
17:8:12:29,3.96,-0.02,-0.56
17:8:12:29,3.95,-0.13,-0.51
17:8:12:29,3.93,-0.24,-0.55
17:8:12:29,3.87,-0.29,-0.55
17:8:12:187,3.97,-0.18,-0.47
17:8:12:187,3.99,-0.07,-0.53
17:8:12:362,4.02,-0.13,-0.52
17:8:12:362,3.97,-0.08,-0.41
17:8:12:362,4.02,-0.16,-0.43
17:8:12:362,3.92,-0.14,-0.52
17:8:12:419,3.94,-0.25,-0.50
17:8:12:419,4.08,-0.08,-0.40
17:8:12:419,4.01,-0.03,-0.37
17:8:12:419,4.12,0.05,-0.36
17:8:12:419,4.07,0.00,-0.25
17:8:12:419,3.91,0.07,-0.29
17:8:12:524,3.98,0.07,-0.13
17:8:12:524,4.02,0.16,-0.03
17:8:12:524,3.97,0.04,-0.04
17:8:12:524,4.15,0.23,0.15
17:8:12:524,4.01,0.67,-0.11
17:8:12:524,3.83,0.71,-0.30
17:8:12:524,3.99,0.11,-0.13
17:8:12:524,3.80,-0.86,-0.42
17:8:12:666,3.57,-1.22,-1.19
17:8:12:666,3.73,-0.66,-0.57
17:8:12:666,3.98,-0.29,0.47
17:8:12:755,4.27,0.16,1.44
17:8:12:877,4.19,1.05,1.53
17:8:12:877,3.91,1.14,1.01
17:8:12:877,3.97,0.02,0.07
17:8:12:897,4.00,-0.40,-0.26
17:8:12:897,3.96,-0.04,-0.05
17:8:12:897,3.96,-0.01,0.12
17:8:12:988,3.97,0.32,0.07
17:8:12:988,4.03,0.17,-0.01
17:8:12:988,4.03,0.14,0.05
17:8:12:988,3.91,0.39,-0.06
17:8:12:988,4.02,0.01,-0.07
17:8:12:988,4.00,-0.29,0.01
17:8:12:988,4.02,-0.14,0.15
17:8:13:24,3.99,0.06,0.19
17:8:13:24,4.03,0.08,0.07
17:8:13:24,4.01,-0.02,-0.04
17:8:13:24,4.02,-0.08,0.00
17:8:13:24,4.04,-0.04,-0.05
17:8:13:40,4.04,0.01,-0.05
17:8:13:40,4.03,-0.02,-0.00
17:8:13:40,3.96,-0.11,-0.01
17:8:13:40,4.02,-0.05,-0.08
17:8:13:40,3.99,-0.10,-0.01
17:8:13:40,4.00,-0.15,-0.03
17:8:13:40,4.00,-0.10,-0.07
17:8:13:40,3.99,-0.03,-0.01
17:8:13:58,4.01,-0.02,-0.06
17:8:13:58,4.03,-0.20,-0.08
17:8:13:58,4.00,-0.13,-0.11
17:8:13:58,3.99,-0.10,-0.11
17:8:13:58,4.02,-0.14,-0.06
17:8:13:58,3.99,-0.22,-0.06
17:8:13:58,3.95,-0.17,-0.04
17:8:13:237,4.00,-0.13,-0.06
17:8:13:237,4.03,-0.23,-0.01
17:8:13:237,3.97,-0.25,-0.02
17:8:13:237,3.98,-0.21,-0.07
17:8:13:237,3.99,-0.13,-0.06
17:8:13:237,4.04,-0.18,-0.08
17:8:13:237,3.98,-0.22,-0.05
17:8:13:349,3.96,-0.21,-0.06
17:8:13:349,3.99,-0.20,-0.05
17:8:13:349,3.99,-0.23,-0.01
17:8:13:349,3.97,-0.23,-0.00
17:8:13:349,3.96,-0.25,-0.05
17:8:13:349,3.98,-0.21,-0.06
17:8:13:453,3.96,-0.22,-0.05
17:8:13:453,3.98,-0.24,-0.09
17:8:13:453,3.99,-0.19,-0.11
17:8:13:453,4.03,-0.14,-0.10
17:8:13:454,3.99,-0.21,-0.10
17:8:13:454,3.99,-0.18,-0.11
17:8:13:454,3.98,-0.11,-0.15
17:8:13:543,4.00,-0.12,-0.13
17:8:13:543,4.01,-0.19,-0.11
17:8:13:543,3.99,-0.17,-0.10
17:8:13:543,4.01,-0.17,-0.09
17:8:13:543,4.01,-0.14,-0.08
17:8:13:543,4.01,-0.19,-0.09
17:8:13:543,4.02,-0.16,-0.12
17:8:13:561,3.98,-0.15,-0.05
17:8:13:561,3.98,-0.19,-0.10
17:8:13:561,3.96,-0.19,-0.12
17:8:13:561,3.99,-0.16,-0.11
17:8:13:561,3.99,-0.16,-0.09
17:8:13:561,3.99,-0.17,-0.10
17:8:13:561,3.98,-0.15,-0.11
17:8:13:561,3.98,-0.17,-0.12
17:8:13:561,4.02,-0.14,-0.09
17:8:13:561,3.98,-0.17,-0.09
17:8:13:561,4.01,-0.16,-0.10
17:8:13:561,3.99,-0.18,-0.10
17:8:13:561,3.95,-0.18,-0.08
17:8:13:578,3.99,-0.19,-0.08
17:8:13:578,4.01,-0.24,-0.15
17:8:13:578,3.95,-0.28,-0.04
17:8:13:578,4.00,-0.18,0.04
17:8:13:578,3.96,-0.23,-0.04
17:8:13:578,4.01,-0.20,-0.11
17:8:13:578,3.99,-0.21,-0.07
17:8:13:614,3.97,-0.23,-0.08
17:8:13:614,3.99,-0.21,-0.11
17:8:13:614,3.99,-0.16,-0.12
17:8:13:614,3.97,-0.22,-0.12
17:8:13:614,4.03,-0.21,-0.13
17:8:13:614,3.96,-0.26,-0.12
17:8:13:614,3.97,-0.24,-0.11
17:8:13:632,3.97,-0.19,-0.14
17:8:13:632,3.96,-0.35,-0.10
17:8:13:632,3.91,-0.38,-0.07
17:8:13:632,3.89,-0.25,0.01
17:8:13:632,3.93,-0.24,-0.25
17:8:13:632,3.92,-0.27,-0.06
17:8:13:947,4.01,-0.36,-0.38
17:8:13:947,4.11,-0.41,-0.50
17:8:13:947,4.10,-0.49,-0.45
17:8:13:947,4.17,-0.53,-0.45
17:8:13:947,4.05,-0.50,-0.30
17:8:13:947,3.99,-0.48,-0.31
17:8:13:947,4.00,-0.42,-0.34
17:8:13:965,3.99,-0.41,-0.31
17:8:13:965,3.97,-0.42,-0.19
17:8:13:965,3.95,-0.41,-0.18
17:8:13:965,3.89,-0.49,-0.19
17:8:13:965,3.92,-0.55,-0.16
17:8:13:965,3.98,-0.46,-0.13
17:8:13:965,4.04,-0.43,-0.36
17:8:13:985,4.11,-0.42,-0.21
17:8:13:985,3.93,-0.55,-0.12
17:8:13:985,3.99,-0.43,-0.10
17:8:13:985,4.10,-0.50,-0.14
17:8:13:985,4.06,-0.64,-0.10
17:8:13:985,4.03,-0.63,-0.04
17:8:13:985,4.23,-0.44,-0.09
17:8:13:985,4.54,-0.50,-0.17
17:8:13:985,4.86,-0.55,-0.39
17:8:13:985,5.44,-0.49,-0.32
17:8:13:985,7.26,-0.20,-0.21
17:8:13:985,7.63,0.29,-0.68
17:8:13:985,8.00,0.65,-0.76
17:8:14:55,8.00,3.01,-1.17
17:8:14:55,7.21,0.75,-3.47
17:8:14:55,5.39,0.05,-1.69
17:8:14:55,2.62,-0.93,-3.48
17:8:14:55,1.08,1.07,-3.01
17:8:14:55,0.37,2.02,-2.38
17:8:14:55,0.26,1.28,-2.11
17:8:14:73,0.79,0.64,-1.64
17:8:14:73,1.39,1.05,-1.09
17:8:14:73,2.11,1.26,-0.98
17:8:14:73,3.10,0.72,-1.14
17:8:14:73,4.07,0.52,-0.93
17:8:14:73,5.34,0.41,-0.76
17:8:14:73,7.23,-0.03,-0.41
17:8:14:109,8.00,-1.47,0.37
17:8:14:109,8.00,-3.96,1.85
17:8:14:109,8.00,-5.64,3.24
17:8:14:109,7.58,-7.21,4.19
17:8:14:109,6.44,-7.30,4.33
17:8:14:109,7.01,-5.57,4.66
17:8:14:109,5.35,-1.25,-0.54
17:8:14:109,4.29,7.06,-6.10
17:8:14:109,2.99,1.63,1.74
17:8:14:109,4.51,-3.52,-1.33
17:8:14:109,3.69,-1.61,0.82
17:8:14:109,4.48,-0.91,-0.28
17:8:14:109,3.84,-0.97,-0.93
17:8:14:127,3.98,0.95,-0.46
17:8:14:143,3.84,-0.78,-0.86
17:8:14:143,3.76,-0.92,-0.68
17:8:14:143,3.89,-0.04,-0.25
17:8:14:143,3.95,-0.34,-0.42
17:8:14:143,3.82,-0.88,-0.39
17:8:14:143,3.98,-0.48,-0.35
17:8:14:144,4.07,-0.37,-0.55
17:8:14:144,4.08,-0.30,-0.44
17:8:14:144,4.14,-0.26,-1.08
17:8:14:144,4.52,-0.23,-0.70
17:8:14:144,4.47,-0.61,-0.31
17:8:14:144,4.96,-0.50,0.13
17:8:14:161,5.31,-0.29,-0.14
17:8:14:161,5.64,-0.70,-0.68
17:8:14:161,5.97,-0.35,-0.31
17:8:14:161,6.16,-0.03,-0.44
17:8:14:161,7.52,0.40,-1.83
17:8:14:161,8.00,0.69,-3.81
17:8:14:164,8.00,-0.00,-1.23
17:8:14:164,8.00,0.26,-4.01
17:8:14:232,5.15,1.79,-3.76
17:8:14:253,2.82,1.86,-4.67
17:8:14:253,1.07,0.59,0.52
17:8:14:253,-1.84,1.56,2.72
17:8:14:253,0.91,-0.34,-2.74
17:8:14:322,-0.00,1.40,-2.12
17:8:14:322,1.20,0.50,-2.11
17:8:14:322,1.78,0.45,-1.46
17:8:14:322,3.07,0.45,-1.05
17:8:14:322,3.95,0.71,-0.96
17:8:14:322,5.16,0.59,-1.19
17:8:14:322,7.12,0.32,-1.12
17:8:14:425,8.00,-0.93,-0.89
17:8:14:425,8.00,-3.79,0.20
17:8:14:425,8.00,-7.08,1.63
17:8:14:425,7.89,-8.00,2.70
17:8:14:425,7.35,-8.00,7.49
17:8:14:425,8.00,-6.18,4.64
17:8:14:442,3.54,3.78,-6.33
17:8:14:479,7.50,3.80,-4.83
17:8:14:479,2.16,-1.96,-0.62
17:8:14:496,2.89,-2.55,-0.96
17:8:14:496,3.64,-0.69,0.42
17:8:14:514,5.02,-0.69,-1.24
17:8:14:530,3.94,-0.12,-0.37
17:8:14:550,3.98,0.30,-0.48
17:8:14:621,3.82,-0.25,-0.92
17:8:14:639,3.85,-0.50,-1.39
17:8:14:675,3.57,-0.20,-1.06
17:8:14:711,3.89,0.13,-0.45
17:8:14:763,3.86,0.01,-0.61
17:8:14:778,3.89,-0.40,-0.77
17:8:14:779,3.84,-0.34,-0.90
17:8:14:779,4.07,0.09,-0.41
17:8:14:779,4.10,-0.28,-0.56
17:8:14:779,4.03,-0.31,-0.78
17:8:14:779,4.33,0.05,-0.86
17:8:14:795,4.35,-0.48,-0.64
17:8:14:797,4.40,-0.62,-0.67
17:8:14:815,4.97,-0.59,-0.56
17:8:14:815,5.54,-0.51,-0.33
17:8:14:815,5.85,-0.13,-0.26
17:8:14:937,6.25,-0.57,-0.44
17:8:14:957,7.38,-0.24,-1.42
17:8:14:957,8.00,1.23,-2.14
17:8:14:992,8.00,2.46,-3.49
17:8:15:47,8.00,1.38,-3.27
17:8:15:64,6.72,-0.92,-3.98
17:8:15:64,4.36,2.53,-4.43
17:8:15:99,0.18,-0.71,-0.54
17:8:15:99,-0.04,1.97,-0.07
17:8:15:119,0.07,0.39,-0.76
17:8:15:136,-0.31,0.35,-2.18
17:8:15:188,0.24,0.86,-1.96
17:8:15:190,1.11,0.76,-1.65
17:8:15:225,2.36,0.10,-1.53
17:8:15:313,3.50,0.79,-1.11
17:8:15:313,4.77,0.69,-1.11
17:8:15:382,6.76,0.52,-1.10
17:8:15:401,8.00,-0.98,-0.85
17:8:15:417,8.00,-4.05,-0.35
17:8:15:419,8.00,-7.26,0.42
17:8:15:509,7.99,-8.00,0.95
17:8:15:542,6.94,-8.00,4.38
17:8:15:562,7.48,-6.10,5.52
17:8:15:599,7.05,-2.76,1.44
17:8:15:617,4.79,8.00,-5.76
17:8:15:634,8.00,1.38,-1.80
17:8:15:687,3.94,-3.32,-2.36
17:8:15:722,3.69,-4.24,-0.98
17:8:15:758,3.98,-1.56,0.05
17:8:15:776,3.72,-0.55,-0.09
17:8:15:863,3.38,0.27,0.11
17:8:15:863,3.89,0.57,-0.31
17:8:15:866,4.13,-0.95,-1.09
17:8:15:866,3.69,-1.05,-0.96
17:8:15:866,3.84,-0.06,-0.43
17:8:15:883,4.03,0.03,-0.41
17:8:15:899,3.90,-0.71,-0.97
17:8:15:899,3.90,-0.61,-0.51
17:8:15:899,4.26,-0.58,-0.28
17:8:15:900,3.86,0.40,-0.32
17:8:15:918,4.08,-0.68,-0.42
17:8:15:936,4.28,-0.68,-0.22
17:8:15:953,4.41,-0.32,-0.50
17:8:15:953,4.62,-0.40,-1.17
17:8:15:970,5.44,-0.38,-0.47
17:8:15:970,5.46,-0.11,-0.19
17:8:16:23,5.37,-0.39,-0.22
17:8:16:92,5.63,-0.51,-0.39
17:8:16:92,5.96,-0.64,-0.67
17:8:16:145,7.37,0.23,-1.97
17:8:16:198,8.00,0.64,-3.51
17:8:16:198,8.00,0.66,0.43
17:8:16:198,8.00,0.42,-2.03
17:8:16:198,6.45,0.33,-3.52
17:8:16:216,3.67,1.83,-4.14
17:8:16:216,0.69,-1.32,0.51
17:8:16:251,-1.00,1.33,2.27
17:8:16:267,1.51,-0.78,-0.98
17:8:16:304,-1.04,-0.32,-2.04
17:8:16:427,0.01,0.19,-1.99
17:8:16:446,0.49,0.19,-1.51
17:8:16:463,1.39,0.34,-1.17
17:8:16:483,2.25,0.73,-1.09
17:8:16:500,3.50,0.54,-1.20
17:8:16:588,4.94,0.13,-1.71
17:8:16:588,7.13,-0.43,-1.05
17:8:16:607,8.00,-2.06,-0.32
17:8:16:624,8.00,-5.39,0.67
17:8:16:641,8.00,-8.00,1.97
17:8:16:714,8.00,-8.00,5.16
17:8:16:749,8.00,-6.68,7.12
17:8:16:766,6.53,-3.66,3.65
17:8:16:769,5.92,8.00,-8.00
17:8:16:769,2.54,-3.85,0.86
17:8:16:786,6.01,-2.34,-3.78
17:8:16:803,2.28,-0.85,-0.18
17:8:16:803,4.93,-0.84,-0.86
17:8:16:803,3.92,-0.33,-0.08
17:8:16:839,4.12,0.09,-0.61
17:8:16:856,3.60,-0.33,-0.93
17:8:16:927,3.90,-0.92,-1.20
17:8:17:34,3.71,-0.29,-0.91
17:8:17:123,3.79,0.24,-0.61
17:8:17:123,3.88,-0.10,-0.80
17:8:17:123,3.90,-0.67,-1.23
17:8:17:194,3.94,-0.16,-1.09
17:8:17:211,4.12,0.22,-0.99
17:8:17:229,3.95,-0.14,-0.97
17:8:17:229,4.15,-0.28,-0.70
17:8:17:229,4.12,-0.59,-0.77
17:8:17:283,4.28,-0.70,-1.25
17:8:17:317,4.53,-0.55,-0.95
17:8:17:407,4.69,-0.83,-0.86
17:8:17:478,5.38,-0.18,0.21
17:8:17:546,5.45,-0.10,0.34
17:8:17:564,5.61,-0.78,-0.66
17:8:17:598,6.60,-0.91,-1.65
17:8:17:671,8.00,0.52,-1.78
17:8:17:671,8.00,1.14,-2.40
17:8:17:671,8.00,1.49,-1.12
17:8:17:671,5.79,0.68,-0.65
17:8:17:671,4.15,0.57,-2.44
17:8:17:671,0.40,-0.69,-1.74
17:8:17:723,0.46,-0.94,0.01
17:8:17:723,-0.40,0.52,-1.08
17:8:17:723,-0.87,1.79,-0.80
17:8:17:723,-0.41,-0.19,-2.55
17:8:17:723,0.24,0.03,-1.95
17:8:17:723,1.39,-0.38,-1.76
17:8:17:793,2.86,-0.30,-1.27
17:8:17:883,4.37,-1.40,-1.60
17:8:17:919,5.99,-1.46,-0.25
17:8:17:919,7.79,-2.31,1.17
17:8:17:919,8.00,-3.95,1.34
17:8:17:974,8.00,-4.70,1.72
17:8:18:26,8.00,-3.14,3.19
17:8:18:26,7.39,0.11,6.01
17:8:18:26,6.60,1.60,7.58
17:8:18:26,7.30,1.83,8.00
17:8:18:26,4.03,3.57,-8.00
17:8:18:44,6.71,2.16,-0.01
17:8:18:98,6.52,-2.38,-0.83
17:8:18:116,2.63,-0.38,-0.57
17:8:18:116,3.77,-0.38,-0.68
17:8:18:183,3.56,-0.56,-1.33
17:8:18:202,3.99,-0.14,-0.51
17:8:18:202,3.79,-0.07,-0.83
17:8:18:219,3.73,-0.64,-1.42
17:8:18:219,3.70,-0.40,-1.01
17:8:18:236,3.87,-0.15,-0.88
17:8:18:253,3.86,-0.27,-1.00
17:8:18:272,3.81,-0.46,-1.19
17:8:18:272,3.78,-0.30,-0.97
17:8:18:272,3.94,-0.04,-0.84
17:8:18:272,4.01,-0.17,-1.02
17:8:18:288,3.86,-0.26,-1.00
17:8:18:288,3.90,-0.31,-0.74
17:8:18:288,3.91,-0.25,-0.72
17:8:18:305,3.96,-0.17,-0.59
17:8:18:305,3.93,0.11,-0.55
17:8:18:341,3.93,-0.32,-0.65
17:8:18:378,3.89,-0.46,-0.37
17:8:18:378,4.06,-0.31,-0.32
17:8:18:396,4.18,-0.21,-0.16
17:8:18:396,4.13,-0.38,-0.15
17:8:18:414,4.12,-0.08,-0.13
17:8:18:414,4.37,-0.26,-0.45
17:8:18:432,4.42,-0.59,-0.41
17:8:18:432,3.56,-2.32,-3.01
17:8:18:432,3.76,-3.63,-4.98
17:8:18:432,3.62,-3.18,-3.45
17:8:18:450,4.37,-1.02,-2.37
17:8:18:450,3.85,0.03,-1.34
17:8:18:465,3.94,0.87,0.06
17:8:18:465,3.82,1.01,1.18
17:8:18:519,3.75,0.78,0.24
17:8:18:554,3.81,0.50,-0.30
17:8:18:575,4.14,0.69,-0.74
17:8:18:593,3.98,0.80,-0.94
17:8:18:626,3.77,0.86,-1.20
17:8:18:808,3.73,1.06,-1.30
17:8:18:830,3.76,1.27,-1.30
17:8:18:919,3.50,1.12,-1.25
17:8:18:972,3.56,1.12,-1.24
17:8:19:6,3.76,1.04,-1.39
17:8:19:62,3.61,0.94,-1.58
17:8:19:152,3.63,0.51,-1.69
17:8:19:325,3.74,0.46,-1.38
17:8:19:433,3.87,0.44,-1.13
17:8:19:470,3.91,0.09,-0.97
17:8:19:521,4.33,0.80,0.41
17:8:19:632,4.34,0.62,1.09
17:8:19:684,3.58,1.97,0.86
17:8:19:910,3.88,1.27,-0.38
17:8:19:910,4.02,0.37,0.11
17:8:19:910,4.07,-0.84,-0.65
17:8:19:910,3.76,-0.42,-0.69
17:8:19:979,4.22,-0.00,-0.40
17:8:20:52,4.21,-0.17,-0.14
17:8:20:52,3.93,-0.03,-0.46
17:8:20:52,4.08,-0.02,-0.66
17:8:20:52,3.92,-0.17,-0.77
17:8:20:52,3.82,0.13,-0.84
17:8:20:124,4.08,0.05,-0.62
17:8:20:178,4.01,-0.24,-0.52
17:8:20:250,3.99,-0.18,-0.52
17:8:20:250,3.94,-0.08,-0.65
17:8:20:250,3.91,0.01,-0.76
17:8:20:375,3.87,0.08,-0.74
17:8:20:375,3.84,0.14,-0.74
17:8:20:375,3.88,0.15,-0.66
17:8:20:517,3.95,0.13,-0.69
17:8:20:517,3.91,0.16,-0.70
17:8:20:763,3.93,0.13,-0.66
17:8:20:763,3.95,0.14,-0.66
17:8:20:763,4.01,0.06,-0.43
17:8:20:763,3.95,0.20,-0.50
17:8:20:763,3.99,0.20,-0.56
17:8:20:763,3.96,0.04,-0.62
17:8:21:99,3.94,0.01,-0.56
17:8:21:99,4.04,0.03,-0.42
17:8:21:99,4.01,0.09,-0.49
17:8:21:99,4.05,0.14,-0.56
17:8:21:203,4.02,0.11,-0.43
17:8:21:203,4.00,0.06,-0.36
17:8:21:292,3.96,0.09,-0.37
17:8:21:331,3.92,0.11,-0.37
17:8:21:348,3.93,0.21,-0.19
17:8:21:348,3.96,0.19,-0.07
17:8:21:348,4.00,0.26,-0.08
17:8:21:348,3.97,0.23,-0.18
17:8:21:348,4.03,0.11,-0.19
17:8:21:384,3.91,0.20,-0.20
17:8:21:384,3.91,0.23,0.02
17:8:21:489,3.87,0.21,0.06
17:8:21:506,3.87,0.22,0.05
17:8:21:506,3.99,0.21,0.10
17:8:21:506,3.94,0.24,0.02
17:8:21:506,3.94,0.26,-0.06
17:8:21:506,3.94,0.26,0.04
17:8:21:506,3.96,0.41,-0.06
17:8:21:506,4.06,0.27,-0.06
17:8:21:541,4.01,0.12,-0.12
17:8:21:541,4.01,0.15,-0.07
17:8:21:541,3.96,0.33,-0.16
17:8:21:541,3.99,0.24,0.07
17:8:21:541,3.98,0.08,0.03
17:8:21:647,4.03,0.11,-0.09
17:8:21:647,3.97,0.31,-0.07
17:8:21:685,3.98,0.25,-0.02
17:8:21:702,4.01,0.16,-0.07
17:8:21:702,4.00,0.14,-0.13
17:8:21:702,4.00,0.20,-0.10
17:8:21:720,4.00,0.23,-0.07
17:8:21:811,4.01,0.24,-0.14
17:8:21:811,4.01,0.12,-0.09
17:8:21:811,3.98,0.13,-0.11
17:8:21:864,4.00,0.18,-0.10
17:8:21:864,3.99,0.17,-0.14
17:8:21:864,3.98,0.11,-0.11
17:8:21:864,3.98,0.13,-0.08
17:8:21:864,3.97,0.12,-0.13
17:8:21:864,4.01,0.16,-0.12
17:8:21:985,3.99,0.12,-0.12
17:8:21:985,3.96,0.09,-0.11
17:8:21:985,4.00,0.12,-0.07
17:8:21:985,3.99,0.12,-0.13
17:8:22:21,3.99,0.14,-0.10
17:8:22:21,3.99,0.11,-0.09
17:8:22:38,4.01,0.07,-0.11
17:8:22:38,3.99,0.09,-0.09
17:8:22:38,3.99,0.10,-0.09
17:8:22:38,3.98,0.13,-0.11
17:8:22:38,4.01,0.09,-0.06
17:8:22:38,3.99,0.12,-0.08
17:8:22:38,4.00,0.14,-0.08
17:8:22:55,4.00,0.13,-0.12
17:8:22:55,4.02,0.15,-0.13
17:8:22:55,3.98,0.08,-0.12
17:8:22:55,3.99,0.06,-0.08
17:8:22:55,3.98,0.12,-0.06
17:8:22:55,4.02,0.14,-0.08
17:8:22:55,3.97,0.12,0.02
17:8:22:55,4.02,0.04,-0.11
17:8:22:55,3.99,0.02,-0.16
17:8:22:55,4.01,0.14,-0.15
17:8:22:55,3.98,0.29,-0.04
17:8:22:55,4.03,0.09,-0.11
17:8:22:55,4.05,-0.01,-0.15
17:8:22:55,4.02,0.10,-0.06
17:8:22:71,4.05,0.09,-0.06
17:8:22:71,4.04,0.18,-0.03
17:8:22:71,4.13,0.13,-0.11
17:8:22:71,4.13,0.20,-0.04
17:8:22:71,4.17,0.29,-0.05
17:8:22:71,4.30,0.21,-0.07
17:8:22:71,4.51,0.28,0.03
17:8:22:73,4.86,0.33,-0.23
17:8:22:73,5.50,0.04,-1.05
17:8:22:73,6.40,0.22,-0.70
17:8:22:73,6.01,-0.57,-1.35
17:8:22:73,4.75,-0.29,-1.58
17:8:22:91,3.80,0.58,-1.57
17:8:22:91,2.54,0.98,-1.95
17:8:22:91,1.56,1.04,-3.06
17:8:22:91,1.49,0.78,-2.52
17:8:22:176,2.24,1.34,-1.68
17:8:22:176,2.70,1.88,-0.81
17:8:22:176,3.18,2.05,-0.09
17:8:22:212,3.79,1.71,-0.04
17:8:22:212,4.47,1.02,0.01
17:8:22:229,5.29,0.54,0.44
17:8:22:229,5.61,-0.23,0.49
17:8:22:229,5.33,-0.41,0.75
17:8:22:229,5.03,-0.83,0.96
17:8:22:229,5.14,-0.59,1.55
17:8:22:229,4.87,-0.82,1.80
17:8:22:248,4.72,-1.40,1.92
17:8:22:350,4.44,-1.74,1.84
17:8:22:367,5.20,-3.10,2.10
17:8:22:367,4.23,-2.61,-0.85
17:8:22:367,6.76,3.50,-2.76
17:8:22:367,6.73,0.13,0.81
17:8:22:403,3.29,-0.40,-0.43
17:8:22:403,3.64,-0.99,-0.04
17:8:22:440,4.61,-0.84,-0.02
17:8:22:440,3.82,-0.40,-0.07
17:8:22:440,3.89,-0.31,-0.36
17:8:22:440,3.96,-0.37,-0.56
17:8:22:491,3.86,-0.82,-0.76
17:8:22:491,3.91,-0.55,-0.58
17:8:22:509,3.92,-0.27,-0.49
17:8:22:580,4.05,-0.42,-0.47
17:8:22:580,3.93,-0.45,-0.56
17:8:22:580,3.98,-0.36,-0.56
17:8:22:597,3.89,-0.19,-0.60
17:8:22:615,4.00,-0.29,-0.54
17:8:22:615,3.83,-0.33,-0.66
17:8:22:615,3.97,-0.46,-0.67
17:8:22:649,4.19,-0.29,-0.75
17:8:22:701,4.38,-0.40,-0.96
17:8:22:753,4.32,-0.23,-0.56
17:8:22:753,4.69,-0.69,-0.67
17:8:22:753,4.89,-0.63,-0.57
17:8:22:753,5.34,-0.51,-1.12
17:8:22:771,5.73,-0.11,0.33
17:8:22:808,6.43,0.13,0.15
17:8:22:896,6.83,0.35,-0.76
17:8:22:896,7.55,0.14,-2.25
17:8:22:914,8.00,1.87,-2.33
17:8:22:914,8.00,-0.49,-1.48
17:8:22:914,7.08,-0.73,-2.71
17:8:22:931,5.27,0.60,-3.62
17:8:22:984,2.71,1.55,-4.05
17:8:23:56,-0.49,-1.08,1.95
17:8:23:74,1.14,0.25,-1.34
17:8:23:92,0.36,0.65,-2.36
17:8:23:108,-1.40,1.88,-1.87
17:8:23:145,0.54,0.40,-1.92
17:8:23:218,1.52,0.61,-1.40
17:8:23:218,2.45,0.81,-1.40
17:8:23:218,3.63,1.29,-0.70
17:8:23:253,5.47,0.33,-1.70
17:8:23:271,7.39,0.66,-1.36
17:8:23:271,8.00,-1.09,-0.92
17:8:23:271,8.00,-3.86,-0.27
17:8:23:271,8.00,-6.67,0.81
17:8:23:271,8.00,-8.00,3.79
17:8:23:288,7.82,-8.00,7.65
17:8:23:288,7.43,-6.25,5.56
17:8:23:324,5.43,7.83,-3.35
17:8:23:324,8.00,0.45,4.17
17:8:23:324,6.46,-3.50,-2.31
17:8:23:324,3.61,-4.72,-1.45
17:8:23:343,4.28,-0.95,-0.54
17:8:23:378,3.10,-0.33,0.21
17:8:23:396,4.20,0.37,-0.28
17:8:23:469,3.84,0.83,-0.83
17:8:23:469,3.87,-0.98,-1.72
17:8:23:488,3.74,-0.39,-0.83
17:8:23:488,3.92,0.53,-0.27
17:8:23:505,3.98,-0.24,-0.73
17:8:23:523,3.69,-0.47,-0.92
17:8:23:523,3.96,-0.21,-0.67
17:8:23:595,4.15,-0.36,-0.82
17:8:23:595,4.10,-0.07,-0.84
17:8:23:595,4.06,0.11,-1.18
17:8:23:630,4.38,-0.20,-0.82
17:8:23:630,4.63,-0.69,-0.65
17:8:23:630,4.54,-0.85,-0.90
17:8:23:648,5.34,-0.23,-0.51
17:8:23:683,5.59,-0.30,-0.21
17:8:23:683,5.74,0.05,0.32
17:8:23:703,6.16,-0.23,-0.43
17:8:23:738,7.07,-0.12,-1.71
17:8:23:756,8.00,0.48,-3.26
17:8:23:774,8.00,1.53,-3.58
17:8:23:774,8.00,1.70,-3.18
17:8:23:810,5.95,0.34,-3.05
17:8:23:827,4.50,3.12,-3.92
17:8:23:827,-0.96,-2.38,-3.84
17:8:23:862,-0.71,1.75,1.48
17:8:23:862,0.28,-0.42,-0.88
17:8:23:878,1.35,-1.53,-1.75
17:8:23:880,-0.37,-0.91,-2.33
17:8:23:953,1.04,0.69,-1.66
17:8:23:953,1.72,0.11,-1.03
17:8:23:953,2.62,0.72,-0.84
17:8:24:7,3.87,0.79,-0.87
17:8:24:7,4.77,0.19,-1.98
17:8:24:25,6.89,0.22,-1.85
17:8:24:61,8.00,-0.41,-0.67
17:8:24:96,8.00,-3.03,0.29
17:8:24:114,8.00,-6.66,2.56
17:8:24:132,8.00,-8.00,3.48
17:8:24:150,8.00,-8.00,8.00
17:8:24:150,7.10,-4.50,4.78
17:8:24:166,6.79,8.00,-1.82
17:8:24:185,8.00,-0.13,6.39
17:8:24:204,7.47,-3.47,-2.25
17:8:24:204,2.85,-4.53,-0.94
17:8:24:221,5.35,-1.78,-0.81
17:8:24:239,3.49,-0.55,-0.05
17:8:24:274,3.88,0.21,-0.19
17:8:24:311,3.83,0.37,-0.41
17:8:24:329,3.78,-0.68,-1.18
17:8:24:347,3.84,-0.96,-1.41
17:8:24:364,3.80,-0.05,-1.06
17:8:24:398,3.82,0.43,-0.05
17:8:24:542,3.84,-0.30,-0.69
17:8:24:542,3.88,-0.69,-0.88
17:8:24:542,3.89,-0.37,-0.69
17:8:24:560,3.97,0.01,-0.73
17:8:24:576,4.16,-0.27,-0.94
17:8:24:578,4.09,0.10,-0.76
17:8:24:613,4.37,-0.26,-0.41
17:8:24:668,4.41,-0.96,-1.19
17:8:24:668,4.66,-0.82,-0.89
17:8:24:685,5.47,-0.54,-0.75
17:8:24:703,6.07,0.39,0.43
17:8:24:703,6.39,0.25,-0.08
17:8:24:720,6.67,-0.21,-1.03
17:8:24:737,7.95,-0.01,-3.04
17:8:24:754,8.00,1.47,-4.41
17:8:24:772,8.00,0.77,-1.47
17:8:24:788,6.50,1.36,-2.41
17:8:24:859,5.78,3.27,-5.93
17:8:24:859,-4.25,0.16,-5.87
17:8:24:877,-2.66,1.70,2.66
17:8:24:896,2.09,-1.34,-2.40
17:8:24:931,0.76,0.06,-3.42
17:8:24:949,-0.17,1.99,-2.30
17:8:24:967,2.16,-0.10,-2.46
17:8:25:41,2.52,0.88,-0.94
17:8:25:60,4.12,0.90,-0.73
17:8:25:60,5.04,1.07,-1.05
17:8:25:93,7.33,0.77,-1.43
17:8:25:95,8.00,-0.71,-1.16
17:8:25:113,8.00,-3.54,-0.33
17:8:25:130,8.00,-8.00,-0.23
17:8:25:183,8.00,-8.00,0.93
17:8:25:219,7.48,-8.00,8.00
17:8:25:254,8.00,-7.08,6.23
17:8:25:273,4.12,3.32,-1.34
17:8:25:310,6.18,5.78,-5.41
17:8:25:381,3.68,-0.58,3.26
17:8:25:398,8.00,-7.52,-4.47
17:8:25:418,2.61,-1.05,0.76
17:8:25:418,3.76,-0.26,-0.51
17:8:25:435,3.64,0.11,-0.00
17:8:25:452,3.99,0.67,-0.16
17:8:25:470,4.03,-0.38,-0.77
17:8:25:470,3.78,-1.00,-1.28
17:8:25:490,3.78,-0.43,-0.91
17:8:25:501,3.93,0.45,-0.28
17:8:25:537,3.91,0.15,-0.39
17:8:25:554,3.98,-0.74,-0.73
17:8:25:589,3.83,-0.39,-0.60
17:8:25:598,4.12,0.12,-0.10
17:8:25:598,4.00,-0.40,-0.62
17:8:25:631,4.02,-0.46,-0.41
17:8:25:648,4.54,-0.36,-0.66
17:8:25:666,4.52,-0.52,-0.63
17:8:25:722,4.83,-0.63,-0.75
17:8:25:756,5.76,-0.23,-0.19
17:8:25:773,5.81,0.28,0.49
17:8:25:774,5.84,-0.35,-0.33
17:8:25:828,6.36,-0.63,-1.12
17:8:25:864,8.00,0.25,-2.36
17:8:25:897,8.00,0.62,-3.73
17:8:25:939,8.00,0.40,-0.94
17:8:25:957,7.45,0.55,-2.68
17:8:25:975,5.65,0.66,-2.80
17:8:25:975,0.58,-0.64,-3.04
17:8:25:992,0.53,2.24,-1.90
17:8:26:11,-0.01,2.52,0.02
17:8:26:11,-0.62,1.05,-1.24
17:8:26:28,0.09,1.05,-1.72
17:8:26:136,0.82,0.52,-2.01
17:8:26:136,1.95,0.46,-1.80
17:8:26:154,3.11,0.51,-1.41
17:8:26:174,4.58,1.22,-0.82
17:8:26:192,7.39,0.43,-1.14
17:8:26:209,8.00,-2.13,0.04
17:8:26:245,8.00,-5.43,2.45
17:8:26:298,8.00,-8.00,2.89
17:8:26:298,7.44,-8.00,4.15
17:8:26:316,7.61,-6.97,6.28
17:8:26:316,6.98,-5.57,5.25
17:8:26:351,4.06,8.00,-8.00
17:8:26:370,5.99,1.75,5.20
17:8:26:370,8.00,-2.76,-3.11
17:8:26:404,0.95,-2.61,-0.81
17:8:26:474,3.24,0.14,0.18
17:8:26:474,2.89,0.76,-0.14
17:8:26:491,3.79,1.14,-0.13
17:8:26:509,3.79,-0.89,-1.04
17:8:26:526,3.81,-0.92,-0.88
17:8:26:561,3.90,0.13,-0.41
17:8:26:561,3.80,-0.00,-0.43
17:8:26:615,3.82,-0.65,-0.46
17:8:26:650,4.02,-0.60,-0.73
17:8:26:668,4.04,-0.14,-0.61
17:8:26:688,4.08,0.09,-0.62
17:8:26:689,4.30,0.00,-0.63
17:8:26:723,4.36,-0.49,-0.93
17:8:26:742,4.25,-0.41,-0.57
17:8:26:759,4.36,-0.05,-0.09
17:8:26:794,4.36,-0.39,-0.33
17:8:26:848,4.66,-0.33,-0.53
17:8:26:866,5.33,-0.60,-0.46
17:8:26:866,5.54,-0.39,-0.54
17:8:26:884,5.62,-0.86,-0.16
17:8:26:921,6.34,-0.12,-0.74
17:8:26:939,6.94,-0.12,0.18
17:8:27:9,8.00,2.22,-0.33
17:8:27:45,5.49,1.47,0.74
17:8:27:77,2.56,0.03,0.04
17:8:27:94,2.60,-0.62,0.72
17:8:27:112,1.12,-1.00,-1.83
17:8:27:184,0.93,-0.82,-1.65
17:8:27:184,0.87,1.22,-0.31
17:8:27:204,1.48,1.71,-0.88
17:8:27:238,1.90,0.98,-0.99
17:8:27:256,2.61,0.80,-1.38
17:8:27:274,3.22,0.74,-1.38
17:8:27:292,4.24,0.43,-1.54
17:8:27:311,5.35,0.38,-1.56
17:8:27:418,6.15,0.10,-2.33
17:8:27:436,6.69,-0.65,-3.32
17:8:27:454,6.96,-1.35,-4.19
17:8:27:489,6.81,-3.13,-5.20
17:8:27:650,5.52,-5.67,-5.90
17:8:27:720,4.64,-6.98,-5.36
17:8:27:845,4.10,-6.16,-3.23
17:8:28:201,4.66,-5.10,-1.80
17:8:28:317,4.31,-4.04,-1.30
17:8:28:354,2.31,-0.09,-4.40
17:8:28:371,5.25,0.15,1.07
17:8:28:389,4.65,1.78,1.11
17:8:28:624,3.72,-0.48,0.95
17:8:28:713,4.61,-0.44,-0.32
17:8:28:713,4.26,-0.06,0.10
17:8:28:820,3.88,0.07,-0.35
17:8:28:820,4.19,-0.28,-0.44
17:8:30:236,4.26,-0.17,-0.11
17:8:30:236,4.11,-0.12,-0.44
17:8:30:378,4.04,0.16,-0.28
17:8:30:378,4.07,-0.14,-0.53
17:8:30:577,3.87,-0.01,-0.25
17:8:30:685,4.16,0.11,-0.45
17:8:30:685,3.96,-0.23,-0.45
17:8:30:827,3.88,-0.11,-0.13
17:8:30:827,4.04,-0.16,-0.33
17:8:30:860,3.98,-0.25,-0.35
17:8:30:860,3.96,-0.40,-0.25
17:8:30:860,3.90,-0.36,-0.15
17:8:30:860,4.00,-0.36,-0.40
17:8:30:860,3.92,-0.38,-0.33
17:8:30:860,4.01,-0.06,-0.13
17:8:30:985,4.07,-0.21,-0.23
17:8:30:985,4.06,-0.24,-0.24
17:8:30:985,4.15,-0.21,-0.13
17:8:30:985,4.10,-0.27,-0.45
17:8:30:985,4.11,-0.35,-0.38
17:8:30:985,4.11,-0.30,-0.17
17:8:30:985,4.22,0.08,0.23
17:8:31:5,4.29,-0.17,-0.19
17:8:31:5,4.54,-0.15,-0.06
17:8:31:5,4.37,0.57,-0.06
17:8:31:5,4.19,1.19,0.59
17:8:31:5,4.20,1.08,0.26
17:8:31:5,3.79,1.21,-0.44
17:8:31:5,3.62,0.50,-1.14
17:8:31:22,3.44,0.40,-1.17
17:8:31:57,3.55,0.20,-1.00
17:8:31:75,3.59,-0.07,-0.89
17:8:31:76,3.51,-0.01,-0.58
17:8:31:76,3.70,-0.02,-0.05
17:8:31:76,3.93,-0.12,0.11
17:8:31:76,4.12,-0.25,0.44
17:8:31:76,4.21,-0.69,0.28
17:8:31:76,4.08,-0.88,0.16
17:8:31:76,3.94,-1.39,0.07
17:8:31:145,4.00,-1.84,-0.03
17:8:31:145,3.92,-1.93,0.10
17:8:31:145,3.77,-1.63,0.20
17:8:31:145,4.13,-1.03,0.89
17:8:31:145,3.73,-0.01,1.58
17:8:31:198,3.98,-0.71,2.07
17:8:31:519,4.21,0.08,-0.16
17:8:31:519,4.35,0.38,-0.23
17:8:31:519,4.28,0.12,0.18
17:8:31:519,4.00,-0.07,0.08
17:8:31:519,3.93,-0.18,-0.05
17:8:31:519,3.94,0.05,-0.07
17:8:31:519,3.98,0.20,-0.10
17:8:31:555,4.02,0.23,-0.22
17:8:31:555,4.09,0.09,-0.22
17:8:31:555,4.05,0.09,-0.20
17:8:31:555,4.03,0.14,-0.27
17:8:31:555,4.02,0.15,-0.23
17:8:31:555,4.02,0.12,-0.24
17:8:31:555,3.95,0.20,-0.28
17:8:31:679,3.96,0.10,-0.28
17:8:31:679,4.00,0.02,-0.27
17:8:31:679,3.97,0.12,-0.28
17:8:31:679,3.98,0.07,-0.29
17:8:31:679,4.00,0.03,-0.30
17:8:31:679,3.99,0.10,-0.29
17:8:31:679,3.99,0.09,-0.27
17:8:31:784,3.99,0.09,-0.33
17:8:31:784,3.98,0.13,-0.27
17:8:31:784,3.95,0.07,-0.33
17:8:31:784,4.00,0.14,-0.36
17:8:31:784,3.97,0.08,-0.30
17:8:31:784,3.97,0.04,-0.31
17:8:31:784,3.98,0.06,-0.28
17:8:31:906,3.96,0.09,-0.28
17:8:31:906,4.00,0.11,-0.28
17:8:31:906,3.96,0.06,-0.31
17:8:31:906,3.95,0.04,-0.33
17:8:31:906,3.97,0.06,-0.28
17:8:31:906,3.97,0.11,-0.31
17:8:31:906,3.97,0.07,-0.30
17:8:32:64,3.96,0.05,-0.26
17:8:32:64,3.97,0.06,-0.33
17:8:32:64,3.99,0.06,-0.30
17:8:32:64,3.97,0.05,-0.29
17:8:32:64,3.99,0.08,-0.30
17:8:32:64,3.96,0.06,-0.29
17:8:32:64,3.98,0.05,-0.26
17:8:32:118,3.96,0.03,-0.26
17:8:32:118,3.97,0.08,-0.26
17:8:32:118,3.98,0.05,-0.27
17:8:32:118,3.97,0.06,-0.27
17:8:32:118,3.97,0.04,-0.26
17:8:32:118,3.96,0.04,-0.26
17:8:32:118,3.98,0.06,-0.26
17:8:32:226,3.99,0.07,-0.26
17:8:32:226,3.97,0.03,-0.30
17:8:32:226,3.99,0.04,-0.22
17:8:32:226,3.99,0.04,-0.25
17:8:32:226,4.00,0.03,-0.25
17:8:32:226,3.96,0.05,-0.25
17:8:32:226,3.97,0.01,-0.25
17:8:32:297,3.97,0.01,-0.23
17:8:32:297,4.00,0.03,-0.25
17:8:32:297,4.00,0.05,-0.25
17:8:32:297,4.01,-0.03,-0.25
17:8:32:297,3.98,0.02,-0.25
17:8:32:297,3.96,0.03,-0.21
17:8:32:297,3.98,0.00,-0.22
17:8:32:334,3.97,0.02,-0.22
17:8:32:334,3.99,0.06,-0.25
17:8:32:334,4.01,0.00,-0.19
17:8:32:334,4.00,-0.02,-0.29
17:8:32:334,4.01,0.04,-0.21
17:8:32:334,4.01,-0.04,-0.18
17:8:32:334,4.00,-0.03,-0.21
17:8:32:334,3.97,0.01,-0.19
17:8:32:334,3.97,0.02,-0.15
17:8:32:334,3.96,0.03,-0.17
17:8:32:334,4.01,-0.00,-0.14
17:8:32:334,4.00,-0.03,-0.17
17:8:32:334,4.02,0.01,-0.12
17:8:32:334,4.03,0.08,-0.09
17:8:32:633,4.03,0.06,-0.13
17:8:32:633,4.12,0.04,-0.18
17:8:32:633,4.20,0.11,-0.25
17:8:32:633,4.44,0.13,-0.50
17:8:32:633,4.68,0.37,-0.43
17:8:32:633,5.09,0.51,-0.38
17:8:32:633,5.69,0.15,-1.43
17:8:32:668,6.96,0.25,-0.59
17:8:32:668,5.53,-0.54,-1.62
17:8:32:668,4.80,0.10,-1.54
17:8:32:668,2.64,1.24,-2.01
17:8:32:668,1.74,1.26,-2.49
17:8:32:668,1.52,1.13,-2.68
17:8:32:668,1.92,0.93,-1.91
17:8:32:778,2.39,1.24,-1.05
17:8:32:778,3.20,1.48,-0.21
17:8:32:778,3.82,1.36,0.09
17:8:32:778,4.47,0.87,0.24
17:8:32:778,5.02,0.12,0.24
17:8:32:778,5.36,-0.66,0.45
17:8:32:778,5.29,-1.29,1.07
17:8:32:812,4.99,-1.08,1.45
17:8:32:812,4.83,-0.90,1.92
17:8:32:812,4.79,-1.22,1.37
17:8:32:812,5.20,-2.56,2.44
17:8:32:812,5.14,-3.72,2.35
17:8:32:812,4.47,-2.62,-1.93
17:8:32:830,5.23,3.29,-1.12
17:8:32:830,4.46,-0.21,-0.13
17:8:32:848,3.19,-1.00,0.06
17:8:32:848,4.33,-1.03,0.03
17:8:32:848,4.29,-0.95,-0.14
17:8:32:848,3.33,-0.38,-0.15
17:8:32:848,3.88,-0.48,-0.34
17:8:32:848,3.99,-0.57,-0.53
17:8:32:848,3.98,-0.69,-0.68
17:8:32:882,3.91,-0.40,-0.44
17:8:32:882,4.00,-0.30,-0.41
17:8:32:882,4.00,-0.29,-0.51
17:8:32:882,3.87,-0.40,-0.43
17:8:32:882,3.98,-0.48,-0.61
17:8:32:882,3.88,-0.39,-0.50
17:8:32:988,3.99,-0.27,-0.21
17:8:32:988,4.13,-0.74,-0.48
17:8:32:988,4.10,-0.48,-0.83
17:8:32:988,4.46,-0.16,-0.78
17:8:32:988,4.58,-0.22,-0.53
17:8:33:26,4.81,-0.61,-0.59
17:8:33:26,5.38,-0.75,-0.89
17:8:33:26,5.51,-0.15,-0.21
17:8:33:26,5.36,-0.24,-0.08
17:8:33:44,5.79,-0.04,-0.18
17:8:33:44,6.41,-0.17,-1.05
17:8:33:44,7.45,0.28,-2.10
17:8:33:44,8.00,1.53,-3.12
17:8:33:44,8.00,-0.15,-0.78
17:8:33:61,7.76,-0.49,-3.10
17:8:33:61,5.94,1.04,-3.66
17:8:33:61,2.75,2.06,-5.33
17:8:33:61,1.25,0.75,1.50
17:8:33:61,-2.12,0.81,1.43
17:8:33:61,0.16,-0.52,-1.21
17:8:33:96,0.42,-1.15,-2.95
17:8:33:96,0.61,0.52,-1.76
17:8:33:96,0.65,1.47,-1.88
17:8:33:217,1.99,0.39,-1.47
17:8:33:217,2.87,1.00,-0.87
17:8:33:217,4.77,1.25,-1.40
17:8:33:217,7.04,0.97,-1.84
17:8:33:217,8.00,-0.64,-1.53
17:8:33:217,8.00,-3.65,-0.45
17:8:33:218,8.00,-6.77,1.05
17:8:33:218,8.00,-8.00,3.32
17:8:33:218,8.00,-8.00,8.00
17:8:33:344,7.98,-6.80,4.99
17:8:33:344,5.44,8.00,-1.62
17:8:33:344,8.00,1.52,7.62
17:8:33:344,6.84,-1.31,-2.65
17:8:33:344,2.40,-5.68,-1.59
17:8:33:344,5.08,-1.77,-0.08
17:8:33:344,3.26,0.20,0.60
17:8:33:380,3.99,-0.03,-0.30
17:8:33:380,3.78,0.67,-0.61
17:8:33:380,3.99,-1.20,-1.62
17:8:33:380,3.49,-0.79,-1.03
17:8:33:380,3.92,0.07,-0.21
17:8:33:380,3.96,-0.01,-0.33
17:8:33:415,3.86,-0.94,-0.89
17:8:33:415,3.76,-0.17,-0.34
17:8:33:415,4.04,0.15,-0.35
17:8:33:415,4.21,-0.04,-0.82
17:8:33:415,4.33,0.15,-0.61
17:8:33:415,4.36,-0.53,-0.87
17:8:33:450,4.44,-0.48,-0.63
17:8:33:521,4.57,-0.78,-0.48
17:8:33:539,5.32,-0.36,0.19
17:8:33:555,5.21,-0.34,-0.02
17:8:33:610,5.54,-0.09,0.17
17:8:33:731,5.89,-0.66,-0.66
17:8:33:731,6.37,-0.45,-1.13
17:8:33:731,8.00,-0.09,-3.13
17:8:33:767,8.00,1.85,-3.65
17:8:33:837,8.00,1.11,0.20
17:8:33:854,7.91,1.39,-3.83
17:8:33:854,4.83,1.84,-3.08
17:8:33:872,6.77,2.04,-4.22
17:8:33:889,-0.04,-0.13,2.10
17:8:33:889,1.17,-0.83,-0.27
17:8:33:889,0.05,-2.46,-3.74
17:8:33:889,-0.70,0.22,-1.88
17:8:33:925,0.81,0.24,-1.23
17:8:33:925,1.72,1.20,-1.17
17:8:33:943,3.08,1.23,-1.63
17:8:33:943,3.87,0.33,-2.05
17:8:33:943,5.20,-0.04,-1.92
17:8:33:943,7.32,-0.07,-1.78
17:8:33:943,8.00,-0.90,-1.83
17:8:33:943,8.00,-3.94,-0.14
17:8:33:959,8.00,-5.40,0.98
17:8:33:962,8.00,-8.00,5.58
17:8:33:962,8.00,-8.00,8.00
17:8:33:962,7.54,-5.83,6.18
17:8:33:962,4.99,1.26,-2.85
17:8:33:962,8.00,8.00,3.06
17:8:33:998,8.00,-3.62,3.14
17:8:34:33,4.51,-3.88,-2.57
17:8:34:50,3.82,-1.48,-0.85
17:8:34:50,3.32,-0.93,-0.80
17:8:34:50,3.37,-0.64,0.17
17:8:34:50,4.51,0.06,-0.64
17:8:34:50,3.76,-0.05,-0.88
17:8:34:50,3.78,-0.51,-0.85
17:8:34:50,4.07,-0.94,-1.21
17:8:34:86,3.67,0.06,-0.46
17:8:34:86,4.02,-0.04,-0.32
17:8:34:86,3.93,-0.65,-0.66
17:8:34:104,3.87,-0.48,-0.71
17:8:34:120,3.94,-0.49,-0.66
17:8:34:120,3.99,-0.39,-0.68
17:8:34:208,4.07,-0.65,-0.61
17:8:34:244,3.84,-0.39,-1.15
17:8:34:260,4.56,-0.23,-1.17
17:8:34:278,4.98,-0.69,-0.73
17:8:34:311,5.15,-0.49,-0.62
17:8:34:391,5.75,-0.45,-0.34
17:8:34:427,5.87,0.27,0.42
17:8:34:478,6.44,-0.03,-0.23
17:8:34:498,7.16,-0.27,-1.66
17:8:34:516,8.00,0.80,-3.01
17:8:34:605,8.00,1.83,-4.32
17:8:34:620,8.00,0.99,-2.11
17:8:34:637,5.45,1.42,-1.45
17:8:34:638,5.47,2.62,-4.95
17:8:34:655,-0.27,-3.59,-3.68
17:8:34:689,-2.38,1.54,2.55
17:8:34:689,2.22,0.75,-0.62
17:8:34:693,-1.33,-1.03,-3.55
17:8:34:782,0.38,1.78,-2.21
17:8:34:782,0.89,0.57,-1.65
17:8:34:782,1.86,0.53,-1.71
17:8:34:922,3.24,1.03,-1.27
17:8:34:958,4.27,1.04,-1.38
17:8:34:992,6.20,0.93,-1.63
17:8:35:12,8.00,0.09,-1.52
17:8:35:116,8.00,-2.16,-0.91
17:8:35:133,8.00,-6.38,0.57
17:8:35:133,8.00,-8.00,0.50
17:8:35:151,8.00,-8.00,8.00
17:8:35:169,8.00,-6.81,7.66
17:8:35:169,7.37,-3.84,2.95
17:8:35:204,2.67,8.00,-8.00
17:8:35:222,8.00,-0.39,-2.03
17:8:35:305,2.42,-0.91,-1.89
17:8:35:324,2.70,-5.02,-0.98
17:8:35:341,3.53,0.48,1.20
17:8:35:341,3.48,-0.18,0.17
17:8:35:359,4.23,-0.44,-0.30
17:8:35:359,4.24,0.04,-0.58
17:8:35:359,3.73,-0.09,-0.71
17:8:35:359,3.79,-0.70,-1.27
17:8:35:359,3.75,-0.14,-0.76
17:8:35:359,3.91,0.08,-0.48
17:8:35:359,3.88,-0.18,-0.50
17:8:35:376,3.96,-0.57,-0.77
17:8:35:410,3.96,0.09,-0.48
17:8:35:430,4.09,-0.21,-0.63
17:8:35:430,4.23,-0.43,-0.39
17:8:35:430,4.19,-0.23,-0.70
17:8:35:430,4.50,-0.36,-0.88
17:8:35:430,4.58,-0.62,-0.92
17:8:35:466,4.91,-0.84,-0.69
17:8:35:485,5.74,-0.07,0.12
17:8:35:502,5.68,0.20,0.14
17:8:35:536,5.92,-0.50,-0.19
17:8:35:554,6.41,-0.53,-0.96
17:8:35:717,7.34,-0.09,-1.62
17:8:35:717,8.00,1.00,-3.00
17:8:35:717,8.00,-0.13,-0.89
17:8:35:734,6.48,1.35,-2.86
17:8:35:753,4.83,1.23,-2.64
17:8:35:770,2.30,1.88,-3.39
17:8:35:839,1.25,-1.17,-0.32
17:8:35:874,-2.68,0.02,1.29
17:8:35:907,1.19,-1.46,-0.63
17:8:35:925,0.10,-2.76,-3.13
17:8:35:979,1.35,-0.24,-2.45
17:8:36:50,0.83,2.08,-1.33
17:8:36:68,2.57,0.66,-1.05
17:8:36:177,3.36,1.26,-0.50
17:8:36:246,4.08,0.80,-0.85
17:8:36:264,5.94,-0.47,-1.58
17:8:36:264,7.87,-1.59,-1.24
17:8:36:264,8.00,-3.99,-0.65
17:8:36:264,8.00,-6.27,-0.03
17:8:36:264,8.00,-7.17,2.25
17:8:36:282,8.00,-6.79,6.38
17:8:36:372,7.37,-5.94,8.00
17:8:36:406,5.48,0.09,5.19
17:8:36:424,4.76,8.00,-3.89
17:8:36:443,7.31,1.49,6.79
17:8:36:477,7.79,-4.39,-3.87
17:8:36:495,2.62,-2.15,-0.52
17:8:36:495,4.45,-0.98,-1.29
17:8:36:584,3.21,-0.46,-0.58
17:8:36:602,4.27,0.53,-0.38
17:8:36:602,3.73,0.31,-1.08
17:8:36:638,3.53,-0.96,-1.93
17:8:36:638,3.54,-0.03,-0.92
17:8:36:638,4.05,0.43,-0.65
17:8:36:639,3.87,-0.10,-1.13
17:8:36:655,3.76,-0.33,-1.09
17:8:36:655,4.00,0.24,-0.97
17:8:36:655,3.93,0.19,-1.05
17:8:36:655,3.84,-0.10,-0.95
17:8:36:656,3.94,-0.41,-0.84
17:8:36:656,3.86,-0.25,-0.71
17:8:36:656,3.85,-0.49,-0.49
17:8:36:675,3.85,-0.59,-0.56
17:8:36:693,3.93,-0.58,-0.50
17:8:36:746,4.10,-0.36,-0.45
17:8:36:746,3.97,-0.60,-0.31
17:8:36:746,3.79,-0.88,-0.29
17:8:36:765,4.19,-0.32,-0.42
17:8:36:765,4.47,-0.26,-0.34
17:8:36:765,4.60,-0.86,-0.94
17:8:36:783,3.56,-1.88,-2.08
17:8:36:783,4.21,-1.99,-2.01
17:8:36:798,3.84,-1.48,-1.57
17:8:36:798,3.51,-0.98,-0.78
17:8:36:815,3.42,-1.10,-1.09
17:8:36:815,3.40,-1.68,-1.61
17:8:36:816,3.65,-1.64,-1.64
17:8:36:816,3.82,-1.00,-1.34
17:8:36:834,4.04,-0.50,-0.99
17:8:36:852,4.29,-0.12,-0.66
17:8:36:886,4.19,0.23,-0.57
17:8:36:923,4.09,0.76,-0.50
17:8:36:923,4.05,1.02,-0.54
17:8:36:941,3.87,1.36,-0.71
17:8:36:941,3.76,1.50,-0.71
17:8:36:977,3.55,1.89,-0.53
17:8:36:977,3.57,1.97,-0.29
17:8:36:994,3.69,1.68,-0.04
17:8:36:994,3.82,1.35,0.08
17:8:37:11,3.95,1.19,0.30
17:8:37:11,4.34,2.91,0.89
17:8:37:30,3.96,1.34,0.01
17:8:37:83,3.94,-0.12,-0.79
17:8:37:101,4.49,0.55,0.56
17:8:37:101,4.25,-0.59,-1.34
17:8:37:120,4.64,0.26,-0.41
17:8:37:136,3.90,0.21,-0.09
17:8:37:172,4.09,-0.05,-0.25
17:8:37:172,3.73,0.43,0.17
17:8:37:190,3.79,-0.07,0.00
17:8:37:261,3.87,-0.46,-0.07
17:8:37:278,4.07,-0.09,-0.52
17:8:37:278,4.34,-0.10,-0.27
17:8:37:296,4.14,-0.29,-0.45
17:8:37:296,4.00,-0.22,-0.52
17:8:37:331,4.07,-0.15,-0.49
17:8:37:349,4.00,-0.26,-0.51
17:8:37:367,3.82,-0.19,-0.50
17:8:37:439,3.99,-0.12,-0.46
17:8:37:456,4.00,-0.14,-0.66
17:8:37:474,3.97,-0.03,-0.66
17:8:37:491,3.91,0.14,-0.52
17:8:37:492,4.00,0.25,-0.46
17:8:37:510,3.97,0.17,-0.55
17:8:37:544,3.94,0.27,-0.47
17:8:37:564,4.02,0.37,-0.52
17:8:37:599,4.03,0.30,-0.55
17:8:37:635,4.06,0.32,-0.49
17:8:37:653,3.98,0.29,-0.34
17:8:37:671,4.05,0.24,-0.45
17:8:37:724,3.99,0.38,-0.30
17:8:37:724,4.23,0.39,-0.44
17:8:37:740,4.10,0.11,-0.56
17:8:37:760,3.98,0.22,-0.54
17:8:37:795,3.99,0.10,-0.24
17:8:37:811,3.98,-0.09,-0.16
17:8:37:828,3.99,-0.35,-0.16
17:8:37:848,3.99,-0.78,-0.44
17:8:37:883,3.91,-0.82,-0.60
17:8:37:900,3.82,-0.02,-0.36
17:8:37:918,3.79,0.31,-0.32
17:8:38:8,3.85,0.20,-0.41
17:8:38:8,3.94,0.06,-0.43
17:8:38:26,3.83,0.37,-0.25
17:8:38:63,3.86,0.62,-0.01
17:8:38:81,4.01,0.82,0.32
17:8:38:169,3.94,0.86,0.21
17:8:38:185,3.83,0.89,0.11
17:8:38:205,3.77,1.21,-0.09
17:8:38:240,3.75,1.53,-0.13
17:8:38:257,3.91,1.41,0.01
17:8:38:274,3.96,0.45,-0.21
17:8:38:311,3.86,0.48,-0.42
17:8:38:383,3.94,0.28,-0.09
17:8:38:418,4.10,0.58,0.20
17:8:38:453,4.15,0.42,0.02
17:8:38:469,4.05,0.17,-0.05
17:8:38:559,3.95,0.16,-0.18
17:8:38:615,3.99,0.09,-0.06
17:8:38:668,3.94,0.16,-0.01
17:8:38:720,4.00,0.15,-0.04
17:8:38:738,3.99,0.17,-0.11
17:8:38:776,4.07,0.17,-0.16
17:8:38:793,4.01,0.20,-0.24
17:8:38:812,4.01,0.31,-0.23
17:8:38:830,4.04,0.29,-0.23
17:8:38:900,4.06,0.25,-0.27
17:8:38:917,4.00,0.27,-0.24
17:8:38:952,3.96,0.25,-0.24
17:8:39:4,3.98,0.26,-0.13
17:8:39:41,3.98,0.21,-0.25
17:8:39:80,4.02,0.21,-0.20
17:8:39:80,3.96,0.33,-0.21
17:8:39:97,3.96,0.24,-0.16
17:8:39:115,4.00,0.15,-0.22
17:8:39:115,3.96,0.15,-0.19
17:8:39:115,3.96,0.15,-0.20
17:8:39:258,3.98,0.20,-0.15
17:8:39:258,4.00,0.24,-0.17
17:8:39:294,4.00,0.17,-0.20
17:8:39:328,3.99,0.17,-0.23
17:8:39:328,3.98,0.24,-0.17
17:8:39:328,3.96,0.21,-0.21
17:8:39:346,3.99,0.20,-0.23
17:8:39:365,3.98,0.21,-0.24
17:8:39:365,3.97,0.22,-0.21
17:8:39:424,3.99,0.22,-0.20
17:8:39:460,4.00,0.24,-0.17
17:8:39:460,3.97,0.18,-0.16
17:8:39:476,4.00,0.21,-0.17
17:8:39:511,3.96,0.24,-0.20
17:8:39:511,4.00,0.28,-0.17
17:8:39:544,3.97,0.24,-0.19
17:8:39:579,4.00,0.24,-0.19
17:8:39:653,3.97,0.21,-0.22
17:8:39:653,4.00,0.26,-0.18
17:8:39:653,3.98,0.22,-0.17
17:8:39:671,3.97,0.23,-0.18
17:8:39:689,3.99,0.22,-0.18
17:8:39:707,3.98,0.21,-0.18
17:8:39:725,4.00,0.21,-0.17
17:8:39:793,4.01,0.21,-0.19
