14:10:36:648,3.80,-1.20,0.63
14:10:36:680,3.80,-1.19,0.62
14:10:36:699,3.80,-1.19,0.64
14:10:36:746,3.79,-1.22,0.62
14:10:36:762,3.79,-1.24,0.61
14:10:36:768,3.76,-1.21,0.63
14:10:36:784,3.78,-1.22,0.64
14:10:36:867,3.80,-1.21,0.64
14:10:36:867,3.79,-1.23,0.68
14:10:36:867,3.78,-1.21,0.68
14:10:36:946,3.81,-1.19,0.70
14:10:36:946,3.81,-1.20,0.69
14:10:36:965,3.80,-1.18,0.72
14:10:36:965,3.81,-1.15,0.67
14:10:36:981,3.87,-1.18,0.68
14:10:37:2,3.85,-1.15,0.66
14:10:37:34,3.78,-1.11,0.64
14:10:37:49,3.76,-1.08,0.60
14:10:37:163,3.77,-1.14,0.61
14:10:37:163,3.78,-1.14,0.61
14:10:37:179,3.81,-1.13,0.61
14:10:37:179,3.77,-1.11,0.66
14:10:37:195,3.77,-1.11,0.66
14:10:37:210,3.77,-1.11,0.67
14:10:37:226,3.82,-1.17,0.66
14:10:37:273,3.87,-1.20,0.73
14:10:37:288,3.85,-1.21,0.75
14:10:37:304,3.85,-1.16,0.77
14:10:37:340,3.83,-1.17,0.72
14:10:37:358,3.85,-1.21,0.71
14:10:37:380,3.89,-1.21,0.75
14:10:37:402,3.85,-1.19,0.68
14:10:37:418,3.80,-1.21,0.64
14:10:37:436,3.78,-1.22,0.61
14:10:37:475,3.77,-1.22,0.62
14:10:37:497,3.75,-1.19,0.63
14:10:37:523,3.78,-1.20,0.65
14:10:37:557,3.80,-1.18,0.63
14:10:37:587,3.82,-1.20,0.62
14:10:37:598,3.80,-1.19,0.62
14:10:37:627,3.82,-1.16,0.57
14:10:37:653,3.83,-1.18,0.58
14:10:37:707,3.82,-1.18,0.61
14:10:37:713,3.77,-1.13,0.57
14:10:37:717,3.75,-1.11,0.56
14:10:37:732,3.75,-1.12,0.57
14:10:37:769,3.74,-1.11,0.60
14:10:37:778,3.74,-1.09,0.60
14:10:37:807,3.77,-1.11,0.64
14:10:37:833,3.76,-1.13,0.65
14:10:37:862,3.76,-1.13,0.70
14:10:37:888,3.82,-1.14,0.72
14:10:37:904,3.85,-1.18,0.77
14:10:37:933,3.86,-1.20,0.77
14:10:37:947,3.85,-1.19,0.78
14:10:38:18,3.87,-1.20,0.74
14:10:38:28,3.85,-1.21,0.71
14:10:38:38,3.85,-1.21,0.71
14:10:38:47,3.84,-1.20,0.69
14:10:38:77,3.80,-1.19,0.66
14:10:38:102,3.79,-1.20,0.67
14:10:38:130,3.80,-1.21,0.65
14:10:38:138,3.84,-1.19,0.62
14:10:38:198,3.83,-1.18,0.60
14:10:38:209,3.81,-1.19,0.60
14:10:38:222,3.77,-1.18,0.57
14:10:38:237,3.73,-1.16,0.54
14:10:38:293,3.68,-1.12,0.56
14:10:38:298,3.77,-1.09,0.50
14:10:38:308,3.84,-1.11,0.50
14:10:38:347,3.81,-1.15,0.54
14:10:38:392,3.78,-1.18,0.59
14:10:38:398,3.74,-1.18,0.64
14:10:38:398,3.77,-1.21,0.64
14:10:38:437,3.79,-1.18,0.71
14:10:38:448,3.84,-1.17,0.75
14:10:38:489,3.88,-1.17,0.77
14:10:38:529,3.85,-1.21,0.74
14:10:38:549,3.87,-1.24,0.75
14:10:38:558,3.85,-1.24,0.75
14:10:38:577,3.82,-1.19,0.71
14:10:38:599,3.79,-1.17,0.65
14:10:38:627,3.79,-1.19,0.65
14:10:38:648,3.80,-1.16,0.66
14:10:38:668,3.89,-1.08,0.67
14:10:38:729,3.96,-0.84,0.63
14:10:38:749,3.96,-0.79,0.63
14:10:38:749,3.78,-0.64,0.59
14:10:38:769,3.69,-0.70,0.46
14:10:38:789,3.71,-0.49,0.36
14:10:38:817,3.96,-0.73,0.34
14:10:38:837,3.95,-0.69,0.35
14:10:38:889,3.81,-0.80,0.33
14:10:38:907,3.81,-0.82,0.35
14:10:38:938,3.77,-0.71,0.50
14:10:38:957,3.67,-0.48,0.73
14:10:38:957,3.55,-0.54,0.68
14:10:38:977,3.56,-0.52,1.03
14:10:39:9,3.44,-1.74,0.46
14:10:39:67,3.62,-1.47,0.58
14:10:39:108,3.77,-1.39,0.65
14:10:39:117,3.92,-1.13,0.76
14:10:39:138,3.91,-1.08,0.84
14:10:39:147,3.86,-0.90,0.99
14:10:39:158,3.81,-0.92,1.11
14:10:39:169,3.77,-0.78,1.18
14:10:39:269,3.84,-0.81,1.16
14:10:39:299,3.97,-1.04,1.16
14:10:39:307,4.16,-1.10,1.19
14:10:39:318,4.49,-1.15,1.10
14:10:39:352,4.92,-1.18,0.99
14:10:39:357,5.42,-1.30,0.91
14:10:39:362,5.55,-1.25,0.80
14:10:39:369,5.36,-1.12,0.65
14:10:39:387,4.78,-1.09,0.56
14:10:39:427,4.05,-1.06,0.57
14:10:39:458,3.32,-1.04,0.50
14:10:39:479,3.12,-1.04,0.22
14:10:39:487,3.55,-1.17,-0.08
14:10:39:507,4.09,-1.37,-0.03
14:10:39:529,3.99,-1.35,0.13
14:10:39:558,3.60,-1.27,0.13
14:10:39:577,3.36,-1.01,-0.01
14:10:39:658,3.49,-0.93,-0.14
14:10:39:677,3.56,-0.88,-0.14
14:10:39:688,3.54,-0.98,-0.05
14:10:39:693,3.38,-1.12,-0.12
14:10:39:718,3.50,-1.24,-0.13
14:10:39:737,3.47,-1.25,-0.06
14:10:39:750,3.41,-1.17,0.02
14:10:39:819,3.49,-1.18,0.02
14:10:39:828,3.60,-1.03,0.04
14:10:39:838,3.79,-0.98,0.14
14:10:39:839,3.87,-0.86,0.22
14:10:39:873,4.00,-0.73,0.19
14:10:39:895,4.48,-0.68,0.12
14:10:39:930,5.26,-0.65,-0.01
14:10:39:937,5.47,-0.58,0.02
14:10:39:983,4.25,-0.33,0.32
14:10:40:1,3.15,-0.28,0.37
14:10:40:1,3.04,-0.39,0.23
14:10:40:34,3.87,-0.55,-0.08
14:10:40:68,4.73,-0.86,0.02
14:10:40:85,5.20,-0.88,0.23
14:10:40:103,4.84,-0.94,0.58
14:10:40:136,3.87,-0.72,0.80
14:10:40:170,3.29,-0.57,0.86
14:10:40:188,3.13,-0.69,0.72
14:10:40:204,3.22,-0.67,0.63
14:10:40:220,3.29,-0.63,0.75
14:10:40:255,3.30,-0.58,0.95
14:10:40:273,3.21,-0.61,1.06
14:10:40:290,3.15,-0.74,1.01
14:10:40:324,3.40,-0.97,0.97
14:10:40:341,3.80,-1.16,0.97
14:10:40:375,4.27,-1.27,1.02
14:10:40:393,4.57,-1.26,1.08
14:10:40:410,4.60,-1.13,1.15
14:10:40:427,4.70,-1.04,0.99
14:10:40:528,5.42,-1.18,0.94
14:10:40:545,5.98,-1.44,1.14
14:10:40:546,5.03,-1.24,1.19
14:10:40:564,3.95,-1.16,0.77
14:10:40:564,3.87,-1.15,0.30
14:10:40:581,4.57,-1.45,0.11
14:10:40:608,4.83,-1.29,-0.01
14:10:40:724,4.42,-0.82,-0.05
14:10:40:724,3.92,-0.52,0.11
14:10:40:741,3.48,-0.46,0.13
14:10:40:759,3.27,-0.73,0.01
14:10:40:795,3.23,-0.81,-0.07
14:10:40:795,3.12,-1.10,-0.12
14:10:40:795,3.10,-1.17,-0.18
14:10:40:831,3.26,-1.22,-0.19
14:10:40:831,3.38,-1.16,-0.09
14:10:40:865,3.32,-0.88,0.05
14:10:40:883,3.20,-0.76,0.13
14:10:40:921,3.26,-0.65,0.15
14:10:40:938,3.52,-0.71,0.15
14:10:40:954,3.80,-0.69,0.19
14:10:40:971,4.08,-0.60,0.27
14:10:40:989,4.63,-0.70,0.18
14:10:41:25,5.79,-0.93,-0.12
14:10:41:61,5.95,-1.13,0.25
14:10:41:78,4.28,-0.99,0.77
14:10:41:93,3.59,-1.13,0.83
14:10:41:110,4.21,-0.92,0.59
14:10:41:145,4.57,-0.71,0.30
14:10:41:180,4.30,-0.37,0.32
14:10:41:180,3.96,-0.05,0.65
14:10:41:249,3.42,0.09,0.78
14:10:41:266,3.14,-0.36,0.71
14:10:41:266,3.02,-0.84,0.65
14:10:41:284,2.89,-1.41,0.65
14:10:41:317,2.85,-1.60,0.66
14:10:41:334,2.91,-1.35,0.72
14:10:41:351,3.32,-1.38,0.74
14:10:41:385,3.77,-1.44,0.79
14:10:41:419,3.98,-1.50,0.86
14:10:41:438,4.12,-1.39,0.95
14:10:41:438,4.40,-1.31,0.97
14:10:41:473,4.77,-1.38,1.06
14:10:41:490,4.99,-1.57,1.13
14:10:41:507,4.86,-1.52,1.12
14:10:41:578,4.90,-1.49,1.06
14:10:41:629,5.41,-1.69,1.44
14:10:41:629,5.28,-1.76,1.92
14:10:41:629,4.47,-1.61,1.92
14:10:41:646,4.27,-1.50,1.54
14:10:41:664,4.49,-1.37,1.10
14:10:41:681,4.61,-1.12,0.85
14:10:41:714,4.71,-0.82,0.71
14:10:41:799,4.69,-0.52,0.69
14:10:41:800,4.37,-0.32,0.65
14:10:41:800,4.08,-0.34,0.45
14:10:41:817,3.79,-0.36,0.20
14:10:41:834,3.59,-0.52,-0.09
14:10:41:853,3.46,-0.68,-0.32
14:10:41:889,3.31,-0.81,-0.40
14:10:41:906,3.14,-0.90,-0.41
14:10:41:940,2.93,-0.96,-0.36
14:10:41:974,2.70,-0.94,-0.29
14:10:41:993,2.49,-1.01,-0.26
14:10:42:10,2.45,-1.05,-0.24
14:10:42:28,2.61,-0.95,-0.12
14:10:42:45,2.84,-0.96,0.12
14:10:42:80,3.11,-1.04,0.17
14:10:42:97,4.00,-1.24,-0.10
14:10:42:132,5.46,-1.40,-0.19
14:10:42:200,5.70,-1.60,0.37
14:10:42:200,4.75,-1.54,1.14
14:10:42:218,4.19,-1.27,1.59
14:10:42:218,4.25,-0.95,1.50
14:10:42:235,4.72,-0.84,1.00
14:10:42:270,4.91,-0.82,0.73
14:10:42:306,4.76,-0.73,0.83
14:10:42:441,4.35,-0.36,1.13
14:10:42:441,3.88,-0.08,1.28
14:10:42:441,3.53,-0.24,1.25
14:10:42:459,3.38,-0.66,1.16
14:10:42:511,3.13,-1.14,1.20
14:10:42:527,2.92,-1.61,1.14
14:10:42:530,2.88,-1.90,1.06
14:10:42:546,3.13,-2.02,1.00
14:10:42:562,3.61,-1.87,1.05
14:10:42:562,4.11,-1.83,1.12
14:10:42:579,4.37,-1.49,1.12
14:10:42:580,4.48,-1.26,1.08
14:10:42:598,4.50,-1.14,1.11
14:10:42:615,4.28,-1.16,1.10
14:10:42:684,4.04,-1.40,0.97
14:10:42:702,4.63,-1.66,0.88
14:10:42:720,4.99,-1.98,1.15
14:10:42:735,5.00,-2.03,1.33
14:10:42:788,4.90,-1.86,1.08
14:10:42:806,5.07,-1.73,0.83
14:10:42:806,5.10,-1.51,0.79
14:10:42:824,4.91,-1.02,0.61
14:10:42:875,4.73,-0.63,0.39
14:10:42:875,4.38,-0.39,0.30
14:10:42:875,3.93,-0.46,0.21
14:10:42:910,3.56,-0.37,0.08
14:10:42:927,3.42,-0.63,-0.01
14:10:42:961,3.33,-0.93,-0.07
14:10:42:979,3.18,-1.17,-0.04
14:10:43:48,2.92,-1.25,0.00
14:10:43:65,2.73,-1.26,-0.03
14:10:43:66,2.64,-1.17,-0.03
14:10:43:83,2.67,-0.96,-0.02
14:10:43:119,2.83,-0.80,-0.00
14:10:43:136,3.16,-0.85,0.05
14:10:43:187,3.53,-0.91,0.12
14:10:43:223,3.79,-1.10,0.22
14:10:43:240,4.18,-1.16,0.28
14:10:43:240,4.99,-1.07,0.04
14:10:43:257,5.50,-0.99,0.24
14:10:43:274,4.83,-0.94,0.85
14:10:43:307,3.71,-0.83,1.21
14:10:43:324,3.43,-0.80,1.20
14:10:43:341,4.27,-1.27,0.98
14:10:43:394,4.69,-1.28,0.73
14:10:43:411,4.49,-0.98,0.65
14:10:43:428,4.16,-0.69,0.82
14:10:43:446,3.77,-0.10,1.00
14:10:43:465,3.44,-0.03,1.02
14:10:43:499,3.25,-0.47,0.99
14:10:43:516,3.13,-0.94,0.87
14:10:43:535,3.04,-1.43,0.71
14:10:43:569,3.16,-1.86,0.70
14:10:43:602,3.45,-2.09,0.76
14:10:43:602,3.73,-1.88,0.96
14:10:43:636,3.79,-1.88,1.16
14:10:43:655,3.73,-1.55,1.28
14:10:43:689,3.82,-1.39,1.29
14:10:43:708,4.48,-1.34,1.20
14:10:43:743,5.27,-1.40,1.19
14:10:43:795,5.60,-1.40,1.06
14:10:43:795,5.99,-1.39,1.04
14:10:43:795,6.10,-1.42,1.39
14:10:43:829,5.22,-1.41,1.62
14:10:43:865,3.99,-1.32,1.31
14:10:43:882,3.74,-1.36,0.87
14:10:43:917,4.45,-1.67,0.64
14:10:43:953,4.94,-1.73,0.59
14:10:43:970,4.62,-1.38,0.40
14:10:43:970,4.17,-0.69,0.29
14:10:43:988,3.78,-0.47,0.28
14:10:44:21,3.57,-0.38,0.21
14:10:44:38,3.45,-0.34,0.11
14:10:44:108,3.35,-0.61,-0.09
14:10:44:125,3.26,-0.89,-0.22
14:10:44:142,3.09,-1.10,-0.27
14:10:44:142,2.98,-1.24,-0.26
14:10:44:161,2.90,-1.26,-0.22
14:10:44:195,2.86,-1.15,-0.09
14:10:44:213,2.84,-0.86,-0.04
14:10:44:230,3.02,-0.79,-0.03
14:10:44:283,3.46,-0.91,0.04
14:10:44:318,3.72,-0.96,0.19
14:10:44:318,3.84,-1.06,0.31
14:10:44:335,4.31,-1.10,0.35
14:10:44:371,4.96,-0.92,0.32
14:10:44:387,5.10,-0.92,0.60
14:10:44:403,4.43,-0.82,1.11
14:10:44:436,3.84,-0.62,1.28
14:10:44:470,4.36,-0.80,1.09
14:10:44:487,5.03,-1.01,0.95
14:10:44:504,5.00,-0.92,0.97
14:10:44:523,4.55,-0.64,0.96
14:10:44:540,3.81,-0.06,0.97
14:10:44:557,3.34,0.03,0.99
14:10:44:609,3.18,-0.14,0.94
14:10:44:626,3.14,-0.68,0.78
14:10:44:644,3.18,-1.34,0.60
14:10:44:662,3.28,-1.83,0.60
14:10:44:697,3.36,-1.96,0.68
14:10:44:714,3.43,-1.65,0.82
14:10:44:747,3.57,-1.74,0.90
14:10:44:764,3.72,-1.56,0.96
14:10:44:780,3.94,-1.60,1.02
14:10:44:831,4.38,-1.65,1.04
14:10:44:847,4.88,-1.62,1.16
14:10:44:866,5.04,-1.47,1.15
14:10:44:883,5.47,-1.34,1.15
14:10:44:916,5.70,-1.39,1.50
14:10:44:935,5.12,-1.33,1.69
14:10:44:952,4.25,-1.30,1.47
14:10:44:970,3.95,-1.33,0.92
14:10:45:5,4.45,-1.33,0.54
14:10:45:39,4.88,-1.44,0.47
14:10:45:55,4.55,-1.03,0.39
14:10:45:73,4.17,-0.66,0.19
14:10:45:106,3.86,-0.50,0.17
14:10:45:123,3.54,-0.44,0.20
14:10:45:141,3.33,-0.53,0.10
14:10:45:208,3.24,-0.78,-0.04
14:10:45:260,3.14,-1.00,-0.16
14:10:45:260,3.10,-1.16,-0.17
14:10:45:260,3.02,-1.24,-0.21
14:10:45:278,2.91,-1.17,-0.08
14:10:45:295,2.83,-0.88,0.04
14:10:45:312,2.84,-0.77,0.16
14:10:45:330,3.02,-0.79,0.25
14:10:45:399,3.36,-0.94,0.29
14:10:45:416,3.82,-1.04,0.35
14:10:45:416,4.09,-1.04,0.39
14:10:45:433,4.43,-0.90,0.30
14:10:45:450,5.22,-0.85,0.22
14:10:45:502,5.58,-0.99,0.58
14:10:45:502,4.66,-0.99,1.11
14:10:45:570,3.47,-0.95,1.29
14:10:45:570,3.15,-0.90,1.09
14:10:45:588,4.19,-1.33,0.69
14:10:45:605,4.93,-1.46,0.72
14:10:45:640,5.00,-1.37,1.05
14:10:45:656,4.29,-0.88,1.27
14:10:45:674,3.51,-0.15,1.22
14:10:45:691,3.09,-0.13,1.04
14:10:45:758,3.01,-0.32,0.93
14:10:45:758,2.94,-0.76,0.67
14:10:45:758,3.08,-1.11,0.57
14:10:45:791,3.25,-1.44,0.56
14:10:45:808,3.52,-1.60,0.62
14:10:45:861,3.70,-1.54,0.76
14:10:45:861,3.64,-1.33,0.78
14:10:45:911,3.60,-1.30,0.83
14:10:45:930,3.73,-1.34,0.89
14:10:45:930,4.16,-1.65,0.88
14:10:45:982,4.78,-1.88,1.03
14:10:45:999,4.91,-1.81,1.16
14:10:46:1,5.36,-1.72,1.26
14:10:46:35,5.69,-1.58,1.56
14:10:46:52,5.28,-1.33,1.94
14:10:46:86,4.26,-0.92,1.62
14:10:46:104,3.95,-1.08,0.91
14:10:46:139,4.54,-1.10,0.52
14:10:46:156,4.84,-1.21,0.39
14:10:46:174,4.54,-0.65,0.12
14:10:46:209,4.11,-0.31,-0.10
14:10:46:226,3.97,-0.29,0.01
14:10:46:261,3.83,-0.34,0.09
14:10:46:297,3.59,-0.57,-0.10
14:10:46:333,3.33,-0.94,-0.27
14:10:46:333,3.12,-1.23,-0.43
14:10:46:350,3.00,-1.43,-0.46
14:10:46:367,2.99,-1.46,-0.41
14:10:46:401,2.94,-1.24,-0.23
14:10:46:454,2.83,-1.13,-0.04
14:10:46:472,2.85,-1.05,0.13
14:10:46:509,2.81,-1.00,0.23
14:10:46:526,2.95,-1.04,0.33
14:10:46:526,3.12,-1.06,0.47
14:10:46:543,3.32,-1.07,0.60
14:10:46:562,3.39,-1.07,0.74
14:10:46:596,3.48,-1.08,0.88
14:10:46:647,4.01,-1.04,0.77
14:10:46:666,5.32,-0.96,0.29
14:10:46:682,6.68,-1.19,0.44
14:10:46:682,5.86,-1.24,1.13
14:10:46:716,4.75,-1.03,1.25
14:10:46:733,4.20,-1.06,1.18
14:10:46:751,4.45,-1.30,0.90
14:10:46:768,4.56,-1.21,0.56
14:10:46:838,4.48,-1.18,0.43
14:10:46:855,4.16,-0.80,0.58
14:10:46:874,3.79,-0.43,0.75
14:10:46:892,3.51,-0.42,0.75
14:10:46:909,3.46,-0.76,0.69
14:10:46:927,3.51,-1.18,0.63
14:10:46:944,3.50,-1.51,0.54
14:10:47:13,3.42,-1.66,0.47
14:10:47:29,3.43,-1.57,0.48
14:10:47:30,3.50,-1.31,0.50
14:10:47:48,3.62,-1.24,0.48
14:10:47:64,3.69,-1.17,0.49
14:10:47:98,3.80,-1.18,0.51
14:10:47:114,3.89,-1.10,0.61
14:10:47:169,3.93,-0.94,0.59
14:10:47:187,3.90,-0.86,0.57
14:10:47:204,3.87,-0.81,0.58
14:10:47:204,3.98,-0.91,0.54
14:10:47:239,4.19,-1.03,0.46
14:10:47:257,4.20,-1.11,0.54
14:10:47:293,3.99,-1.14,0.73
14:10:47:310,3.63,-1.01,0.73
14:10:47:363,3.47,-0.87,0.69
14:10:47:380,3.46,-0.75,0.61
14:10:47:380,3.59,-0.66,0.55
14:10:47:397,3.67,-0.75,0.54
14:10:47:448,3.72,-0.90,0.55
14:10:47:448,3.72,-1.04,0.50
14:10:47:479,3.67,-1.16,0.55
14:10:47:500,3.61,-1.29,0.57
14:10:47:534,3.55,-1.34,0.59
14:10:47:552,3.64,-1.27,0.57
14:10:47:570,3.74,-1.19,0.59
14:10:47:586,3.81,-1.15,0.58
14:10:47:619,3.88,-1.19,0.62
14:10:47:636,3.92,-1.24,0.63
14:10:47:673,3.89,-1.28,0.65
14:10:47:707,3.88,-1.32,0.65
14:10:47:724,3.89,-1.38,0.69
14:10:47:742,3.90,-1.37,0.70
14:10:47:776,3.91,-1.36,0.68
14:10:47:778,3.89,-1.36,0.68
14:10:47:810,3.90,-1.38,0.68
14:10:47:828,3.93,-1.38,0.73
14:10:47:861,3.89,-1.35,0.76
14:10:47:910,3.86,-1.32,0.76
14:10:47:941,3.86,-1.29,0.79
14:10:47:960,3.86,-1.26,0.83
14:10:47:960,3.86,-1.23,0.82
14:10:47:977,3.87,-1.20,0.84
14:10:48:10,3.91,-1.19,0.78
14:10:48:30,3.93,-1.19,0.80
14:10:48:64,3.95,-1.20,0.78
14:10:48:99,3.94,-1.17,0.78
14:10:48:99,3.91,-1.16,0.78
14:10:48:116,3.89,-1.12,0.73
14:10:48:152,3.87,-1.09,0.70
14:10:48:186,3.84,-1.09,0.67
14:10:48:186,3.79,-1.07,0.66
14:10:48:204,3.81,-1.07,0.60
14:10:48:271,3.81,-1.06,0.59
14:10:48:288,3.75,-1.05,0.57
14:10:48:291,3.68,-1.06,0.53
14:10:48:325,3.66,-1.07,0.55
14:10:48:342,3.67,-1.09,0.54
14:10:48:376,3.71,-1.14,0.55
14:10:48:377,3.70,-1.10,0.55
14:10:48:427,3.75,-1.09,0.51
14:10:48:443,3.77,-1.10,0.54
14:10:48:460,3.74,-1.10,0.55
14:10:48:480,3.74,-1.15,0.57
14:10:48:499,3.75,-1.15,0.57
14:10:48:534,3.76,-1.15,0.58
14:10:48:568,3.79,-1.17,0.60
14:10:48:585,3.80,-1.19,0.64
14:10:48:638,3.83,-1.20,0.67
14:10:48:655,3.79,-1.21,0.72
14:10:48:655,3.73,-1.24,0.74
14:10:48:672,3.74,-1.56,0.86
14:10:48:707,3.90,-1.70,0.95
14:10:48:708,3.82,-1.66,1.06
14:10:48:742,3.73,-1.43,1.06
14:10:48:812,3.70,-1.33,1.04
14:10:48:812,3.67,-1.28,0.94
14:10:48:829,3.67,-1.27,0.90
14:10:48:829,3.62,-1.39,0.83
14:10:48:863,3.66,-1.42,0.83
14:10:48:881,3.65,-1.45,0.83
14:10:48:915,3.53,-1.45,0.78
14:10:49:0,3.46,-1.39,0.66
14:10:49:1,3.63,-1.36,0.59
14:10:49:1,3.74,-1.25,0.61
14:10:49:18,3.83,-1.19,0.55
14:10:49:36,3.93,-1.16,0.55
14:10:49:53,3.97,-1.22,0.51
14:10:49:106,4.23,-1.30,0.49
14:10:49:125,4.33,-1.33,0.50
14:10:49:142,4.42,-1.40,0.46
14:10:49:158,4.37,-1.48,0.48
14:10:49:209,4.33,-1.47,0.45
14:10:49:245,4.25,-1.41,0.39
14:10:49:245,4.21,-1.32,0.28
14:10:49:262,4.13,-1.29,0.29
14:10:49:279,3.99,-1.26,0.27
14:10:49:298,3.85,-1.19,0.25
14:10:49:333,3.76,-1.12,0.20
14:10:49:350,3.85,-1.07,0.14
14:10:49:367,3.99,-0.92,0.10
14:10:49:384,4.15,-0.87,0.05
14:10:49:421,4.48,-0.92,0.14
14:10:49:421,4.01,-0.97,0.33
14:10:49:474,3.12,-0.65,0.19
14:10:49:508,3.01,-0.72,0.07
14:10:49:542,3.38,-0.92,0.15
14:10:49:560,3.44,-0.91,0.21
14:10:49:577,3.57,-1.09,0.28
14:10:49:577,3.71,-1.21,0.42
14:10:49:611,3.74,-0.99,0.53
14:10:49:644,3.63,-0.91,0.57
14:10:49:662,3.80,-0.76,0.66
14:10:49:679,3.93,-0.59,0.63
14:10:49:749,3.94,-0.39,0.61
14:10:49:815,4.03,-0.19,0.60
14:10:49:818,4.07,-0.18,0.70
14:10:49:835,3.95,-0.29,0.82
14:10:49:888,3.86,-0.64,0.83
14:10:49:888,3.87,-0.79,0.80
14:10:49:921,3.97,-1.01,0.79
14:10:49:973,3.93,-0.95,0.77
14:10:49:990,3.75,-0.80,0.70
14:10:49:990,3.72,-0.82,0.56
14:10:50:41,3.93,-0.88,0.40
14:10:50:75,4.19,-0.96,0.30
14:10:50:95,4.31,-0.90,0.17
14:10:50:112,4.15,-0.90,0.12
14:10:50:129,4.16,-0.96,0.00
14:10:50:129,4.23,-1.05,-0.11
14:10:50:129,4.23,-0.94,-0.28
14:10:50:165,4.20,-0.73,-0.48
14:10:50:183,4.18,-0.48,-0.51
14:10:50:183,4.08,-0.54,-0.46
14:10:50:248,3.96,-0.49,-0.37
14:10:50:299,3.79,-0.58,-0.31
14:10:50:315,3.73,-0.65,-0.36
14:10:50:316,3.73,-0.87,-0.34
14:10:50:316,3.83,-1.08,-0.25
14:10:50:332,3.91,-1.19,-0.11
14:10:50:348,3.90,-0.92,-0.01
14:10:50:364,3.79,-0.86,0.05
14:10:50:382,3.76,-0.89,0.16
14:10:50:398,3.82,-0.99,0.22
14:10:50:432,3.83,-1.08,0.32
14:10:50:450,3.83,-1.15,0.38
14:10:50:467,3.88,-1.14,0.41
14:10:50:485,3.99,-1.17,0.44
14:10:50:501,4.01,-1.14,0.50
14:10:50:554,4.06,-1.13,0.52
14:10:50:554,4.01,-1.11,0.51
14:10:50:587,3.96,-1.06,0.42
14:10:50:640,4.01,-1.10,0.41
14:10:50:658,3.97,-1.22,0.46
14:10:50:658,3.90,-1.19,0.44
14:10:50:692,3.88,-1.24,0.47
14:10:50:709,3.90,-1.25,0.45
14:10:50:727,4.03,-1.25,0.41
14:10:50:797,4.07,-1.19,0.44
14:10:50:814,4.04,-1.09,0.43
14:10:50:815,4.16,-1.10,0.39
14:10:50:833,4.05,-1.02,0.46
14:10:50:850,3.76,-0.93,0.53
14:10:50:901,3.53,-0.83,0.56
14:10:50:901,3.51,-0.71,0.43
14:10:50:918,3.88,-0.72,0.39
14:10:50:972,4.40,-0.86,0.48
14:10:51:6,4.57,-0.76,0.67
14:10:51:23,4.28,-0.56,0.77
14:10:51:41,3.97,-0.37,0.74
14:10:51:56,3.81,-0.31,0.71
14:10:51:93,3.71,-0.25,0.61
14:10:51:93,3.74,-0.37,0.60
14:10:51:146,3.83,-0.47,0.64
14:10:51:180,3.86,-0.63,0.67
14:10:51:196,3.79,-0.56,0.67
14:10:51:213,3.64,-0.66,0.62
14:10:51:222,3.56,-0.71,0.51
14:10:51:237,3.63,-0.73,0.44
14:10:51:254,3.85,-0.79,0.42
14:10:51:341,3.97,-0.78,0.41
14:10:51:383,3.99,-0.80,0.44
14:10:51:383,3.98,-0.76,0.43
14:10:51:383,3.93,-0.79,0.39
14:10:51:400,3.90,-0.81,0.34
14:10:51:417,3.92,-0.79,0.29
14:10:51:424,3.88,-0.81,0.29
14:10:51:459,3.98,-0.91,0.29
14:10:51:512,4.20,-1.05,0.28
14:10:51:512,4.16,-1.20,0.31
14:10:51:530,3.79,-1.24,0.49
14:10:51:547,3.28,-1.12,0.57
14:10:51:581,3.44,-1.16,0.59
14:10:51:597,3.83,-1.26,0.70
14:10:51:632,3.98,-1.29,0.87
14:10:51:721,3.88,-1.21,0.95
14:10:51:737,3.88,-1.07,0.97
14:10:51:737,3.99,-0.87,0.96
14:10:51:753,4.04,-0.74,0.96
14:10:51:770,4.26,-0.75,0.88
14:10:51:771,4.43,-0.82,0.86
14:10:51:789,4.32,-0.74,0.88
14:10:51:891,3.93,-0.62,0.81
14:10:51:908,3.63,-0.75,0.66
14:10:51:925,3.56,-0.89,0.59
14:10:51:925,3.53,-1.12,0.40
14:10:51:942,3.79,-1.36,0.25
14:10:51:959,3.96,-1.48,0.12
14:10:51:995,4.27,-1.62,0.10
14:10:52:62,4.02,-1.69,0.26
14:10:52:80,3.44,-1.46,0.32
14:10:52:80,3.17,-1.41,0.27
14:10:52:115,3.22,-1.55,0.20
14:10:52:150,3.45,-1.61,0.27
14:10:52:150,3.81,-1.55,0.38
14:10:52:168,4.10,-1.39,0.45
14:10:52:168,4.30,-1.24,0.54
14:10:52:185,4.01,-0.98,0.57
14:10:52:237,3.90,-0.81,0.65
14:10:52:237,3.83,-0.77,0.64
14:10:52:305,3.92,-0.91,0.63
14:10:52:306,3.99,-0.95,0.66
14:10:52:324,3.95,-1.01,0.72
14:10:52:342,3.85,-0.98,0.83
14:10:52:342,3.77,-0.82,0.85
14:10:52:415,3.67,-0.81,0.94
14:10:52:432,3.58,-0.81,1.00
14:10:52:451,3.69,-0.82,0.96
14:10:52:451,3.93,-0.81,0.89
14:10:52:451,4.17,-0.77,0.77
14:10:52:503,4.10,-0.60,0.76
14:10:52:539,3.90,-0.47,0.75
14:10:52:539,3.94,-0.61,0.67
14:10:52:608,3.99,-0.89,0.61
14:10:52:626,3.98,-1.02,0.58
14:10:52:641,3.93,-1.10,0.49
14:10:52:661,3.93,-1.02,0.55
14:10:52:661,3.84,-0.94,0.56
14:10:52:696,3.67,-0.92,0.55
14:10:52:713,3.65,-0.95,0.41
14:10:52:713,3.86,-1.02,0.42
14:10:52:782,3.83,-1.03,0.50
14:10:52:817,3.72,-1.05,0.52
14:10:52:817,3.59,-1.10,0.41
14:10:52:833,3.76,-1.12,0.35
14:10:52:849,4.02,-1.19,0.33
14:10:52:869,4.21,-1.25,0.32
14:10:52:902,4.23,-1.24,0.34
14:10:52:973,4.01,-1.10,0.33
14:10:52:990,3.77,-1.17,0.36
14:10:52:990,3.66,-1.31,0.37
14:10:53:8,3.65,-1.42,0.36
14:10:53:25,3.74,-1.56,0.38
14:10:53:25,3.84,-1.63,0.43
14:10:53:60,3.86,-1.61,0.50
14:10:53:112,3.80,-1.50,0.58
14:10:53:146,3.73,-1.43,0.66
14:10:53:146,3.60,-1.38,0.71
14:10:53:146,3.84,-1.45,0.48
14:10:53:199,4.47,-1.57,0.55
14:10:53:199,4.18,-1.43,0.75
14:10:53:216,3.75,-1.13,0.76
14:10:53:284,3.64,-1.13,0.80
14:10:53:316,3.74,-1.04,0.69
14:10:53:333,3.83,-0.94,0.68
14:10:53:333,4.00,-0.92,0.89
14:10:53:351,4.10,-0.83,1.01
14:10:53:367,4.02,-0.50,0.96
14:10:53:385,3.87,-0.12,0.89
14:10:53:419,3.87,0.06,0.95
14:10:53:460,3.87,0.04,0.88
14:10:53:493,4.02,-0.17,0.82
14:10:53:493,4.03,-0.44,0.76
14:10:53:560,3.87,-0.50,0.76
14:10:53:562,3.68,-0.56,0.75
14:10:53:562,3.67,-0.69,0.71
14:10:53:597,3.71,-0.90,0.69
14:10:53:632,3.55,-0.97,0.67
14:10:53:665,3.41,-1.03,0.47
14:10:53:681,3.87,-1.28,0.42
14:10:53:682,4.29,-1.41,0.46
14:10:53:699,4.57,-1.37,0.47
14:10:53:734,4.64,-1.31,0.41
14:10:53:751,4.26,-1.22,0.33
14:10:53:785,3.61,-1.18,0.35
14:10:53:819,3.36,-1.36,0.41
14:10:53:854,3.38,-1.53,0.43
14:10:53:872,3.60,-1.62,0.39
14:10:53:889,3.81,-1.59,0.43
14:10:53:906,3.92,-1.36,0.51
14:10:53:906,3.94,-1.18,0.55
14:10:53:955,3.94,-0.98,0.54
14:10:53:973,3.83,-0.85,0.51
14:10:54:38,3.73,-0.87,0.46
14:10:54:38,3.79,-0.85,0.38
14:10:54:72,4.17,-0.92,0.17
14:10:54:72,4.47,-0.78,0.24
14:10:54:90,4.23,-0.41,0.21
14:10:54:125,4.07,-0.39,0.17
14:10:54:142,4.68,-0.50,0.14
14:10:54:162,4.70,-0.32,0.02
14:10:54:178,4.23,0.05,0.01
14:10:54:228,3.71,0.57,0.16
14:10:54:263,3.73,0.45,0.11
14:10:54:281,4.29,0.00,0.16
14:10:54:298,4.63,-0.60,0.33
14:10:54:315,4.05,-0.77,0.49
14:10:54:333,3.43,-0.33,0.57
14:10:54:386,3.28,-0.21,0.66
14:10:54:404,3.29,-0.12,0.70
14:10:54:404,3.47,-0.31,0.64
14:10:54:422,3.60,-0.52,0.64
14:10:54:456,3.64,-0.72,0.77
14:10:54:473,3.65,-0.82,0.87
14:10:54:523,3.66,-0.94,0.92
14:10:54:559,3.62,-1.03,0.97
14:10:54:577,3.70,-1.09,1.02
14:10:54:593,4.04,-1.21,1.04
14:10:54:594,4.52,-1.24,0.89
14:10:54:628,5.09,-1.23,0.85
14:10:54:645,5.35,-1.22,0.81
14:10:54:663,5.55,-1.23,0.95
14:10:54:680,4.91,-1.14,1.23
14:10:54:765,3.94,-1.28,1.39
14:10:54:783,3.00,-1.09,1.27
14:10:54:783,2.82,-1.16,0.86
14:10:54:800,3.70,-1.53,0.46
14:10:54:817,4.66,-1.79,0.34
14:10:54:851,4.94,-1.36,0.41
14:10:54:852,4.64,-1.06,0.27
14:10:54:955,4.39,-0.59,0.23
14:10:54:989,3.99,-0.32,0.14
14:10:54:989,3.61,-0.43,0.00
14:10:55:6,3.51,-0.67,-0.13
14:10:55:6,3.47,-0.99,-0.22
14:10:55:24,3.53,-1.19,-0.23
14:10:55:24,3.49,-1.35,-0.18
14:10:55:56,3.50,-1.27,-0.08
14:10:55:128,3.45,-1.14,-0.01
14:10:55:128,3.43,-0.91,0.10
14:10:55:145,3.43,-0.69,0.18
14:10:55:163,3.65,-0.72,0.33
14:10:55:180,3.83,-0.59,0.50
14:10:55:180,3.99,-0.48,0.55
14:10:55:216,4.42,-0.37,0.23
14:10:55:249,5.40,-0.44,0.12
14:10:55:266,5.26,-0.71,0.69
14:10:55:299,4.12,-0.57,1.11
14:10:55:319,3.53,-0.31,0.97
14:10:55:354,4.12,-0.39,0.60
14:10:55:354,4.69,-0.29,0.31
14:10:55:390,4.75,-0.03,0.36
14:10:55:407,4.23,0.16,0.52
14:10:55:478,3.51,0.12,0.70
14:10:55:478,3.15,0.02,0.67
14:10:55:496,3.14,-0.42,0.49
14:10:55:529,3.23,-0.92,0.32
14:10:55:546,3.33,-1.22,0.29
14:10:55:547,3.44,-1.05,0.47
14:10:55:582,3.52,-1.30,0.61
14:10:55:650,3.55,-1.26,0.72
14:10:55:666,3.57,-1.24,0.87
14:10:55:682,3.56,-1.38,0.99
14:10:55:682,3.74,-1.50,1.15
14:10:55:682,4.02,-1.70,1.24
14:10:55:718,4.36,-1.80,1.39
14:10:55:735,4.53,-1.74,1.48
14:10:55:788,4.74,-1.58,1.37
14:10:55:804,5.55,-1.61,1.54
14:10:55:840,5.82,-1.65,1.91
14:10:55:874,4.97,-1.42,1.91
14:10:55:875,4.55,-1.50,1.53
14:10:55:875,4.80,-1.56,1.08
14:10:55:909,5.43,-1.42,0.75
14:10:55:943,5.69,-1.04,0.48
14:10:55:959,5.29,-0.62,0.40
14:10:56:13,4.47,-0.26,0.27
14:10:56:13,3.88,-0.14,0.17
14:10:56:48,3.55,-0.20,0.06
14:10:56:49,3.42,-0.55,-0.16
14:10:56:116,3.33,-0.93,-0.31
14:10:56:116,3.16,-1.11,-0.42
14:10:56:135,3.02,-1.23,-0.37
14:10:56:188,2.96,-1.19,-0.30
14:10:56:222,2.83,-0.87,-0.23
14:10:56:222,2.85,-0.30,-0.17
14:10:56:240,3.13,-0.23,-0.16
14:10:56:257,3.46,-0.51,-0.06
14:10:56:274,3.65,-0.72,0.07
14:10:56:291,4.07,-0.80,0.02
14:10:56:378,5.14,-0.86,-0.39
14:10:56:395,5.58,-0.95,-0.20
14:10:56:395,4.60,-1.18,0.67
14:10:56:413,3.97,-1.34,0.87
14:10:56:430,4.20,-1.18,0.68
14:10:56:430,4.92,-0.83,0.40
14:10:56:465,5.05,-0.59,0.43
14:10:56:482,4.68,-0.17,0.58
14:10:56:552,4.13,0.13,0.76
14:10:56:568,3.70,0.14,0.90
14:10:56:568,3.58,-0.46,0.83
14:10:56:587,3.54,-1.01,0.68
14:10:56:604,3.52,-1.51,0.62
14:10:56:621,3.52,-1.75,0.63
14:10:56:657,3.57,-1.83,0.75
14:10:56:710,3.71,-1.72,0.89
14:10:56:727,3.76,-1.81,0.99
14:10:56:743,3.76,-1.81,1.11
14:10:56:763,3.81,-1.88,1.21
14:10:56:780,3.99,-1.98,1.38
14:10:56:799,4.54,-2.19,1.62
14:10:56:850,5.08,-2.15,1.78
14:10:56:918,5.31,-1.81,1.62
14:10:56:918,5.84,-1.51,1.67
14:10:56:934,5.68,-1.22,1.77
14:10:56:934,5.34,-1.21,1.51
14:10:56:951,5.40,-1.42,1.12
14:10:56:969,5.82,-1.60,0.56
14:10:56:987,6.46,-1.41,0.21
14:10:57:19,6.41,-0.81,0.05
14:10:57:36,5.80,-0.36,0.10
14:10:57:71,4.90,-0.07,0.10
14:10:57:107,4.42,-0.05,-0.02
14:10:57:124,4.06,-0.35,-0.32
14:10:57:141,3.69,-0.74,-0.65
14:10:57:194,3.31,-1.01,-0.88
14:10:57:194,3.05,-1.22,-0.86
14:10:57:211,2.97,-1.12,-0.74
14:10:57:245,2.92,-0.95,-0.58
14:10:57:297,2.74,-0.50,-0.41
14:10:57:297,2.73,-0.06,-0.31
14:10:57:316,2.76,-0.18,-0.21
14:10:57:332,2.90,-0.32,-0.07
14:10:57:350,3.04,-0.65,-0.07
14:10:57:367,3.83,-1.09,-0.13
14:10:57:421,4.49,-1.26,-0.15
14:10:57:455,4.02,-1.39,0.31
14:10:57:473,3.65,-1.30,0.84
14:10:57:473,4.23,-1.08,0.98
14:10:57:491,5.17,-0.91,0.91
14:10:57:525,5.75,-0.57,0.88
14:10:57:559,5.49,-0.15,0.93
14:10:57:576,4.97,0.16,0.95
14:10:57:645,4.39,0.36,0.87
14:10:57:646,4.22,0.12,0.88
14:10:57:663,4.29,-0.36,0.88
14:10:57:680,4.34,-1.54,0.75
14:10:57:699,4.14,-2.35,0.78
14:10:57:717,3.75,-2.72,0.86
14:10:57:735,3.59,-2.74,0.96
14:10:57:768,3.70,-2.39,1.15
14:10:57:821,3.81,-2.25,1.18
14:10:57:821,4.15,-1.99,1.36
14:10:57:839,4.42,-1.82,1.48
14:10:57:856,4.91,-1.78,1.66
14:10:57:891,5.03,-1.74,1.58
14:10:57:907,5.54,-1.86,1.30
14:10:57:921,6.47,-1.99,1.66
14:10:57:990,5.65,-1.69,1.87
14:10:58:7,4.60,-1.53,1.47
14:10:58:7,4.80,-1.53,0.96
14:10:58:25,5.26,-1.49,0.45
14:10:58:75,5.60,-1.26,0.09
14:10:58:76,5.36,-0.79,-0.13
14:10:58:93,4.99,-0.45,0.02
14:10:58:110,4.45,-0.17,0.21
14:10:58:145,4.11,-0.21,0.05
14:10:58:197,3.73,-0.37,-0.27
14:10:58:214,3.34,-0.64,-0.51
14:10:58:248,3.07,-0.89,-0.65
14:10:58:248,2.95,-1.09,-0.71
14:10:58:301,2.88,-1.10,-0.70
14:10:58:353,2.83,-1.00,-0.60
14:10:58:372,2.75,-0.92,-0.48
14:10:58:372,2.91,-0.86,-0.34
14:10:58:389,3.20,-0.83,-0.26
14:10:58:407,3.46,-0.98,-0.10
14:10:58:407,3.51,-1.08,0.04
14:10:58:442,3.81,-1.12,0.14
14:10:58:459,4.60,-1.16,0.07
14:10:58:476,4.97,-1.16,0.26
14:10:58:527,4.45,-0.84,0.76
14:10:58:545,4.27,-0.59,1.23
14:10:58:545,4.55,-0.58,1.39
14:10:58:579,5.11,-0.58,1.25
14:10:58:597,5.14,-0.43,0.93
14:10:58:629,4.75,-0.32,0.87
14:10:58:646,4.13,0.37,0.95
14:10:58:697,3.91,0.36,1.33
14:10:58:718,3.66,-1.01,0.58
14:10:58:718,3.63,-0.98,0.65
14:10:58:735,3.77,-1.83,0.75
14:10:58:768,3.60,-2.51,0.71
14:10:58:785,3.44,-2.62,0.77
14:10:58:802,3.49,-2.24,0.92
14:10:58:839,3.54,-2.11,0.90
14:10:58:891,3.81,-1.62,0.92
14:10:58:891,4.22,-1.45,0.94
14:10:58:907,4.59,-1.49,1.03
14:10:58:940,4.84,-1.49,1.20
14:10:58:960,4.76,-1.49,1.23
14:10:58:977,4.86,-1.67,1.16
14:10:59:30,5.29,-1.97,1.43
14:10:59:81,5.11,-2.04,1.81
14:10:59:81,4.64,-1.87,1.57
14:10:59:81,4.78,-1.79,1.30
14:10:59:115,5.05,-1.61,0.80
14:10:59:134,5.28,-1.25,0.46
14:10:59:167,5.23,-0.63,0.26
14:10:59:186,4.91,-0.12,0.06
14:10:59:186,4.44,0.19,0.08
14:10:59:253,4.05,0.16,-0.09
14:10:59:288,3.77,-0.06,-0.23
14:10:59:288,3.55,-0.36,-0.38
14:10:59:306,3.31,-0.72,-0.52
14:10:59:323,3.14,-1.03,-0.59
14:10:59:341,2.94,-1.18,-0.53
14:10:59:377,2.67,-1.28,-0.43
14:10:59:445,2.37,-1.08,-0.20
14:10:59:481,2.21,-0.88,-0.06
14:10:59:498,2.34,-0.81,0.00
14:10:59:515,2.94,-1.07,0.05
14:10:59:532,3.48,-1.21,0.11
14:10:59:548,3.94,-1.29,0.08
14:10:59:603,4.83,-1.08,-0.08
14:10:59:603,6.01,-1.15,0.17
14:10:59:603,5.82,-1.03,0.88
14:10:59:620,4.62,-0.53,1.37
14:10:59:637,3.95,-0.15,1.31
14:10:59:706,4.58,-0.26,1.05
14:10:59:707,4.97,-0.66,0.86
14:10:59:724,4.74,-0.79,0.94
14:10:59:794,4.21,-0.75,1.02
14:10:59:812,3.68,-0.41,1.09
14:10:59:812,3.40,-0.28,1.15
14:10:59:829,3.30,-0.55,1.08
14:10:59:829,3.43,-0.98,1.00
14:10:59:845,3.55,-1.60,1.03
14:10:59:880,3.47,-1.83,1.10
14:10:59:898,3.45,-1.63,1.11
14:10:59:967,3.48,-1.46,1.06
14:10:59:985,3.58,-1.24,1.03
14:10:59:985,3.63,-1.10,1.05
14:11:0:1,3.57,-1.02,1.06
14:11:0:1,3.67,-1.12,1.08
14:11:0:48,3.90,-1.48,1.15
14:11:0:67,4.31,-1.66,1.30
14:11:0:78,4.68,-1.64,1.15
14:11:0:162,5.84,-1.80,1.14
14:11:0:162,6.35,-1.83,1.43
14:11:0:196,5.34,-1.32,1.58
14:11:0:213,4.35,-0.94,1.31
14:11:0:213,4.55,-1.05,0.84
14:11:0:230,5.20,-1.18,0.57
14:11:0:298,5.20,-1.14,0.44
14:11:0:332,4.53,-0.68,0.20
14:11:0:350,3.94,-0.40,0.14
14:11:0:350,3.63,-0.25,0.17
14:11:0:350,3.55,-0.32,0.16
14:11:0:402,3.54,-0.62,0.03
14:11:0:419,3.57,-0.97,-0.10
14:11:0:419,3.48,-1.14,-0.10
14:11:0:453,3.24,-1.08,-0.17
14:11:0:541,3.00,-0.92,-0.15
14:11:0:558,2.89,-0.74,-0.07
14:11:0:558,2.85,-0.51,0.07
14:11:0:595,2.97,-0.56,0.10
14:11:0:612,3.31,-0.68,0.16
14:11:0:629,3.59,-0.73,0.29
14:11:0:663,3.75,-0.79,0.39
14:11:0:715,4.37,-0.89,0.24
14:11:0:732,5.58,-1.00,-0.06
14:11:0:747,6.15,-1.07,0.23
14:11:0:747,5.02,-1.07,0.86
14:11:0:886,3.97,-1.00,1.29
14:11:0:886,3.75,-1.03,1.43
14:11:0:903,4.36,-1.13,1.24
14:11:0:920,4.66,-1.22,0.98
14:11:0:937,4.34,-0.95,0.92
14:11:0:937,3.80,-0.50,0.93
14:11:0:954,3.33,0.07,0.99
14:11:0:954,3.22,-0.20,0.97
14:11:0:972,3.36,-0.61,0.84
14:11:0:972,3.62,-1.24,0.81
14:11:0:991,3.64,-1.76,0.84
14:11:1:8,3.53,-1.83,0.83
14:11:1:25,3.48,-1.53,0.70
14:11:1:61,3.64,-1.29,0.71
14:11:1:78,3.85,-1.08,0.75
14:11:1:126,3.84,-0.88,0.73
14:11:1:126,3.72,-0.75,0.81
14:11:1:144,3.59,-0.75,0.86
14:11:1:161,3.76,-0.91,0.98
14:11:1:231,3.97,-1.13,1.20
14:11:1:264,4.06,-1.03,1.29
14:11:1:282,4.05,-0.85,1.08
14:11:1:299,4.71,-0.96,1.01
14:11:1:299,5.29,-1.15,1.10
14:11:1:317,5.77,-1.21,1.32
14:11:1:352,5.03,-0.83,1.27
14:11:1:387,4.36,-0.41,0.89
14:11:1:421,4.32,-0.38,0.51
14:11:1:438,4.63,-0.29,0.22
14:11:1:490,4.64,-0.34,-0.06
14:11:1:507,4.20,-0.42,-0.14
14:11:1:509,3.92,-0.58,-0.19
14:11:1:509,3.79,-0.79,-0.23
14:11:1:542,3.72,-1.11,-0.25
14:11:1:595,3.58,-1.29,-0.36
14:11:1:612,3.65,-1.41,-0.44
14:11:1:612,3.84,-1.38,-0.51
14:11:1:629,3.97,-1.13,-0.58
14:11:1:663,3.91,-0.76,-0.56
14:11:1:663,3.66,-0.57,-0.43
14:11:1:715,3.39,-0.57,-0.27
14:11:1:798,3.29,-0.63,-0.12
14:11:1:798,3.34,-0.69,-0.01
14:11:1:815,3.47,-0.76,0.05
14:11:1:815,3.57,-0.81,0.14
14:11:1:866,3.70,-0.92,0.22
14:11:1:884,4.01,-1.05,0.28
14:11:1:885,4.22,-1.01,0.34
14:11:1:902,4.41,-0.87,0.32
14:11:1:953,4.41,-0.70,0.37
14:11:1:953,4.38,-0.64,0.41
14:11:2:4,4.43,-0.83,0.59
14:11:2:22,4.37,-1.17,0.70
14:11:2:39,4.12,-1.20,0.64
14:11:2:39,3.92,-1.25,0.53
14:11:2:57,3.89,-1.27,0.43
14:11:2:146,4.22,-1.38,0.36
14:11:2:164,4.54,-1.55,0.47
14:11:2:164,4.44,-1.58,0.55
14:11:2:181,4.07,-1.48,0.51
14:11:2:216,3.77,-1.59,0.50
14:11:2:216,3.74,-1.63,0.47
14:11:2:233,3.78,-1.59,0.38
14:11:2:250,3.97,-1.28,0.21
14:11:2:287,3.99,-0.96,0.12
14:11:2:303,4.06,-0.61,0.09
14:11:2:337,3.96,-0.39,0.02
14:11:2:355,3.96,-0.32,-0.00
14:11:2:355,4.02,-0.48,0.03
14:11:2:389,4.03,-0.68,-0.03
14:11:2:407,4.04,-0.79,-0.14
14:11:2:459,4.03,-0.85,0.01
14:11:2:494,3.95,-1.00,0.28
14:11:2:510,3.82,-0.84,0.50
14:11:2:510,3.74,-0.53,0.58
14:11:2:543,3.88,-0.54,0.64
14:11:2:543,3.95,-0.45,0.68
14:11:2:579,3.92,-0.28,0.67
14:11:2:612,3.89,-0.19,0.63
14:11:2:664,3.90,-0.11,0.55
14:11:2:682,3.94,-0.20,0.47
14:11:2:699,4.03,-0.42,0.32
14:11:2:715,4.08,-0.73,0.24
14:11:2:715,4.13,-0.94,0.15
14:11:2:767,4.11,-1.08,0.11
14:11:2:767,3.85,-1.18,0.15
14:11:2:784,3.65,-1.22,0.16
14:11:2:838,3.78,-1.32,0.11
14:11:2:855,4.09,-1.48,0.12
14:11:2:872,3.98,-1.49,0.14
14:11:2:890,3.73,-1.44,0.16
14:11:2:925,3.68,-1.41,0.17
14:11:2:942,3.83,-1.46,0.17
14:11:2:965,3.85,-1.47,0.12
14:11:3:40,3.76,-1.48,-0.02
14:11:3:57,3.74,-1.50,-0.05
14:11:3:57,3.92,-1.58,-0.05
14:11:3:57,3.97,-1.72,-0.09
14:11:3:92,3.83,-1.82,-0.12
14:11:3:127,3.58,-1.80,-0.08
14:11:3:144,3.58,-1.64,-0.05
14:11:3:212,3.67,-1.54,-0.08
14:11:3:230,3.79,-1.45,-0.09
14:11:3:230,3.94,-1.43,-0.07
14:11:3:247,4.15,-1.32,-0.06
14:11:3:264,4.26,-1.21,-0.10
14:11:3:264,4.11,-1.09,-0.05
14:11:3:299,3.81,-1.06,0.01
14:11:3:334,3.74,-1.25,0.14
14:11:3:386,3.78,-1.30,0.11
14:11:3:403,3.95,-1.33,0.13
14:11:3:403,3.93,-1.40,0.31
14:11:3:421,3.72,-1.22,0.48
14:11:3:464,3.45,-1.07,0.56
14:11:3:471,3.43,-1.06,0.68
14:11:3:573,3.87,-1.34,0.88
14:11:3:573,4.45,-1.53,1.28
14:11:3:590,4.33,-1.02,1.54
14:11:3:608,4.08,-0.50,1.85
14:11:3:626,3.89,-0.42,1.82
14:11:3:659,3.79,-0.80,1.47
14:11:3:660,3.87,-0.96,1.28
14:11:3:678,3.88,-1.09,1.02
14:11:3:694,3.79,-1.16,0.78
14:11:3:776,3.71,-1.04,0.67
14:11:3:793,3.66,-1.02,0.64
14:11:3:826,3.60,-0.99,0.60
14:11:3:826,3.53,-0.96,0.52
14:11:3:826,3.50,-0.94,0.42
14:11:3:843,3.55,-0.85,0.29
14:11:3:862,3.82,-0.90,0.23
14:11:3:878,3.92,-1.02,0.35
14:11:3:897,3.62,-0.98,0.34
14:11:3:949,3.39,-0.93,0.21
14:11:3:949,3.40,-0.93,0.15
14:11:3:967,3.65,-0.99,0.09
14:11:4:0,4.03,-1.24,0.14
14:11:4:18,4.26,-1.49,0.26
14:11:4:86,4.17,-1.57,0.32
14:11:4:136,4.06,-1.45,0.23
14:11:4:136,4.00,-1.32,0.28
14:11:4:153,3.89,-1.27,0.32
14:11:4:153,3.81,-1.27,0.28
14:11:4:171,3.85,-1.29,0.18
14:11:4:206,3.95,-1.35,0.19
14:11:4:224,4.05,-1.35,0.23
14:11:4:240,4.11,-1.43,0.28
14:11:4:292,4.07,-1.42,0.27
14:11:4:292,3.98,-1.30,0.10
14:11:4:310,3.94,-1.24,0.03
14:11:4:362,3.80,-1.32,0.04
14:11:4:378,3.69,-1.38,0.11
14:11:4:396,3.75,-1.47,0.11
14:11:4:396,3.78,-1.48,0.15
14:11:4:484,3.76,-1.44,0.10
14:11:4:484,3.80,-1.60,0.05
14:11:4:484,3.96,-1.51,-0.02
14:11:4:501,3.98,-1.25,0.25
14:11:4:518,3.40,-1.48,0.31
14:11:4:552,3.20,-1.72,0.46
14:11:4:570,3.41,-1.71,0.50
14:11:4:640,3.65,-1.65,0.38
14:11:4:656,3.92,-1.52,0.57
14:11:4:656,4.14,-1.35,0.72
14:11:4:691,4.30,-1.01,0.94
14:11:4:725,4.05,-0.77,1.04
14:11:4:725,3.87,-0.50,1.08
14:11:4:743,3.87,-0.16,1.18
14:11:4:761,3.89,-0.23,1.28
14:11:4:811,3.81,-0.18,1.33
14:11:4:830,3.77,-0.43,1.27
14:11:4:847,3.90,-0.64,1.18
14:11:4:864,4.06,-0.98,0.98
14:11:4:881,4.31,-1.07,0.83
14:11:4:897,4.29,-1.02,0.80
14:11:4:933,3.88,-0.70,0.75
14:11:4:951,3.61,-0.38,0.61
14:11:4:986,3.53,-0.41,0.40
14:11:5:1,3.72,-0.64,0.40
14:11:5:71,3.90,-0.83,0.30
14:11:5:71,3.98,-1.08,0.28
14:11:5:87,3.93,-1.28,0.27
14:11:5:106,3.69,-1.55,0.29
14:11:5:123,3.55,-1.51,0.23
14:11:5:174,3.50,-1.72,0.27
14:11:5:192,3.50,-1.77,0.28
14:11:5:243,3.77,-1.61,0.33
14:11:5:243,3.89,-1.53,0.38
14:11:5:260,3.93,-1.31,0.43
14:11:5:278,3.91,-1.21,0.51
14:11:5:312,3.89,-1.15,0.60
14:11:5:347,3.91,-1.13,0.59
14:11:5:364,3.89,-1.26,0.63
14:11:5:382,3.86,-1.29,0.63
14:11:5:382,3.85,-1.27,0.67
14:11:5:416,3.84,-1.20,0.67
14:11:5:451,3.85,-1.18,0.69
14:11:5:469,3.87,-1.15,0.67
14:11:5:554,3.86,-1.13,0.69
14:11:5:554,3.84,-1.13,0.72
14:11:5:571,3.83,-1.12,0.72
14:11:5:588,3.85,-1.11,0.70
14:11:5:588,3.85,-1.08,0.74
14:11:5:604,3.88,-1.07,0.72
14:11:5:625,3.88,-1.05,0.68
14:11:5:642,3.88,-1.01,0.68
14:11:5:677,3.86,-1.01,0.71
14:11:5:729,3.83,-1.00,0.73
14:11:5:745,3.81,-0.99,0.67
14:11:5:745,3.76,-0.98,0.66
14:11:5:762,3.79,-1.03,0.59
14:11:5:828,3.77,-1.08,0.60
14:11:5:829,3.72,-1.09,0.62
14:11:5:864,3.74,-1.14,0.62
14:11:5:900,3.70,-1.16,0.65
14:11:5:917,3.70,-1.18,0.62
14:11:5:935,3.71,-1.20,0.62
14:11:5:951,3.77,-1.18,0.63
14:11:5:970,3.82,-1.21,0.61
14:11:6:4,3.84,-1.25,0.64
14:11:6:4,3.82,-1.29,0.65
14:11:6:21,3.82,-1.29,0.66
14:11:6:90,3.79,-1.24,0.66
14:11:6:107,3.78,-1.25,0.67
14:11:6:107,3.83,-1.26,0.75
14:11:6:141,3.83,-1.25,0.75
14:11:6:159,3.81,-1.22,0.66
14:11:6:176,3.82,-1.25,0.70
14:11:6:195,3.82,-1.24,0.68
14:11:6:246,3.82,-1.19,0.66
14:11:6:279,3.82,-1.17,0.65
14:11:6:280,3.82,-1.13,0.68
14:11:6:299,3.84,-1.14,0.71
14:11:6:317,3.82,-1.15,0.67
14:11:6:351,3.81,-1.13,0.66
14:11:6:368,3.80,-1.13,0.67
14:11:6:403,3.81,-1.14,0.67
14:11:6:420,3.80,-1.10,0.67
14:11:6:454,3.79,-1.08,0.68
14:11:6:472,3.80,-1.08,0.66
14:11:6:489,3.82,-1.07,0.68
14:11:6:540,3.79,-1.08,0.68
14:11:6:558,3.78,-1.10,0.73
14:11:6:575,3.79,-1.12,0.66
14:11:6:612,3.82,-1.12,0.65
14:11:6:629,3.84,-1.13,0.63
14:11:6:680,3.83,-1.10,0.61
14:11:6:698,3.81,-1.15,0.64
14:11:6:698,3.78,-1.15,0.62
14:11:6:714,3.76,-1.17,0.62
14:11:6:734,3.76,-1.15,0.62
14:11:6:753,3.76,-1.15,0.62
14:11:6:788,3.78,-1.16,0.62
14:11:6:823,3.78,-1.17,0.62
14:11:6:840,3.76,-1.19,0.65
14:11:6:857,3.75,-1.21,0.61
14:11:6:875,3.77,-1.21,0.64
14:11:6:909,3.81,-1.21,0.65
14:11:6:926,3.81,-1.22,0.64
14:11:6:979,3.80,-1.19,0.64
14:11:6:996,3.81,-1.20,0.63
14:11:7:14,3.81,-1.20,0.65
14:11:7:14,3.83,-1.18,0.67
14:11:7:32,3.81,-1.19,0.65
14:11:7:66,3.79,-1.19,0.68
14:11:7:83,3.81,-1.19,0.69
14:11:7:118,3.85,-1.18,0.70
14:11:7:186,3.85,-1.14,0.70
14:11:7:186,3.81,-1.12,0.67
14:11:7:217,3.79,-1.12,0.68
14:11:7:247,3.78,-1.15,0.66
14:11:7:247,3.80,-1.15,0.63
14:11:7:264,3.85,-1.16,0.59
14:11:7:282,3.86,-1.14,0.61
14:11:7:299,3.83,-1.14,0.63
14:11:7:365,3.82,-1.14,0.67
14:11:7:365,3.79,-1.12,0.63
14:11:7:375,3.79,-1.14,0.67
14:11:7:409,3.80,-1.14,0.67
14:11:7:430,3.80,-1.13,0.65
14:11:7:447,3.80,-1.15,0.65
14:11:7:487,3.78,-1.15,0.61
14:11:7:539,3.79,-1.17,0.60
14:11:7:539,3.79,-1.17,0.59
14:11:7:556,3.80,-1.16,0.62
14:11:7:573,3.80,-1.15,0.59
14:11:7:591,3.78,-1.17,0.61
14:11:7:608,3.81,-1.19,0.64
14:11:7:625,3.81,-1.17,0.65
14:11:7:659,3.81,-1.14,0.66
14:11:7:711,3.83,-1.16,0.63
14:11:7:711,3.83,-1.13,0.66
14:11:7:729,3.83,-1.14,0.63
14:11:7:763,3.81,-1.13,0.67
14:11:7:779,3.77,-1.13,0.65
14:11:7:813,3.77,-1.12,0.66
14:11:7:831,3.83,-1.14,0.63
14:11:7:899,3.85,-1.15,0.68
14:11:7:899,3.81,-1.12,0.66
14:11:7:915,3.79,-1.14,0.67
14:11:7:933,3.77,-1.19,0.63
14:11:7:950,3.81,-1.19,0.59
14:11:7:967,3.87,-1.21,0.58
14:11:8:2,3.87,-1.20,0.56
14:11:8:71,3.85,-1.20,0.53
14:11:8:71,3.79,-1.20,0.50
14:11:8:88,3.76,-1.25,0.50
14:11:8:105,3.74,-1.28,0.49
14:11:8:122,3.75,-1.26,0.52
14:11:8:139,3.76,-1.23,0.54
14:11:8:173,3.77,-1.23,0.57
14:11:8:190,3.82,-1.21,0.60
14:11:8:217,3.83,-1.20,0.64
14:11:8:252,3.84,-1.18,0.66
14:11:8:302,3.82,-1.16,0.68
14:11:8:302,3.84,-1.15,0.64
14:11:8:320,3.80,-1.13,0.66
14:11:8:336,3.80,-1.10,0.63
14:11:8:370,3.89,-1.10,0.65
14:11:8:405,3.93,-1.10,0.67
14:11:8:422,3.86,-1.06,0.64
14:11:8:440,3.81,-1.05,0.62
14:11:8:459,3.81,-1.12,0.61
14:11:8:494,3.86,-1.12,0.67
14:11:8:511,3.81,-1.05,0.60
14:11:8:527,3.82,-1.10,0.56
14:11:8:562,3.76,-1.09,0.55
14:11:8:613,3.74,-1.14,0.57
14:11:8:631,3.76,-1.17,0.57
14:11:8:631,3.73,-1.14,0.55
14:11:8:649,3.84,-1.16,0.55
14:11:8:683,3.88,-1.19,0.56
14:11:8:701,3.78,-1.17,0.57
14:11:8:718,3.77,-1.19,0.56
14:11:8:751,3.81,-1.22,0.55
14:11:8:805,3.86,-1.24,0.57
14:11:8:821,3.82,-1.18,0.57
14:11:8:837,3.80,-1.15,0.55
14:11:8:853,3.79,-1.15,0.57
14:11:8:871,3.82,-1.14,0.54
14:11:8:905,3.83,-1.11,0.59
14:11:8:921,3.86,-1.10,0.57
14:11:8:972,3.86,-1.09,0.60
14:11:8:989,3.87,-1.07,0.62
14:11:8:989,3.87,-1.07,0.62
14:11:9:7,3.94,-1.05,0.59
14:11:9:76,3.86,-1.07,0.65
14:11:9:77,3.85,-1.04,0.66
14:11:9:94,3.81,-1.02,0.64
14:11:9:129,3.82,-1.02,0.60
14:11:9:180,3.87,-1.05,0.60
14:11:9:180,3.85,-1.05,0.61
14:11:9:197,3.71,-1.07,0.59
14:11:9:214,3.60,-1.10,0.49
14:11:9:231,3.70,-1.18,0.47
14:11:9:249,3.74,-1.19,0.52
14:11:9:284,3.73,-1.13,0.52
14:11:9:337,3.68,-1.15,0.50
14:11:9:337,3.65,-1.16,0.53
14:11:9:337,3.61,-1.21,0.55
14:11:9:371,3.68,-1.20,0.59
14:11:9:404,3.79,-1.17,0.56
14:11:9:420,3.77,-1.10,0.51
14:11:9:453,3.67,-1.06,0.49
14:11:9:504,3.92,-1.10,0.33
14:11:9:521,4.22,-1.16,0.42
14:11:9:521,4.21,-0.93,0.45
14:11:9:538,4.06,-0.96,0.43
14:11:9:556,4.02,-0.85,0.51
14:11:9:590,3.79,-0.53,0.82
14:11:9:607,3.67,-0.15,1.26
14:11:9:642,3.54,-0.15,1.41
14:11:9:694,3.50,-0.93,1.17
14:11:9:694,3.53,-1.46,1.04
14:11:9:711,3.63,-1.56,0.95
14:11:9:729,3.69,-1.43,0.95
14:11:9:745,3.73,-1.29,1.00
14:11:9:763,3.62,-1.44,1.01
14:11:9:867,3.52,-1.42,0.88
14:11:9:883,3.57,-1.34,0.81
14:11:9:898,3.67,-1.13,0.82
14:11:9:898,3.85,-0.80,0.93
14:11:9:916,4.02,-1.44,0.76
14:11:9:950,4.07,-1.59,0.50
14:11:9:966,4.33,-1.60,0.41
14:11:9:983,4.82,-1.42,0.24
14:11:9:985,5.57,-1.36,0.27
14:11:10:54,5.74,-1.43,0.34
14:11:10:72,4.96,-1.13,0.47
14:11:10:89,3.83,-0.94,0.59
14:11:10:89,3.13,-0.94,0.46
14:11:10:105,3.28,-0.99,0.27
14:11:10:137,3.95,-1.29,0.12
14:11:10:154,4.32,-1.47,0.24
14:11:10:205,3.94,-1.17,0.38
14:11:10:223,3.45,-0.92,0.34
14:11:10:241,3.28,-0.77,0.16
14:11:10:258,3.33,-0.81,0.09
14:11:10:293,3.39,-1.03,0.01
14:11:10:311,3.39,-1.15,0.09
14:11:10:328,3.39,-1.15,0.13
14:11:10:346,3.45,-1.02,0.19
14:11:10:415,3.54,-0.95,0.20
14:11:10:432,3.68,-0.98,0.12
14:11:10:448,3.89,-1.00,0.08
14:11:10:450,4.05,-0.92,0.11
14:11:10:483,4.16,-0.70,0.10
14:11:10:503,4.38,-0.68,0.03
14:11:10:521,4.99,-0.83,-0.33
14:11:10:538,5.79,-1.01,-0.25
14:11:10:607,4.96,-1.23,0.34
14:11:10:641,3.61,-0.88,0.57
14:11:10:693,2.78,-0.58,0.47
14:11:10:710,2.85,-0.36,0.12
14:11:10:779,3.77,-0.52,0.00
14:11:10:779,4.65,-0.61,0.24
14:11:10:797,4.80,-0.52,0.51
14:11:10:798,4.07,-0.48,0.78
14:11:10:814,3.26,-0.58,0.73
14:11:10:831,2.90,-0.76,0.67
14:11:10:831,2.88,-0.73,0.69
14:11:10:848,2.85,-0.54,0.80
14:11:10:848,3.01,-0.57,0.92
14:11:10:866,3.27,-0.70,1.05
14:11:10:919,3.54,-0.95,1.03
14:11:10:953,3.96,-1.15,1.06
14:11:10:953,4.10,-1.02,1.11
14:11:10:970,4.14,-0.95,1.22
14:11:11:5,4.26,-0.98,1.36
14:11:11:22,4.41,-1.02,1.44
14:11:11:40,4.36,-1.04,1.25
14:11:11:57,4.71,-1.22,1.00
14:11:11:125,5.43,-1.37,1.09
14:11:11:141,5.26,-1.41,1.30
14:11:11:141,4.79,-1.34,0.98
14:11:11:175,4.58,-1.18,0.40
14:11:11:210,4.94,-0.99,0.01
14:11:11:227,4.89,-0.73,0.00
14:11:11:244,4.49,-0.41,0.02
14:11:11:261,3.98,-0.34,0.10
14:11:11:279,3.44,-0.48,0.03
14:11:11:315,3.15,-0.79,-0.09
14:11:11:332,2.97,-1.16,-0.16
14:11:11:350,2.90,-1.44,-0.19
14:11:11:401,2.93,-1.51,-0.14
14:11:11:420,2.96,-1.33,-0.07
14:11:11:436,2.88,-0.90,0.11
14:11:11:470,2.84,-0.79,0.18
14:11:11:491,3.01,-0.70,0.28
14:11:11:508,3.27,-0.67,0.30
14:11:11:526,3.64,-0.74,0.31
14:11:11:543,3.95,-0.67,0.31
14:11:11:596,4.13,-0.75,0.42
14:11:11:612,4.55,-0.84,0.40
14:11:11:647,5.62,-0.96,0.11
14:11:11:665,6.02,-1.15,0.42
14:11:11:716,4.52,-0.91,0.90
14:11:11:733,3.02,-0.76,0.92
14:11:11:733,3.47,-1.14,0.71
14:11:11:748,4.53,-1.31,0.39
14:11:11:765,4.74,-1.07,0.35
14:11:11:782,4.31,-0.66,0.60
14:11:11:852,3.74,-0.29,0.78
14:11:11:869,3.29,-0.24,0.73
14:11:11:869,3.17,-0.62,0.63
14:11:11:887,3.07,-0.99,0.53
14:11:11:939,3.08,-1.30,0.53
14:11:11:939,3.12,-1.40,0.61
14:11:11:956,3.16,-1.14,0.74
14:11:11:973,3.29,-1.17,0.80
14:11:12:43,3.39,-1.20,0.84
14:11:12:61,3.66,-1.28,0.81
14:11:12:61,3.99,-1.35,0.82
14:11:12:77,4.56,-1.42,0.82
14:11:12:114,5.03,-1.46,0.84
14:11:12:130,5.09,-1.39,0.95
14:11:12:147,5.10,-1.38,0.96
14:11:12:216,5.64,-1.74,1.22
14:11:12:233,5.39,-1.80,1.54
14:11:12:233,4.89,-1.53,1.25
14:11:12:250,4.79,-1.36,0.81
14:11:12:266,4.75,-1.20,0.46
14:11:12:283,4.75,-0.91,0.33
14:11:12:318,4.59,-0.60,0.21
14:11:12:335,4.27,-0.36,0.14
14:11:12:387,3.89,-0.36,0.15
14:11:12:387,3.55,-0.28,0.07
14:11:12:421,3.28,-0.45,-0.06
14:11:12:438,2.99,-0.72,-0.23
14:11:12:473,2.80,-1.03,-0.36
14:11:12:490,2.69,-1.17,-0.30
14:11:12:507,2.52,-1.11,-0.29
14:11:12:561,2.56,-1.09,-0.16
14:11:12:578,2.66,-0.90,-0.06
14:11:12:596,2.85,-0.77,0.05
14:11:12:615,3.38,-0.92,0.07
14:11:12:633,3.96,-1.07,0.08
14:11:12:650,4.24,-1.14,0.19
14:11:12:702,4.42,-1.05,0.33
14:11:12:718,5.24,-0.87,0.05
14:11:12:750,6.05,-0.64,0.09
14:11:12:784,4.95,-0.63,0.59
14:11:12:821,3.89,-0.71,0.81
14:11:12:821,3.98,-1.41,0.74
14:11:12:838,4.56,-1.54,0.61
14:11:12:856,4.43,-1.54,0.55
14:11:12:873,3.96,-1.03,0.72
14:11:12:907,3.43,-0.61,0.86
14:11:12:924,3.17,-0.24,0.88
14:11:12:959,3.08,-0.60,0.86
14:11:12:959,3.05,-0.89,0.80
14:11:12:976,3.16,-1.33,0.78
14:11:13:11,3.22,-1.45,0.81
14:11:13:47,3.40,-1.42,0.95
14:11:13:65,3.50,-1.45,1.03
14:11:13:116,3.63,-1.52,1.01
14:11:13:116,3.81,-1.59,1.03
14:11:13:133,4.11,-1.55,0.99
14:11:13:168,4.63,-1.51,1.01
14:11:13:185,5.04,-1.41,1.16
14:11:13:238,4.76,-1.15,1.15
14:11:13:238,4.46,-0.99,1.03
14:11:13:272,4.79,-1.46,1.03
14:11:13:307,4.79,-1.68,1.30
14:11:13:324,4.66,-1.84,1.08
14:11:13:325,4.55,-1.88,0.66
14:11:13:343,4.56,-1.67,0.23
14:11:13:377,4.78,-1.31,0.12
14:11:13:393,4.72,-0.83,0.19
14:11:13:408,4.44,-0.48,0.15
14:11:13:442,3.99,-0.33,0.12
14:11:13:478,3.55,-0.51,0.07
14:11:13:495,3.26,-0.62,-0.00
14:11:13:532,3.17,-0.88,-0.06
14:11:13:549,3.10,-1.08,-0.08
14:11:13:567,3.01,-1.18,-0.08
14:11:13:601,2.94,-1.13,-0.10
14:11:13:671,2.96,-1.08,-0.08
14:11:13:671,3.02,-0.91,0.02
14:11:13:671,3.08,-0.79,0.12
14:11:13:687,3.24,-0.77,0.18
14:11:13:722,3.60,-0.76,0.15
14:11:13:723,3.94,-0.91,0.16
14:11:13:756,4.07,-0.89,0.25
14:11:13:807,4.24,-0.78,0.29
14:11:13:825,5.09,-0.79,0.10
14:11:13:825,5.74,-1.19,0.36
14:11:13:860,4.73,-1.27,0.86
14:11:13:877,3.58,-1.22,1.03
14:11:13:895,3.58,-1.14,0.93
14:11:13:914,4.60,-1.31,0.68
14:11:13:949,5.07,-1.42,0.58
14:11:13:978,4.68,-0.97,0.79
14:11:14:14,3.95,-0.34,0.94
14:11:14:14,3.24,0.17,0.96
14:11:14:47,2.93,-0.13,0.88
14:11:14:65,2.81,-0.57,0.73
14:11:14:97,2.77,-1.22,0.58
14:11:14:115,2.88,-1.70,0.52
14:11:14:166,3.16,-1.92,0.50
14:11:14:199,3.43,-1.64,0.64
14:11:14:200,3.65,-1.73,0.83
14:11:14:216,3.64,-1.45,0.85
14:11:14:233,3.80,-1.38,0.85
14:11:14:251,4.19,-1.38,0.82
14:11:14:334,4.69,-1.57,0.92
14:11:14:369,4.91,-1.62,1.12
14:11:14:386,4.75,-1.40,1.03
14:11:14:386,5.21,-1.36,1.00
14:11:14:402,5.45,-1.52,1.33
14:11:14:404,5.07,-1.50,1.43
14:11:14:438,4.77,-1.60,0.91
14:11:14:455,4.74,-1.51,0.52
14:11:14:490,4.65,-1.30,0.30
14:11:14:490,4.47,-0.84,0.23
14:11:14:525,4.18,-0.45,0.17
14:11:14:559,3.95,-0.39,0.17
14:11:14:578,3.64,-0.44,0.22
14:11:14:595,3.32,-0.59,0.11
14:11:14:629,3.15,-0.84,-0.03
14:11:14:646,3.06,-1.06,-0.14
14:11:14:662,2.97,-1.19,-0.18
14:11:14:711,2.91,-1.24,-0.17
14:11:14:747,2.90,-1.15,-0.11
14:11:14:764,2.83,-0.93,-0.03
14:11:14:764,2.82,-0.91,0.04
14:11:14:798,2.95,-0.97,0.06
14:11:14:817,3.21,-1.05,0.09
14:11:14:851,3.71,-1.14,0.15
14:11:14:868,4.14,-1.09,0.25
14:11:14:920,4.30,-1.01,0.40
14:11:14:920,4.60,-0.91,0.37
14:11:14:920,5.34,-0.92,0.23
14:11:14:955,5.49,-0.88,0.42
14:11:14:973,4.60,-0.83,0.79
14:11:15:23,3.63,-0.77,0.98
14:11:15:24,3.81,-1.18,0.87
14:11:15:108,4.58,-1.48,0.82
14:11:15:108,4.61,-1.35,0.84
14:11:15:108,4.10,-0.93,0.91
14:11:15:125,3.58,-0.23,1.04
14:11:15:159,3.05,0.16,1.01
14:11:15:177,2.90,-0.13,0.86
14:11:15:194,2.94,-0.54,0.71
14:11:15:247,3.15,-1.21,0.59
14:11:15:282,3.34,-1.76,0.63
14:11:15:282,3.48,-1.83,0.69
14:11:15:299,3.64,-1.49,0.81
14:11:15:333,3.67,-1.50,0.84
14:11:15:334,3.56,-1.20,0.90
14:11:15:367,3.65,-1.10,0.84
14:11:15:400,4.03,-1.24,0.78
14:11:15:451,4.66,-1.44,0.81
14:11:15:482,5.12,-1.53,0.97
14:11:15:499,4.85,-1.39,1.09
14:11:15:516,5.14,-1.33,1.09
14:11:15:516,5.25,-1.54,1.35
14:11:15:534,4.88,-1.60,1.57
14:11:15:568,4.22,-1.52,1.18
14:11:15:585,4.47,-1.63,0.63
14:11:15:638,4.88,-1.48,0.46
14:11:15:638,4.91,-0.98,0.53
14:11:15:654,4.38,-0.54,0.51
14:11:15:689,3.85,-0.26,0.40
14:11:15:689,3.56,-0.38,0.32
14:11:15:722,3.25,-0.43,0.18
14:11:15:756,3.05,-0.75,0.07
14:11:15:809,2.98,-0.99,-0.04
14:11:15:809,3.01,-1.19,-0.14
14:11:15:844,3.05,-1.24,-0.14
14:11:15:844,3.00,-1.21,-0.08
14:11:15:861,3.04,-1.03,-0.04
14:11:15:912,2.97,-0.90,0.09
14:11:15:932,2.90,-0.91,0.15
14:11:15:932,3.06,-0.91,0.18
14:11:15:966,3.44,-1.00,0.19
14:11:15:999,3.83,-1.05,0.26
14:11:16:16,4.09,-0.96,0.44
14:11:16:50,4.38,-0.83,0.52
14:11:16:84,5.21,-0.87,0.37
14:11:16:84,5.55,-0.91,0.56
14:11:16:101,4.34,-0.66,0.95
14:11:16:170,3.28,-0.39,0.95
14:11:16:187,3.74,-0.77,0.61
14:11:16:187,5.00,-1.26,0.53
14:11:16:204,5.36,-1.72,0.80
14:11:16:238,4.79,-1.28,1.03
14:11:16:274,3.96,-0.68,1.00
14:11:16:274,3.28,0.05,1.01
14:11:16:291,3.00,-0.12,0.91
14:11:16:358,2.88,-0.37,0.80
14:11:16:428,2.87,-0.80,0.62
14:11:16:445,3.07,-1.32,0.52
14:11:16:462,3.40,-1.82,0.58
14:11:16:478,3.65,-1.85,0.75
14:11:16:478,3.72,-1.69,0.90
14:11:16:512,3.78,-1.58,0.95
14:11:16:583,3.94,-1.44,0.94
14:11:16:618,4.22,-1.36,0.86
14:11:16:618,4.64,-1.35,0.94
14:11:16:635,4.60,-1.18,1.12
14:11:16:635,4.38,-0.96,1.04
14:11:16:652,4.99,-1.36,1.12
14:11:16:652,5.18,-1.59,1.36
14:11:16:669,4.94,-1.56,1.58
14:11:16:705,4.28,-1.26,1.18
14:11:16:722,4.39,-1.33,0.67
14:11:16:722,4.74,-1.17,0.42
14:11:16:774,4.88,-0.94,0.25
14:11:16:774,4.51,-0.38,0.01
14:11:16:810,4.06,-0.19,-0.13
14:11:16:826,3.70,-0.17,-0.16
14:11:16:897,3.55,-0.40,-0.16
14:11:16:897,3.48,-0.74,-0.27
14:11:16:914,3.57,-1.17,-0.36
14:11:16:931,3.54,-1.39,-0.38
14:11:16:951,3.31,-1.37,-0.39
14:11:16:968,3.08,-1.09,-0.33
14:11:17:21,2.93,-0.86,-0.22
14:11:17:21,2.82,-0.89,-0.05
14:11:17:54,2.71,-0.98,0.10
14:11:17:72,2.59,-1.15,0.31
14:11:17:90,2.70,-1.21,0.52
14:11:17:107,2.96,-1.13,0.57
14:11:17:142,3.33,-1.08,0.69
14:11:17:161,3.67,-1.16,0.96
14:11:17:195,3.88,-1.30,1.04
14:11:17:231,4.01,-1.32,0.92
14:11:17:249,4.32,-1.28,0.71
14:11:17:268,5.03,-1.33,0.61
14:11:17:302,5.98,-1.51,0.59
14:11:17:336,6.13,-1.58,1.00
14:11:17:353,4.98,-1.32,1.36
14:11:17:354,3.82,-1.19,1.32
14:11:17:372,3.66,-1.37,0.87
14:11:17:406,4.08,-1.35,0.46
14:11:17:440,4.25,-1.28,0.30
14:11:17:440,4.16,-0.84,0.46
14:11:17:476,3.85,-0.60,0.60
14:11:17:493,3.54,-0.71,0.60
14:11:17:528,3.39,-0.75,0.52
14:11:17:546,3.32,-1.23,0.40
14:11:17:581,3.38,-1.65,0.34
14:11:17:617,3.33,-1.88,0.34
14:11:17:635,3.51,-1.72,0.41
14:11:17:635,3.77,-1.51,0.45
14:11:17:669,3.97,-1.23,0.47
14:11:17:688,3.89,-1.06,0.57
14:11:17:722,3.61,-0.88,0.59
14:11:17:739,3.65,-0.92,0.59
14:11:17:792,3.94,-1.18,0.67
14:11:17:862,4.04,-1.20,0.71
14:11:17:879,3.95,-1.14,0.75
14:11:17:879,3.72,-0.96,0.72
14:11:17:896,3.75,-0.92,0.68
14:11:17:913,3.96,-1.04,0.62
14:11:17:913,4.19,-1.14,0.74
14:11:17:963,4.04,-1.14,0.82
14:11:17:981,3.76,-0.94,0.71
14:11:18:0,3.67,-0.88,0.59
14:11:18:16,3.83,-0.71,0.47
14:11:18:34,4.04,-0.74,0.46
14:11:18:52,4.11,-0.79,0.49
14:11:18:69,4.01,-0.87,0.46
14:11:18:106,3.72,-0.92,0.39
14:11:18:157,3.52,-0.98,0.31
14:11:18:157,3.35,-1.00,0.22
14:11:18:189,3.22,-1.07,0.24
14:11:18:207,3.14,-1.14,0.30
14:11:18:224,3.13,-1.23,0.33
14:11:18:244,3.17,-1.36,0.35
14:11:18:261,3.29,-1.48,0.34
14:11:18:312,3.43,-1.57,0.40
14:11:18:333,3.63,-1.57,0.48
14:11:18:333,4.04,-1.72,0.63
14:11:18:385,4.37,-1.82,0.72
14:11:18:403,4.55,-1.58,0.60
14:11:18:418,4.67,-1.26,0.56
14:11:18:440,4.74,-1.02,0.63
14:11:18:507,4.66,-0.83,0.72
14:11:18:507,4.49,-0.86,0.73
14:11:18:523,4.46,-1.14,0.62
14:11:18:541,4.30,-1.19,0.50
14:11:18:558,4.11,-1.39,0.32
14:11:18:575,3.99,-1.45,0.22
14:11:18:627,3.86,-1.54,0.21
14:11:18:697,3.70,-1.57,0.28
14:11:18:714,3.55,-1.57,0.24
14:11:18:714,3.59,-1.58,0.10
14:11:18:714,3.65,-1.67,0.04
14:11:18:732,3.68,-1.50,0.02
14:11:18:732,3.88,-1.36,-0.02
14:11:18:767,4.03,-1.12,-0.02
14:11:18:802,4.00,-0.91,-0.04
14:11:18:819,4.00,-0.75,0.04
14:11:18:853,4.22,-0.68,0.06
14:11:18:872,4.31,-0.82,0.12
14:11:18:907,4.17,-0.89,0.14
14:11:18:907,3.96,-1.12,0.20
14:11:18:923,3.75,-1.25,0.34
14:11:18:972,3.60,-1.28,0.46
14:11:18:989,3.50,-1.20,0.48
14:11:19:7,3.44,-0.85,0.47
14:11:19:60,3.46,-0.81,0.46
14:11:19:95,3.55,-0.66,0.51
14:11:19:112,3.67,-0.66,0.51
14:11:19:112,3.70,-0.68,0.63
14:11:19:145,3.64,-0.74,0.73
14:11:19:146,3.74,-0.90,0.76
14:11:19:179,3.78,-1.01,0.76
14:11:19:265,3.79,-1.04,0.76
14:11:19:283,3.84,-1.04,0.77
14:11:19:284,3.95,-1.01,0.73
14:11:19:284,4.07,-0.99,0.67
14:11:19:318,4.30,-1.11,0.65
14:11:19:334,4.34,-1.30,0.68
14:11:19:334,4.04,-1.28,0.60
14:11:19:437,3.78,-1.30,0.51
14:11:19:455,3.73,-1.26,0.40
14:11:19:489,3.93,-1.30,0.35
14:11:19:504,4.14,-1.34,0.30
14:11:19:592,4.17,-1.23,0.26
14:11:19:593,4.05,-0.98,0.23
14:11:19:627,3.91,-0.97,0.22
14:11:19:644,3.76,-1.10,0.17
14:11:19:644,3.69,-1.18,0.16
14:11:19:660,3.72,-1.33,0.10
14:11:19:676,3.82,-1.35,0.08
14:11:19:693,3.93,-1.34,0.07
14:11:19:709,3.85,-1.30,0.11
14:11:19:709,3.74,-1.16,0.13
14:11:19:846,3.63,-1.12,0.15
14:11:19:950,3.61,-1.14,0.13
14:11:19:967,3.67,-1.22,0.18
14:11:19:967,3.81,-1.22,0.18
14:11:19:985,3.80,-1.14,0.22
14:11:20:19,3.83,-1.09,0.25
14:11:20:19,3.82,-1.11,0.34
14:11:20:19,3.87,-1.16,0.33
14:11:20:54,3.95,-1.20,0.37
14:11:20:54,4.16,-1.22,0.38
14:11:20:54,4.26,-1.16,0.46
14:11:20:70,4.20,-1.06,0.44
14:11:20:88,4.36,-0.99,0.42
14:11:20:141,4.28,-0.97,0.43
14:11:20:141,3.83,-0.88,0.52
14:11:20:175,3.53,-0.85,0.48
14:11:20:175,3.42,-0.82,0.42
14:11:20:175,3.56,-0.80,0.38
14:11:20:193,3.98,-0.77,0.33
14:11:20:210,4.30,-0.77,0.36
14:11:20:226,4.40,-0.81,0.53
14:11:20:226,4.12,-0.80,0.58
14:11:20:262,3.84,-0.79,0.56
14:11:20:262,3.64,-0.82,0.52
14:11:20:279,3.64,-0.86,0.49
14:11:20:315,3.71,-0.81,0.51
14:11:20:332,3.80,-0.84,0.61
14:11:20:366,3.78,-0.88,0.67
14:11:20:384,3.75,-1.03,0.73
14:11:20:401,3.70,-1.10,0.72
14:11:20:420,3.69,-1.12,0.76
14:11:20:488,3.82,-1.16,0.80
14:11:20:505,4.07,-1.18,0.79
14:11:20:523,4.25,-1.03,0.82
14:11:20:523,4.22,-0.77,0.86
14:11:20:540,4.08,-0.55,0.79
14:11:20:592,3.91,-0.49,0.66
14:11:20:609,3.92,-0.77,0.56
14:11:20:644,3.81,-0.83,0.48
14:11:20:677,3.66,-0.96,0.43
14:11:20:694,3.63,-1.02,0.37
14:11:20:694,3.76,-1.17,0.22
14:11:20:712,4.05,-1.44,0.15
14:11:20:730,4.20,-1.40,0.26
14:11:20:765,3.98,-1.22,0.35
14:11:20:782,3.70,-1.04,0.36
14:11:20:852,3.48,-0.89,0.36
14:11:20:922,3.37,-0.90,0.32
14:11:20:957,3.50,-1.20,0.29
14:11:20:973,3.75,-1.31,0.28
14:11:21:8,3.79,-1.35,0.25
14:11:21:25,3.92,-1.29,0.20
14:11:21:44,3.97,-1.35,0.29
14:11:21:44,3.70,-1.33,0.40
14:11:21:62,3.39,-1.38,0.42
14:11:21:78,3.28,-1.50,0.46
14:11:21:78,3.37,-1.59,0.48
14:11:21:95,3.68,-1.56,0.52
14:11:21:113,4.02,-1.48,0.64
14:11:21:113,4.16,-1.38,0.75
14:11:21:164,4.18,-1.23,0.82
14:11:21:183,4.11,-1.05,0.90
14:11:21:233,4.05,-0.96,0.89
14:11:21:234,4.04,-0.94,0.88
14:11:21:234,4.05,-1.00,0.88
14:11:21:286,4.08,-1.06,0.88
14:11:21:321,4.10,-1.06,0.87
14:11:21:321,4.04,-1.00,0.87
14:11:21:339,3.95,-0.99,0.88
14:11:21:408,3.84,-0.96,0.82
14:11:21:408,3.77,-0.96,0.77
14:11:21:426,3.70,-0.97,0.74
14:11:21:442,3.68,-0.95,0.69
14:11:21:460,3.66,-1.03,0.70
14:11:21:476,3.68,-1.08,0.67
14:11:21:512,3.63,-1.06,0.65
14:11:21:547,3.66,-1.08,0.63
14:11:21:565,3.70,-1.10,0.61
14:11:21:565,3.74,-1.13,0.61
14:11:21:600,3.79,-1.14,0.62
14:11:21:633,3.84,-1.15,0.62
14:11:21:650,3.83,-1.16,0.58
14:11:21:669,3.78,-1.19,0.62
14:11:21:686,3.72,-1.24,0.63
14:11:21:719,3.76,-1.28,0.62
14:11:21:754,3.77,-1.28,0.67
14:11:21:754,3.77,-1.29,0.65
14:11:21:806,3.79,-1.24,0.71
14:11:21:822,3.78,-1.24,0.71
14:11:21:838,3.79,-1.26,0.74
14:11:21:856,3.82,-1.27,0.74
14:11:21:904,3.85,-1.27,0.71
14:11:21:939,3.86,-1.27,0.73
14:11:21:957,3.85,-1.25,0.73
14:11:21:957,3.85,-1.26,0.73
14:11:21:974,3.83,-1.25,0.72
14:11:22:7,3.81,-1.21,0.69
14:11:22:41,3.82,-1.18,0.69
14:11:22:59,3.85,-1.17,0.66
14:11:22:95,3.83,-1.15,0.67
14:11:22:113,3.81,-1.14,0.66
14:11:22:130,3.83,-1.13,0.67
14:11:22:148,3.84,-1.12,0.66
14:11:22:164,3.82,-1.12,0.64
14:11:22:199,3.82,-1.11,0.66
14:11:22:218,3.81,-1.09,0.66
14:11:22:235,3.80,-1.09,0.66
14:11:22:319,3.78,-1.07,0.65
14:11:22:336,3.80,-1.09,0.66
14:11:22:352,3.78,-1.09,0.70
14:11:22:370,3.79,-1.08,0.68
14:11:22:403,3.80,-1.07,0.67
14:11:22:404,3.81,-1.09,0.66
14:11:22:421,3.78,-1.08,0.66
14:11:22:475,3.76,-1.12,0.64
14:11:22:491,3.77,-1.14,0.64
14:11:22:491,3.74,-1.15,0.66
14:11:22:509,3.75,-1.15,0.62
14:11:22:595,3.80,-1.15,0.63
14:11:22:629,3.82,-1.14,0.66
14:11:22:648,3.82,-1.14,0.67
14:11:22:666,3.82,-1.16,0.68
14:11:22:688,3.82,-1.19,0.69
14:11:22:757,3.80,-1.20,0.69
14:11:22:842,3.83,-1.21,0.71
14:11:22:861,3.82,-1.19,0.73
14:11:22:916,3.83,-1.18,0.76
14:11:22:933,3.83,-1.13,0.77
14:11:22:933,3.86,-1.17,0.74
14:11:22:951,3.92,-1.17,0.70
14:11:22:951,3.89,-1.18,0.67
14:11:22:965,3.85,-1.17,0.60
14:11:23:15,3.86,-1.16,0.56
14:11:23:27,3.85,-1.11,0.55
14:11:23:40,3.83,-1.07,0.53
14:11:23:45,3.85,-1.10,0.54
14:11:23:59,3.89,-1.04,0.55
14:11:23:71,3.81,-0.99,0.55
14:11:23:81,3.69,-0.87,0.57
14:11:23:124,3.65,-0.89,0.55
14:11:23:133,3.66,-0.90,0.55
14:11:23:139,3.70,-0.92,0.57
14:11:23:147,3.73,-0.90,0.63
14:11:23:208,3.79,-0.88,0.60
14:11:23:232,3.83,-0.84,0.63
14:11:23:249,3.86,-0.84,0.63
14:11:23:251,3.86,-0.88,0.64
14:11:23:269,3.85,-0.90,0.60
14:11:23:269,3.78,-0.94,0.57
14:11:23:284,3.64,-1.01,0.56
14:11:23:303,3.55,-1.09,0.47
14:11:23:349,3.75,-1.20,0.47
14:11:23:376,3.87,-1.38,0.57
14:11:23:376,3.91,-1.48,0.59
14:11:23:412,4.18,-1.55,0.58
14:11:23:428,4.33,-1.35,0.69
14:11:23:487,3.80,-1.08,0.58
14:11:23:556,3.40,-1.13,0.53
14:11:23:574,3.44,-1.51,0.54
14:11:23:590,3.71,-1.63,0.49
14:11:23:591,3.95,-1.71,0.46
14:11:23:627,4.08,-1.59,0.48
14:11:23:644,4.03,-1.39,0.49
14:11:23:644,4.13,-1.29,0.46
14:11:23:661,4.25,-1.24,0.45
14:11:23:678,4.37,-1.16,0.32
14:11:23:678,4.35,-1.07,0.25
14:11:23:712,4.09,-0.89,0.32
14:11:23:802,3.91,-0.84,0.31
14:11:23:819,3.87,-0.64,0.26
14:11:23:836,4.00,-0.77,0.07
14:11:23:852,4.20,-0.87,0.12
14:11:23:921,4.16,-0.89,0.19
14:11:23:921,4.14,-0.54,0.02
14:11:23:940,4.45,-0.36,0.02
14:11:23:991,4.51,0.01,-0.02
14:11:24:9,4.25,0.44,-0.06
14:11:24:9,3.66,0.43,0.01
14:11:24:25,3.28,0.30,0.03
14:11:24:42,3.49,-0.07,-0.01
14:11:24:43,4.22,-0.60,0.07
14:11:24:60,4.66,-1.02,0.27
14:11:24:94,4.13,-0.86,0.57
14:11:24:111,3.54,-0.62,0.64
14:11:24:111,3.20,-0.33,0.71
14:11:24:164,3.27,-0.28,0.73
14:11:24:182,3.54,-0.53,0.72
14:11:24:200,3.72,-0.76,0.73
14:11:24:217,3.65,-0.85,0.80
14:11:24:252,3.64,-0.99,0.91
14:11:24:286,3.62,-1.05,1.03
14:11:24:320,3.60,-1.15,1.06
14:11:24:338,3.69,-1.30,1.01
14:11:24:338,3.89,-1.37,0.93
14:11:24:356,4.52,-1.43,0.67
14:11:24:373,5.57,-1.59,0.63
14:11:24:427,6.00,-1.54,0.80
14:11:24:461,5.35,-1.33,0.87
14:11:24:461,4.03,-1.04,0.79
14:11:24:478,3.16,-0.98,0.42
14:11:24:497,3.57,-0.91,0.02
14:11:24:530,4.56,-1.33,-0.14
14:11:24:546,5.06,-1.46,0.02
14:11:24:581,4.36,-1.08,0.19
14:11:24:630,3.71,-0.65,0.16
14:11:24:647,3.34,-0.58,-0.02
14:11:24:647,3.25,-0.70,-0.21
14:11:24:665,3.38,-0.91,-0.26
14:11:24:699,3.62,-1.24,-0.23
14:11:24:716,3.70,-1.32,-0.13
14:11:24:749,3.53,-1.11,-0.11
14:11:24:799,3.48,-0.86,-0.11
14:11:24:816,3.63,-0.83,-0.08
14:11:24:816,3.79,-0.87,-0.05
14:11:24:835,3.99,-0.91,0.09
14:11:24:887,4.04,-0.87,0.18
14:11:24:887,3.88,-0.74,0.27
14:11:24:905,3.86,-0.58,0.26
14:11:24:938,4.67,-0.75,-0.04
14:11:24:973,5.43,-0.92,0.14
14:11:24:999,4.42,-0.77,0.66
14:11:25:9,3.41,-0.45,0.72
14:11:25:26,3.64,-0.66,0.50
14:11:25:45,4.56,-0.65,0.15
14:11:25:97,4.85,-0.30,0.09
14:11:25:114,4.59,0.06,0.21
14:11:25:114,3.99,0.27,0.35
14:11:25:149,3.39,0.01,0.43
14:11:25:183,3.11,-0.26,0.39
14:11:25:199,2.99,-0.75,0.27
14:11:25:217,3.04,-1.00,0.24
14:11:25:252,3.07,-1.17,0.33
14:11:25:270,3.16,-0.99,0.50
14:11:25:287,3.25,-1.24,0.67
14:11:25:322,3.31,-1.23,0.72
14:11:25:357,3.50,-1.28,0.80
14:11:25:375,3.94,-1.55,1.00
14:11:25:390,4.23,-1.70,1.26
14:11:25:425,4.62,-1.79,1.58
14:11:25:443,4.93,-1.65,1.71
14:11:25:479,5.19,-1.38,1.53
14:11:25:533,6.19,-1.35,1.46
14:11:25:550,6.26,-1.28,1.76
14:11:25:585,4.54,-0.93,1.36
14:11:25:585,4.15,-1.02,0.71
14:11:25:601,4.97,-1.15,0.33
14:11:25:618,5.28,-1.29,0.02
14:11:25:637,4.84,-1.19,-0.07
14:11:25:654,4.33,-0.92,0.08
14:11:25:691,3.75,-0.71,0.20
14:11:25:726,3.34,-0.66,0.12
14:11:25:726,3.14,-0.79,-0.13
14:11:25:761,3.06,-1.05,-0.37
14:11:25:777,3.06,-1.29,-0.43
14:11:25:813,3.13,-1.33,-0.41
14:11:25:813,3.16,-0.98,-0.35
14:11:25:864,3.15,-0.70,-0.22
14:11:25:882,3.16,-0.63,-0.03
14:11:25:899,3.14,-0.42,0.07
14:11:25:917,3.29,-0.47,0.15
14:11:25:949,3.57,-0.62,0.21
14:11:25:969,3.73,-0.62,0.26
14:11:25:986,3.70,-0.62,0.29
14:11:26:21,4.29,-0.57,0.12
14:11:26:88,5.41,-0.75,-0.05
14:11:26:91,5.57,-1.03,0.37
14:11:26:91,4.27,-1.17,0.91
14:11:26:125,3.82,-1.31,0.87
14:11:26:143,4.63,-1.37,0.76
14:11:26:161,5.23,-1.42,0.71
14:11:26:230,5.10,-1.06,0.73
14:11:26:230,4.47,-0.50,0.82
14:11:26:264,3.73,0.18,0.83
14:11:26:281,3.42,0.09,0.84
14:11:26:299,3.24,-0.10,0.76
14:11:26:299,3.15,-0.72,0.59
14:11:26:332,3.22,-1.32,0.53
14:11:26:332,3.19,-1.85,0.62
14:11:26:368,3.21,-1.96,0.72
14:11:26:420,3.29,-1.54,0.80
14:11:26:438,3.38,-1.53,0.85
14:11:26:473,3.46,-1.34,0.94
14:11:26:473,3.61,-1.38,1.02
14:11:26:490,4.05,-1.69,1.03
14:11:26:543,4.50,-1.82,1.13
14:11:26:593,4.68,-1.77,1.00
14:11:26:611,5.55,-1.78,1.06
14:11:26:629,6.11,-1.75,1.57
14:11:26:664,5.17,-1.37,1.62
14:11:26:664,4.76,-1.26,1.02
14:11:26:681,5.40,-1.61,0.46
14:11:26:681,6.08,-1.50,0.20
14:11:26:698,5.82,-0.93,0.27
14:11:26:731,5.11,-0.44,0.31
14:11:26:765,4.36,-0.11,0.29
14:11:26:836,3.82,-0.12,0.22
14:11:26:870,3.44,-0.35,0.04
14:11:26:887,3.26,-0.78,-0.17
14:11:26:904,3.06,-1.05,-0.31
14:11:26:941,2.86,-1.18,-0.31
14:11:26:976,2.73,-1.16,-0.25
14:11:26:976,2.59,-0.94,-0.15
14:11:27:10,2.44,-0.46,-0.06
14:11:27:10,2.28,-0.27,-0.03
14:11:27:10,2.45,-0.34,0.06
14:11:27:30,2.96,-0.62,0.06
14:11:27:47,3.49,-0.80,0.10
14:11:27:64,3.68,-0.87,0.15
14:11:27:150,4.23,-0.83,-0.06
14:11:27:183,5.45,-0.93,-0.33
14:11:27:185,5.94,-1.06,0.17
14:11:27:203,5.02,-1.21,0.74
14:11:27:203,4.78,-1.44,0.90
14:11:27:220,5.14,-1.64,0.96
14:11:27:238,5.20,-1.48,0.83
14:11:27:255,4.68,-1.07,0.70
14:11:27:308,4.12,-0.43,0.72
14:11:27:325,3.71,0.20,0.74
14:11:27:358,3.60,-0.01,0.80
14:11:27:375,3.61,-0.34,0.79
14:11:27:444,3.60,-1.14,0.74
14:11:27:445,3.41,-1.84,0.75
14:11:27:445,3.20,-2.11,0.82
14:11:27:461,3.19,-2.04,0.87
14:11:27:514,3.40,-1.80,0.92
14:11:27:515,3.70,-1.80,0.89
14:11:27:531,3.95,-1.71,0.90
14:11:27:550,4.13,-1.63,0.96
14:11:27:599,4.24,-1.53,1.04
14:11:27:601,4.35,-1.42,1.16
14:11:27:620,4.32,-1.37,1.26
14:11:27:741,4.94,-1.73,1.18
14:11:27:741,5.91,-2.10,1.47
14:11:27:741,5.89,-1.99,1.71
14:11:27:758,5.30,-1.68,1.34
14:11:27:758,5.10,-1.03,0.92
14:11:27:775,5.17,-0.49,0.54
14:11:27:791,5.13,-0.06,0.40
14:11:27:843,4.82,-0.04,0.24
14:11:27:878,4.27,-0.01,0.14
14:11:27:896,3.80,-0.25,0.08
14:11:27:913,3.54,-0.59,-0.01
14:11:27:930,3.31,-0.91,-0.05
14:11:27:930,3.11,-1.05,-0.19
14:11:27:964,2.87,-1.17,-0.32
14:11:27:980,2.77,-1.13,-0.39
14:11:28:49,2.72,-0.92,-0.35
14:11:28:84,2.60,-0.69,-0.29
14:11:28:121,2.54,-0.51,-0.20
14:11:28:122,2.66,-0.62,-0.11
14:11:28:122,3.08,-0.88,-0.07
14:11:28:138,3.59,-1.09,-0.00
14:11:28:156,3.82,-1.33,0.19
14:11:28:190,4.13,-1.37,0.28
14:11:28:239,4.91,-1.12,0.21
14:11:28:256,5.28,-1.01,0.39
14:11:28:256,4.72,-0.78,0.79
14:11:28:274,4.51,-0.58,1.01
14:11:28:291,4.91,-0.93,1.26
14:11:28:326,5.29,-1.19,1.32
14:11:28:343,4.97,-1.34,1.08
14:11:28:361,4.33,-1.11,0.98
14:11:28:414,3.65,-0.47,0.98
14:11:28:414,3.31,0.02,1.05
14:11:28:447,3.22,-0.09,1.12
14:11:28:464,3.13,-0.56,1.02
14:11:28:498,3.18,-1.18,1.03
14:11:28:516,3.23,-1.72,0.95
14:11:28:516,3.40,-1.98,0.95
14:11:28:598,3.58,-1.62,0.99
14:11:28:598,3.69,-1.56,0.97
14:11:28:598,3.77,-1.14,0.98
14:11:28:619,3.99,-1.01,0.96
14:11:28:654,4.31,-1.06,0.93
14:11:28:688,4.75,-1.41,1.01
14:11:28:704,4.92,-1.48,1.11
14:11:28:772,4.85,-1.32,0.95
14:11:28:789,5.35,-1.39,0.96
14:11:28:789,5.59,-1.50,1.27
14:11:28:807,4.65,-1.37,1.48
14:11:28:824,3.98,-1.40,1.20
14:11:28:860,4.10,-1.51,0.94
14:11:28:860,4.47,-1.54,0.76
14:11:28:895,4.60,-1.18,0.76
14:11:28:946,4.40,-0.78,0.56
14:11:28:964,4.22,-0.35,0.37
14:11:28:965,3.98,-0.15,0.27
14:11:28:982,3.72,-0.30,0.12
14:11:29:35,3.52,-0.35,-0.01
14:11:29:51,3.31,-0.68,-0.13
14:11:29:51,3.20,-0.90,-0.20
14:11:29:103,3.03,-1.08,-0.22
14:11:29:120,2.78,-1.11,-0.16
14:11:29:137,2.60,-1.17,-0.01
14:11:29:155,2.63,-1.13,0.10
14:11:29:190,2.70,-0.86,0.15
14:11:29:209,2.85,-0.74,0.16
14:11:29:226,3.45,-0.80,0.25
14:11:29:260,4.08,-0.84,0.40
14:11:29:313,4.40,-0.76,0.51
14:11:29:394,5.05,-0.64,0.33
14:11:29:412,5.89,-0.65,0.32
14:11:29:430,5.69,-0.66,0.91
14:11:29:462,4.45,-0.48,1.38
14:11:29:496,3.33,-0.41,1.46
14:11:29:513,3.58,-0.90,1.28
14:11:29:514,4.15,-1.11,1.10
14:11:29:514,4.28,-1.26,0.86
14:11:29:530,4.29,-0.91,0.82
14:11:29:530,4.09,-0.49,0.98
14:11:29:548,3.80,-0.10,1.10
14:11:29:565,3.52,-0.43,1.02
14:11:29:598,3.37,-0.66,0.93
14:11:29:599,3.30,-1.18,0.79
14:11:29:687,3.29,-1.69,0.70
14:11:29:704,3.40,-1.93,0.76
14:11:29:704,3.48,-1.79,0.84
14:11:29:723,3.50,-1.51,1.01
14:11:29:757,3.56,-1.28,1.04
14:11:29:774,3.71,-1.15,1.00
14:11:29:774,4.15,-1.18,1.05
14:11:29:792,4.57,-1.33,1.18
14:11:29:861,4.56,-1.29,1.22
14:11:29:874,4.80,-1.30,1.09
14:11:29:874,5.49,-1.53,1.33
14:11:29:907,5.31,-1.51,1.56
14:11:29:925,4.37,-1.28,1.48
14:11:29:943,4.28,-1.33,1.13
14:11:29:978,4.67,-1.43,0.74
14:11:30:65,5.05,-1.41,0.63
14:11:30:65,4.84,-0.97,0.58
14:11:30:100,4.39,-0.65,0.29
14:11:30:117,4.04,-0.43,0.20
14:11:30:134,3.72,-0.40,0.19
14:11:30:152,3.53,-0.41,0.07
14:11:30:221,3.40,-0.68,-0.05
14:11:30:289,3.34,-0.92,-0.15
14:11:30:325,3.18,-1.07,-0.19
14:11:30:325,3.04,-1.09,-0.13
14:11:30:341,2.94,-1.04,-0.00
14:11:30:394,2.89,-0.93,0.10
14:11:30:430,2.82,-0.80,0.28
14:11:30:446,2.80,-0.69,0.44
14:11:30:465,2.86,-0.67,0.45
14:11:30:465,3.22,-0.85,0.46
14:11:30:465,3.45,-0.79,0.50
14:11:30:482,3.62,-0.84,0.61
14:11:30:482,4.38,-0.94,0.56
14:11:30:500,5.61,-1.09,0.57
14:11:30:517,6.16,-1.24,0.92
14:11:30:586,5.53,-1.18,1.28
14:11:30:586,4.68,-0.93,1.52
14:11:30:620,4.02,-0.79,1.49
14:11:30:620,3.88,-0.78,1.27
14:11:30:654,3.75,-0.97,0.93
14:11:30:654,3.61,-0.76,0.55
14:11:30:672,3.74,-0.68,0.40
14:11:30:689,3.79,-0.49,0.50
14:11:30:689,3.77,-0.70,0.69
14:11:30:723,3.73,-1.18,0.86
14:11:30:776,3.62,-1.55,0.91
14:11:30:793,3.44,-1.83,0.74
14:11:30:810,3.33,-1.98,0.62
14:11:30:810,3.31,-1.64,0.63
14:11:30:826,3.38,-1.38,0.60
14:11:30:862,3.51,-0.98,0.61
14:11:30:879,3.57,-0.81,0.64
14:11:30:945,3.69,-0.86,0.74
14:11:30:964,3.81,-1.04,0.88
14:11:30:982,3.93,-1.15,0.98
14:11:30:983,4.08,-1.19,1.05
14:11:31:0,4.17,-1.23,1.10
14:11:31:33,4.37,-1.28,1.07
14:11:31:49,4.94,-1.35,1.10
14:11:31:82,5.37,-1.44,1.20
14:11:31:134,5.41,-1.34,1.49
14:11:31:150,4.61,-0.90,1.51
14:11:31:151,4.02,-0.57,1.21
14:11:31:168,3.91,-0.65,0.77
14:11:31:204,4.31,-0.68,0.52
14:11:31:237,4.65,-0.76,0.31
14:11:31:307,4.54,-0.45,0.08
14:11:31:325,4.20,-0.33,-0.09
14:11:31:325,4.17,-0.26,-0.18
14:11:31:342,4.15,-0.37,-0.25
14:11:31:358,4.08,-0.55,-0.41
14:11:31:360,3.91,-0.74,-0.48
14:11:31:377,3.77,-0.94,-0.53
14:11:31:478,3.66,-1.06,-0.52
14:11:31:512,3.53,-1.01,-0.46
14:11:31:512,3.43,-0.84,-0.33
14:11:31:512,3.38,-0.60,-0.21
14:11:31:529,3.42,-0.56,-0.15
14:11:31:529,3.33,-0.60,-0.07
14:11:31:564,3.35,-0.75,-0.04
14:11:31:598,3.42,-0.91,0.03
14:11:31:614,3.56,-1.02,0.09
14:11:31:666,3.68,-1.10,0.20
14:11:31:666,3.70,-1.10,0.33
14:11:31:683,3.75,-1.03,0.43
14:11:31:717,3.87,-0.97,0.49
14:11:31:718,4.06,-0.90,0.49
14:11:31:838,4.53,-0.87,0.24
14:11:31:855,5.39,-0.95,0.07
14:11:31:872,5.54,-1.11,0.36
14:11:31:872,4.68,-0.97,0.50
14:11:31:889,3.97,-0.92,0.42
14:11:31:908,3.88,-1.24,0.34
14:11:31:908,4.02,-1.35,0.11
14:11:31:925,4.18,-1.72,-0.07
14:11:31:942,4.24,-1.67,-0.06
14:11:31:958,4.13,-1.42,-0.03
14:11:31:992,4.01,-1.07,-0.04
14:11:32:30,3.92,-1.01,-0.11
14:11:32:47,3.92,-1.03,-0.17
14:11:32:63,3.88,-1.21,-0.20
14:11:32:99,3.79,-1.25,-0.24
14:11:32:116,3.69,-1.26,-0.20
14:11:32:134,3.73,-1.18,-0.11
14:11:32:168,3.90,-1.18,0.02
14:11:32:203,3.98,-1.19,0.19
14:11:32:203,3.81,-1.15,0.31
14:11:32:221,3.63,-1.05,0.39
14:11:32:255,3.60,-0.96,0.41
14:11:32:272,3.64,-0.93,0.50
14:11:32:308,3.70,-0.95,0.56
14:11:32:308,3.67,-0.94,0.54
14:11:32:375,3.62,-1.01,0.55
14:11:32:392,3.57,-1.04,0.61
14:11:32:409,3.59,-1.13,0.61
14:11:32:445,3.76,-1.29,0.63
14:11:32:445,3.85,-1.35,0.73
14:11:32:461,3.84,-1.31,0.79
14:11:32:512,3.82,-1.40,0.85
14:11:32:563,3.91,-1.52,0.84
14:11:32:563,4.03,-1.54,0.95
14:11:32:599,3.93,-1.61,1.10
14:11:32:633,3.64,-1.62,1.12
14:11:32:667,3.91,-1.65,1.02
14:11:32:737,4.40,-1.50,0.97
14:11:32:754,4.53,-1.20,0.78
14:11:32:771,4.41,-0.79,0.63
14:11:32:788,4.29,-0.51,0.47
14:11:32:804,4.21,-0.58,0.25
14:11:32:821,4.07,-0.51,0.01
14:11:32:838,3.81,-0.76,-0.19
14:11:32:838,3.64,-1.04,-0.21
14:11:32:838,3.51,-1.31,-0.20
14:11:32:908,3.49,-1.43,-0.33
14:11:32:926,3.52,-1.50,-0.31
14:11:32:926,3.46,-1.50,-0.25
14:11:32:943,3.42,-1.22,-0.14
14:11:32:960,3.43,-1.22,-0.09
14:11:32:960,3.44,-1.22,-0.02
14:11:32:994,3.48,-1.28,0.10
14:11:33:29,3.61,-1.32,0.15
14:11:33:63,3.76,-1.47,0.29
14:11:33:98,3.90,-1.52,0.45
14:11:33:98,3.85,-1.55,0.46
14:11:33:132,3.79,-1.56,0.35
14:11:33:133,4.12,-1.55,0.09
14:11:33:151,4.43,-1.66,0.09
14:11:33:185,4.24,-1.65,0.23
14:11:33:202,3.78,-1.62,0.47
14:11:33:237,3.31,-1.67,0.60
14:11:33:290,3.13,-1.90,0.58
14:11:33:306,3.24,-2.04,0.62
14:11:33:306,3.59,-1.98,0.81
14:11:33:325,3.94,-1.95,1.08
14:11:33:360,4.20,-1.17,1.56
14:11:33:376,4.36,-0.84,1.84
14:11:33:411,4.22,-0.62,1.81
14:11:33:445,3.89,-0.76,1.48
14:11:33:463,3.89,-0.70,1.27
14:11:33:479,4.14,-0.30,1.13
14:11:33:498,4.43,-0.16,1.01
14:11:33:551,4.44,-0.29,0.91
14:11:33:551,4.15,-0.52,0.80
14:11:33:585,3.80,-0.82,0.53
14:11:33:618,3.80,-1.11,0.42
14:11:33:654,3.93,-1.03,0.50
14:11:33:671,3.94,-0.93,0.43
14:11:33:688,4.04,-1.26,0.48
14:11:33:705,4.31,-2.78,0.56
14:11:33:723,4.61,-3.22,0.49
14:11:33:740,4.93,-3.41,0.31
14:11:33:792,5.53,-3.69,0.28
14:11:33:827,5.24,-4.26,-0.00
14:11:33:827,3.93,-4.04,-0.27
14:11:33:827,2.51,-3.58,0.04
14:11:33:897,1.76,-3.27,-0.05
14:11:33:897,1.23,-2.52,-0.62
14:11:33:914,0.82,-1.48,-0.61
14:11:33:930,0.92,-1.27,-0.15
14:11:34:1,1.95,-2.42,1.16
14:11:34:1,2.27,0.36,4.25
14:11:34:19,2.13,-0.22,3.16
14:11:34:36,1.32,-2.63,0.64
14:11:34:53,0.60,-4.48,-0.94
14:11:34:70,0.63,-5.99,-1.79
14:11:34:105,0.96,-5.28,-1.08
14:11:34:139,1.50,-4.09,0.06
14:11:34:174,3.01,-3.58,0.70
14:11:34:174,3.91,-3.10,0.71
14:11:34:192,3.56,-3.27,0.44
