18:31:32:648,3.66,-1.44,1.05
18:31:32:757,3.65,-1.48,1.04
18:31:32:812,3.64,-1.42,1.05
18:31:32:898,3.66,-1.42,1.00
18:31:32:927,3.68,-1.43,1.02
18:31:32:927,3.65,-1.44,1.00
18:31:32:927,3.64,-1.39,1.03
18:31:32:927,3.67,-1.41,1.04
18:31:32:927,3.67,-1.43,1.02
18:31:33:64,3.68,-1.43,1.02
18:31:33:97,3.69,-1.49,1.06
18:31:33:239,3.64,-1.40,1.05
18:31:33:239,3.66,-1.51,1.05
18:31:33:273,3.64,-1.42,1.05
18:31:33:273,3.64,-1.40,1.02
18:31:33:273,3.67,-1.42,1.02
18:31:33:279,3.69,-1.45,1.02
18:31:33:345,3.69,-1.42,1.00
18:31:33:389,3.68,-1.40,1.05
18:31:33:389,3.65,-1.39,1.02
18:31:33:389,3.66,-1.37,1.08
18:31:33:389,3.68,-1.37,1.07
18:31:33:389,3.67,-1.44,1.06
18:31:33:414,3.67,-1.42,1.01
18:31:33:635,3.63,-1.45,1.05
18:31:33:635,3.65,-1.42,1.05
18:31:33:635,3.64,-1.43,1.04
18:31:33:710,3.65,-1.44,1.03
18:31:33:710,3.66,-1.45,1.05
18:31:33:730,3.64,-1.44,1.01
18:31:33:730,3.67,-1.46,1.01
18:31:33:730,3.64,-1.48,1.03
18:31:33:740,3.64,-1.43,1.03
18:31:33:740,3.67,-1.38,1.06
18:31:33:740,3.65,-1.46,1.06
18:31:33:740,3.66,-1.44,1.03
18:31:33:749,3.64,-1.44,1.03
18:31:33:749,3.63,-1.45,1.04
18:31:33:757,3.65,-1.43,1.04
18:31:33:757,3.66,-1.51,1.05
18:31:34:100,3.65,-1.50,1.04
18:31:34:100,3.66,-1.48,1.02
18:31:34:192,3.64,-1.48,1.02
18:31:34:192,3.64,-1.41,1.03
18:31:34:192,3.66,-1.46,1.03
18:31:34:192,3.67,-1.45,1.02
18:31:34:260,3.65,-1.45,1.04
18:31:34:260,3.64,-1.44,1.05
18:31:34:311,3.66,-1.46,1.03
18:31:34:322,3.67,-1.42,1.03
18:31:34:322,3.66,-1.43,1.04
18:31:34:322,3.65,-1.43,1.01
18:31:34:322,3.65,-1.43,1.02
18:31:34:322,3.67,-1.43,1.04
18:31:34:330,3.66,-1.41,1.05
18:31:34:330,3.66,-1.42,1.04
18:31:34:350,3.66,-1.41,1.05
18:31:34:350,3.66,-1.43,1.05
18:31:34:393,3.65,-1.44,1.03
18:31:34:623,3.65,-1.43,1.03
18:31:34:648,3.64,-1.39,1.05
18:31:34:721,3.67,-1.42,1.02
18:31:34:721,3.64,-1.44,1.04
18:31:34:721,3.67,-1.42,1.03
18:31:34:721,3.66,-1.41,1.05
18:31:34:721,3.67,-1.42,1.03
18:31:34:721,3.66,-1.43,1.06
18:31:34:721,3.65,-1.42,1.05
18:31:35:44,3.65,-1.34,1.04
18:31:35:44,3.65,-1.38,1.04
18:31:35:44,3.67,-1.39,1.04
18:31:35:44,3.67,-1.41,1.04
18:31:35:44,3.68,-1.45,1.05
18:31:35:44,3.65,-1.42,1.10
18:31:35:75,3.65,-1.38,1.03
18:31:35:155,3.67,-1.40,1.05
18:31:35:169,3.67,-1.41,1.04
18:31:35:385,3.65,-1.39,1.06
18:31:35:385,3.66,-1.40,1.01
18:31:35:385,3.66,-1.39,1.03
18:31:35:385,3.68,-1.38,1.04
18:31:35:385,3.67,-1.38,1.04
18:31:35:385,3.66,-1.38,1.04
18:31:35:385,3.67,-1.44,1.03
18:31:35:456,3.67,-1.43,1.05
18:31:35:456,3.66,-1.41,1.03
18:31:35:456,3.65,-1.38,1.03
18:31:35:456,3.69,-1.37,1.03
18:31:35:456,3.66,-1.41,1.04
18:31:35:456,3.68,-1.41,1.04
18:31:35:456,3.64,-1.40,1.04
18:31:35:531,3.68,-1.39,1.05
18:31:35:531,3.67,-1.37,1.01
18:31:35:531,3.66,-1.40,1.02
18:31:35:531,3.65,-1.37,1.05
18:31:35:531,3.69,-1.41,1.03
18:31:35:531,3.70,-1.40,1.07
18:31:35:560,3.66,-1.39,1.05
18:31:35:560,3.67,-1.33,1.04
18:31:35:596,3.67,-1.37,1.05
18:31:35:771,3.69,-1.37,1.05
18:31:35:787,3.67,-1.38,1.06
18:31:35:787,3.69,-1.39,1.03
18:31:35:787,3.68,-1.36,1.03
18:31:35:787,3.68,-1.39,1.04
18:31:35:787,3.67,-1.39,1.05
18:31:35:787,3.68,-1.38,1.03
18:31:35:909,3.68,-1.37,1.01
18:31:35:909,3.67,-1.37,1.06
18:31:35:909,3.70,-1.40,1.03
18:31:35:909,3.67,-1.38,1.03
18:31:35:909,3.66,-1.38,1.03
18:31:35:945,3.69,-1.38,1.02
18:31:36:88,3.68,-1.38,1.04
18:31:36:88,3.67,-1.41,1.01
18:31:36:88,3.67,-1.39,1.02
18:31:36:306,3.66,-1.36,1.03
18:31:36:306,3.67,-1.36,1.03
18:31:36:306,3.67,-1.38,1.04
18:31:36:306,3.69,-1.38,1.06
18:31:36:306,3.65,-1.43,0.98
18:31:36:306,3.63,-1.38,0.98
18:31:36:306,3.72,-1.43,0.99
18:31:36:361,3.64,-1.40,1.00
18:31:36:361,3.59,-1.45,0.99
18:31:36:361,3.57,-1.41,1.01
18:31:36:361,3.68,-1.43,0.95
18:31:36:361,3.66,-1.45,1.00
18:31:36:361,3.70,-1.46,1.00
18:31:36:361,3.67,-1.45,0.97
18:31:36:431,3.63,-1.47,0.94
18:31:36:431,3.61,-1.45,0.95
18:31:36:431,3.65,-1.48,0.97
18:31:36:431,3.68,-1.46,0.99
18:31:36:431,3.67,-1.44,1.01
18:31:36:487,3.68,-1.46,1.01
18:31:36:487,3.69,-1.52,0.93
18:31:36:487,3.68,-1.50,0.93
18:31:36:487,3.66,-1.48,0.94
18:31:36:487,3.72,-1.42,0.96
18:31:36:487,3.81,-1.41,1.01
18:31:36:487,3.58,-1.27,1.12
18:31:36:505,3.80,-0.97,1.45
18:31:36:505,3.90,-0.44,1.46
18:31:36:505,4.03,-0.48,1.56
18:31:36:505,4.18,-0.69,2.11
18:31:36:505,3.98,0.52,2.17
18:31:36:521,4.16,0.80,2.08
18:31:36:521,4.67,0.78,1.86
18:31:36:521,4.68,0.96,1.96
18:31:36:523,5.09,1.15,1.94
18:31:36:543,5.27,0.99,2.00
18:31:36:543,5.42,0.77,1.99
18:31:36:543,5.22,0.59,1.80
18:31:36:610,5.09,0.44,1.79
18:31:36:610,5.10,-0.05,1.85
18:31:36:610,5.08,-0.34,1.76
18:31:36:610,5.18,-0.51,1.67
18:31:36:610,4.92,-0.67,1.65
18:31:36:610,4.79,-0.84,1.72
18:31:36:628,4.36,-1.09,1.77
18:31:36:679,3.88,-1.21,1.91
18:31:36:679,3.74,-1.47,1.83
18:31:36:679,3.46,-1.76,1.62
18:31:36:679,3.23,-1.93,1.52
18:31:36:679,2.86,-2.28,1.49
18:31:36:789,2.21,-2.46,1.25
18:31:36:789,1.82,-2.80,0.97
18:31:36:807,2.08,-2.96,0.44
18:31:36:807,2.05,-3.15,0.16
18:31:36:807,2.18,-3.11,0.08
18:31:36:807,2.65,-3.04,-0.13
18:31:36:807,3.64,-2.93,-0.17
18:31:36:807,4.53,-2.68,-0.08
18:31:36:825,5.40,-2.29,0.11
18:31:36:825,6.74,-1.64,0.00
18:31:36:825,8.00,-1.91,-0.51
18:31:36:825,8.00,-2.66,-0.73
18:31:36:825,8.00,-3.81,-1.01
18:31:36:825,8.00,-3.25,-1.58
18:31:36:888,8.00,-2.11,-1.74
18:31:36:888,8.00,-1.86,-1.84
18:31:36:888,8.00,-1.49,-1.37
18:31:36:888,8.00,-0.82,-0.75
18:31:36:892,8.00,-0.64,-0.56
18:31:36:892,8.00,-0.29,-0.44
18:31:36:892,7.18,-0.22,-0.27
18:31:36:892,5.35,-0.04,-0.04
18:31:36:997,4.19,-0.04,-0.07
18:31:37:14,3.37,0.50,-0.01
18:31:37:33,2.45,2.10,-0.49
18:31:37:71,2.20,2.26,-0.30
18:31:37:159,1.64,3.27,-0.32
18:31:37:159,1.42,3.34,-0.37
18:31:37:159,2.23,2.35,0.07
18:31:37:177,3.08,1.26,-0.27
18:31:37:228,4.55,0.56,-0.21
18:31:37:285,6.28,-0.11,0.56
18:31:37:320,8.00,-0.63,1.11
18:31:37:320,8.00,-1.13,0.67
18:31:37:320,8.00,-0.76,-0.42
18:31:37:320,8.00,-0.77,-0.55
18:31:37:338,8.00,-0.89,-0.29
18:31:37:356,8.00,-1.72,-1.17
18:31:37:391,8.00,-2.35,-1.88
18:31:37:480,8.00,-3.57,-1.32
18:31:37:480,8.00,-3.75,-0.65
18:31:37:516,7.65,-2.24,-0.84
18:31:37:552,7.26,-2.07,0.07
18:31:37:569,6.61,-1.34,0.31
18:31:37:569,5.85,-1.79,-0.00
18:31:37:569,5.25,-2.08,-0.01
18:31:37:621,4.26,-2.33,-0.10
18:31:37:621,3.71,-2.72,-0.17
18:31:37:621,3.25,-3.14,-0.88
18:31:37:726,2.39,-3.57,-1.43
18:31:37:726,1.81,-3.78,-1.33
18:31:37:743,1.74,-3.79,-1.47
18:31:37:743,0.84,-4.77,-1.68
18:31:37:762,0.85,-5.58,-0.82
18:31:37:799,2.21,-4.46,-0.75
18:31:37:887,3.80,-2.79,-0.78
18:31:37:887,5.68,-1.56,-0.59
18:31:37:887,7.88,-1.42,-0.01
18:31:37:923,8.00,-1.62,0.18
18:31:37:977,8.00,-1.78,0.14
18:31:38:49,8.00,-1.45,-0.59
18:31:38:49,8.00,-2.62,-0.60
18:31:38:68,8.00,-3.13,-0.69
18:31:38:68,8.00,-3.08,-1.13
18:31:38:68,8.00,-2.25,-0.88
18:31:38:68,8.00,-0.84,-0.47
18:31:38:102,8.00,0.19,-0.06
18:31:38:102,8.00,0.52,-0.23
18:31:38:122,8.00,0.50,-0.22
18:31:38:122,7.24,-0.00,0.18
18:31:38:139,6.50,0.21,0.20
18:31:38:139,5.18,2.82,-0.69
18:31:38:156,3.88,3.96,-0.87
18:31:38:156,3.16,5.51,-0.49
18:31:38:156,3.24,4.95,-0.19
18:31:38:156,4.04,3.51,-1.12
18:31:38:191,5.19,1.23,-0.81
18:31:38:243,6.31,0.47,-0.06
18:31:38:243,8.00,-0.19,0.07
18:31:38:243,8.00,0.19,-0.00
18:31:38:262,8.00,0.16,-0.15
18:31:38:262,8.00,-0.52,-0.19
18:31:38:316,8.00,-0.91,-0.79
18:31:38:316,8.00,-1.89,-1.69
18:31:38:349,8.00,-3.23,-1.14
18:31:38:421,8.00,-4.75,-0.46
18:31:38:421,8.00,-3.64,-0.98
18:31:38:421,8.00,-2.83,-0.38
18:31:38:441,7.55,-2.58,0.41
18:31:38:458,6.65,-2.60,-0.24
18:31:38:475,5.40,-2.64,-0.55
18:31:38:492,4.37,-3.15,-0.67
18:31:38:567,3.62,-3.53,-0.92
18:31:38:657,2.83,-3.66,-2.01
18:31:38:675,1.75,-4.44,-2.95
18:31:38:709,1.12,-4.98,-3.10
18:31:38:725,1.32,-5.46,-2.81
18:31:38:878,1.44,-5.11,-2.14
18:31:38:930,2.06,-5.02,-1.18
18:31:38:965,2.90,-4.50,-0.16
18:31:38:984,4.65,-3.31,0.11
18:31:38:984,7.22,-1.88,0.18
18:31:39:38,8.00,-0.48,0.72
18:31:39:38,8.00,-0.23,1.34
18:31:39:38,8.00,-0.99,1.22
18:31:39:129,8.00,-1.35,0.40
18:31:39:147,8.00,-1.75,0.33
18:31:39:147,8.00,-2.40,0.86
18:31:39:182,8.00,-1.79,0.52
18:31:39:182,8.00,-0.90,-0.09
18:31:39:182,8.00,-0.24,-0.16
18:31:39:201,7.15,-0.73,0.29
18:31:39:201,6.20,-0.94,0.58
18:31:39:201,5.63,-0.70,0.26
18:31:39:201,5.21,-0.02,0.36
18:31:39:219,4.50,0.92,0.58
18:31:39:254,4.55,1.90,0.02
18:31:39:309,3.74,3.01,-0.05
18:31:39:309,3.65,2.96,0.58
18:31:39:309,4.25,2.80,0.19
18:31:39:327,4.53,1.68,-0.45
18:31:39:327,5.12,0.30,0.17
18:31:39:327,6.48,-0.14,0.73
18:31:39:346,8.00,-0.18,0.53
18:31:39:346,8.00,-0.34,0.73
18:31:39:346,8.00,-0.73,0.99
18:31:39:364,8.00,-0.87,1.32
18:31:39:381,8.00,-0.84,0.74
18:31:39:399,8.00,-0.87,0.29
18:31:39:399,8.00,-1.43,0.38
18:31:39:399,8.00,-1.78,0.36
18:31:39:399,8.00,-2.08,-0.13
18:31:39:399,8.00,-2.42,0.11
18:31:39:399,8.00,-2.79,0.77
18:31:39:416,6.48,-2.59,0.49
18:31:39:470,5.52,-2.69,0.73
18:31:39:488,4.77,-2.66,0.75
18:31:39:521,3.84,-2.49,-0.23
18:31:39:540,3.44,-3.44,-1.32
18:31:39:595,2.59,-4.86,-2.35
18:31:39:595,1.60,-5.37,-3.38
18:31:39:612,1.50,-5.63,-3.10
18:31:39:631,1.06,-5.52,-2.25
18:31:39:716,1.60,-5.66,-0.91
18:31:39:717,2.25,-4.31,-0.41
18:31:39:753,3.96,-2.71,-0.24
18:31:39:787,6.29,-1.46,0.09
18:31:39:842,8.00,-1.37,0.44
18:31:39:860,8.00,-1.92,1.62
18:31:39:860,8.00,-1.01,0.97
18:31:39:879,8.00,-0.71,0.24
18:31:39:897,8.00,-0.98,0.78
18:31:39:931,8.00,-1.74,0.76
18:31:39:948,8.00,-0.97,0.25
18:31:40:35,8.00,-1.03,-0.56
18:31:40:35,8.00,-1.30,-0.55
18:31:40:53,8.00,-1.23,-0.13
18:31:40:70,8.00,-0.50,-0.16
18:31:40:132,8.00,0.07,0.16
18:31:40:132,6.80,0.40,0.36
18:31:40:145,5.81,0.58,0.56
18:31:40:194,4.99,0.80,0.42
18:31:40:230,3.85,2.38,0.22
18:31:40:230,2.54,2.44,0.06
18:31:40:248,2.45,1.98,0.58
18:31:40:283,2.35,1.89,0.13
18:31:40:301,2.74,1.78,-0.24
18:31:40:318,3.35,0.53,0.48
18:31:40:375,4.40,-0.24,1.36
18:31:40:393,5.84,-0.41,1.02
18:31:40:410,7.01,-0.03,0.74
18:31:40:410,8.00,0.19,0.85
18:31:40:411,8.00,-0.18,0.75
18:31:40:501,8.00,-0.54,0.57
18:31:40:501,8.00,-1.09,-0.33
18:31:40:501,8.00,-1.51,-0.78
18:31:40:572,8.00,-2.56,-1.08
18:31:40:572,8.00,-2.47,-1.21
18:31:40:572,8.00,-2.30,-0.80
18:31:40:590,8.00,-1.74,-0.17
18:31:40:590,6.78,-1.24,0.04
18:31:40:609,6.16,-1.37,0.06
18:31:40:609,5.64,-1.69,0.29
18:31:40:646,4.57,-1.60,-0.08
18:31:40:646,3.89,-1.68,-0.11
18:31:40:646,3.79,-1.68,0.02
18:31:40:663,3.31,-1.25,-0.96
18:31:40:682,2.81,-2.32,-1.61
18:31:40:753,2.25,-3.43,-1.39
18:31:40:753,2.14,-3.80,-1.34
18:31:40:786,1.73,-5.56,-0.93
18:31:40:789,2.17,-5.12,-0.00
18:31:40:789,2.50,-1.74,-0.00
18:31:40:806,3.25,-0.18,0.92
18:31:40:806,4.21,-0.21,1.54
18:31:40:825,5.64,-1.17,1.39
18:31:40:951,6.71,-1.87,1.63
18:31:40:986,7.34,-0.97,1.46
18:31:40:986,7.93,-1.11,1.63
18:31:41:4,7.54,-1.35,1.90
18:31:41:22,8.00,-1.46,2.17
18:31:41:22,8.00,-0.87,2.07
18:31:41:53,7.48,-0.38,1.65
18:31:41:141,8.00,-0.52,1.77
18:31:41:159,7.60,-0.29,2.24
18:31:41:159,6.43,-0.00,2.17
18:31:41:159,5.40,0.03,2.45
18:31:41:193,5.37,0.49,2.39
18:31:41:211,4.27,0.98,2.28
18:31:41:211,3.44,0.85,2.49
18:31:41:228,2.72,0.76,3.05
18:31:41:280,2.61,0.57,2.52
18:31:41:298,2.41,-0.17,1.66
18:31:41:298,2.30,-0.51,0.97
18:31:41:316,2.07,-0.86,1.02
18:31:41:334,2.04,-1.01,0.89
18:31:41:334,3.05,-1.60,0.05
18:31:41:353,3.72,-2.92,-0.97
18:31:41:388,3.71,-3.99,-0.97
18:31:41:406,4.15,-3.34,-0.21
18:31:41:425,4.32,-2.41,0.31
18:31:41:458,4.78,-1.77,0.06
18:31:41:476,5.24,-1.75,-0.31
18:31:41:510,5.73,-1.41,-0.46
18:31:41:513,5.64,-1.11,-0.07
18:31:41:532,5.86,-1.09,0.26
18:31:41:532,5.90,-0.71,-0.11
18:31:41:550,5.69,-0.79,-0.96
18:31:41:585,4.97,-1.22,-1.04
18:31:41:659,4.70,-1.64,-0.64
18:31:41:678,4.46,-1.77,-0.49
18:31:41:750,4.18,-1.59,-0.59
18:31:41:821,3.98,-1.28,-0.47
18:31:41:839,3.86,-1.07,-0.29
18:31:41:860,3.60,-0.98,-0.21
18:31:41:877,3.54,-0.94,-0.25
18:31:41:911,3.50,-0.98,-0.24
18:31:41:911,3.52,-1.07,-0.12
18:31:41:911,3.57,-1.06,0.04
18:31:41:947,3.94,-1.14,0.23
18:31:42:1,4.14,-1.25,0.30
18:31:42:19,4.16,-1.32,0.50
18:31:42:37,3.97,-1.43,0.62
18:31:42:71,3.92,-1.45,0.83
18:31:42:88,3.89,-1.35,0.90
18:31:42:143,3.87,-1.22,1.00
18:31:42:193,3.74,-1.06,1.02
18:31:42:193,3.70,-0.91,0.92
18:31:42:212,3.94,-1.20,0.99
18:31:42:229,4.29,-1.45,1.14
18:31:42:229,4.67,-1.55,1.25
18:31:42:246,4.57,-1.54,1.22
18:31:42:261,4.27,-1.19,1.02
18:31:42:279,3.83,-1.13,0.95
18:31:42:279,3.55,-1.22,1.01
18:31:42:296,3.75,-1.42,1.07
18:31:42:296,3.79,-1.44,1.09
18:31:42:350,3.97,-1.31,1.14
18:31:42:371,4.13,-1.20,1.22
18:31:42:459,4.07,-1.02,1.00
18:31:42:459,3.97,-0.96,1.12
18:31:42:475,3.81,-0.98,1.15
18:31:42:582,3.74,-0.98,1.09
18:31:42:635,3.59,-1.00,0.94
18:31:42:652,3.85,-0.92,0.88
18:31:42:743,3.98,-0.86,0.90
18:31:42:761,3.65,-1.01,0.91
18:31:42:902,3.20,-1.24,1.01
18:31:42:919,3.29,-1.31,1.12
18:31:42:935,3.63,-1.24,1.16
18:31:43:10,3.87,-1.15,1.24
18:31:43:78,3.98,-0.85,1.23
18:31:43:78,3.85,-0.67,1.28
18:31:43:165,3.75,-0.66,1.42
18:31:43:257,3.75,-0.69,1.33
18:31:43:257,3.73,-0.82,1.26
18:31:43:257,3.69,-0.92,1.22
18:31:43:257,3.67,-1.16,1.21
18:31:43:326,3.59,-1.27,1.29
18:31:43:360,3.58,-1.11,1.29
18:31:43:360,3.57,-0.87,1.25
18:31:43:523,3.57,-0.84,1.33
18:31:43:523,3.64,-1.03,1.38
18:31:43:523,3.76,-1.13,1.41
18:31:43:523,3.74,-1.19,1.27
18:31:43:721,3.72,-1.18,1.27
18:31:43:721,3.72,-1.30,1.26
18:31:43:756,3.76,-1.38,1.21
18:31:43:861,3.75,-1.29,1.20
18:31:43:861,3.78,-1.34,1.12
18:31:43:861,3.75,-1.20,1.14
18:31:43:863,3.72,-1.12,1.11
18:31:43:898,3.74,-1.15,1.01
18:31:43:898,3.74,-1.27,0.99
18:31:44:2,3.83,-1.33,0.97
18:31:44:2,3.81,-1.28,0.92
18:31:44:38,3.82,-1.29,0.92
18:31:44:107,3.80,-1.25,0.90
18:31:44:107,3.76,-1.30,0.87
18:31:44:127,3.77,-1.23,0.80
18:31:44:127,3.76,-1.21,0.84
18:31:44:197,3.79,-1.24,0.88
18:31:44:266,3.75,-1.22,0.86
18:31:44:266,3.72,-1.19,0.90
18:31:44:266,3.71,-1.26,0.92
18:31:44:266,3.72,-1.28,0.94
18:31:44:283,3.75,-1.30,1.02
18:31:44:283,3.73,-1.28,1.05
18:31:44:283,3.75,-1.29,1.04
18:31:44:283,3.74,-1.29,1.08
18:31:44:373,3.74,-1.31,1.12
18:31:44:409,3.75,-1.29,1.17
18:31:44:409,3.77,-1.30,1.12
18:31:44:584,3.74,-1.26,1.17
18:31:44:584,3.70,-1.22,1.11
18:31:44:584,3.75,-1.24,1.12
18:31:44:584,3.75,-1.21,1.11
18:31:44:584,3.75,-1.17,1.04
18:31:44:584,3.71,-1.13,1.02
18:31:44:584,3.75,-1.13,1.02
18:31:44:619,3.73,-1.18,1.00
18:31:44:619,3.73,-1.17,0.99
18:31:44:619,3.74,-1.12,0.98
18:31:44:619,3.73,-1.14,1.03
18:31:44:619,3.76,-1.19,1.00
18:31:44:619,3.73,-1.25,1.00
18:31:44:636,3.74,-1.21,1.02
18:31:44:636,3.73,-1.21,1.02
18:31:44:653,3.71,-1.24,0.96
18:31:44:653,3.72,-1.27,0.98
18:31:44:653,3.72,-1.26,0.97
18:31:44:725,3.75,-1.21,0.99
18:31:44:742,3.75,-1.17,0.99
18:31:44:777,3.74,-1.28,0.99
18:31:44:777,3.73,-1.27,1.00
18:31:44:777,3.73,-1.27,0.99
18:31:44:777,3.73,-1.30,1.01
18:31:44:794,3.72,-1.24,1.01
18:31:44:794,3.75,-1.21,1.04
18:31:44:953,3.74,-1.22,1.04
18:31:44:953,3.73,-1.20,1.07
18:31:44:953,3.73,-1.17,1.05
18:31:45:41,3.74,-1.13,1.05
18:31:45:61,3.76,-1.18,1.09
18:31:45:61,3.75,-1.15,1.06
18:31:45:61,3.74,-1.14,1.08
18:31:45:61,3.77,-1.12,1.09
18:31:45:61,3.71,-1.12,1.10
18:31:45:95,3.74,-1.17,1.07
18:31:45:130,3.81,-1.20,1.08
18:31:45:130,3.85,-1.19,1.08
18:31:45:130,3.82,-1.24,1.06
18:31:45:148,3.81,-1.30,1.05
18:31:45:148,3.74,-1.19,1.09
18:31:45:148,3.63,-1.19,1.05
18:31:45:148,3.57,-1.17,1.05
18:31:45:148,3.66,-1.09,1.03
18:31:45:148,3.76,-1.06,1.04
18:31:45:148,3.80,-1.11,1.00
18:31:45:148,3.80,-1.12,0.95
18:31:45:148,3.78,-1.13,0.92
18:31:45:166,3.74,-1.17,0.93
18:31:45:182,3.79,-1.25,0.97
18:31:45:284,3.79,-1.22,0.99
18:31:45:284,3.76,-1.25,1.01
18:31:45:321,3.72,-1.30,1.06
18:31:45:322,3.72,-1.41,1.03
18:31:45:340,3.71,-1.47,1.04
18:31:45:340,3.66,-1.49,1.06
18:31:45:340,3.64,-1.46,1.09
18:31:45:374,3.62,-1.42,1.04
18:31:45:443,3.56,-1.35,1.05
18:31:45:443,3.68,-1.31,1.11
18:31:45:443,3.71,-1.21,1.16
18:31:45:443,3.84,-1.14,1.23
18:31:45:443,3.86,-0.92,1.31
18:31:45:443,3.94,-0.74,1.40
18:31:45:460,3.88,-0.57,1.55
18:31:45:460,3.87,-0.37,1.68
18:31:45:460,3.90,-0.25,1.59
18:31:45:460,3.76,0.15,1.91
18:31:45:513,3.93,1.31,1.97
18:31:45:513,4.80,1.40,1.95
18:31:45:600,5.50,1.46,2.51
18:31:45:600,5.48,1.28,2.74
18:31:45:617,5.29,1.59,2.84
18:31:45:652,5.38,1.90,2.92
18:31:45:687,5.77,1.46,2.91
18:31:45:724,6.02,1.12,2.73
18:31:45:724,6.25,0.83,2.50
18:31:45:776,6.24,0.47,2.59
18:31:45:776,6.15,-0.04,2.39
18:31:45:813,5.79,-0.70,2.56
18:31:45:813,5.23,-0.68,2.43
18:31:45:848,4.89,-0.65,2.23
18:31:45:848,4.46,-1.02,2.25
18:31:45:848,3.83,-1.26,1.89
18:31:45:848,3.47,-1.80,1.40
18:31:45:865,2.68,-2.44,0.77
18:31:45:884,1.86,-2.91,0.19
18:31:45:901,1.26,-3.66,-0.16
18:31:45:952,1.03,-3.80,-0.50
18:31:45:952,0.27,-3.91,-0.50
18:31:45:952,0.57,-3.65,-0.56
18:31:46:5,1.74,-3.60,-1.00
18:31:46:22,3.48,-3.48,-0.91
18:31:46:22,4.40,-2.97,-0.77
18:31:46:22,5.97,-2.73,-0.93
18:31:46:74,8.00,-2.30,-1.32
18:31:46:144,8.00,-2.25,-1.47
18:31:46:144,8.00,-2.63,-1.05
18:31:46:162,8.00,-3.10,-1.29
18:31:46:179,8.00,-2.67,-1.42
18:31:46:196,8.00,-2.59,-1.65
18:31:46:214,8.00,-1.68,-1.44
18:31:46:214,8.00,-1.23,-1.27
18:31:46:231,8.00,-0.03,-0.42
18:31:46:249,8.00,0.52,-0.23
18:31:46:285,8.00,0.75,-0.49
18:31:46:353,8.00,0.29,0.11
18:31:46:353,7.37,-0.42,-0.02
18:31:46:371,6.36,1.80,-0.36
18:31:46:388,4.74,4.17,-0.55
18:31:46:390,3.24,6.73,-0.81
18:31:46:407,2.58,6.15,-0.65
18:31:46:425,2.95,4.75,-0.23
18:31:46:445,3.52,3.02,-1.31
18:31:46:516,4.83,1.10,-0.47
18:31:46:517,7.42,0.59,0.06
18:31:46:535,8.00,0.36,-0.20
18:31:46:569,8.00,0.53,-0.33
18:31:46:588,8.00,0.53,-0.45
18:31:46:588,8.00,-0.38,-1.61
18:31:46:606,8.00,-0.65,-2.89
18:31:46:606,8.00,-1.88,-2.04
18:31:46:625,8.00,-3.29,-1.49
18:31:46:643,8.00,-5.15,-1.51
18:31:46:735,8.00,-4.61,-1.99
18:31:46:753,8.00,-3.34,-1.41
18:31:46:770,8.00,-2.25,-0.37
18:31:46:789,6.71,-2.04,-0.14
18:31:46:789,5.23,-2.55,-0.19
18:31:46:807,4.03,-3.11,-1.65
18:31:46:860,2.93,-4.29,-4.02
18:31:46:895,1.42,-5.43,-4.87
18:31:46:895,0.40,-5.52,-4.95
18:31:46:911,0.25,-4.76,-5.16
18:31:46:929,1.15,-4.58,-4.90
18:31:46:929,1.14,-4.46,-4.12
18:31:46:945,2.04,-5.22,-2.54
18:31:46:960,3.49,-4.33,-1.93
18:31:47:47,6.15,-2.81,-1.52
18:31:47:65,8.00,-1.79,-0.95
18:31:47:99,8.00,-2.30,-0.49
18:31:47:118,8.00,-2.06,-0.27
18:31:47:118,8.00,-1.64,-0.91
18:31:47:136,8.00,-2.12,-0.80
18:31:47:154,8.00,-2.09,-0.65
18:31:47:190,8.00,-2.51,-1.01
18:31:47:227,8.00,-2.66,-0.55
18:31:47:264,8.00,-1.17,-0.20
18:31:47:300,8.00,0.20,-0.64
18:31:47:300,8.00,0.81,-0.79
18:31:47:334,8.00,0.69,0.68
18:31:47:409,7.77,0.16,1.08
18:31:47:426,6.56,1.28,0.13
18:31:47:426,5.38,4.07,-0.46
18:31:47:444,3.60,5.48,-0.49
18:31:47:478,3.18,5.80,0.47
18:31:47:512,3.08,5.64,0.73
18:31:47:513,3.85,4.03,-0.04
18:31:47:530,4.57,1.94,-0.88
18:31:47:582,5.47,0.22,-0.05
18:31:47:583,7.79,-0.31,0.19
18:31:47:583,8.00,-0.12,-0.71
18:31:47:620,8.00,-0.57,-0.74
18:31:47:637,8.00,-1.04,-0.01
18:31:47:637,8.00,-1.54,-1.15
18:31:47:637,8.00,-1.81,-2.20
18:31:47:654,8.00,-2.46,-1.52
18:31:47:674,8.00,-3.67,-0.28
18:31:47:674,8.00,-4.30,-0.98
18:31:47:692,8.00,-3.02,-0.88
18:31:47:710,8.00,-2.67,0.11
18:31:47:761,8.00,-2.56,0.32
18:31:47:780,6.32,-2.62,-0.23
18:31:47:796,5.22,-2.56,-1.38
18:31:47:813,3.40,-3.48,-2.69
18:31:47:813,2.49,-4.50,-4.62
18:31:47:832,1.00,-5.38,-5.66
18:31:47:850,0.46,-5.96,-5.56
18:31:47:850,0.72,-4.56,-5.23
18:31:47:886,0.99,-4.10,-4.90
18:31:47:903,1.13,-5.46,-3.31
18:31:47:938,2.44,-4.80,-2.05
18:31:47:955,3.83,-3.35,-1.69
18:31:48:9,7.06,-2.44,-0.56
18:31:48:9,8.00,-2.20,-0.06
18:31:48:46,8.00,-3.25,0.65
18:31:48:64,8.00,-3.59,0.88
18:31:48:97,8.00,-0.41,-0.61
18:31:48:168,8.00,0.28,-0.24
18:31:48:204,8.00,-0.45,0.56
18:31:48:204,8.00,-2.91,0.77
18:31:48:220,8.00,-0.99,-0.57
18:31:48:239,8.00,0.71,-0.91
18:31:48:299,8.00,1.37,0.19
18:31:48:317,8.00,0.63,0.76
18:31:48:320,7.77,0.32,0.58
18:31:48:338,6.76,0.47,0.71
18:31:48:375,4.94,3.33,0.45
18:31:48:375,3.39,4.73,0.09
18:31:48:407,3.15,5.72,0.42
18:31:48:536,2.98,5.21,0.39
18:31:48:554,3.17,4.29,0.17
18:31:48:554,3.83,2.61,-0.66
18:31:48:574,4.67,0.75,-0.15
18:31:48:591,6.18,-0.07,0.62
18:31:48:591,8.00,-0.26,0.00
18:31:48:591,8.00,0.25,-0.70
18:31:48:630,8.00,0.28,-0.75
18:31:48:665,8.00,-0.01,-0.08
18:31:48:683,8.00,-1.29,-0.96
18:31:48:702,8.00,-2.46,-1.79
18:31:48:737,8.00,-5.48,0.38
18:31:48:753,8.00,-5.65,0.08
18:31:48:755,8.00,-2.77,-0.75
18:31:48:755,7.84,-0.79,0.99
18:31:48:773,8.00,-0.62,1.36
18:31:48:845,6.93,-2.12,0.82
18:31:48:862,5.64,-3.47,0.18
18:31:48:879,3.88,-3.11,-0.79
18:31:48:914,3.13,-3.29,-1.04
18:31:48:914,2.48,-3.37,-2.11
18:31:48:950,1.37,-3.38,-3.70
18:31:48:950,0.95,-5.02,-3.93
18:31:48:966,1.00,-5.55,-3.77
18:31:48:986,0.40,-5.69,-2.60
18:31:49:39,0.97,-4.02,-1.94
18:31:49:39,2.24,-2.38,-1.24
18:31:49:39,3.80,-1.67,-0.37
18:31:49:57,5.81,-1.55,-0.25
18:31:49:74,7.04,-1.51,0.19
18:31:49:75,7.84,-1.87,0.44
18:31:49:111,8.00,-1.92,0.46
18:31:49:129,8.00,-1.83,0.41
18:31:49:182,8.00,-1.03,-0.02
18:31:49:200,8.00,-0.54,-0.54
18:31:49:237,8.00,-1.72,-0.25
18:31:49:237,8.00,-2.12,-0.14
18:31:49:254,8.00,-1.79,-0.40
18:31:49:288,8.00,-0.95,-0.27
18:31:49:288,8.00,-0.22,0.53
18:31:49:306,8.00,0.11,0.57
18:31:49:377,8.00,0.38,0.50
18:31:49:395,7.62,0.86,0.49
18:31:49:395,6.04,0.90,0.82
18:31:49:413,4.89,2.72,0.64
18:31:49:466,3.26,3.94,0.34
18:31:49:469,3.18,4.54,0.19
18:31:49:487,2.79,4.33,-0.07
18:31:49:537,3.39,2.24,0.29
18:31:49:583,4.96,0.58,1.41
18:31:49:609,6.35,0.54,0.78
18:31:49:645,7.60,0.67,0.25
18:31:49:663,8.00,0.84,0.62
18:31:49:749,8.00,0.20,0.88
18:31:49:756,8.00,-0.34,0.23
18:31:49:770,8.00,-0.77,0.01
18:31:49:788,8.00,-1.51,-0.37
18:31:49:805,8.00,-2.34,-0.72
18:31:49:805,8.00,-3.19,0.10
18:31:49:823,8.00,-3.57,0.08
18:31:49:841,8.00,-2.74,-0.22
18:31:49:856,7.41,-2.50,0.27
18:31:49:861,6.44,-1.86,0.73
18:31:49:913,4.63,-1.65,0.40
18:31:49:968,3.57,-1.80,0.44
18:31:49:968,2.96,-2.15,0.14
18:31:49:985,2.34,-2.06,-1.67
18:31:50:3,1.45,-3.09,-2.08
18:31:50:20,0.74,-3.38,-2.53
18:31:50:93,0.46,-4.16,-1.57
18:31:50:110,1.15,-3.46,-1.75
18:31:50:146,1.31,-3.53,-1.54
18:31:50:146,2.18,-4.64,0.15
18:31:50:164,2.21,-3.16,0.39
18:31:50:199,3.65,-1.67,0.98
18:31:50:199,4.58,-0.16,1.57
18:31:50:216,5.16,-0.05,1.24
18:31:50:288,6.49,-0.98,1.79
18:31:50:306,5.61,-0.09,1.58
18:31:50:358,5.38,-0.13,1.23
18:31:50:358,7.28,0.49,1.53
18:31:50:376,6.26,-0.08,0.82
18:31:50:376,6.58,-0.59,0.71
18:31:50:410,6.89,-0.79,0.76
18:31:50:483,7.59,-0.47,0.65
18:31:50:519,7.24,-0.38,0.41
18:31:50:537,6.44,-1.04,0.24
18:31:50:537,6.67,-1.71,0.23
18:31:50:555,6.79,-1.58,0.05
18:31:50:573,6.63,-1.02,0.01
18:31:50:590,6.29,-0.58,0.32
18:31:50:643,5.83,-0.23,0.79
18:31:50:717,5.33,-0.12,1.09
18:31:50:734,4.99,-0.07,1.21
18:31:50:734,4.64,-0.12,1.30
18:31:50:771,4.31,-0.10,1.37
18:31:50:807,4.32,0.45,0.52
18:31:50:861,3.91,0.36,0.34
18:31:50:879,3.20,-0.60,1.37
18:31:50:912,2.51,-1.58,1.98
18:31:50:914,2.25,-1.62,1.40
18:31:50:932,2.53,-0.99,1.09
18:31:50:932,2.91,-0.39,1.08
18:31:51:0,3.28,-0.15,1.12
18:31:51:18,3.60,-0.18,1.22
18:31:51:36,4.23,-0.40,1.12
18:31:51:90,4.27,-0.80,1.07
18:31:51:90,4.61,-1.30,1.19
18:31:51:108,5.02,-1.83,1.56
18:31:51:177,5.00,-1.99,1.57
18:31:51:177,4.97,-2.01,1.39
18:31:51:195,4.85,-1.92,1.35
18:31:51:195,4.97,-1.78,1.67
18:31:51:229,4.79,-1.55,1.38
18:31:51:248,4.51,-1.56,1.07
18:31:51:249,4.32,-1.90,1.19
18:31:51:285,4.13,-2.03,1.64
18:31:51:336,3.97,-1.87,1.55
18:31:51:374,3.62,-1.76,1.43
18:31:51:393,3.50,-1.68,1.59
18:31:51:393,3.35,-1.82,1.52
18:31:51:410,3.14,-1.59,1.33
18:31:51:410,3.22,-1.21,1.40
18:31:51:429,3.47,-0.80,1.49
18:31:51:429,3.42,-0.61,1.26
18:31:51:447,3.55,-0.54,1.23
18:31:51:447,3.69,-0.83,1.18
18:31:51:483,3.86,-1.02,1.06
18:31:51:501,4.12,-0.86,0.93
18:31:51:537,4.35,-0.74,0.86
18:31:51:555,4.33,-0.18,0.73
18:31:51:573,4.64,0.20,0.46
18:31:51:606,4.82,0.32,0.32
18:31:51:606,4.68,0.30,0.22
18:31:51:606,4.41,-0.01,0.13
18:31:51:624,4.35,-0.21,0.12
18:31:51:640,4.36,-0.27,-0.03
18:31:51:642,4.12,-0.26,-0.24
18:31:51:660,4.07,-0.07,-0.17
18:31:51:730,3.76,0.23,-0.09
18:31:51:730,3.79,0.14,-0.18
18:31:51:750,4.00,-0.09,-0.29
18:31:51:786,4.01,-0.21,-0.25
18:31:51:803,4.27,-0.30,-0.26
18:31:51:820,4.42,-0.40,-0.19
18:31:51:922,4.40,-0.55,-0.15
18:31:51:939,4.30,-0.65,-0.07
18:31:51:939,4.16,-0.66,0.07
18:31:51:939,4.17,-0.67,0.15
18:31:51:957,4.13,-0.75,0.29
18:31:51:957,4.09,-0.83,0.35
18:31:51:975,4.08,-0.57,0.43
18:31:52:13,4.12,-0.36,0.54
18:31:52:99,4.17,-0.17,0.75
18:31:52:135,4.44,-0.03,0.78
18:31:52:152,4.47,0.09,0.66
18:31:52:170,4.16,0.07,0.70
18:31:52:204,4.12,-0.24,0.80
18:31:52:274,3.93,-0.28,0.91
18:31:52:291,3.89,-0.30,0.83
18:31:52:291,3.86,-0.32,0.69
18:31:52:308,3.90,-0.39,0.71
18:31:52:308,4.00,-0.60,0.86
18:31:52:359,4.03,-0.52,0.75
18:31:52:379,3.90,-0.58,0.82
18:31:52:379,3.78,-0.77,0.87
18:31:52:433,3.71,-0.85,0.75
18:31:52:538,3.69,-0.74,0.68
18:31:52:538,3.79,-0.50,0.68
18:31:52:626,3.90,-0.38,0.85
18:31:52:662,3.86,-0.36,0.83
18:31:52:679,3.65,-0.66,0.73
18:31:52:697,3.52,-0.94,0.77
18:31:52:714,3.67,-1.10,0.94
18:31:52:820,3.87,-1.06,1.08
18:31:52:837,3.87,-1.02,1.07
18:31:52:855,3.76,-1.05,0.92
18:31:52:872,3.81,-0.49,1.24
18:31:52:890,3.72,-0.85,1.36
18:31:52:908,3.85,-1.02,1.25
18:31:53:13,3.89,-1.01,1.06
18:31:53:33,3.90,-1.09,0.87
18:31:53:33,3.80,-1.15,0.80
18:31:53:33,3.75,-1.22,0.76
18:31:53:51,3.67,-1.19,0.79
18:31:53:68,3.61,-1.11,0.79
18:31:53:86,3.66,-1.03,0.73
18:31:53:104,3.77,-0.84,0.71
18:31:53:104,3.94,-1.00,0.71
18:31:53:104,4.02,-1.01,0.96
18:31:53:119,3.89,-0.86,1.00
18:31:53:119,3.89,-1.03,1.21
18:31:53:155,3.88,-1.21,1.34
18:31:53:155,3.91,-1.51,1.31
18:31:53:172,3.86,-1.73,1.16
18:31:53:222,3.82,-1.66,1.00
18:31:53:243,3.79,-1.47,0.82
18:31:53:261,3.72,-1.44,0.77
18:31:53:261,3.70,-1.37,0.74
18:31:53:278,3.69,-1.30,0.72
18:31:53:352,3.73,-1.32,0.69
18:31:53:371,3.71,-1.24,0.72
18:31:53:425,3.75,-1.15,0.79
18:31:53:442,3.76,-1.03,0.87
18:31:53:495,3.80,-1.02,0.91
18:31:53:533,3.85,-1.09,0.95
18:31:53:550,3.80,-1.15,0.99
18:31:53:568,3.78,-1.12,0.97
18:31:53:586,3.83,-1.27,0.87
18:31:53:586,3.73,-1.29,0.93
18:31:53:638,3.75,-1.33,0.93
18:31:53:760,3.72,-1.35,0.85
18:31:53:776,3.72,-1.35,0.85
18:31:53:776,3.71,-1.41,0.82
18:31:53:793,3.71,-1.45,0.87
18:31:53:793,3.74,-1.36,0.86
18:31:53:827,3.76,-1.27,0.91
18:31:53:880,3.73,-1.34,0.84
18:31:53:898,3.73,-1.37,0.84
18:31:53:898,3.69,-1.28,0.90
18:31:53:898,3.72,-1.25,0.90
18:31:53:914,3.71,-1.33,0.86
18:31:53:915,3.73,-1.35,0.85
18:31:53:949,3.74,-1.34,0.84
18:31:53:964,3.72,-1.29,0.85
18:31:53:982,3.69,-1.40,0.85
18:31:54:33,3.76,-1.30,0.87
18:31:54:70,3.77,-1.28,0.89
18:31:54:70,3.74,-1.37,0.86
18:31:54:70,3.74,-1.32,0.85
18:31:54:70,3.75,-1.26,0.87
18:31:54:105,3.77,-1.20,0.87
18:31:54:140,3.77,-1.28,0.87
18:31:54:140,3.77,-1.26,0.86
18:31:54:202,3.78,-1.28,0.84
18:31:54:304,3.74,-1.25,0.83
18:31:54:305,3.76,-1.18,0.89
18:31:54:340,3.79,-1.28,0.85
18:31:54:432,3.74,-1.34,0.87
18:31:54:432,3.72,-1.27,0.90
18:31:54:467,3.72,-1.28,0.88
18:31:54:521,3.75,-1.31,0.88
18:31:54:631,3.74,-1.32,0.84
18:31:54:648,3.75,-1.30,0.88
18:31:54:648,3.75,-1.29,0.90
18:31:54:666,3.76,-1.29,0.88
18:31:54:666,3.75,-1.32,0.91
18:31:54:666,3.74,-1.32,0.94
18:31:54:684,3.76,-1.29,0.92
18:31:54:684,3.70,-1.27,0.91
18:31:54:702,3.72,-1.21,0.95
18:31:54:702,3.70,-1.28,0.93
18:31:54:702,3.74,-1.36,0.88
18:31:54:776,3.73,-1.31,0.91
18:31:54:785,3.74,-1.29,0.93
18:31:54:806,3.74,-1.33,0.96
18:31:54:824,3.75,-1.30,0.94
18:31:54:824,3.72,-1.22,0.93
18:31:54:842,3.71,-1.25,0.89
18:31:54:894,3.70,-1.24,0.93
18:31:54:894,3.73,-1.32,0.94
18:31:54:894,3.74,-1.44,0.90
18:31:54:911,3.69,-1.45,0.91
18:31:54:929,3.66,-1.47,0.95
18:31:54:929,3.69,-1.40,0.87
18:31:54:929,3.64,-1.36,0.89
18:31:54:929,3.63,-1.34,0.86
18:31:54:963,3.70,-1.40,0.81
18:31:55:37,3.67,-1.39,0.84
18:31:55:37,3.69,-1.39,0.83
18:31:55:72,3.68,-1.40,0.87
18:31:55:107,3.72,-1.40,0.88
18:31:55:124,3.78,-1.32,0.93
18:31:55:177,3.72,-1.22,1.02
18:31:55:195,3.81,-1.16,1.26
18:31:55:195,3.86,-0.85,1.37
18:31:55:213,4.10,-0.57,1.27
18:31:55:249,3.92,-0.39,1.48
18:31:55:249,4.23,-0.00,1.98
18:31:55:301,4.28,0.66,1.87
18:31:55:373,4.64,1.49,1.68
18:31:55:373,5.04,1.54,1.76
18:31:55:373,5.04,2.12,1.71
18:31:55:373,5.56,2.61,1.97
18:31:55:390,5.87,2.04,2.15
18:31:55:390,6.28,1.65,2.37
18:31:55:408,6.11,1.28,2.37
18:31:55:408,6.47,1.05,2.29
18:31:55:499,6.66,0.99,2.29
18:31:55:499,6.98,0.60,2.46
18:31:55:519,6.83,0.46,2.53
18:31:55:553,6.50,0.27,2.62
18:31:55:570,6.39,0.48,2.48
18:31:55:675,5.66,-0.00,2.26
18:31:55:693,5.20,-0.57,2.19
18:31:55:730,4.69,-1.33,1.85
18:31:55:730,4.06,-2.12,1.18
18:31:55:748,3.19,-2.73,0.71
18:31:55:766,2.26,-3.06,0.47
18:31:55:783,1.54,-3.36,0.20
18:31:55:800,1.02,-3.55,-0.46
18:31:55:804,0.04,-4.10,-1.03
18:31:55:804,-0.10,-4.29,-1.15
18:31:55:858,0.45,-4.29,-1.03
18:31:55:877,1.90,-3.99,-1.11
18:31:55:877,3.71,-3.91,-0.71
18:31:55:894,4.97,-3.12,-0.53
18:31:55:929,6.84,-2.76,-0.42
18:31:55:945,8.00,-2.01,-0.70
18:31:55:945,8.00,-1.04,-1.40
18:31:55:945,8.00,-1.34,-1.72
18:31:55:945,8.00,-2.32,-1.26
18:31:55:966,8.00,-3.38,-1.93
18:31:56:35,8.00,-3.37,-2.75
18:31:56:53,8.00,-2.37,-2.29
18:31:56:53,8.00,-0.57,-2.27
18:31:56:88,8.00,0.52,-1.58
18:31:56:104,8.00,1.25,-1.50
18:31:56:106,8.00,0.83,-0.97
18:31:56:139,8.00,0.02,-0.88
18:31:56:139,7.96,2.15,-0.52
18:31:56:157,6.05,3.78,-0.72
18:31:56:278,4.81,6.81,-0.94
18:31:56:297,3.33,6.88,-0.83
18:31:56:297,3.02,6.03,-0.63
18:31:56:314,3.75,3.38,-0.75
18:31:56:332,5.71,1.66,-0.17
18:31:56:332,8.00,1.07,0.12
18:31:56:366,8.00,0.30,-0.33
18:31:56:435,8.00,0.01,0.07
18:31:56:453,8.00,-0.30,0.07
18:31:56:470,8.00,-0.70,-0.80
18:31:56:470,8.00,-1.76,-2.05
18:31:56:506,8.00,-2.18,-2.24
18:31:56:506,8.00,-2.54,-1.74
18:31:56:506,8.00,-3.67,-1.21
18:31:56:522,8.00,-3.87,-1.39
18:31:56:576,8.00,-3.35,-1.24
18:31:56:576,8.00,-2.69,-0.84
18:31:56:593,6.85,-1.81,-0.83
18:31:56:611,5.56,-1.83,-1.45
18:31:56:611,3.86,-2.89,-2.73
18:31:56:629,2.33,-4.16,-4.62
18:31:56:648,1.63,-5.30,-6.59
18:31:56:698,0.77,-6.60,-7.23
18:31:56:700,0.49,-4.04,-5.84
18:31:56:735,0.54,-3.59,-4.79
18:31:56:786,1.66,-4.78,-3.47
18:31:56:804,3.11,-4.42,-2.94
18:31:56:804,6.08,-3.78,-2.71
18:31:56:859,8.00,-2.62,-2.03
18:31:56:876,8.00,-2.38,-0.87
18:31:56:876,8.00,-2.65,0.28
18:31:56:963,8.00,-1.78,-0.31
18:31:56:980,8.00,-1.45,-0.45
18:31:56:997,8.00,-1.66,-0.34
18:31:57:14,8.00,-1.60,-0.15
18:31:57:32,8.00,-0.48,-0.48
18:31:57:32,8.00,0.73,-0.78
18:31:57:84,8.00,0.89,-0.29
18:31:57:138,8.00,0.32,0.26
18:31:57:172,8.00,0.10,0.21
18:31:57:190,7.07,0.21,0.43
18:31:57:207,6.77,0.90,-0.01
18:31:57:242,5.42,3.43,-0.26
18:31:57:242,3.87,4.35,-0.07
18:31:57:295,3.79,4.32,0.06
18:31:57:332,3.69,4.39,-0.83
18:31:57:401,2.98,3.10,-1.07
18:31:57:401,4.08,1.23,-0.19
18:31:57:401,5.83,0.65,-0.30
18:31:57:474,8.00,0.30,-0.60
18:31:57:527,8.00,0.42,-0.49
18:31:57:545,8.00,0.15,0.21
18:31:57:545,8.00,0.09,-0.45
18:31:57:563,8.00,-0.11,-1.37
18:31:57:581,8.00,-0.78,-1.64
18:31:57:581,8.00,-1.95,-0.76
18:31:57:598,8.00,-2.98,-0.33
18:31:57:599,8.00,-3.16,-0.88
18:31:57:666,8.00,-3.34,-0.62
18:31:57:666,8.00,-4.03,-0.28
18:31:57:668,8.00,-3.70,-1.18
18:31:57:685,5.67,-3.10,-1.26
18:31:57:685,4.58,-3.01,-1.79
18:31:57:705,3.51,-4.15,-3.67
18:31:57:705,1.93,-5.41,-4.91
18:31:57:705,0.75,-5.05,-4.75
18:31:57:722,0.20,-4.30,-4.13
18:31:57:741,-0.26,-4.41,-3.87
18:31:57:741,0.21,-5.51,-2.66
18:31:57:758,1.68,-4.60,-2.64
18:31:57:776,3.31,-3.85,-1.96
18:31:57:812,5.14,-3.43,-1.08
18:31:57:828,8.00,-2.96,-0.92
18:31:57:847,8.00,-3.34,-0.23
18:31:57:863,8.00,-2.31,0.52
18:31:57:865,8.00,-1.83,-0.60
18:31:57:918,8.00,-1.82,-0.43
18:31:57:918,8.00,-1.40,-0.70
18:31:58:25,8.00,-1.97,-0.76
18:31:58:61,8.00,-1.70,-0.17
18:31:58:96,8.00,-0.55,-0.40
18:31:58:113,8.00,0.77,-0.51
18:31:58:113,8.00,0.97,0.00
18:31:58:147,8.00,0.26,0.58
18:31:58:200,7.86,-0.17,1.32
18:31:58:215,7.43,2.98,0.81
18:31:58:268,5.33,4.60,0.14
18:31:58:286,4.89,5.78,0.34
18:31:58:304,3.40,5.33,0.85
18:31:58:322,3.13,4.67,0.21
18:31:58:445,3.38,2.94,-0.64
18:31:58:499,4.13,1.04,-0.18
18:31:58:499,6.21,0.54,0.18
18:31:58:499,8.00,-0.35,-0.27
18:31:58:555,8.00,-0.98,0.02
18:31:58:572,8.00,-0.86,0.00
18:31:58:572,8.00,-0.27,-0.44
18:31:58:588,8.00,-0.97,-1.09
18:31:58:607,8.00,-2.23,-1.25
18:31:58:607,8.00,-2.71,-1.12
18:31:58:624,8.00,-3.16,-0.40
18:31:58:640,8.00,-2.80,-0.21
18:31:58:642,8.00,-2.41,0.20
18:31:58:642,8.00,-2.24,0.40
18:31:58:642,8.00,-2.62,0.18
18:31:58:660,6.63,-3.14,-0.35
18:31:58:660,5.21,-3.19,-1.41
18:31:58:677,4.44,-3.34,-4.00
18:31:58:695,2.40,-5.20,-5.81
18:31:58:784,0.85,-6.48,-5.91
18:31:58:784,0.12,-5.18,-5.08
18:31:58:784,0.46,-3.59,-4.83
18:31:58:800,0.67,-4.18,-3.53
18:31:58:818,1.57,-3.37,-2.86
18:31:58:818,3.06,-3.09,-2.00
18:31:58:855,5.47,-2.80,-1.17
18:31:58:927,7.95,-2.61,-0.79
18:31:58:927,8.00,-2.84,-0.27
18:31:58:962,8.00,-2.52,0.65
18:31:58:981,8.00,-1.56,0.25
18:31:58:997,8.00,-1.22,0.35
18:31:59:31,8.00,-0.28,0.33
18:31:59:119,8.00,-0.37,0.08
18:31:59:119,8.00,-0.66,0.67
18:31:59:119,8.00,-0.50,0.85
18:31:59:135,8.00,-0.03,0.18
18:31:59:171,8.00,-0.36,-0.06
18:31:59:171,8.00,-0.34,0.58
18:31:59:187,7.68,-0.19,1.11
18:31:59:205,7.51,0.72,1.08
18:31:59:240,6.43,3.55,0.21
18:31:59:310,4.23,4.16,-0.02
18:31:59:345,3.58,3.71,0.67
18:31:59:379,3.01,4.08,0.08
18:31:59:396,2.89,3.03,-0.99
18:31:59:450,3.82,0.78,-0.29
18:31:59:504,4.74,-0.08,0.82
18:31:59:504,6.50,0.48,-0.06
18:31:59:521,8.00,0.61,-0.16
18:31:59:556,8.00,-0.24,0.65
18:31:59:627,8.00,-0.61,0.46
18:31:59:627,8.00,-0.46,0.04
18:31:59:663,8.00,-0.66,-0.13
18:31:59:680,8.00,-1.56,-0.48
18:31:59:699,8.00,-2.11,-0.41
18:31:59:717,8.00,-2.84,-0.67
18:31:59:734,8.00,-2.93,-0.81
18:31:59:752,8.00,-2.68,0.04
18:31:59:786,7.12,-1.98,0.16
18:31:59:841,5.72,-1.46,0.30
18:31:59:841,4.82,-1.28,0.44
18:31:59:860,3.49,-1.71,-0.05
18:31:59:879,3.07,-2.33,-1.06
18:31:59:913,2.51,-2.41,-2.37
18:31:59:930,1.95,-3.35,-2.67
18:31:59:930,1.18,-3.94,-2.13
18:31:59:930,1.04,-3.14,-1.61
18:32:0:54,1.22,-2.40,-1.49
18:32:0:70,1.56,-3.31,-1.33
18:32:0:70,2.61,-4.74,-0.09
18:32:0:88,2.86,-0.72,0.53
18:32:0:88,3.30,1.78,1.79
18:32:0:104,4.34,3.16,2.68
18:32:0:105,5.41,2.08,1.96
18:32:0:123,5.99,-0.04,1.26
18:32:0:141,6.05,0.04,3.20
18:32:0:194,5.92,2.24,3.51
18:32:0:212,6.17,0.64,2.20
18:32:0:232,7.21,-0.13,1.96
18:32:0:232,6.80,-0.61,2.27
18:32:0:250,6.31,1.26,2.21
18:32:0:268,6.79,1.00,1.82
18:32:0:358,6.15,0.64,2.01
18:32:0:378,5.21,0.40,2.03
18:32:0:412,3.90,-0.07,1.58
18:32:0:431,3.92,-0.58,1.54
18:32:0:483,3.69,-0.58,1.60
18:32:0:501,3.41,-0.94,1.49
18:32:0:551,3.50,-1.07,1.48
18:32:0:585,3.63,-1.18,1.85
18:32:0:604,4.30,-0.39,3.22
18:32:0:604,4.03,0.04,3.14
18:32:0:621,4.40,-0.57,1.46
18:32:0:658,4.11,-0.72,0.61
18:32:0:658,4.04,-1.04,0.65
18:32:0:658,4.03,-1.59,0.59
18:32:0:764,4.12,-0.75,0.36
18:32:0:764,5.04,-0.54,-1.00
18:32:0:781,5.52,-0.19,-1.85
18:32:0:781,4.83,-1.26,-1.29
18:32:0:799,5.16,-1.77,-0.68
18:32:0:816,5.25,-1.82,-0.62
18:32:0:833,4.83,-1.63,-0.93
18:32:0:888,4.47,-1.36,-0.60
18:32:0:888,4.24,-0.96,-0.01
18:32:0:908,3.95,-0.74,0.32
18:32:0:926,4.01,-0.86,0.50
18:32:0:926,3.96,-0.82,0.59
18:32:0:942,3.71,-0.34,0.23
18:32:0:962,3.79,-0.40,0.15
18:32:1:35,3.58,-0.53,0.37
18:32:1:105,3.58,-0.61,0.43
18:32:1:124,3.71,-0.70,0.37
18:32:1:177,3.73,-0.68,0.44
18:32:1:195,3.65,-0.62,0.40
18:32:1:249,3.47,-0.73,0.45
18:32:1:267,3.52,-1.04,0.63
18:32:1:285,3.50,-0.96,0.80
18:32:1:285,3.54,-0.90,0.75
18:32:1:302,3.44,-0.80,0.83
18:32:1:319,3.58,-0.71,0.98
18:32:1:353,3.78,-0.70,0.88
18:32:1:370,4.02,-0.82,0.93
18:32:1:371,4.18,-0.96,0.99
18:32:1:389,4.17,-1.00,0.99
18:32:1:407,4.12,-0.93,1.04
18:32:1:426,3.86,-0.98,1.05
18:32:1:479,3.92,-1.02,0.96
18:32:1:496,4.29,-1.08,1.08
18:32:1:513,4.39,-1.31,1.16
18:32:1:513,4.52,-1.14,1.16
18:32:1:513,4.52,-1.13,1.12
18:32:1:530,4.30,-1.06,1.19
18:32:1:530,4.10,-1.10,1.21
18:32:1:548,3.97,-1.10,1.26
18:32:1:564,3.74,-1.17,1.18
18:32:1:567,3.80,-1.28,1.13
18:32:1:636,3.86,-1.18,1.16
18:32:1:653,3.97,-1.07,1.10
18:32:1:653,4.05,-0.96,1.09
18:32:1:689,4.03,-0.87,1.04
18:32:1:706,3.96,-0.88,0.94
18:32:1:760,3.83,-0.84,0.98
18:32:1:812,3.73,-0.89,0.99
18:32:1:864,3.74,-0.83,0.96
18:32:1:917,3.85,-0.67,0.87
18:32:1:968,3.75,-0.60,0.98
18:32:1:988,3.53,-0.70,1.05
18:32:2:76,3.42,-0.84,1.08
18:32:2:94,3.47,-0.93,1.12
18:32:2:111,3.76,-1.04,1.25
18:32:2:129,3.89,-0.95,1.35
18:32:2:198,3.97,-0.83,1.33
18:32:2:214,3.86,-0.73,1.47
18:32:2:214,3.72,-0.70,1.47
18:32:2:250,3.53,-0.89,1.43
18:32:2:250,3.37,-0.81,1.47
18:32:2:250,3.34,-1.00,1.54
18:32:2:250,3.53,-0.89,1.54
18:32:2:268,3.62,-1.01,1.50
18:32:2:302,3.67,-1.09,1.56
18:32:2:354,3.71,-1.09,1.55
18:32:2:354,3.69,-0.87,1.43
18:32:2:354,3.75,-0.65,1.11
18:32:2:354,3.93,-0.80,1.05
18:32:2:370,3.85,-0.96,1.00
18:32:2:373,3.62,-1.16,0.94
18:32:2:391,3.54,-1.39,0.81
18:32:2:391,3.53,-1.44,0.81
18:32:2:408,3.75,-1.33,0.79
18:32:2:444,3.84,-1.09,0.79
18:32:2:463,4.03,-1.02,0.73
18:32:2:481,3.95,-1.07,0.79
18:32:2:570,3.87,-1.21,0.84
18:32:2:586,3.72,-1.19,0.82
18:32:2:623,3.76,-1.28,0.85
18:32:2:712,3.82,-1.27,0.93
18:32:2:747,3.79,-1.08,0.94
18:32:2:747,3.82,-0.94,0.96
18:32:2:764,3.88,-1.08,0.99
18:32:2:783,3.85,-1.23,1.01
18:32:2:817,3.85,-1.24,0.98
18:32:2:872,3.77,-1.25,0.97
18:32:2:890,3.72,-1.34,1.08
18:32:2:942,3.71,-1.21,1.20
18:32:2:942,3.79,-1.01,1.36
18:32:2:942,3.84,-1.40,1.35
18:32:2:961,3.76,-1.80,1.07
18:32:3:71,3.78,-1.56,0.89
18:32:3:71,3.73,-1.36,0.88
18:32:3:71,3.80,-1.16,0.83
18:32:3:89,3.79,-1.09,0.83
18:32:3:107,3.82,-1.17,0.76
18:32:3:124,3.74,-1.30,0.73
18:32:3:124,3.71,-1.26,0.71
18:32:3:159,3.75,-1.25,0.72
18:32:3:177,3.80,-1.40,0.72
18:32:3:232,3.78,-1.22,0.77
18:32:3:281,3.80,-1.20,0.82
18:32:3:283,3.78,-1.00,0.95
18:32:3:336,3.74,-1.04,0.99
18:32:3:385,3.82,-1.03,1.01
18:32:3:437,3.74,-1.12,0.94
18:32:3:455,3.75,-1.14,0.92
18:32:3:471,3.74,-1.22,0.87
18:32:3:489,3.76,-1.30,0.86
18:32:3:489,3.75,-1.25,0.83
18:32:3:507,3.78,-1.22,0.82
18:32:3:524,3.77,-1.24,0.89
18:32:3:610,3.78,-1.30,0.86
18:32:3:627,3.77,-1.27,0.85
18:32:3:645,3.75,-1.25,0.89
18:32:3:715,3.79,-1.27,0.90
18:32:3:715,3.73,-1.33,0.89
18:32:3:787,3.80,-1.33,0.82
18:32:3:787,3.76,-1.31,0.88
18:32:3:878,3.74,-1.37,0.84
18:32:3:878,3.75,-1.37,0.82
18:32:3:878,3.77,-1.28,0.89
18:32:3:878,3.77,-1.25,0.88
18:32:3:878,3.75,-1.29,0.88
18:32:3:896,3.73,-1.24,0.85
18:32:3:965,3.78,-1.28,0.93
18:32:3:999,3.75,-1.32,0.82
18:32:4:35,3.77,-1.28,0.85
18:32:4:35,3.79,-1.25,0.86
18:32:4:51,3.79,-1.19,0.89
18:32:4:69,3.77,-1.21,0.89
18:32:4:69,3.77,-1.16,0.89
18:32:4:139,3.78,-1.17,0.88
18:32:4:174,3.76,-1.18,0.86
18:32:4:222,3.76,-1.23,0.87
18:32:4:222,3.77,-1.19,0.87
18:32:4:222,3.77,-1.19,0.87
18:32:4:222,3.76,-1.21,0.92
18:32:4:222,3.77,-1.20,0.89
18:32:4:239,3.77,-1.23,0.91
18:32:4:239,3.77,-1.20,0.88
18:32:4:239,3.76,-1.20,0.88
18:32:4:257,3.75,-1.21,0.84
18:32:4:309,3.76,-1.27,0.86
18:32:4:364,3.76,-1.29,0.85
18:32:4:385,3.71,-1.25,0.91
18:32:4:385,3.73,-1.23,0.90
18:32:4:385,3.73,-1.29,0.82
18:32:4:403,3.71,-1.40,0.82
18:32:4:403,3.74,-1.35,0.79
18:32:4:420,3.72,-1.28,0.86
18:32:4:544,3.77,-1.21,0.83
18:32:4:580,3.76,-1.28,0.87
18:32:4:580,3.75,-1.29,0.83
18:32:4:580,3.79,-1.28,0.90
18:32:4:614,3.84,-1.26,0.92
18:32:4:632,3.86,-1.25,0.90
18:32:4:721,3.86,-1.15,0.84
18:32:4:738,3.77,-0.93,0.79
18:32:4:790,3.95,-0.77,0.89
18:32:4:790,3.96,-0.57,0.97
18:32:4:914,3.86,-0.38,0.97
18:32:4:932,3.86,-0.17,1.21
18:32:4:932,3.93,-0.18,1.31
18:32:4:932,4.12,-0.18,1.33
18:32:4:967,4.40,-0.23,1.40
18:32:4:967,4.28,-0.14,1.70
18:32:5:53,4.21,0.14,1.65
18:32:5:70,4.50,0.65,1.83
18:32:5:70,4.97,0.72,2.07
18:32:5:70,5.21,0.86,2.25
18:32:5:103,5.05,1.01,2.21
18:32:5:104,5.10,0.84,2.44
18:32:5:104,5.09,0.62,2.54
18:32:5:104,5.15,0.72,2.54
18:32:5:139,5.10,0.71,2.53
18:32:5:139,5.35,0.55,2.51
18:32:5:139,5.50,0.25,2.60
18:32:5:174,5.53,0.12,2.50
18:32:5:193,5.28,0.15,2.39
18:32:5:263,4.83,-0.08,2.51
18:32:5:301,4.50,-0.35,2.45
18:32:5:301,4.04,-0.65,2.10
18:32:5:318,3.64,-1.08,2.05
18:32:5:318,3.16,-1.26,1.78
18:32:5:318,2.44,-1.36,1.27
18:32:5:318,2.18,-1.97,0.97
18:32:5:336,2.04,-2.34,0.60
18:32:5:336,1.40,-2.48,-0.37
18:32:5:370,0.90,-3.48,-0.54
18:32:5:387,0.87,-3.17,-0.56
18:32:5:457,1.52,-2.77,-1.10
18:32:5:492,2.28,-2.44,-0.88
18:32:5:492,3.22,-2.06,-0.96
18:32:5:525,4.34,-2.23,-1.00
18:32:5:578,5.43,-2.65,-1.02
18:32:5:631,7.50,-2.92,-0.82
18:32:5:631,8.00,-2.69,-1.02
18:32:5:631,8.00,-3.05,-1.02
18:32:5:649,8.00,-4.15,-1.10
18:32:5:649,8.00,-5.21,-1.34
18:32:5:667,8.00,-4.30,-1.70
18:32:5:667,8.00,-2.99,-1.51
18:32:5:685,8.00,-1.58,-1.09
18:32:5:737,8.00,-0.52,-0.94
18:32:5:755,8.00,0.50,-1.30
18:32:5:772,8.00,0.40,-1.14
18:32:5:772,7.91,-0.52,-0.70
18:32:5:791,7.34,1.47,-0.77
18:32:5:808,5.67,4.67,-1.40
18:32:5:828,5.42,5.84,-1.45
18:32:5:845,4.63,6.42,-0.97
18:32:5:845,4.42,5.53,-0.98
18:32:5:863,4.33,2.98,-1.05
18:32:5:863,5.53,0.79,-0.29
18:32:5:863,7.50,0.68,-0.10
18:32:5:880,8.00,0.39,-0.36
18:32:5:880,8.00,0.69,0.27
18:32:5:951,8.00,0.39,0.02
18:32:6:4,8.00,-0.54,-1.05
18:32:6:22,8.00,-0.34,-2.43
18:32:6:22,8.00,-1.50,-2.24
18:32:6:39,8.00,-2.49,-2.16
18:32:6:39,8.00,-3.73,-1.44
18:32:6:56,8.00,-3.51,-1.99
18:32:6:142,8.00,-2.45,-1.62
18:32:6:159,8.00,-1.92,-1.25
18:32:6:159,6.93,-1.69,-1.61
18:32:6:177,5.11,-2.18,-1.85
18:32:6:196,3.01,-2.57,-2.55
18:32:6:196,2.02,-3.62,-4.17
18:32:6:213,1.58,-4.69,-5.19
18:32:6:268,0.93,-5.38,-6.20
18:32:6:303,0.21,-4.38,-5.66
18:32:6:303,1.07,-3.79,-4.52
18:32:6:321,1.07,-4.54,-3.23
18:32:6:374,2.31,-4.33,-2.10
18:32:6:391,3.66,-4.12,-1.67
18:32:6:408,6.78,-4.12,-1.15
18:32:6:425,8.00,-2.33,-0.71
18:32:6:446,8.00,-2.26,-0.35
18:32:6:498,8.00,-1.70,0.53
18:32:6:551,8.00,-0.67,-0.53
18:32:6:568,8.00,-1.61,-1.06
18:32:6:568,8.00,-2.60,-0.07
18:32:6:692,8.00,-2.30,-0.44
18:32:6:710,8.00,-1.13,-0.98
18:32:6:728,8.00,-0.15,-0.37
18:32:6:764,8.00,-0.36,0.03
18:32:6:784,8.00,0.06,-0.22
18:32:6:784,8.00,0.06,0.08
18:32:6:818,8.00,0.71,0.51
18:32:6:837,7.32,3.31,0.32
18:32:6:855,5.97,4.77,0.12
18:32:6:872,4.68,5.26,0.38
18:32:6:890,3.91,5.03,-0.08
18:32:6:906,3.17,3.42,-0.64
18:32:6:907,4.64,1.15,0.11
18:32:6:907,6.37,0.70,0.30
18:32:6:907,8.00,-0.06,0.21
18:32:6:926,8.00,0.16,0.54
18:32:6:926,8.00,0.15,0.66
18:32:6:943,8.00,-0.90,-0.31
18:32:6:943,8.00,-1.63,-1.13
18:32:7:14,8.00,-1.93,-1.38
18:32:7:33,8.00,-2.35,-1.14
18:32:7:33,8.00,-3.54,-0.52
18:32:7:50,8.00,-3.78,-1.02
18:32:7:68,8.00,-3.49,-1.25
18:32:7:68,8.00,-3.76,-0.69
18:32:7:85,7.61,-3.79,-0.74
18:32:7:103,5.17,-3.25,-1.49
18:32:7:122,3.76,-3.05,-2.56
18:32:7:139,2.36,-4.05,-4.10
18:32:7:175,0.98,-5.24,-5.29
18:32:7:193,0.47,-5.25,-5.29
18:32:7:229,0.57,-4.56,-5.30
18:32:7:336,0.83,-5.10,-4.72
18:32:7:370,1.00,-5.52,-3.39
18:32:7:441,2.94,-4.00,-3.18
18:32:7:477,5.42,-3.10,-2.27
18:32:7:495,8.00,-2.59,-1.08
18:32:7:495,8.00,-2.19,-0.09
18:32:7:584,8.00,-3.00,-0.00
18:32:7:618,8.00,-2.76,-0.19
18:32:7:619,8.00,-1.75,-0.93
18:32:7:637,8.00,-0.53,-0.57
18:32:7:671,8.00,-0.43,-0.18
18:32:7:672,8.00,-1.23,-0.04
18:32:7:672,8.00,-1.19,0.21
18:32:7:690,8.00,0.16,-0.44
18:32:7:690,8.00,1.16,-0.20
18:32:7:744,8.00,0.84,0.90
18:32:7:765,8.00,1.43,1.02
18:32:7:765,7.01,2.52,-0.16
18:32:7:782,5.23,4.70,-0.02
18:32:7:799,3.65,5.51,-0.05
18:32:7:799,2.92,5.12,0.23
18:32:7:817,2.69,4.48,-0.22
18:32:7:817,2.62,3.13,-1.26
18:32:7:835,3.72,1.01,-0.20
18:32:7:852,5.89,0.12,0.38
18:32:7:942,8.00,-0.26,-0.21
18:32:7:959,8.00,-1.17,-0.09
18:32:7:959,8.00,-1.70,0.60
18:32:8:10,8.00,-1.34,-0.55
18:32:8:29,8.00,-1.57,-1.74
18:32:8:29,8.00,-2.92,-0.63
18:32:8:48,8.00,-4.12,-0.12
18:32:8:101,8.00,-4.23,-0.58
18:32:8:119,8.00,-3.50,-0.61
18:32:8:135,8.00,-2.84,-0.05
18:32:8:137,8.00,-2.99,0.37
18:32:8:155,7.26,-3.29,0.18
18:32:8:156,4.85,-3.60,-0.86
18:32:8:190,3.37,-3.58,-1.18
18:32:8:226,2.51,-3.21,-2.22
18:32:8:243,1.34,-4.05,-3.54
18:32:8:279,1.01,-5.29,-3.98
18:32:8:279,0.73,-5.26,-4.29
18:32:8:299,0.14,-5.69,-3.14
18:32:8:300,1.91,-4.97,-2.41
18:32:8:317,3.16,-2.75,-1.97
18:32:8:335,5.01,-2.04,-0.53
18:32:8:353,6.60,-1.84,0.21
18:32:8:353,7.51,-2.21,0.04
18:32:8:371,8.00,-2.44,0.47
18:32:8:386,8.00,-2.34,0.20
18:32:8:388,8.00,-1.57,-0.11
18:32:8:438,8.00,-1.05,0.16
18:32:8:474,8.00,-0.92,0.03
18:32:8:491,8.00,-1.05,-0.10
18:32:8:510,8.00,-1.05,0.53
18:32:8:512,8.00,-0.28,0.34
18:32:8:530,8.00,0.27,-0.00
18:32:8:547,8.00,-0.22,0.55
18:32:8:565,7.44,-0.56,0.86
18:32:8:654,6.84,-0.49,1.07
18:32:8:672,6.16,0.37,1.50
18:32:8:672,5.65,2.24,1.20
18:32:8:705,4.72,4.00,1.10
18:32:8:725,3.07,4.20,0.60
18:32:8:725,2.84,2.88,0.38
18:32:8:742,2.84,0.69,0.58
18:32:8:778,3.96,-0.23,0.69
18:32:8:797,5.37,0.35,0.06
18:32:8:815,7.22,0.14,0.51
18:32:8:849,8.00,-0.26,1.05
18:32:8:866,8.00,-0.63,0.93
18:32:8:866,8.00,-1.19,0.88
18:32:8:903,8.00,-1.62,0.68
18:32:8:903,8.00,-1.93,0.15
18:32:8:922,8.00,-2.47,0.26
18:32:8:939,8.00,-3.25,0.56
18:32:8:991,8.00,-3.02,0.26
18:32:9:11,7.31,-1.99,0.49
18:32:9:11,6.65,-1.28,0.91
18:32:9:45,6.46,-1.76,1.24
18:32:9:63,5.24,-2.10,0.81
18:32:9:119,4.20,-2.05,0.47
18:32:9:137,3.44,-2.20,0.39
18:32:9:189,2.53,-2.23,-0.10
18:32:9:208,2.05,-2.81,-0.70
18:32:9:208,1.59,-3.44,-1.27
18:32:9:226,1.27,-3.53,-1.58
18:32:9:226,1.55,-3.70,-1.49
18:32:9:243,1.88,-5.09,-0.45
18:32:9:261,2.43,-3.31,-0.63
18:32:9:295,3.38,-2.09,-0.31
18:32:9:367,4.30,-1.31,0.82
18:32:9:367,4.97,-1.13,1.01
18:32:9:385,5.59,-1.14,1.02
18:32:9:385,6.18,-1.06,1.27
18:32:9:422,6.14,-1.17,0.96
18:32:9:441,6.32,-1.20,0.95
18:32:9:476,8.00,-1.09,1.02
18:32:9:529,7.81,0.02,0.35
18:32:9:545,7.38,-0.25,0.50
18:32:9:548,7.23,-0.91,0.78
18:32:9:600,7.79,-1.44,0.87
18:32:9:619,8.00,-1.03,0.27
18:32:9:619,7.40,-0.77,0.02
18:32:9:654,6.85,-0.89,0.45
18:32:9:689,6.51,-0.85,0.54
18:32:9:743,6.32,-0.73,0.51
18:32:9:743,5.83,-0.51,0.66
18:32:9:761,5.29,-0.35,0.90
18:32:9:779,4.64,-0.21,1.06
18:32:9:779,4.02,-0.15,1.42
18:32:9:814,3.75,0.53,1.00
18:32:9:939,3.47,1.03,0.56
18:32:9:956,2.78,0.31,1.48
18:32:9:974,2.27,-0.88,2.12
18:32:10:9,1.98,-1.22,1.68
18:32:10:44,2.31,-0.70,1.32
18:32:10:113,3.11,-0.70,1.31
18:32:10:131,3.44,-0.73,1.37
18:32:10:159,3.76,-0.86,1.19
18:32:10:159,3.89,-1.32,0.94
18:32:10:159,4.25,-2.01,1.02
18:32:10:232,4.50,-2.54,1.07
18:32:10:267,4.60,-2.75,1.08
18:32:10:267,4.80,-2.81,1.29
18:32:10:285,5.01,-2.91,1.42
18:32:10:285,4.73,-2.20,1.16
18:32:10:303,4.49,-1.86,0.90
18:32:10:321,4.45,-1.65,1.22
18:32:10:340,4.67,-1.40,1.70
18:32:10:358,4.33,-1.08,1.64
18:32:10:375,4.14,-0.98,1.60
18:32:10:375,3.85,-1.23,1.76
18:32:10:448,3.61,-1.11,1.34
18:32:10:466,3.20,-1.04,1.32
18:32:10:466,3.23,-1.25,1.49
18:32:10:483,3.32,-1.26,1.44
18:32:10:483,3.42,-0.98,1.50
18:32:10:500,3.52,-0.68,1.48
18:32:10:500,3.62,-0.46,1.45
18:32:10:558,4.02,-0.68,1.32
18:32:10:593,4.29,-0.99,1.61
18:32:10:611,4.11,-1.16,1.67
18:32:10:667,4.09,-0.61,1.12
18:32:10:685,4.20,-0.00,0.71
18:32:10:685,4.33,0.08,0.56
18:32:10:703,4.44,-0.18,0.32
18:32:10:738,4.40,-0.42,-0.00
18:32:10:738,4.07,-0.87,-0.21
18:32:10:738,3.95,-1.32,-0.21
18:32:10:800,3.97,-1.51,-0.38
18:32:10:819,4.04,-1.04,-0.45
18:32:10:819,4.11,-0.68,-0.39
18:32:10:819,4.09,-0.69,-0.31
18:32:10:836,4.14,-0.79,-0.38
18:32:10:854,4.19,-0.89,-0.38
18:32:10:872,4.22,-0.76,-0.40
18:32:10:907,4.37,-0.63,-0.42
18:32:10:997,4.38,-0.51,-0.33
18:32:10:997,4.48,-0.34,-0.38
18:32:11:15,4.47,-0.16,-0.28
18:32:11:35,4.29,-0.05,-0.19
18:32:11:70,4.22,-0.01,-0.17
18:32:11:70,4.36,-0.10,-0.17
18:32:11:104,4.46,0.01,-0.21
18:32:11:195,4.27,0.02,-0.08
18:32:11:229,4.26,-0.07,0.02
18:32:11:264,4.26,-0.14,0.07
18:32:11:298,4.28,-0.14,0.12
18:32:11:369,3.99,-0.02,0.23
18:32:11:424,3.96,-0.29,0.38
18:32:11:515,3.93,-0.55,0.51
18:32:11:548,4.13,-0.77,0.62
18:32:11:550,4.22,-0.75,0.82
18:32:11:568,4.18,-0.58,0.95
18:32:11:585,4.02,-0.38,0.99
18:32:11:604,4.02,-0.08,1.04
18:32:11:622,4.10,0.03,1.24
18:32:11:639,4.05,-0.00,1.21
18:32:11:673,3.78,-0.31,1.08
18:32:11:691,3.64,-0.65,1.02
18:32:11:708,3.54,-0.71,0.96
18:32:11:724,3.56,-0.84,0.97
18:32:11:760,3.60,-0.83,0.99
18:32:11:760,3.70,-0.85,0.99
18:32:11:778,3.59,-0.86,1.01
18:32:11:795,3.59,-0.72,0.92
18:32:11:918,3.60,-0.82,0.95
18:32:11:970,3.66,-0.97,1.02
18:32:11:988,3.69,-0.97,1.06
18:32:12:6,3.90,-1.00,1.01
18:32:12:60,4.15,-1.01,1.04
18:32:12:79,4.04,-1.00,1.01
18:32:12:96,3.88,-1.00,0.88
18:32:12:96,3.72,-1.00,0.72
18:32:12:114,3.70,-1.00,0.67
18:32:12:133,3.73,-1.06,0.73
18:32:12:150,3.89,-1.18,0.82
18:32:12:184,4.11,-1.21,0.73
18:32:12:238,4.17,-1.17,0.56
18:32:12:238,4.04,-1.18,0.61
18:32:12:254,3.88,-1.21,0.68
18:32:12:254,3.84,-1.17,0.60
18:32:12:273,3.73,-1.21,0.67
18:32:12:291,3.56,-1.29,0.80
18:32:12:308,3.53,-1.32,0.93
18:32:12:326,3.54,-1.37,0.96
18:32:12:347,3.75,-1.36,0.94
18:32:12:364,3.81,-1.36,1.00
18:32:12:364,3.86,-1.35,1.03
18:32:12:485,3.80,-1.22,1.06
18:32:12:501,3.74,-1.13,1.06
18:32:12:519,3.78,-1.30,1.08
18:32:12:519,3.68,-1.37,1.12
18:32:12:537,3.58,-1.38,1.17
18:32:12:537,3.55,-1.16,1.19
18:32:12:622,3.62,-1.10,1.26
18:32:12:657,3.73,-1.28,1.21
18:32:12:657,3.84,-1.39,1.08
18:32:12:674,3.82,-1.26,0.99
18:32:12:674,3.80,-1.18,0.91
18:32:12:710,3.79,-1.15,0.89
18:32:12:727,3.73,-1.14,0.85
18:32:12:727,3.80,-1.20,0.82
18:32:12:780,3.80,-1.21,0.86
18:32:12:816,3.82,-1.21,0.91
18:32:12:853,3.82,-1.23,1.02
18:32:12:870,3.78,-1.18,1.06
18:32:12:888,3.76,-1.24,1.04
18:32:12:906,3.76,-1.21,1.09
18:32:12:906,3.71,-1.19,1.02
18:32:12:977,3.69,-1.30,1.01
18:32:13:12,3.77,-1.31,0.93
18:32:13:29,3.80,-1.29,0.94
18:32:13:45,3.74,-1.27,0.92
18:32:13:79,3.75,-1.27,0.93
18:32:13:79,3.71,-1.20,0.97
18:32:13:135,3.72,-1.16,0.93
18:32:13:135,3.73,-1.17,0.99
18:32:13:171,3.75,-1.14,0.96
18:32:13:171,3.77,-1.09,0.96
18:32:13:188,3.77,-1.14,0.96
18:32:13:307,3.76,-1.21,0.95
18:32:13:307,3.78,-1.19,0.89
18:32:13:324,3.74,-1.14,0.94
18:32:13:356,3.75,-1.16,0.97
18:32:13:373,3.77,-1.19,0.95
18:32:13:410,3.75,-1.24,0.93
18:32:13:429,3.74,-1.23,0.93
18:32:13:429,3.75,-1.18,0.94
18:32:13:517,3.75,-1.18,0.94
18:32:13:517,3.76,-1.21,0.90
18:32:13:534,3.78,-1.25,0.91
18:32:13:550,3.75,-1.22,0.92
18:32:13:552,3.76,-1.21,0.94
18:32:13:552,3.76,-1.19,0.91
18:32:13:571,3.76,-1.18,0.91
18:32:13:588,3.73,-1.24,0.94
18:32:13:588,3.78,-1.25,0.93
18:32:13:606,3.77,-1.18,0.95
18:32:13:606,3.80,-1.21,0.92
18:32:13:673,3.77,-1.28,0.90
18:32:13:673,3.75,-1.32,0.87
18:32:13:726,3.75,-1.26,0.90
18:32:13:778,3.76,-1.28,0.93
18:32:13:797,3.77,-1.26,0.92
18:32:13:798,3.76,-1.27,0.89
18:32:13:798,3.77,-1.22,0.93
18:32:13:850,3.78,-1.22,0.92
18:32:13:885,3.76,-1.22,0.91
18:32:13:902,3.75,-1.18,0.92
18:32:13:903,3.79,-1.20,0.91
18:32:13:953,3.78,-1.22,0.90
18:32:13:953,3.74,-1.23,0.90
18:32:13:971,3.79,-1.18,0.92
18:32:14:62,3.80,-1.19,0.89
18:32:14:62,3.77,-1.17,0.88
18:32:14:96,3.73,-1.17,0.87
18:32:14:202,3.72,-1.14,0.86
18:32:14:219,3.74,-1.09,0.88
18:32:14:235,3.77,-1.14,0.89
18:32:14:270,3.80,-1.13,0.92
18:32:14:302,3.79,-1.14,0.91
18:32:14:322,3.78,-1.15,0.93
18:32:14:409,3.78,-1.18,0.91
18:32:14:427,3.75,-1.23,0.90
18:32:14:427,3.78,-1.25,0.91
18:32:14:444,3.78,-1.26,0.90
18:32:14:478,3.79,-1.29,0.94
18:32:14:497,3.77,-1.24,0.96
18:32:14:497,3.75,-1.25,0.91
18:32:14:529,3.77,-1.24,0.92
18:32:14:547,3.76,-1.23,0.91
18:32:14:547,3.89,-1.18,0.89
18:32:14:581,3.87,-0.98,0.88
18:32:14:581,3.83,-0.86,0.89
18:32:14:631,3.79,-0.87,0.91
18:32:14:648,3.80,-0.60,1.02
18:32:14:665,3.93,-0.31,1.04
18:32:14:665,4.02,-0.09,1.19
18:32:14:682,3.91,0.14,1.30
18:32:14:700,3.74,0.25,1.46
18:32:14:770,3.93,0.47,1.58
18:32:14:770,4.49,0.50,1.73
18:32:14:788,4.96,0.61,2.10
18:32:14:788,5.14,0.66,2.23
18:32:14:806,5.00,0.94,2.29
18:32:14:843,5.33,1.14,2.35
18:32:14:843,5.06,0.94,2.53
18:32:14:860,5.21,0.84,2.62
18:32:14:878,5.38,0.62,2.58
18:32:14:931,5.63,0.63,2.55
18:32:14:931,5.83,0.53,2.70
18:32:14:931,5.66,0.41,2.82
18:32:14:950,5.45,0.52,2.73
18:32:14:967,5.50,0.22,2.71
18:32:14:985,5.32,-0.25,2.64
18:32:15:37,4.63,-0.46,2.32
18:32:15:54,4.33,-0.81,2.08
18:32:15:54,3.74,-1.21,1.92
18:32:15:54,3.52,-1.74,1.13
18:32:15:90,2.75,-2.26,0.35
18:32:15:176,2.26,-3.12,0.10
18:32:15:176,1.88,-3.66,-0.32
18:32:15:192,0.36,-4.10,-0.76
18:32:15:208,0.49,-3.03,-0.93
18:32:15:224,1.26,-3.03,-1.45
18:32:15:224,2.45,-3.01,-1.37
18:32:15:241,4.16,-3.51,-1.26
18:32:15:329,5.43,-2.87,-1.70
18:32:15:329,6.62,-2.23,-1.31
18:32:15:397,8.00,-2.14,-0.94
18:32:15:485,8.00,-2.33,-0.88
18:32:15:485,8.00,-2.07,-1.26
18:32:15:502,8.00,-1.68,-1.85
18:32:15:519,8.00,-3.11,-2.08
18:32:15:554,8.00,-3.71,-2.07
18:32:15:554,8.00,-2.24,-2.73
18:32:15:571,8.00,0.23,-2.47
18:32:15:588,8.00,0.89,-1.16
18:32:15:606,8.00,0.40,-0.91
18:32:15:607,8.00,0.13,-0.82
18:32:15:728,7.96,-0.01,-0.67
18:32:15:763,6.50,0.60,-0.23
18:32:15:764,5.06,3.13,-0.80
18:32:15:764,3.80,4.67,-1.06
18:32:15:780,3.20,5.64,-0.86
18:32:15:780,3.04,4.89,-0.40
18:32:15:780,3.20,3.79,-0.43
18:32:15:833,4.27,2.07,-0.15
18:32:15:850,6.05,1.21,0.29
18:32:15:866,8.00,1.02,-0.13
18:32:15:901,8.00,0.64,-0.03
18:32:15:918,8.00,0.58,0.33
18:32:15:936,8.00,0.28,-0.04
18:32:15:937,8.00,0.16,-2.03
18:32:15:989,8.00,0.24,-3.15
18:32:16:41,8.00,-1.28,-2.47
18:32:16:41,8.00,-2.80,-2.28
18:32:16:41,8.00,-3.32,-2.44
18:32:16:41,8.00,-3.99,-2.15
18:32:16:75,8.00,-2.97,-2.44
18:32:16:76,7.87,-2.38,-1.73
18:32:16:145,7.25,-1.92,-1.47
18:32:16:234,4.90,-2.53,-2.20
18:32:16:234,3.51,-2.97,-3.68
18:32:16:286,1.72,-4.31,-5.46
18:32:16:340,0.70,-5.83,-6.39
18:32:16:374,0.62,-6.22,-6.79
18:32:16:391,0.69,-3.63,-5.73
18:32:16:409,1.64,-3.29,-4.93
18:32:16:409,1.69,-4.48,-4.07
18:32:16:409,2.51,-5.23,-2.85
18:32:16:461,4.61,-4.54,-2.54
18:32:16:478,8.00,-3.48,-2.02
18:32:16:478,8.00,-2.76,-1.19
18:32:16:496,8.00,-2.35,0.04
18:32:16:496,8.00,-0.44,-0.77
18:32:16:496,8.00,-0.43,-1.35
18:32:16:546,8.00,-0.67,-0.45
18:32:16:583,8.00,-2.24,-1.00
18:32:16:583,8.00,-2.50,-1.37
18:32:16:583,8.00,-2.24,-1.77
18:32:16:600,8.00,-0.12,-1.57
18:32:16:600,8.00,1.10,-0.81
18:32:16:600,8.00,1.72,-0.67
18:32:16:619,8.00,1.38,-0.28
18:32:16:655,6.94,1.03,-0.23
18:32:16:655,5.39,1.93,-0.61
18:32:16:673,4.12,2.79,-1.01
18:32:16:744,3.20,4.48,-1.16
18:32:16:763,2.38,5.23,-0.57
18:32:16:763,2.79,5.12,-0.59
18:32:16:780,3.20,3.30,-1.24
18:32:16:831,4.49,0.88,-0.37
18:32:16:866,6.00,0.32,-0.13
18:32:16:884,8.00,0.18,-0.56
18:32:16:920,8.00,-0.26,-0.31
18:32:16:954,8.00,-0.78,0.31
18:32:16:955,8.00,-1.10,-0.23
18:32:16:990,8.00,-0.87,-2.64
18:32:17:24,8.00,-1.47,-3.21
18:32:17:41,8.00,-2.66,-2.75
18:32:17:42,8.00,-4.56,-1.03
18:32:17:111,8.00,-4.97,-1.29
18:32:17:111,8.00,-3.11,-0.85
18:32:17:128,8.00,-2.73,0.29
18:32:17:145,8.00,-2.90,0.61
18:32:17:145,6.22,-2.81,-0.41
18:32:17:163,5.09,-3.07,-0.91
18:32:17:179,3.88,-3.13,-3.06
18:32:17:200,1.64,-4.45,-5.26
18:32:17:217,0.80,-5.68,-4.77
18:32:17:285,0.95,-5.08,-5.53
18:32:17:340,0.65,-3.99,-5.14
18:32:17:357,0.42,-4.44,-4.12
18:32:17:357,1.12,-4.65,-3.00
18:32:17:357,2.18,-3.84,-2.55
18:32:17:375,4.85,-3.08,-1.90
18:32:17:375,7.87,-2.62,-1.40
18:32:17:393,8.00,-3.08,-0.48
18:32:17:410,8.00,-3.28,-0.06
18:32:17:428,8.00,-2.61,-0.70
18:32:17:484,8.00,-0.88,-1.46
18:32:17:484,8.00,-0.87,-0.75
18:32:17:501,8.00,-2.33,-0.14
18:32:17:519,8.00,-2.95,-0.64
18:32:17:519,8.00,-1.22,-1.58
18:32:17:537,8.00,0.71,-1.11
18:32:17:555,8.00,1.38,0.17
18:32:17:555,8.00,1.16,0.80
18:32:17:573,8.00,0.57,0.49
18:32:17:607,8.00,1.38,0.02
18:32:17:642,6.57,2.64,-0.00
18:32:17:677,4.40,5.41,-0.68
18:32:17:727,2.91,5.49,-0.56
18:32:17:744,2.42,4.47,-0.21
18:32:17:744,2.14,3.87,-0.83
18:32:17:797,3.06,2.67,-0.57
18:32:17:830,4.53,1.07,0.20
18:32:17:848,6.84,0.16,0.28
18:32:17:848,8.00,-0.12,-0.20
18:32:17:866,8.00,0.25,-0.80
18:32:17:883,8.00,-0.02,-0.08
18:32:17:899,8.00,-0.65,-1.23
18:32:17:901,8.00,-0.42,-2.66
18:32:17:919,8.00,-0.67,-1.80
18:32:17:919,8.00,-1.56,-1.51
18:32:17:938,8.00,-2.73,-1.55
18:32:17:990,8.00,-4.99,-0.95
18:32:18:43,8.00,-5.43,-0.73
18:32:18:77,8.00,-4.25,-0.99
18:32:18:77,6.65,-2.52,-0.82
18:32:18:95,5.52,-2.23,-0.83
18:32:18:95,3.76,-3.28,-2.62
18:32:18:131,2.23,-4.72,-5.25
18:32:18:203,0.67,-6.13,-5.48
18:32:18:220,0.38,-5.06,-5.14
18:32:18:220,-0.06,-3.35,-4.43
18:32:18:253,0.62,-3.13,-3.79
18:32:18:253,0.63,-4.64,-3.60
18:32:18:270,1.53,-5.47,-2.63
18:32:18:287,3.29,-4.08,-2.13
18:32:18:289,6.33,-3.11,-1.64
18:32:18:306,8.00,-2.39,-0.66
18:32:18:306,8.00,-2.97,-0.10
18:32:18:376,8.00,-3.49,0.20
18:32:18:393,8.00,-1.97,-1.13
18:32:18:410,8.00,-0.56,-1.53
18:32:18:446,8.00,-1.58,-0.47
18:32:18:483,8.00,-2.41,-0.35
18:32:18:534,8.00,-1.28,-1.42
18:32:18:551,8.00,0.80,-1.08
18:32:18:568,8.00,2.07,-0.57
18:32:18:585,8.00,2.01,-0.16
18:32:18:620,8.00,1.08,0.12
18:32:18:638,8.00,1.05,-0.09
18:32:18:655,7.04,3.14,-0.45
18:32:18:707,5.37,4.58,-0.52
18:32:18:740,3.25,7.70,-0.58
18:32:18:773,1.45,7.18,-0.34
18:32:18:807,1.68,5.82,-0.04
18:32:18:859,2.71,3.95,-0.50
18:32:18:911,3.81,1.73,-0.72
18:32:18:912,6.02,0.52,0.06
18:32:18:912,8.00,-0.42,0.60
18:32:18:929,8.00,-0.86,-0.32
18:32:18:947,8.00,-0.68,-0.70
18:32:18:981,8.00,-0.67,0.40
18:32:18:999,8.00,-1.01,-1.13
18:32:19:0,8.00,-1.61,-2.60
18:32:19:17,8.00,-2.49,-2.09
18:32:19:53,8.00,-2.88,-1.27
18:32:19:70,8.00,-2.43,-1.26
18:32:19:106,8.00,-1.76,-1.27
18:32:19:106,8.00,-1.88,-0.90
18:32:19:106,8.00,-2.25,-1.13
18:32:19:123,6.46,-2.67,-1.40
18:32:19:143,5.45,-2.02,-2.15
18:32:19:160,3.66,-2.08,-2.66
18:32:19:160,2.91,-3.05,-3.17
18:32:19:194,1.49,-3.75,-4.20
18:32:19:194,0.92,-4.73,-3.93
18:32:19:194,0.63,-3.57,-3.45
18:32:19:263,0.67,-2.71,-3.27
18:32:19:280,-0.07,-3.94,-3.28
18:32:19:297,2.11,-5.37,-0.95
18:32:19:315,2.38,-2.89,-0.14
18:32:19:333,3.33,-1.42,0.87
18:32:19:384,5.21,-0.83,1.48
18:32:19:419,6.11,-1.54,1.32
18:32:19:489,7.88,-1.82,1.42
18:32:19:489,8.00,-1.00,1.86
18:32:19:508,8.00,0.30,2.29
18:32:19:508,8.00,0.17,2.22
18:32:19:541,8.00,-0.02,2.18
18:32:19:559,8.00,-0.23,1.94
18:32:19:576,8.00,-0.37,1.86
18:32:19:645,8.00,-0.51,1.82
18:32:19:682,8.00,-0.95,1.82
18:32:19:699,7.74,-1.15,1.09
18:32:19:734,7.11,-1.05,1.17
18:32:19:856,7.14,-0.74,2.07
18:32:19:874,6.54,-0.32,2.49
18:32:19:993,5.98,0.13,1.88
18:32:20:65,5.23,0.38,1.58
18:32:20:167,4.63,0.35,1.28
18:32:20:220,3.66,0.08,2.10
18:32:20:220,2.99,-0.22,2.33
18:32:20:237,2.13,-0.15,2.39
18:32:20:255,1.32,0.65,1.96
18:32:20:255,1.05,1.14,0.84
18:32:20:273,1.37,0.56,0.30
18:32:20:397,1.55,-1.60,1.03
18:32:20:397,2.32,-3.49,1.08
18:32:20:414,2.95,-3.46,0.42
18:32:20:449,3.72,-2.42,-0.07
18:32:20:450,4.48,-2.35,0.23
18:32:20:450,5.22,-2.18,0.47
18:32:20:450,5.68,-2.53,0.14
18:32:20:485,5.75,-3.17,-0.01
18:32:20:485,5.58,-3.27,-0.01
18:32:20:485,5.25,-2.76,-0.12
18:32:20:485,5.12,-1.99,-0.23
18:32:20:485,4.85,-1.37,-0.08
18:32:20:538,4.84,-1.40,-0.08
18:32:20:538,4.85,-1.73,-0.46
18:32:20:555,4.93,-2.02,-0.66
18:32:20:555,4.59,-1.96,-0.29
18:32:20:574,4.53,-1.77,-0.08
18:32:20:591,4.63,-1.52,-0.14
18:32:20:591,4.24,-1.26,-0.38
18:32:20:591,4.15,-1.04,-0.41
18:32:20:608,3.93,-0.98,-0.34
18:32:20:664,4.17,-1.10,-0.03
18:32:20:734,4.14,-1.26,-0.05
18:32:20:734,3.89,-1.23,-0.56
18:32:20:751,3.73,-1.35,-0.45
18:32:20:768,3.53,-1.55,0.06
18:32:20:801,3.60,-1.53,0.36
18:32:20:804,3.56,-1.24,0.29
18:32:20:821,3.68,-1.15,0.20
18:32:20:873,3.88,-1.34,0.28
18:32:20:924,3.93,-1.49,0.43
18:32:20:942,4.08,-1.59,0.52
18:32:20:959,4.06,-1.58,0.46
18:32:20:994,3.83,-1.66,0.47
18:32:21:30,3.60,-1.80,0.64
18:32:21:48,3.58,-1.67,0.70
18:32:21:65,3.91,-1.69,0.77
18:32:21:99,4.33,-1.73,1.02
18:32:21:101,4.57,-1.80,1.19
18:32:21:118,4.56,-1.64,1.23
18:32:21:136,4.44,-1.36,1.15
18:32:21:153,4.27,-1.12,1.12
18:32:21:153,3.99,-1.12,1.16
18:32:21:153,3.83,-1.31,1.11
18:32:21:188,3.73,-1.51,1.02
18:32:21:260,3.86,-1.45,0.95
18:32:21:277,3.81,-1.35,0.96
18:32:21:295,3.81,-1.21,1.00
18:32:21:330,3.81,-1.17,0.96
18:32:21:452,3.63,-1.08,0.82
18:32:21:452,3.71,-1.10,0.78
18:32:21:452,3.79,-1.20,0.75
18:32:21:505,3.64,-1.37,0.84
18:32:21:505,3.60,-1.42,0.93
18:32:21:523,3.81,-1.40,1.03
18:32:21:559,3.73,-1.23,1.01
18:32:21:629,3.72,-1.11,1.04
18:32:21:646,3.70,-1.00,1.11
18:32:21:664,3.68,-0.91,1.12
18:32:21:736,3.71,-0.92,1.13
18:32:21:736,3.70,-0.92,1.06
18:32:21:753,3.66,-0.92,1.02
18:32:21:805,3.73,-0.96,0.94
18:32:21:805,3.71,-1.09,0.97
18:32:21:805,3.64,-1.22,0.96
18:32:21:857,3.56,-1.19,0.94
18:32:21:892,3.49,-1.05,0.93
18:32:21:910,3.58,-1.18,1.02
18:32:21:945,3.62,-1.26,1.06
18:32:22:31,3.62,-1.37,1.10
18:32:22:33,3.61,-1.40,1.15
18:32:22:33,3.51,-1.40,1.18
18:32:22:50,3.42,-1.33,1.14
18:32:22:137,3.50,-1.36,1.15
18:32:22:154,3.61,-1.45,1.19
18:32:22:155,3.69,-1.51,1.16
18:32:22:189,3.67,-1.50,1.13
18:32:22:207,3.67,-1.47,1.10
18:32:22:207,3.73,-1.47,1.02
18:32:22:207,3.80,-1.45,1.02
18:32:22:238,3.79,-1.42,0.95
18:32:22:238,3.76,-1.35,0.92
18:32:22:258,3.72,-1.42,0.94
18:32:22:312,3.71,-1.54,0.98
18:32:22:348,3.71,-1.54,0.90
18:32:22:348,3.72,-1.47,0.91
18:32:22:399,3.78,-1.28,1.00
18:32:22:399,3.86,-1.30,1.06
18:32:22:417,3.89,-1.18,1.21
18:32:22:434,3.89,-0.92,1.40
18:32:22:452,3.85,-0.84,1.53
18:32:22:538,3.80,-1.16,1.29
18:32:22:557,3.84,-1.09,1.17
18:32:22:557,3.84,-1.11,1.02
18:32:22:575,3.83,-1.14,0.97
18:32:22:611,3.81,-1.17,0.86
18:32:22:685,3.79,-1.12,0.76
18:32:22:718,3.76,-1.08,0.76
18:32:22:736,3.78,-1.10,0.80
18:32:22:756,3.69,-1.05,0.79
18:32:22:756,3.68,-1.10,0.85
18:32:22:772,3.77,-0.98,0.89
18:32:22:772,3.79,-1.03,1.00
18:32:22:791,3.78,-1.08,1.07
18:32:22:825,3.74,-1.10,1.05
18:32:22:860,3.76,-1.27,0.97
18:32:22:860,3.73,-1.29,0.95
18:32:22:877,3.73,-1.27,0.93
18:32:22:877,3.77,-1.24,0.93
18:32:22:895,3.77,-1.18,0.91
18:32:22:912,3.79,-1.30,0.91
18:32:22:930,3.77,-1.25,0.86
18:32:22:946,3.73,-1.21,0.91
18:32:22:948,3.79,-1.16,0.95
18:32:22:948,3.80,-1.19,0.96
18:32:22:965,3.79,-1.19,0.97
18:32:22:965,3.77,-1.18,0.98
18:32:23:53,3.77,-1.17,0.98
18:32:23:108,3.76,-1.20,0.95
18:32:23:177,3.78,-1.20,0.94
18:32:23:228,3.78,-1.16,0.96
18:32:23:244,3.87,-1.17,0.94
18:32:23:282,3.82,-1.20,0.90
18:32:23:315,3.83,-1.13,0.90
18:32:23:315,3.83,-1.16,0.88
18:32:23:332,3.92,-1.18,0.89
18:32:23:422,3.86,-1.11,0.90
18:32:23:584,3.72,-1.07,0.88
18:32:23:619,3.67,-1.06,0.87
18:32:23:638,3.71,-1.02,0.86
18:32:23:638,3.71,-1.04,0.98
18:32:23:638,3.86,-1.07,0.92
18:32:23:638,3.93,-1.09,0.88
18:32:23:638,3.83,-1.12,0.82
18:32:23:656,3.79,-1.25,0.76
18:32:23:656,3.77,-1.25,0.81
18:32:23:656,3.76,-1.22,0.86
18:32:23:708,3.71,-1.16,0.94
18:32:23:761,3.73,-1.22,1.03
18:32:23:779,3.72,-1.26,1.03
18:32:23:794,3.73,-1.24,1.05
18:32:23:794,3.77,-1.26,1.01
18:32:23:814,3.76,-1.28,0.97
18:32:23:814,3.72,-1.33,0.95
18:32:23:867,3.72,-1.38,0.94
18:32:23:955,3.65,-1.40,0.95
18:32:23:955,3.70,-1.41,0.91
18:32:23:956,3.65,-1.46,0.95
18:32:23:956,3.71,-1.44,0.96
18:32:23:973,3.74,-1.39,0.99
18:32:23:973,3.80,-1.30,0.98
18:32:23:973,3.83,-1.23,1.01
18:32:23:973,3.82,-1.14,1.06
18:32:23:973,4.04,-1.05,1.25
18:32:24:8,4.10,-0.66,1.22
18:32:24:8,4.21,-0.53,1.49
18:32:24:28,4.05,-0.17,1.88
18:32:24:65,4.19,0.59,1.87
18:32:24:152,4.45,1.36,2.34
18:32:24:187,4.75,1.86,2.46
18:32:24:187,4.90,2.06,2.46
18:32:24:187,5.04,1.62,2.63
18:32:24:222,5.32,1.28,2.86
18:32:24:291,5.69,1.38,2.71
18:32:24:308,5.81,1.19,2.88
18:32:24:344,6.19,0.89,3.17
18:32:24:361,6.45,0.79,3.20
18:32:24:361,6.76,0.68,3.33
18:32:24:361,6.87,0.66,3.49
18:32:24:378,6.69,0.77,3.36
18:32:24:465,6.62,0.60,3.23
18:32:24:465,6.37,0.40,3.08
18:32:24:500,5.90,-0.13,3.00
18:32:24:535,5.55,-0.74,2.38
18:32:24:535,4.80,-1.49,1.69
18:32:24:535,4.22,-2.26,0.83
18:32:24:535,3.01,-2.59,0.01
18:32:24:590,2.26,-3.11,-1.09
18:32:24:590,1.68,-2.81,-3.01
18:32:24:590,0.77,-4.81,-3.49
18:32:24:624,-0.36,-4.91,-3.46
18:32:24:660,-0.03,-3.63,-3.07
18:32:24:697,0.34,-2.93,-2.78
18:32:24:697,1.17,-3.16,-2.24
18:32:24:714,3.03,-3.29,-1.82
18:32:24:732,4.76,-3.63,-1.61
18:32:24:749,6.63,-3.04,-1.22
18:32:24:783,8.00,-2.92,-1.65
18:32:24:783,8.00,-1.70,-1.99
18:32:24:783,8.00,-0.50,-1.26
18:32:24:783,8.00,-2.16,-1.30
18:32:24:783,8.00,-3.91,-1.31
18:32:24:870,8.00,-3.82,-1.92
18:32:24:870,8.00,-2.61,-1.67
18:32:24:923,8.00,-1.32,-1.11
18:32:24:923,8.00,0.01,-0.74
18:32:24:923,8.00,1.15,-0.64
18:32:24:942,8.00,1.17,-0.57
18:32:24:958,8.00,1.00,-0.22
18:32:24:959,8.00,2.64,-0.72
18:32:25:29,8.00,6.95,-1.88
18:32:25:51,6.01,8.00,-1.70
18:32:25:51,4.79,8.00,-1.38
18:32:25:85,4.41,6.81,-1.57
18:32:25:207,5.41,3.89,-0.94
18:32:25:207,7.48,2.17,-0.48
18:32:25:242,8.00,1.36,-0.73
18:32:25:242,8.00,0.94,-0.92
18:32:25:260,8.00,0.22,-0.26
18:32:25:295,8.00,-0.01,-0.70
18:32:25:295,8.00,-0.12,-2.48
18:32:25:313,8.00,-1.57,-3.11
18:32:25:348,8.00,-2.70,-2.34
18:32:25:420,8.00,-4.19,-0.95
18:32:25:456,8.00,-4.56,-2.18
18:32:25:457,8.00,-3.50,-2.37
18:32:25:474,8.00,-2.50,-0.87
18:32:25:474,8.00,-2.24,-1.40
18:32:25:491,6.35,-2.88,-2.70
18:32:25:491,4.30,-2.50,-4.66
18:32:25:491,2.02,-4.38,-6.04
18:32:25:562,1.17,-4.54,-6.99
18:32:25:562,0.54,-3.79,-8.00
18:32:25:579,-0.28,-3.94,-7.83
18:32:25:579,-1.04,-4.03,-6.29
18:32:25:597,0.92,-4.74,-4.86
18:32:25:630,2.76,-3.98,-3.70
18:32:25:630,4.96,-3.05,-2.98
18:32:25:648,7.24,-2.73,-2.17
18:32:25:683,8.00,-3.16,-1.30
18:32:25:683,8.00,-3.59,-0.99
18:32:25:685,8.00,-3.72,-1.00
18:32:25:736,8.00,-1.40,-1.97
18:32:25:771,8.00,-0.26,-1.16
18:32:25:821,8.00,-1.32,0.08
18:32:25:840,8.00,-2.15,-0.94
18:32:25:856,8.00,-0.71,-1.62
18:32:25:856,8.00,-0.08,-0.88
18:32:25:943,8.00,0.18,0.07
18:32:25:995,8.00,0.33,0.19
18:32:25:995,8.00,0.64,-0.02
18:32:26:13,8.00,2.73,-0.13
18:32:26:31,7.16,5.25,0.17
18:32:26:31,5.41,7.00,0.01
18:32:26:31,4.49,6.85,0.02
18:32:26:67,3.35,6.29,-0.98
18:32:26:67,2.76,3.88,-0.77
18:32:26:119,5.08,1.88,-0.18
18:32:26:124,7.38,0.42,-0.38
18:32:26:141,8.00,-0.83,-0.41
18:32:26:151,8.00,-0.77,0.36
18:32:26:151,8.00,-0.65,-0.37
18:32:26:170,8.00,-0.88,-1.96
18:32:26:170,8.00,-1.28,-2.06
18:32:26:185,8.00,-1.47,-1.65
18:32:26:187,8.00,-2.23,-1.41
18:32:26:222,8.00,-3.60,-0.99
18:32:26:222,8.00,-3.87,-1.13
18:32:26:256,8.00,-3.92,-1.11
18:32:26:274,8.00,-3.32,-0.64
18:32:26:308,7.30,-2.83,-1.20
18:32:26:308,4.91,-3.63,-2.63
18:32:26:325,3.50,-4.15,-4.49
18:32:26:344,1.33,-5.75,-5.48
18:32:26:358,0.73,-4.66,-5.66
18:32:26:358,0.51,-3.34,-5.52
18:32:26:394,0.28,-3.13,-5.64
18:32:26:429,-0.12,-4.87,-4.25
18:32:26:481,1.25,-4.40,-3.40
18:32:26:481,3.15,-2.90,-2.89
18:32:26:499,5.52,-2.61,-1.97
18:32:26:517,7.85,-2.88,-1.38
18:32:26:517,8.00,-2.92,-0.75
18:32:26:552,8.00,-1.95,-0.30
18:32:26:552,8.00,-1.97,-0.12
18:32:26:569,8.00,-1.47,-0.05
18:32:26:587,8.00,-0.58,-0.14
18:32:26:607,8.00,-0.81,-0.20
18:32:26:661,8.00,-1.65,0.44
18:32:26:678,8.00,-1.63,0.45
18:32:26:732,8.00,-0.90,-0.40
18:32:26:732,8.00,-0.35,-0.15
18:32:26:752,8.00,0.04,1.07
18:32:26:778,8.00,0.43,1.54
18:32:26:846,8.00,2.29,0.79
18:32:26:846,6.94,4.58,-0.73
18:32:26:846,4.87,3.79,-0.14
18:32:26:864,4.06,4.48,0.24
18:32:26:881,3.64,5.17,-1.17
18:32:26:899,3.11,3.28,-1.60
18:32:26:900,4.54,0.66,0.04
18:32:26:917,6.49,0.80,-0.02
18:32:27:19,8.00,0.52,-0.75
18:32:27:37,8.00,0.47,-0.21
18:32:27:59,8.00,-0.16,1.60
18:32:27:76,8.00,-0.83,0.60
18:32:27:76,8.00,-1.22,-0.98
18:32:27:93,8.00,-1.86,-1.18
18:32:27:146,8.00,-1.93,-0.86
18:32:27:179,8.00,-1.74,-0.86
18:32:27:198,8.00,-1.97,-0.91
18:32:27:215,8.00,-3.23,-0.71
18:32:27:232,8.00,-3.47,-0.86
18:32:27:252,8.00,-3.43,-1.38
18:32:27:270,6.27,-2.85,-2.12
18:32:27:270,4.12,-2.49,-1.84
18:32:27:288,3.55,-2.30,-2.86
18:32:27:305,2.09,-3.81,-4.90
18:32:27:394,0.54,-5.54,-5.04
18:32:27:415,0.48,-4.10,-4.74
18:32:27:432,0.01,-2.47,-4.83
18:32:27:432,-0.32,-4.60,-3.34
18:32:27:450,0.72,-5.37,-2.40
18:32:27:467,1.75,-3.52,-2.02
18:32:27:504,3.85,-2.43,-0.95
18:32:27:556,6.35,-2.01,-0.27
18:32:27:557,8.00,-2.06,0.07
18:32:27:573,8.00,-2.40,0.72
18:32:27:575,8.00,-1.81,0.54
18:32:27:592,8.00,-1.47,0.28
18:32:27:644,8.00,-0.51,0.15
18:32:27:662,8.00,-0.72,0.00
18:32:27:714,8.00,-1.32,0.02
18:32:27:750,8.00,-1.43,0.06
18:32:27:750,8.00,-0.63,-0.34
18:32:27:767,8.00,-0.09,-0.03
18:32:27:767,8.00,-0.17,0.74
18:32:27:784,8.00,0.04,1.19
18:32:27:802,8.00,0.84,1.09
18:32:27:819,7.55,2.64,1.06
18:32:27:892,6.19,3.17,0.64
18:32:27:910,4.58,3.86,0.87
18:32:27:929,3.43,4.24,1.14
18:32:27:945,2.95,4.35,0.58
18:32:27:945,3.64,2.78,0.21
18:32:27:963,5.05,0.96,0.80
18:32:27:998,6.19,0.68,0.97
18:32:28:17,8.00,1.09,0.25
18:32:28:69,8.00,0.82,0.41
18:32:28:87,8.00,0.05,1.10
18:32:28:123,8.00,-0.54,0.50
18:32:28:140,8.00,-0.66,-0.54
18:32:28:140,8.00,-0.89,-0.86
18:32:28:158,8.00,-2.17,-0.66
18:32:28:177,8.00,-2.38,-0.58
18:32:28:210,8.00,-2.35,-0.29
18:32:28:268,8.00,-2.58,0.08
18:32:28:286,8.00,-2.90,-0.22
18:32:28:286,7.61,-2.85,-0.32
18:32:28:304,5.91,-2.18,-0.17
18:32:28:320,4.41,-2.14,-0.56
18:32:28:377,3.26,-2.69,-1.36
18:32:28:412,2.01,-2.76,-3.07
18:32:28:447,1.21,-3.10,-3.19
18:32:28:465,0.67,-3.00,-3.39
18:32:28:483,0.07,-3.09,-3.31
18:32:28:518,0.18,-3.32,-2.29
18:32:28:536,0.43,-2.07,-3.18
18:32:28:536,0.65,-4.39,-1.56
18:32:28:536,1.70,-4.63,-0.10
18:32:28:626,2.34,-2.31,0.43
18:32:28:626,3.92,-0.36,1.50
18:32:28:644,4.65,0.37,1.73
18:32:28:664,5.27,-0.45,1.35
18:32:28:681,6.88,-1.40,1.08
18:32:28:681,7.02,-1.35,1.16
18:32:28:702,8.00,-0.68,1.14
18:32:28:807,8.00,0.18,0.55
18:32:28:808,8.00,-0.12,0.47
18:32:28:825,8.00,-0.52,0.59
18:32:28:825,8.00,-0.71,0.22
18:32:28:844,8.00,-0.78,0.12
18:32:28:861,8.00,-0.93,0.57
18:32:28:880,8.00,-0.50,0.10
18:32:28:898,8.00,-0.44,-0.08
18:32:28:953,6.99,-0.69,0.43
18:32:28:971,6.47,-0.89,0.73
18:32:29:5,5.83,-0.84,0.86
18:32:29:92,5.27,-0.68,1.15
18:32:29:127,4.89,-0.43,1.60
18:32:29:198,4.52,-0.17,1.65
18:32:29:267,4.00,0.33,1.81
18:32:29:268,3.46,0.73,1.82
18:32:29:285,2.89,1.10,1.36
18:32:29:303,2.24,0.56,1.63
18:32:29:355,2.05,-1.23,1.90
18:32:29:373,1.81,-2.27,1.98
18:32:29:390,2.35,-2.57,1.61
18:32:29:408,2.93,-1.72,1.45
18:32:29:425,3.35,-1.39,1.12
18:32:29:480,3.45,-1.40,1.12
18:32:29:587,3.86,-2.94,1.00
18:32:29:587,4.03,-2.70,0.55
18:32:29:605,4.03,-2.31,0.33
18:32:29:622,4.30,-1.63,0.72
18:32:29:622,4.66,-1.44,1.37
18:32:29:692,5.00,-1.16,1.36
18:32:29:708,5.15,-1.07,1.06
18:32:29:710,5.47,-1.26,1.24
18:32:29:710,5.43,-1.58,1.48
18:32:29:727,5.20,-1.73,1.29
18:32:29:728,4.81,-2.04,1.37
18:32:29:764,4.53,-2.01,1.35
18:32:29:800,4.24,-1.77,1.35
18:32:29:818,3.67,-1.37,1.33
18:32:29:818,3.71,-1.21,1.50
18:32:29:872,3.50,-1.09,1.49
18:32:29:889,3.26,-1.22,1.41
18:32:29:889,3.22,-1.35,1.40
18:32:29:943,3.34,-1.48,1.48
18:32:29:997,3.33,-0.98,1.30
18:32:29:997,3.48,-0.80,1.27
18:32:29:997,4.10,-1.00,1.39
18:32:30:34,3.93,-1.45,1.52
18:32:30:119,4.23,-1.04,1.15
18:32:30:138,4.52,-0.30,0.64
18:32:30:155,4.73,0.31,0.47
18:32:30:155,4.69,0.16,0.37
18:32:30:174,4.44,-0.22,0.25
18:32:30:243,4.35,-0.56,-0.19
18:32:30:261,4.33,-0.64,-0.34
18:32:30:279,4.30,-0.40,-0.41
18:32:30:279,4.22,-0.25,-0.43
18:32:30:297,4.31,-0.37,-0.47
18:32:30:314,4.26,-0.49,-0.59
18:32:30:314,4.18,-0.51,-0.60
18:32:30:332,4.26,-0.45,-0.46
18:32:30:349,4.25,-0.39,-0.49
18:32:30:401,4.23,-0.45,-0.42
18:32:30:452,4.16,-0.50,-0.38
18:32:30:473,4.14,-0.42,-0.40
18:32:30:491,4.07,-0.39,-0.30
18:32:30:526,4.16,-0.37,-0.15
18:32:30:543,4.17,-0.46,-0.20
18:32:30:646,4.21,-0.59,-0.17
18:32:30:662,4.21,-0.56,-0.11
18:32:30:680,4.26,-0.54,-0.20
18:32:30:803,4.32,-0.41,-0.15
18:32:30:821,4.34,-0.42,-0.04
18:32:30:839,4.27,-0.67,-0.04
18:32:30:876,4.20,-0.83,0.05
18:32:30:911,4.10,-0.79,0.18
18:32:30:964,3.91,-0.72,0.23
18:32:30:984,3.86,-0.51,0.29
18:32:31:35,3.94,-0.38,0.33
18:32:31:35,4.08,-0.64,0.38
18:32:31:52,4.06,-0.93,0.39
18:32:31:52,3.97,-1.05,0.58
18:32:31:88,4.05,-1.11,0.76
18:32:31:159,4.05,-0.84,0.92
18:32:31:159,4.00,-0.63,0.93
18:32:31:159,3.88,-0.53,1.12
18:32:31:212,3.78,-0.40,1.14
18:32:31:212,3.68,-0.24,1.03
18:32:31:212,3.64,-0.40,0.97
18:32:31:247,3.63,-0.62,0.81
18:32:31:283,3.57,-0.76,0.74
18:32:31:283,3.62,-1.00,0.80
18:32:31:300,3.76,-0.99,0.90
18:32:31:336,3.87,-0.83,0.97
18:32:31:336,3.90,-0.71,0.80
18:32:31:354,3.94,-0.72,0.71
18:32:31:354,3.98,-0.87,0.77
18:32:31:354,3.98,-0.92,0.85
18:32:31:391,3.93,-1.10,0.83
18:32:31:391,3.77,-1.01,0.90
18:32:31:409,3.84,-0.94,0.95
18:32:31:426,4.04,-0.95,0.97
18:32:31:426,4.02,-1.17,1.00
18:32:31:426,3.90,-1.21,0.89
18:32:31:426,3.74,-1.02,0.75
18:32:31:443,3.63,-0.84,0.69
18:32:31:496,3.56,-0.85,0.70
18:32:31:529,3.60,-0.91,0.78
18:32:31:547,3.78,-1.07,0.79
18:32:31:564,3.98,-1.17,0.78
18:32:31:706,3.80,-1.31,0.71
18:32:31:706,3.72,-1.33,0.74
18:32:31:723,3.75,-1.38,0.81
18:32:31:740,3.79,-1.39,0.90
18:32:31:758,3.79,-1.25,1.08
18:32:31:758,3.76,-1.07,1.23
18:32:31:774,3.82,-0.97,1.29
18:32:31:792,3.81,-1.12,1.23
18:32:31:898,3.80,-1.39,1.07
18:32:31:898,3.79,-1.46,0.93
18:32:31:914,3.76,-1.47,0.86
18:32:31:948,3.76,-1.40,0.87
18:32:32:1,3.67,-1.37,0.92
18:32:32:88,3.66,-1.37,0.93
18:32:32:89,3.69,-1.42,0.92
18:32:32:89,3.67,-1.41,0.97
18:32:32:89,3.64,-1.34,0.99
18:32:32:106,3.70,-1.41,0.99
18:32:32:208,3.71,-1.43,0.98
18:32:32:243,3.72,-1.38,0.98
18:32:32:278,3.74,-1.33,0.94
18:32:32:279,3.79,-1.27,0.92
18:32:32:316,3.77,-1.16,0.94
18:32:32:334,3.76,-1.13,0.92
18:32:32:370,3.72,-1.16,0.94
18:32:32:459,3.75,-1.16,0.93
18:32:32:494,3.72,-1.18,0.96
18:32:32:514,3.76,-1.25,0.95
18:32:32:514,3.71,-1.29,0.99
18:32:32:514,3.74,-1.30,1.04
18:32:32:514,3.70,-1.35,0.99
18:32:32:514,3.72,-1.42,0.94
18:32:32:620,3.71,-1.40,0.96
18:32:32:657,3.69,-1.36,0.98
18:32:32:657,3.70,-1.35,0.94
18:32:32:675,3.68,-1.34,0.92
18:32:32:675,3.71,-1.28,0.97
18:32:32:675,3.76,-1.28,0.98
18:32:32:709,3.74,-1.30,0.94
18:32:32:765,3.74,-1.31,0.94
18:32:32:816,3.72,-1.28,0.96
18:32:32:834,3.72,-1.31,0.95
18:32:32:834,3.67,-1.35,0.94
18:32:32:852,3.68,-1.35,0.93
18:32:32:852,3.71,-1.33,0.94
18:32:32:852,3.76,-1.36,0.92
18:32:32:870,3.87,-1.37,0.91
18:32:32:870,3.83,-1.36,0.87
18:32:32:870,3.85,-1.31,0.85
18:32:32:870,3.76,-1.22,0.88
18:32:32:926,3.58,-1.17,0.93
18:32:32:962,3.56,-1.08,0.97
18:32:32:962,3.62,-0.94,1.06
18:32:32:962,3.57,-0.96,1.12
18:32:32:962,3.71,-0.99,1.08
18:32:32:962,3.90,-1.15,0.93
18:32:32:978,4.08,-1.39,0.86
18:32:32:993,4.09,-1.49,0.87
18:32:33:10,3.90,-1.40,0.97
18:32:33:10,3.73,-1.43,0.92
18:32:33:10,3.66,-1.32,0.97
18:32:33:10,3.60,-1.18,1.09
18:32:33:28,3.65,-1.17,1.00
18:32:33:28,3.67,-1.22,0.99
18:32:33:46,3.74,-1.31,0.96
18:32:33:121,3.73,-1.31,0.98
18:32:33:121,3.75,-1.33,1.01
18:32:33:157,3.71,-1.39,0.98
18:32:33:176,3.75,-1.35,0.92
18:32:33:192,3.72,-1.63,0.97
18:32:33:192,3.73,-1.59,1.04
18:32:33:210,3.73,-1.59,1.00
18:32:33:226,3.70,-1.60,1.03
18:32:33:245,3.58,-1.81,1.02
18:32:33:245,3.54,-1.70,1.03
18:32:33:263,3.54,-1.62,1.00
18:32:33:314,3.68,-1.60,1.05
18:32:33:316,3.62,-1.62,1.06
18:32:33:352,3.92,-1.40,1.12
18:32:33:386,3.96,-0.62,1.31
18:32:33:404,4.06,-0.23,1.38
18:32:33:404,4.34,0.04,1.96
18:32:33:459,4.44,0.91,2.07
18:32:33:530,4.59,1.45,1.73
18:32:33:564,4.91,1.94,2.15
18:32:33:566,5.13,2.62,2.29
18:32:33:582,5.55,2.88,2.48
18:32:33:599,6.12,2.46,2.61
18:32:33:599,6.56,2.39,2.59
18:32:33:686,6.82,2.00,2.59
18:32:33:703,7.48,1.54,2.62
18:32:33:721,7.78,1.04,2.56
18:32:33:722,7.84,0.84,2.58
18:32:33:757,7.89,0.47,2.58
18:32:33:777,7.44,0.03,2.53
18:32:33:845,6.79,-0.09,2.41
18:32:33:864,6.12,-0.47,2.10
18:32:33:864,5.59,-1.23,1.74
18:32:33:881,4.65,-1.98,1.38
18:32:33:881,3.67,-2.44,1.06
18:32:33:917,2.48,-2.45,0.57
18:32:33:935,1.68,-3.04,0.24
18:32:33:954,0.82,-3.47,0.01
18:32:33:954,0.56,-4.01,-0.94
18:32:33:971,0.35,-4.10,-1.80
18:32:34:22,-0.15,-4.37,-1.24
18:32:34:39,0.24,-2.85,-0.43
18:32:34:76,0.80,-1.65,-0.35
18:32:34:94,2.04,-2.36,-0.19
18:32:34:148,3.91,-3.33,-0.47
18:32:34:219,5.32,-3.06,-0.41
18:32:34:237,7.08,-2.17,0.08
18:32:34:253,8.00,-0.97,-0.42
18:32:34:254,8.00,0.36,-0.83
18:32:34:254,8.00,-1.05,-1.56
18:32:34:272,8.00,-3.47,-1.59
18:32:34:290,8.00,-4.00,-1.16
18:32:34:290,8.00,-2.14,-1.82
18:32:34:328,8.00,-1.04,-1.74
18:32:34:345,8.00,-0.97,-0.95
18:32:34:380,8.00,-0.53,-0.68
18:32:34:450,8.00,0.35,-0.55
18:32:34:451,8.00,0.64,-0.19
18:32:34:469,8.00,0.88,0.16
18:32:34:469,8.00,2.53,-0.20
18:32:34:486,6.01,5.06,-0.35
18:32:34:557,4.77,7.32,-0.36
18:32:34:594,3.39,7.96,0.06
18:32:34:612,4.32,6.29,0.25
18:32:34:629,4.53,3.16,-0.53
18:32:34:629,6.18,1.46,0.35
18:32:34:647,8.00,1.01,0.14
18:32:34:665,8.00,0.16,0.09
18:32:34:683,8.00,-0.64,0.78
18:32:34:737,8.00,-1.22,-0.05
18:32:34:754,8.00,-1.02,-1.74
18:32:34:772,8.00,-1.29,-1.74
18:32:34:772,8.00,-2.19,-1.13
18:32:34:789,8.00,-2.38,-1.38
18:32:34:841,8.00,-2.17,-1.09
18:32:34:879,8.00,-2.58,-0.16
18:32:34:914,8.00,-3.24,-0.50
18:32:34:932,8.00,-3.08,-1.06
18:32:34:969,7.39,-3.06,-1.14
18:32:34:985,5.75,-3.12,-1.14
18:32:34:986,3.76,-2.36,-2.58
18:32:35:3,2.20,-4.08,-5.39
18:32:35:21,0.74,-6.78,-5.98
18:32:35:37,0.36,-6.27,-6.25
18:32:35:38,0.25,-3.44,-5.84
18:32:35:71,-0.19,-3.27,-5.28
18:32:35:138,0.75,-5.11,-3.75
18:32:35:171,2.35,-4.27,-3.13
18:32:35:171,4.68,-3.21,-2.74
18:32:35:188,7.11,-2.47,-1.68
18:32:35:188,8.00,-3.02,-0.72
18:32:35:259,8.00,-3.24,-0.78
18:32:35:295,8.00,-1.98,-1.32
18:32:35:295,8.00,-0.71,-0.73
18:32:35:332,8.00,-0.82,-0.06
18:32:35:350,8.00,-1.17,-0.44
18:32:35:350,8.00,-0.91,-0.25
18:32:35:350,8.00,-0.74,-0.67
18:32:35:368,8.00,-0.69,-0.70
18:32:35:386,8.00,-0.86,-0.55
18:32:35:386,8.00,-0.08,-0.02
18:32:35:438,8.00,0.47,0.42
18:32:35:490,8.00,2.38,0.16
18:32:35:524,6.45,5.05,-0.53
18:32:35:524,4.58,5.90,-0.36
18:32:35:541,3.50,5.27,-0.15
18:32:35:557,3.23,4.90,-0.51
18:32:35:576,3.44,3.94,-1.21
18:32:35:712,4.58,1.93,-0.91
18:32:35:728,6.79,0.88,-0.44
18:32:35:728,8.00,-0.04,-0.63
18:32:35:746,8.00,-0.20,-0.24
18:32:35:765,8.00,-0.50,-0.02
18:32:35:818,8.00,-0.83,-1.33
18:32:35:835,8.00,-1.37,-1.43
18:32:35:854,8.00,-1.72,-1.10
18:32:35:854,8.00,-2.32,-0.61
18:32:35:854,8.00,-3.29,-0.18
18:32:35:871,8.00,-3.59,-0.72
18:32:35:889,8.00,-3.69,-0.81
18:32:35:907,8.00,-3.35,-0.60
18:32:35:907,7.22,-3.04,-0.54
18:32:35:942,5.71,-3.23,-1.06
18:32:35:942,4.20,-3.09,-2.19
18:32:35:978,2.39,-3.32,-3.78
18:32:36:30,1.23,-4.48,-4.53
18:32:36:47,0.76,-4.52,-4.63
18:32:36:65,-0.02,-3.26,-4.94
18:32:36:82,0.20,-3.47,-5.23
18:32:36:82,-0.35,-4.13,-4.49
18:32:36:103,1.46,-5.23,-2.37
18:32:36:138,2.36,-3.40,-2.62
18:32:36:226,5.57,-2.91,-1.96
18:32:36:242,8.00,-2.39,-1.21
18:32:36:243,8.00,-1.93,-0.52
18:32:36:260,8.00,-2.23,0.10
18:32:36:279,8.00,-2.30,-0.21
18:32:36:297,8.00,-2.10,-0.57
18:32:36:368,8.00,-1.52,-0.38
18:32:36:387,8.00,-0.90,-0.02
18:32:36:387,8.00,-0.46,0.40
18:32:36:403,8.00,0.33,0.10
18:32:36:405,8.00,-0.26,0.06
18:32:36:423,8.00,-0.97,0.56
18:32:36:423,8.00,-1.05,1.27
18:32:36:439,8.00,-0.23,1.52
18:32:36:491,8.00,1.94,1.07
18:32:36:509,6.89,5.42,0.43
18:32:36:526,4.80,5.92,0.62
18:32:36:543,4.24,5.10,1.35
18:32:36:597,4.45,5.20,0.05
18:32:36:613,4.67,3.33,-0.95
18:32:36:615,5.59,1.03,0.12
18:32:36:635,7.18,0.61,0.26
18:32:36:635,8.00,0.72,-0.40
18:32:36:653,8.00,0.10,-0.37
18:32:36:741,8.00,-0.92,0.48
18:32:36:760,8.00,-1.37,-0.55
18:32:36:777,8.00,-1.08,-0.45
18:32:36:777,8.00,-1.92,-0.08
18:32:36:846,8.00,-2.38,0.04
18:32:36:846,8.00,-2.75,-0.31
18:32:36:864,8.00,-3.13,-0.24
18:32:36:899,8.00,-3.27,-0.41
18:32:36:918,8.00,-3.08,-0.31
18:32:36:918,7.22,-2.80,-1.07
18:32:36:957,5.25,-2.60,-3.24
18:32:36:991,3.56,-3.80,-4.07
18:32:36:991,2.23,-3.44,-5.22
18:32:37:8,0.91,-3.90,-6.52
18:32:37:24,0.48,-3.90,-5.88
18:32:37:95,0.56,-2.67,-5.29
18:32:37:95,-0.08,-2.28,-5.16
18:32:37:112,0.31,-4.56,-3.11
18:32:37:112,1.35,-4.29,-2.38
18:32:37:130,3.02,-2.94,-1.80
18:32:37:147,5.83,-1.85,-0.52
18:32:37:164,8.00,-0.73,-0.05
18:32:37:182,8.00,-1.36,0.58
18:32:37:199,8.00,-1.81,1.16
18:32:37:252,8.00,-1.93,0.58
18:32:37:269,8.00,-0.89,-0.12
18:32:37:305,8.00,-0.42,0.15
18:32:37:356,8.00,-1.03,0.68
18:32:37:445,8.00,-1.00,0.63
18:32:37:462,8.00,-0.50,-0.03
18:32:37:496,8.00,-0.56,-0.47
18:32:37:496,8.00,-0.72,0.23
18:32:37:514,8.00,-0.60,0.95
18:32:37:514,8.00,-0.15,0.80
18:32:37:531,7.76,0.36,0.72
18:32:37:566,6.91,1.36,1.33
18:32:37:567,5.59,3.52,0.73
18:32:37:617,4.15,4.32,0.60
18:32:37:635,3.32,5.13,0.49
18:32:37:653,2.97,3.73,-0.46
18:32:37:653,3.58,1.41,0.60
18:32:37:670,5.20,0.86,1.64
18:32:37:687,6.99,1.27,0.31
18:32:37:705,8.00,1.49,-0.11
18:32:37:721,8.00,0.01,0.43
18:32:37:741,8.00,-1.24,0.56
18:32:37:815,8.00,-1.81,-0.84
18:32:37:815,8.00,-2.28,-1.61
18:32:37:833,8.00,-1.66,-1.51
18:32:37:868,8.00,-1.42,-0.93
18:32:37:884,8.00,-1.60,-0.55
18:32:37:885,8.00,-1.98,-0.31
18:32:37:903,8.00,-2.13,-0.24
18:32:37:920,8.00,-2.92,-0.02
18:32:37:954,7.84,-3.01,0.12
18:32:38:9,6.08,-2.32,-0.33
18:32:38:44,5.02,-1.80,-0.86
18:32:38:83,3.92,-1.62,-2.03
18:32:38:100,2.68,-2.94,-3.53
18:32:38:101,1.25,-3.63,-3.98
18:32:38:174,0.55,-4.12,-4.01
18:32:38:175,0.68,-3.29,-4.14
18:32:38:175,-0.12,-3.94,-4.18
18:32:38:211,1.11,-4.79,-1.80
18:32:38:211,1.40,-1.40,-0.88
18:32:38:229,1.97,0.22,1.04
18:32:38:229,2.62,0.07,2.02
18:32:38:265,3.91,-0.07,2.26
18:32:38:283,4.25,0.02,1.75
18:32:38:352,5.57,-0.54,1.37
18:32:38:390,7.61,0.36,2.27
18:32:38:406,5.82,1.35,2.58
18:32:38:409,6.09,0.38,2.29
18:32:38:425,7.96,-0.27,2.78
18:32:38:443,7.58,0.45,2.05
18:32:38:460,6.97,0.76,1.53
18:32:38:530,7.25,0.10,1.89
18:32:38:549,7.44,-0.96,2.36
18:32:38:581,7.32,-1.21,1.89
18:32:38:601,7.17,-0.88,1.50
18:32:38:601,7.44,-0.15,1.79
18:32:38:705,7.06,0.43,2.08
18:32:38:705,6.71,0.89,2.15
18:32:38:753,5.96,1.19,2.08
18:32:38:805,4.91,0.96,1.95
18:32:38:873,4.03,0.38,1.80
18:32:38:890,3.40,-0.09,1.65
18:32:38:908,3.11,-0.00,1.19
18:32:38:943,2.82,0.27,0.79
18:32:38:960,2.76,-0.07,0.92
18:32:38:978,2.68,-0.96,1.64
18:32:38:978,3.14,-1.57,1.62
18:32:39:64,3.76,-2.03,1.41
18:32:39:82,4.38,-2.10,1.46
18:32:39:99,4.62,-1.88,1.47
18:32:39:99,4.65,-1.85,1.05
18:32:39:151,4.67,-1.70,0.52
18:32:39:186,4.50,-2.13,-0.14
18:32:39:255,4.22,-2.68,-0.57
18:32:39:273,4.06,-2.36,-0.83
18:32:39:290,3.93,-1.77,-0.97
18:32:39:308,3.93,-1.22,-0.92
18:32:39:308,4.00,-1.00,-0.75
18:32:39:359,4.31,-1.04,-0.90
18:32:39:447,4.52,-1.04,-1.01
18:32:39:482,4.48,-1.27,-0.92
18:32:39:500,4.53,-1.25,-0.99
18:32:39:535,4.67,-1.35,-0.91
18:32:39:588,4.68,-1.40,-0.78
18:32:39:625,4.48,-1.22,-0.74
18:32:39:640,4.23,-1.06,-0.62
18:32:39:676,4.07,-0.95,-0.62
18:32:39:676,3.97,-1.04,-0.60
18:32:39:693,3.97,-1.27,-0.58
18:32:39:711,4.00,-1.51,-0.49
18:32:39:713,4.03,-1.74,-0.33
18:32:39:713,4.09,-1.91,-0.21
18:32:39:713,4.11,-1.87,-0.10
18:32:39:713,3.85,-1.81,0.09
18:32:39:730,3.63,-1.72,0.20
18:32:39:835,3.40,-1.57,0.28
18:32:39:853,3.43,-1.54,0.42
18:32:39:905,3.97,-1.51,0.61
18:32:39:975,4.48,-1.64,0.79
18:32:40:6,4.82,-1.60,0.76
18:32:40:23,4.69,-1.57,0.62
18:32:40:79,4.22,-1.51,0.58
18:32:40:151,3.86,-1.52,0.58
18:32:40:220,3.67,-1.63,0.66
18:32:40:236,3.70,-1.82,0.74
18:32:40:256,3.88,-1.87,0.74
18:32:40:290,3.97,-1.78,0.74
18:32:40:361,4.08,-1.58,0.87
18:32:40:395,3.95,-1.28,0.78
18:32:40:413,3.93,-1.17,0.70
18:32:40:431,3.88,-1.17,0.58
18:32:40:497,3.85,-1.23,0.55
18:32:40:532,3.71,-1.35,0.61
18:32:40:532,3.57,-1.33,0.64
18:32:40:532,3.60,-1.37,0.75
18:32:40:532,3.69,-1.41,0.79
18:32:40:553,3.72,-1.23,0.86
18:32:40:553,3.75,-1.42,1.03
18:32:40:553,3.74,-0.94,1.56
18:32:40:571,3.52,0.10,2.15
18:32:40:589,3.54,-1.14,1.67
18:32:40:589,3.75,-1.26,1.24
18:32:40:589,3.85,-1.39,1.19
18:32:40:624,3.88,-1.40,1.11
18:32:40:624,3.84,-1.30,0.96
18:32:40:677,3.73,-1.28,0.87
18:32:40:694,3.60,-1.23,0.93
18:32:40:748,3.56,-1.30,0.92
18:32:40:748,3.70,-1.40,0.91
18:32:40:786,3.75,-1.50,0.91
18:32:40:786,3.65,-1.49,0.88
18:32:40:786,3.60,-1.43,0.91
18:32:40:802,3.58,-1.41,0.93
18:32:40:820,3.72,-1.37,1.04
18:32:40:873,3.76,-1.26,1.09
18:32:40:873,3.79,-1.15,1.16
18:32:40:873,3.74,-1.05,1.14
18:32:40:908,3.74,-1.03,1.14
18:32:40:908,3.78,-1.16,1.08
18:32:40:924,3.78,-1.23,0.99
18:32:40:942,3.78,-1.25,0.92
18:32:40:960,3.70,-1.19,0.88
18:32:40:960,3.68,-1.17,0.86
18:32:40:994,3.71,-1.11,0.93
18:32:40:995,3.73,-1.09,0.93
18:32:41:49,3.73,-1.04,0.93
18:32:41:49,3.70,-1.13,1.00
18:32:41:84,3.75,-1.10,1.03
18:32:41:102,3.70,-1.09,1.06
18:32:41:120,3.71,-1.11,1.10
18:32:41:138,3.73,-1.15,1.08
18:32:41:192,3.77,-1.10,1.01
18:32:41:245,3.71,-1.17,1.01
18:32:41:245,3.77,-1.33,0.95
18:32:41:263,3.72,-1.26,0.96
18:32:41:280,3.67,-1.32,0.96
18:32:41:334,3.72,-1.41,0.94
18:32:41:441,3.77,-1.46,0.97
18:32:41:457,3.84,-1.42,0.97
18:32:41:475,3.79,-1.35,0.99
18:32:41:475,3.78,-1.36,0.99
18:32:41:601,3.75,-1.34,0.99
18:32:41:636,3.76,-1.28,0.95
18:32:41:636,3.74,-1.28,0.94
18:32:41:671,3.71,-1.23,0.92
18:32:41:671,3.74,-1.19,0.89
18:32:41:737,3.74,-1.18,0.94
18:32:41:755,3.78,-1.26,0.92
18:32:41:772,3.77,-1.20,0.90
18:32:41:826,3.79,-1.18,0.90
18:32:41:826,3.76,-1.16,0.91
18:32:41:844,3.75,-1.15,0.89
18:32:41:844,3.75,-1.18,0.86
18:32:41:844,3.73,-1.22,0.92
18:32:41:862,3.77,-1.22,0.91
18:32:41:862,3.75,-1.29,0.88
18:32:42:1,3.75,-1.29,0.89
18:32:42:34,3.75,-1.32,0.83
18:32:42:36,3.74,-1.33,0.85
18:32:42:53,3.74,-1.35,0.90
18:32:42:126,3.73,-1.31,0.86
18:32:42:126,3.74,-1.28,0.90
18:32:42:126,3.74,-1.29,0.88
18:32:42:153,3.75,-1.30,0.87
18:32:42:231,3.75,-1.30,0.84
18:32:42:266,3.76,-1.31,0.80
18:32:42:337,3.75,-1.28,0.83
18:32:42:337,3.76,-1.33,0.87
18:32:42:372,3.75,-1.23,0.87
18:32:42:372,3.76,-1.26,0.86
18:32:42:496,3.77,-1.27,0.87
18:32:42:529,3.75,-1.30,0.87
18:32:42:565,3.78,-1.30,0.83
18:32:42:565,3.81,-1.33,0.82
18:32:42:582,3.77,-1.25,0.86
18:32:42:582,3.75,-1.25,0.85
18:32:42:599,3.75,-1.26,0.85
18:32:42:599,3.74,-1.31,0.85
18:32:42:599,3.75,-1.33,0.84
18:32:42:599,3.75,-1.34,0.85
18:32:42:672,3.75,-1.29,0.85
18:32:42:691,3.72,-1.32,0.80
18:32:42:708,3.71,-1.34,0.81
18:32:42:726,3.71,-1.29,0.86
18:32:42:726,3.73,-1.31,0.84
18:32:42:726,3.75,-1.31,0.84
18:32:42:753,3.73,-1.28,0.87
18:32:42:770,3.73,-1.29,0.88
18:32:42:770,3.75,-1.37,0.79
18:32:42:771,3.72,-1.33,0.86
18:32:42:771,3.72,-1.33,0.85
18:32:42:771,3.74,-1.43,0.81
18:32:42:771,3.81,-1.68,0.76
18:32:42:789,3.83,-1.68,0.77
18:32:42:789,3.75,-1.56,0.92
18:32:42:806,3.76,-1.62,0.89
18:32:42:806,3.80,-2.09,0.84
18:32:42:806,3.64,-2.14,0.96
18:32:42:931,3.57,-2.03,1.00
18:32:42:931,3.54,-2.10,0.95
18:32:42:968,3.52,-2.01,0.82
18:32:42:968,3.48,-1.98,0.71
18:32:42:986,3.55,-1.94,0.77
18:32:43:21,3.90,-1.48,0.87
18:32:43:38,3.92,-0.74,0.71
18:32:43:74,4.09,-0.50,1.07
18:32:43:74,4.28,0.51,1.92
18:32:43:127,4.36,1.22,2.19
18:32:43:146,4.33,2.40,2.00
18:32:43:250,4.96,2.63,2.30
18:32:43:286,5.71,2.70,2.73
18:32:43:286,6.26,2.87,2.62
18:32:43:303,6.50,2.40,2.77
18:32:43:394,7.26,1.73,3.20
18:32:43:428,7.59,1.31,3.04
18:32:43:429,8.00,0.99,3.09
18:32:43:429,8.00,1.08,3.19
18:32:43:429,8.00,0.47,3.06
18:32:43:446,8.00,0.36,2.91
18:32:43:446,7.79,0.08,2.84
18:32:43:446,7.32,-0.39,2.47
18:32:43:464,6.62,-1.14,2.10
18:32:43:466,5.73,-1.99,1.66
18:32:43:483,4.94,-2.29,0.95
18:32:43:553,3.45,-2.43,0.18
18:32:43:553,2.82,-3.08,-0.24
18:32:43:553,1.71,-3.35,-1.14
18:32:43:574,0.96,-4.20,-1.56
18:32:43:591,0.68,-3.50,-2.32
18:32:43:591,-0.59,-4.06,-2.59
18:32:43:591,-0.62,-3.84,-1.67
18:32:43:591,-0.36,-2.45,-0.92
18:32:43:591,0.39,-1.65,-0.23
18:32:43:609,2.09,-1.88,0.29
18:32:43:626,2.74,-1.56,0.15
18:32:43:646,3.93,-1.44,-0.26
18:32:43:646,6.18,-1.46,-0.23
18:32:43:646,8.00,-0.42,-0.23
18:32:43:681,8.00,-0.29,-0.76
18:32:43:734,8.00,-0.56,-0.53
18:32:43:770,8.00,-1.54,-0.93
18:32:43:788,8.00,-2.25,-1.15
18:32:43:824,8.00,-2.44,-0.74
18:32:43:858,8.00,-1.99,-0.96
18:32:43:858,8.00,-1.79,-1.25
18:32:43:911,8.00,-1.29,-0.72
18:32:43:927,8.00,-0.95,-0.06
18:32:43:947,8.00,-0.31,0.40
18:32:43:967,8.00,0.32,0.10
18:32:43:967,8.00,1.07,0.19
18:32:43:983,7.74,4.14,0.23
18:32:43:985,5.49,6.10,0.21
18:32:44:3,5.28,8.00,-0.05
18:32:44:3,4.81,7.57,-0.32
18:32:44:21,6.48,4.57,0.67
18:32:44:73,8.00,3.45,0.99
18:32:44:91,8.00,2.37,-0.03
18:32:44:109,8.00,1.45,0.39
18:32:44:109,8.00,0.11,0.63
18:32:44:126,8.00,0.01,-0.66
18:32:44:144,8.00,-0.11,-2.11
18:32:44:144,8.00,-0.96,-2.23
18:32:44:180,8.00,-1.97,-1.76
18:32:44:197,8.00,-2.64,-1.59
18:32:44:217,8.00,-2.47,-1.68
18:32:44:217,8.00,-2.41,-1.17
18:32:44:286,8.00,-2.95,-1.53
18:32:44:304,8.00,-3.15,-2.86
18:32:44:304,7.59,-3.38,-3.91
18:32:44:340,4.67,-2.92,-4.86
18:32:44:340,2.02,-3.18,-5.81
18:32:44:357,0.59,-5.53,-7.71
18:32:44:427,-0.33,-5.15,-7.96
18:32:44:480,-0.18,-2.52,-6.80
18:32:44:496,0.01,-1.53,-6.44
18:32:44:500,-0.19,-4.13,-5.16
18:32:44:518,1.90,-4.91,-4.10
18:32:44:533,3.84,-3.82,-3.23
18:32:44:553,6.87,-2.93,-1.78
18:32:44:570,8.00,-2.66,-0.89
18:32:44:587,8.00,-3.07,-0.37
18:32:44:608,8.00,-2.15,-0.28
18:32:44:642,8.00,-0.57,0.01
18:32:44:691,8.00,1.18,0.02
18:32:44:711,8.00,0.01,0.39
18:32:44:727,8.00,-1.45,0.30
18:32:44:742,8.00,-1.46,-0.16
18:32:44:742,8.00,0.26,-1.07
18:32:44:760,8.00,0.73,-0.45
18:32:44:834,8.00,-0.00,0.51
18:32:44:852,8.00,0.00,0.29
18:32:44:852,8.00,0.74,0.21
18:32:44:869,8.00,2.72,-0.01
18:32:44:886,5.91,4.95,0.07
18:32:44:923,4.43,5.20,-0.19
18:32:44:959,4.48,4.73,-0.26
18:32:44:974,3.33,4.83,-1.42
18:32:45:46,3.64,3.46,-1.04
18:32:45:65,5.73,2.19,-0.57
18:32:45:65,8.00,1.10,-1.03
18:32:45:82,8.00,0.03,-1.18
18:32:45:100,8.00,-0.39,-0.41
18:32:45:118,8.00,-0.15,-0.39
18:32:45:118,8.00,0.09,-1.76
18:32:45:188,8.00,-0.68,-2.24
18:32:45:205,8.00,-1.98,-1.69
18:32:45:223,8.00,-3.27,-1.06
18:32:45:223,8.00,-4.62,-1.17
18:32:45:241,8.00,-4.61,-1.69
18:32:45:258,8.00,-4.17,-1.15
18:32:45:258,8.00,-3.00,0.10
18:32:45:276,7.13,-2.90,-0.29
18:32:45:276,4.97,-3.67,-1.92
18:32:45:327,3.64,-3.85,-4.46
18:32:45:380,2.02,-5.58,-6.07
18:32:45:448,0.25,-4.86,-6.20
18:32:45:448,0.13,-4.37,-5.85
18:32:45:465,0.79,-3.64,-6.05
18:32:45:483,0.22,-5.42,-4.67
18:32:45:483,1.57,-3.83,-3.34
18:32:45:518,3.37,-2.52,-1.96
18:32:45:554,5.79,-2.23,-0.53
18:32:45:571,8.00,-2.01,-0.07
18:32:45:571,8.00,-2.06,0.08
18:32:45:589,8.00,-1.79,0.77
18:32:45:624,8.00,-1.77,0.61
18:32:45:643,8.00,-0.98,0.20
18:32:45:695,8.00,0.01,0.30
18:32:45:746,8.00,-0.01,0.52
18:32:45:764,8.00,-0.42,0.76
18:32:45:798,8.00,-0.01,0.63
18:32:45:816,8.00,-0.34,0.36
18:32:45:834,8.00,-0.54,0.43
18:32:45:852,8.00,-0.49,0.76
18:32:45:870,8.00,0.10,1.50
18:32:45:922,7.75,2.34,1.19
18:32:45:924,6.72,4.10,-0.02
18:32:45:940,5.02,5.56,0.27
18:32:45:940,4.08,4.50,0.96
18:32:45:957,4.13,5.11,0.21
18:32:45:975,4.38,3.69,-0.93
18:32:45:991,5.58,0.97,-0.14
18:32:45:992,7.29,0.40,1.11
18:32:46:10,8.00,0.22,0.55
18:32:46:46,8.00,0.29,0.24
18:32:46:81,8.00,-0.07,0.33
18:32:46:100,8.00,-0.12,-0.03
18:32:46:115,8.00,-0.67,-0.46
18:32:46:117,8.00,-1.38,-0.35
18:32:46:117,8.00,-2.90,-0.01
18:32:46:187,8.00,-3.20,-0.54
18:32:46:187,8.00,-3.07,-0.66
18:32:46:205,8.00,-2.52,-0.16
18:32:46:258,8.00,-2.06,0.03
18:32:46:292,7.10,-2.44,-0.22
18:32:46:293,5.92,-2.94,-0.85
18:32:46:312,4.64,-3.34,-2.06
18:32:46:312,3.32,-2.92,-4.16
18:32:46:330,1.80,-3.53,-5.32
18:32:46:348,0.47,-4.65,-5.15
18:32:46:366,0.21,-4.17,-4.75
18:32:46:437,0.31,-3.18,-4.54
18:32:46:437,-0.10,-3.79,-3.44
18:32:46:473,0.49,-4.87,-2.52
18:32:46:473,1.52,-3.06,-1.80
18:32:46:491,3.79,-2.14,-1.05
18:32:46:525,6.86,-1.50,-0.04
18:32:46:541,8.00,-1.22,0.44
18:32:46:558,8.00,-1.74,0.46
18:32:46:594,8.00,-1.33,0.61
18:32:46:647,8.00,-1.49,0.41
18:32:46:647,8.00,-0.85,-0.22
18:32:46:647,8.00,-0.97,0.03
18:32:46:699,8.00,-1.27,0.29
18:32:46:715,8.00,-1.10,-0.23
18:32:46:734,8.00,-0.84,-0.42
18:32:46:823,8.00,-0.66,0.35
18:32:46:859,8.00,0.18,0.60
18:32:46:876,8.00,0.50,0.37
18:32:46:876,8.00,1.20,0.79
18:32:46:909,7.39,2.77,0.91
18:32:46:928,5.89,5.25,0.44
18:32:46:928,4.19,6.17,0.78
18:32:46:945,4.03,6.23,1.08
18:32:46:981,4.23,6.29,0.22
18:32:46:999,5.60,3.42,-1.27
18:32:47:16,6.52,0.42,-0.15
18:32:47:51,8.00,-0.58,0.99
18:32:47:70,8.00,-0.25,0.28
18:32:47:87,8.00,0.37,0.44
18:32:47:88,8.00,0.08,0.65
18:32:47:159,8.00,-0.39,0.90
18:32:47:177,8.00,-0.42,0.63
18:32:47:195,8.00,-1.26,0.84
18:32:47:195,8.00,-2.32,1.06
18:32:47:213,8.00,-2.80,0.90
18:32:47:231,8.00,-2.83,0.42
18:32:47:248,8.00,-1.91,0.14
18:32:47:304,8.00,-2.43,0.62
18:32:47:356,7.58,-2.38,-0.33
18:32:47:356,6.32,-2.16,-3.54
18:32:47:373,3.54,-3.31,-5.70
18:32:47:391,1.06,-4.67,-6.15
18:32:47:409,0.22,-4.89,-6.36
18:32:47:425,0.13,-3.21,-4.86
18:32:47:443,0.17,-1.49,-3.54
18:32:47:495,-0.00,-0.57,-3.23
18:32:47:567,-0.09,-1.11,-3.72
18:32:47:569,0.72,-3.99,-2.30
18:32:47:587,1.79,-4.45,-0.50
18:32:47:587,2.02,-2.45,0.48
18:32:47:605,5.04,-0.57,1.17
18:32:47:622,6.06,0.66,2.12
18:32:47:641,6.45,-0.10,1.90
18:32:47:694,7.86,-0.16,2.26
18:32:47:712,7.69,0.05,2.51
18:32:47:730,7.70,0.58,2.03
18:32:47:749,8.00,0.35,1.61
18:32:47:766,8.00,0.77,1.02
18:32:47:784,8.00,1.18,0.29
18:32:47:819,7.92,0.24,-0.08
18:32:47:856,8.00,-0.83,-0.31
18:32:47:873,8.00,-0.85,-0.96
18:32:47:908,8.00,-0.36,-1.54
18:32:47:927,8.00,0.21,-1.67
18:32:47:945,8.00,0.29,-1.54
18:32:47:945,7.37,0.04,-1.37
18:32:47:981,7.01,-0.01,-1.13
18:32:47:997,6.40,-0.33,-0.78
18:32:48:65,6.05,-0.69,-0.30
18:32:48:119,5.69,-0.62,0.25
18:32:48:134,6.10,0.40,-0.29
18:32:48:134,5.32,0.70,0.17
18:32:48:134,4.63,-0.13,1.20
18:32:48:165,3.64,-0.01,1.31
18:32:48:165,3.41,0.26,1.16
18:32:48:273,3.68,0.55,1.23
18:32:48:291,3.72,0.65,1.39
18:32:48:311,3.55,0.54,1.61
18:32:48:329,3.64,-0.17,2.07
18:32:48:363,3.75,-0.76,2.24
18:32:48:418,3.83,-0.82,2.31
18:32:48:418,3.91,-0.47,2.46
18:32:48:453,4.45,-0.48,2.50
18:32:48:453,5.33,0.03,2.89
18:32:48:470,5.09,-3.52,3.53
18:32:48:506,4.69,-0.13,3.14
18:32:48:506,4.77,-3.36,1.37
18:32:48:523,4.46,-3.66,1.37
18:32:48:544,4.96,-4.05,1.14
18:32:48:616,4.74,-3.46,0.70
18:32:48:633,4.46,-2.78,0.51
18:32:48:668,4.01,-1.94,0.58
18:32:48:687,3.86,-1.02,0.36
18:32:48:704,3.75,-0.74,0.47
18:32:48:723,4.50,-1.07,0.82
18:32:48:795,3.90,-1.66,1.08
18:32:48:795,3.90,-2.24,0.79
18:32:48:882,3.92,-2.09,0.14
18:32:48:955,4.04,-1.62,-0.31
18:32:49:9,4.27,-1.33,-0.24
18:32:49:43,4.32,-0.78,-0.13
18:32:49:79,4.23,-0.29,-0.21
18:32:49:116,4.06,-0.26,-0.01
18:32:49:134,4.25,-0.44,-0.03
18:32:49:186,4.41,-0.37,-0.18
18:32:49:186,4.57,-0.14,-0.19
18:32:49:205,4.52,0.04,-0.13
18:32:49:222,4.45,0.18,-0.13
18:32:49:348,4.40,0.03,-0.22
18:32:49:366,4.64,-0.08,-0.34
18:32:49:384,4.41,0.15,-0.49
18:32:49:402,4.43,-0.29,-0.39
18:32:49:402,4.62,-0.33,-0.31
18:32:49:419,4.41,-0.06,-0.23
18:32:49:419,4.46,-0.08,-0.03
18:32:49:522,4.39,-0.03,0.04
18:32:49:522,4.29,-0.23,0.12
18:32:49:539,4.33,-0.36,0.29
18:32:49:575,4.26,-0.34,0.42
18:32:49:609,4.11,-0.34,0.59
18:32:49:609,4.08,-0.38,0.71
18:32:49:627,3.83,-0.56,0.89
18:32:49:627,3.80,-0.62,0.96
18:32:49:644,3.80,-0.69,0.97
18:32:49:680,3.80,-0.80,1.00
18:32:49:697,3.89,-0.87,1.06
18:32:49:734,3.94,-0.82,1.23
18:32:49:751,4.08,-0.96,1.27
18:32:49:751,3.97,-0.98,1.30
18:32:49:787,3.90,-1.03,1.34
18:32:49:787,3.66,-0.97,1.47
18:32:49:787,3.48,-0.97,1.45
18:32:49:804,3.27,-1.06,1.41
18:32:49:876,3.18,-1.09,1.28
18:32:49:876,3.26,-1.10,1.30
18:32:49:894,3.49,-1.17,1.33
18:32:49:913,3.70,-1.43,1.39
18:32:49:931,3.68,-1.49,1.30
18:32:49:948,3.69,-1.44,1.20
18:32:50:56,3.80,-1.39,1.13
18:32:50:73,3.85,-1.41,1.03
18:32:50:161,4.05,-1.34,1.01
18:32:50:161,4.08,-1.19,1.03
18:32:50:195,3.87,-0.98,0.89
18:32:50:281,3.67,-0.72,0.73
18:32:50:314,3.55,-0.44,0.61
18:32:50:332,3.65,-0.63,0.55
18:32:50:419,3.85,-0.75,0.62
18:32:50:439,3.94,-0.91,0.77
18:32:50:456,3.90,-0.98,0.82
18:32:50:474,3.77,-0.88,0.79
18:32:50:527,3.74,-0.96,0.80
18:32:50:647,3.73,-1.01,0.81
18:32:50:665,3.79,-1.10,0.77
18:32:50:682,3.96,-1.26,0.81
18:32:50:682,3.96,-1.27,0.89
18:32:50:789,3.94,-1.23,0.80
18:32:50:789,3.92,-1.19,0.81
18:32:50:828,3.74,-1.22,0.95
18:32:50:845,3.75,-0.99,1.20
18:32:50:845,3.97,-1.18,1.25
18:32:50:916,3.81,-1.41,1.12
18:32:50:916,3.75,-1.74,0.87
18:32:50:916,3.76,-1.41,0.76
18:32:50:968,3.71,-1.13,0.66
18:32:50:973,3.81,-1.10,0.60
18:32:50:991,3.81,-0.95,0.61
18:32:51:9,3.82,-0.91,0.69
18:32:51:9,3.82,-0.87,0.68
18:32:51:9,3.85,-1.03,0.62
18:32:51:26,3.95,-1.05,0.60
18:32:51:131,3.93,-1.08,0.56
18:32:51:149,3.89,-1.00,0.60
18:32:51:149,3.91,-1.07,0.56
18:32:51:216,3.82,-1.22,0.58
18:32:51:216,3.85,-1.19,0.68
18:32:51:216,3.85,-0.96,0.76
18:32:51:216,3.88,-0.96,0.95
18:32:51:216,3.83,-1.04,1.06
18:32:51:234,3.79,-1.26,0.88
18:32:51:306,3.84,-1.29,0.66
18:32:51:377,3.84,-1.14,0.64
18:32:51:377,3.89,-1.10,0.61
18:32:51:377,3.83,-1.18,0.62
18:32:51:377,3.84,-1.15,0.63
18:32:51:394,3.86,-1.05,0.67
18:32:51:394,3.83,-1.04,0.76
18:32:51:412,3.82,-1.09,0.76
18:32:51:412,3.82,-1.14,0.76
18:32:51:412,3.81,-1.07,0.74
18:32:51:500,3.82,-1.12,0.73
18:32:51:500,3.83,-1.14,0.72
18:32:51:519,3.86,-1.19,0.68
18:32:51:536,3.84,-1.11,0.67
18:32:51:573,3.78,-1.16,0.74
18:32:51:592,3.78,-1.16,0.76
18:32:51:766,3.78,-1.14,0.72
18:32:51:766,3.83,-1.21,0.69
18:32:51:766,3.82,-1.17,0.67
18:32:51:872,3.83,-1.06,0.70
18:32:51:872,3.83,-1.11,0.70
18:32:51:908,3.81,-1.12,0.77
18:32:51:908,3.83,-1.11,0.76
18:32:51:908,3.83,-1.15,0.74
18:32:51:942,3.83,-1.15,0.72
18:32:51:942,3.82,-1.11,0.68
18:32:51:942,3.83,-1.12,0.74
18:32:51:996,3.85,-1.16,0.72
18:32:51:996,3.80,-1.15,0.73
