18:0:11:317,3.53,0.98,-0.82
18:0:11:317,3.83,0.72,-0.80
18:0:11:317,4.01,0.74,-0.83
18:0:11:317,3.60,0.92,-0.22
18:0:11:317,3.93,0.80,-0.41
18:0:12:269,4.01,0.78,-0.30
18:0:12:269,3.62,0.74,-0.11
18:0:12:269,3.42,0.28,-0.17
18:0:12:269,3.24,-0.17,0.07
18:0:12:269,3.34,-0.14,-1.02
18:0:12:269,4.37,0.32,-0.38
18:0:12:269,4.72,0.48,-1.14
18:0:12:681,3.98,0.27,-0.89
18:0:12:681,3.77,-0.04,-0.80
18:0:12:681,4.36,-0.16,-1.02
18:0:12:681,4.04,-0.12,-0.90
18:0:12:681,3.70,-0.13,-0.91
18:0:12:681,3.53,0.07,-0.95
18:0:13:462,3.56,-0.09,-0.82
18:0:13:462,3.75,-0.12,-0.79
18:0:13:462,3.82,-0.00,-0.73
18:0:13:462,3.93,0.46,-0.80
18:0:13:462,3.88,0.47,-0.76
18:0:13:462,3.94,0.46,-0.80
18:0:13:462,4.16,0.40,-1.09
18:0:13:775,3.98,0.16,-0.87
18:0:13:775,3.71,0.10,-0.79
18:0:13:775,3.60,0.06,-0.71
18:0:13:775,3.69,0.03,-0.93
18:0:13:775,3.70,0.23,-1.01
18:0:13:775,3.90,0.45,-0.95
18:0:13:775,4.03,0.39,-0.88
18:0:16:423,3.79,0.39,-0.84
18:0:16:423,3.98,0.29,-0.92
18:0:16:423,3.78,0.21,-0.97
18:0:16:423,3.83,0.23,-0.94
18:0:16:423,3.81,0.13,-1.11
18:0:16:423,3.73,0.19,-0.99
18:0:16:423,3.82,0.20,-0.99
18:0:16:558,3.78,0.29,-0.93
18:0:16:558,3.82,0.45,-1.08
18:0:16:558,3.87,0.37,-1.07
18:0:16:558,3.83,0.35,-1.00
18:0:16:558,3.72,0.34,-1.07
18:0:16:558,3.80,0.29,-1.07
18:0:16:558,3.78,0.29,-1.10
18:0:16:623,3.80,0.32,-1.12
18:0:16:623,3.80,0.39,-1.11
18:0:16:623,3.79,0.43,-0.98
18:0:16:623,3.83,0.28,-1.06
18:0:16:623,3.84,0.26,-1.14
18:0:16:623,3.77,0.20,-1.19
18:0:16:623,3.78,0.35,-1.13
18:0:16:623,3.89,0.41,-1.08
18:0:16:639,3.81,0.36,-0.98
18:0:16:639,3.87,0.31,-1.29
18:0:16:639,3.79,0.34,-1.08
18:0:16:639,3.68,0.45,-1.03
18:0:16:639,3.81,0.41,-0.93
18:0:16:639,3.77,0.40,-1.11
18:0:16:639,3.77,0.41,-1.03
18:0:16:654,3.73,0.37,-1.00
18:0:16:654,3.74,0.47,-0.99
18:0:16:654,3.76,0.45,-1.03
18:0:16:654,3.73,0.40,-1.00
18:0:16:654,3.73,0.42,-1.00
18:0:16:654,3.72,0.40,-1.01
18:0:16:654,3.73,0.39,-0.98
18:0:17:665,3.77,0.43,-1.02
18:0:17:665,3.78,0.50,-1.05
18:0:17:665,3.72,0.48,-1.03
18:0:17:665,3.78,0.50,-1.03
18:0:17:665,3.78,0.49,-0.99
18:0:17:665,3.73,0.43,-1.04
18:0:17:665,3.76,0.47,-1.06
18:0:17:702,3.88,0.63,-1.17
18:0:17:702,3.79,0.47,-1.05
18:0:17:702,3.76,0.47,-0.93
18:0:17:702,3.85,0.47,-1.16
18:0:17:702,3.83,0.46,-1.07
18:0:17:702,3.83,0.52,-1.03
18:0:17:702,3.81,0.45,-1.06
18:0:17:735,3.79,0.39,-1.11
18:0:17:735,3.76,0.48,-1.04
18:0:17:735,3.69,0.54,-0.99
18:0:17:735,3.77,0.53,-1.10
18:0:17:735,3.69,0.47,-1.08
18:0:17:735,3.69,0.49,-1.09
18:0:17:735,3.80,0.54,-1.10
18:0:17:998,3.79,0.52,-0.99
18:0:17:998,3.80,0.50,-1.03
18:0:17:998,3.78,0.42,-0.98
18:0:17:998,3.83,0.35,-0.97
18:0:17:998,3.79,0.38,-0.88
18:0:17:998,3.89,0.49,-0.92
18:0:17:998,3.90,0.53,-0.87
18:0:18:18,3.84,0.40,-0.92
18:0:18:18,3.84,0.29,-0.96
18:0:18:18,3.90,0.42,-0.90
18:0:18:18,3.89,0.40,-0.85
18:0:18:18,3.86,0.42,-0.79
18:0:18:18,3.78,0.51,-0.85
18:0:18:18,3.81,0.46,-0.90
18:0:18:55,3.77,0.44,-0.93
18:0:18:55,3.81,0.33,-0.87
18:0:18:55,3.83,0.50,-0.88
18:0:18:55,3.79,0.41,-0.87
18:0:18:55,3.83,0.39,-0.76
18:0:18:55,3.83,0.33,-0.74
18:0:18:55,3.78,0.25,-0.75
18:0:18:71,3.84,0.21,-0.75
18:0:18:71,3.75,0.32,-0.67
18:0:18:71,3.86,0.34,-0.69
18:0:18:71,3.90,0.30,-0.75
18:0:18:71,3.83,0.31,-0.78
18:0:18:71,3.79,0.33,-0.77
18:0:18:71,3.82,0.42,-0.75
18:0:18:89,3.89,0.47,-0.75
18:0:18:89,3.83,0.34,-0.78
18:0:18:89,3.82,0.35,-0.79
18:0:18:89,3.79,0.39,-0.80
18:0:18:89,3.85,0.37,-0.86
18:0:18:89,3.79,0.43,-0.78
18:0:18:89,3.83,0.46,-0.81
18:0:18:215,3.88,0.44,-0.87
18:0:18:215,3.86,0.49,-0.86
18:0:18:215,3.84,0.43,-0.90
18:0:18:215,3.79,0.43,-0.83
18:0:18:215,3.83,0.43,-0.83
18:0:18:215,3.92,0.32,-0.92
18:0:18:215,3.84,0.39,-0.83
18:0:18:252,3.82,0.37,-0.87
18:0:18:252,3.91,0.35,-0.87
18:0:18:252,3.87,0.39,-0.86
18:0:18:252,3.85,0.36,-0.87
18:0:18:252,3.85,0.33,-0.88
18:0:18:252,3.81,0.28,-0.88
18:0:18:252,3.92,0.35,-0.80
18:0:18:342,3.83,0.42,-0.81
18:0:18:342,3.85,0.37,-0.82
18:0:18:342,3.89,0.28,-0.91
18:0:18:342,3.80,0.30,-0.88
18:0:18:342,3.78,0.34,-0.86
18:0:18:342,3.82,0.38,-0.81
18:0:18:342,3.84,0.38,-0.79
18:0:18:556,3.86,0.37,-0.81
18:0:18:556,3.85,0.40,-0.85
18:0:18:556,3.84,0.42,-0.84
18:0:18:556,3.77,0.39,-0.84
18:0:18:556,3.82,0.36,-0.81
18:0:18:556,
18:0:18:556,3.75,0.37,-1.05
18:0:18:556,3.77,0.42,-1.08
18:0:18:756,3.73,0.42,-1.06
18:0:18:756,3.73,0.38,-1.09
18:0:18:756,3.76,0.39,-1.08
18:0:18:756,3.73,0.35,-1.02
18:0:18:756,3.78,0.38,-1.12
18:0:18:756,3.77,0.37,-1.10
18:0:18:756,3.77,0.35,-1.10
18:0:18:882,3.77,0.35,-1.03
18:0:18:882,3.77,0.36,-1.04
18:0:18:882,3.80,0.38,-1.02
18:0:18:882,3.77,0.39,-1.00
18:0:18:882,3.75,0.37,-1.11
18:0:18:882,3.74,0.40,-1.03
18:0:18:882,3.77,0.37,-1.04
18:0:18:960,3.77,0.39,-1.04
18:0:18:960,3.81,0.36,-1.05
18:0:18:960,3.76,0.41,-1.06
18:0:18:960,3.77,0.44,-1.02
18:0:18:960,3.78,0.43,-1.02
18:0:18:960,3.75,0.39,-0.99
18:0:18:960,3.75,0.41,-1.02
18:0:19:103,3.84,0.40,-1.03
18:0:19:103,3.81,0.40,-0.97
18:0:19:103,3.83,0.33,-0.97
18:0:19:103,3.83,0.37,-0.99
18:0:19:103,3.91,0.40,-0.97
18:0:19:103,3.85,0.50,-0.94
18:0:19:103,3.77,0.52,-0.90
18:0:19:122,3.82,0.51,-0.92
18:0:19:122,3.93,0.52,-1.25
18:0:19:122,4.08,0.55,-1.17
18:0:19:122,3.93,0.58,-1.09
18:0:19:122,3.89,0.66,-1.03
18:0:19:122,4.13,0.58,-0.97
18:0:19:122,3.94,0.35,-1.00
18:0:19:141,3.65,0.49,-0.60
18:0:19:141,3.64,0.24,-0.90
18:0:19:141,3.64,0.05,-0.95
18:0:19:141,3.91,-0.04,-0.97
18:0:19:141,4.09,0.05,-1.07
18:0:19:141,3.83,0.04,-0.86
18:0:19:141,3.68,-0.03,-0.82
18:0:19:160,3.88,-0.04,-0.81
18:0:19:160,3.69,0.08,-0.78
18:0:19:160,3.77,0.27,-0.63
18:0:19:160,3.65,0.34,-0.55
18:0:19:160,3.76,0.14,-0.47
18:0:19:160,3.75,-0.20,-0.71
18:0:19:160,3.72,-0.14,-0.69
18:0:19:160,3.93,0.11,-0.29
18:0:19:160,4.15,0.44,-0.51
18:0:19:160,3.83,0.61,-0.49
18:0:19:160,3.33,0.95,-0.35
18:0:19:160,3.28,0.92,-0.46
18:0:19:160,3.78,1.01,-0.82
18:0:19:160,4.49,1.28,-0.73
18:0:19:178,4.40,1.25,-0.98
18:0:19:178,3.66,1.13,-0.71
18:0:19:178,3.92,1.09,-1.02
18:0:19:178,3.61,1.13,-1.10
18:0:19:178,3.36,1.01,-0.75
18:0:19:178,3.25,0.92,-0.81
18:0:19:178,3.30,0.87,-0.76
18:0:19:249,3.50,0.75,-0.65
18:0:19:249,4.27,0.45,-1.07
18:0:19:249,4.38,0.31,-0.95
18:0:19:249,3.76,0.61,-1.16
18:0:19:249,3.63,0.87,-0.8.63,-1.28
18:0:19:249,3.72,0.61,-1.23
18:0:19:249,3.76,0.53,-1.27
18:0:19:269,3.69,0.60,-1.19
18:0:19:269,3.52,0.59,-1.09
18:0:19:269,3.61,0.41,-1.19
18:0:19:269,3.70,0.45,-1.23
18:0:19:269,3.76,0.59,-1.08
18:0:19:269,3.85,0.78,-0.91
18:0:19:269,3.74,0.58,-0.88
18:0:19:269,3.63,0.25,-0.88
18:0:19:269,3.74,0.34,-0.93
18:0:19:269,4.02,0.44,-0.81
18:0:19:269,4.02,0.35,-1.08
18:0:19:269,4.13,0.26,-1.21
18:0:19:269,3.89,0.24,-0.98
18:0:19:269,3.65,0.01,-1.12
18:0:19:286,3.74,0.04,-1.15
18:0:19:286,3.63,0.03,-1.20
18:0:19:286,3.67,-0.09,-1.28
18:0:19:286,3.44,-0.26,-0.97
18:0:19:286,3.31,-0.33,-1.07
18:0:19:286,3.54,-0.42,-1.07
18:0:19:286,3.58,-0.26,-1.28
18:0:19:305,3.45,-0.25,-1.18
18:0:19:305,3.47,-0.21,-1.23
18:0:19:305,3.67,-0.27,-1.14
18:0:19:305,3.58,-0.38,-1.23
18:0:19:305,3.95,-0.75,-1.57
18:0:19:305,4.04,-0.22,-1.88
18:0:19:305,3.74,0.77,-1.55
18:0:19:305,3.79,0.11,-1.79
18:0:19:305,5.97,0.84,-0.14
18:0:19:305,7.17,1.35,-2.89
18:0:19:305,4.57,-0.57,-1.13
18:0:19:305,1.39,-0.20,0.56
18:0:19:305,2.22,0.85,-0.17
18:0:19:341,3.76,0.86,-0.61
18:0:19:341,3.93,1.26,-0.22
18:0:19:341,4.03,1.13,-0.56
18:0:19:341,3.48,1.03,-0.66
18:0:19:341,3.57,0.99,-0.52
18:0:19:341,3.54,0.80,-0.94
18:0:19:341,3.88,0.42,-1.43
18:0:19:341,3.57,0.52,-1.20
18:0:19:341,3.21,0.59,-1.12
18:0:19:341,3.21,0.67,-0.97
18:0:19:341,2.80,0.67,-0.88
18:0:19:341,2.59,0.86,-1.10
18:0:19:341,2.93,0.92,-1.31
18:0:19:341,3.36,1.00,-1.37
18:0:19:416,4.25,0.81,-1.01
18:0:19:416,4.88,0.20,-0.99
18:0:19:416,4.97,0.60,-2.50
18:0:19:416,5.49,1.04,-2.58
18:0:19:416,8.00,0.75,-1.45
18:0:19:416,5.73,2.70,-1.20
18:0:19:416,0.92,1.05,0.46
18:0:19:452,0.75,-0.39,-0.31
18:0:19:452,3.32,-0.44,-0.91
18:0:19:452,4.49,-0.23,-0.61
18:0:19:452,5.11,-0.09,-1.40
18:0:19:452,2.89,0.24,-0.13
18:0:19:452,2.96,-0.70,-0.31
18:0:19:452,3.75,-0.10,-0.74
18:0:19:469,3.50,0.36,-1.09
18:0:19:469,3.23,0.38,-1.26
18:0:19:469,3.07,0.28,-1.06
18:0:19:469,2.85,-0.05,-1.11
18:0:19:469,2.73,-0.22,-0.96
18:0:19:469,3.16,-0.10,-1.14
18:0:19:469,3.54,0.19,-1.31
18:0:19:472,4.18,0.58,-0.77
18:0:19:472,4.73,0.55,-1.67
18:0:19:472,4.62,-0.73,-2.50
18:0:19:472,5.00,-1.15,-2.16
18:0:19:472,7.60,2.04,-0.75
18:0:19:472,7.56,1.83,-2.17
18:0:19:472,2.05,-0.50,-0.51
18:0:19:472,-0.69,-0.26,0.28
18:0:19:472,4.22,0.23,-1.00
18:0:19:472,6.03,1.64,-0.66
18:0:19:472,3.18,0.71,-0.80
18:0:19:472,2.72,0.74,-0.41
18:0:19:472,2.89,1.09,-0.32
18:0:19:472,2.93,0.47,-0.89
18:0:19:488,3.60,0.07,-1.59
18:0:19:488,3.75,0.13,-1.52
18:0:19:488,2.77,0.39,-0.86
18:0:19:488,2.96,0.67,-0.77
18:0:19:488,2.81,1.12,-1.21
18:0:19:488,2.84,1.06,-1.35
18:0:19:488,4.04,0.88,-1.62
18:0:19:505,4.89,0.99,-1.18
18:0:19:505,4.79,0.65,-1.30
18:0:19:505,3.89,0.66,-2.73
18:0:19:505,4.42,0.76,-2.48
18:0:19:505,5.61,2.13,-0.30
18:0:19:505,7.27,-0.85,0.26
18:0:19:505,2.57,0.08,0.18
18:0:19:506,2.15,1.24,-0.27
18:0:19:506,4.85,0.80,-1.31
18:0:19:506,3.76,0.03,-0.66
18:0:19:506,3.75,-0.05,-0.72
18:0:19:506,3.17,-0.77,-0.58
18:0:19:506,2.81,-0.76,-0.54
18:0:19:506,3.62,-0.46,-0.99
18:0:19:506,3.34,0.56,-1.25
18:0:19:506,2.74,0.67,-1.01
18:0:19:506,2.67,0.50,-1.14
18:0:19:506,3.09,0.33,-1.15
18:0:19:506,3.22,0.28,-1.19
18:0:19:506,3.11,-0.18,-1.66
18:0:19:506,3.64,-0.09,-1.63
18:0:19:523,4.36,0.60,-1.68
18:0:19:523,4.46,0.99,-1.60
18:0:19:523,4.25,0.57,-2.72
18:0:19:523,5.77,0.03,-1.58
18:0:19:523,7.51,2.23,-1.48
18:0:19:523,7.48,-0.05,-1.94
18:0:19:523,1.76,-1.09,0.43
18:0:19:523,0.13,-0.19,0.13
18:0:19:523,4.59,1.27,-0.64
18:0:19:523,3.86,1.04,-0.97
18:0:19:523,2.99,0.82,-0.58
18:0:19:523,3.05,0.75,-0.34
18:0:19:580,3.00,1.45,-0.15
18:0:19:598,3.24,1.17,-0.69
18:0:19:614,3.69,0.56,-1.46
18:0:19:615,3.32,0.13,-1.65
18:0:19:669,3.15,0.22,-1.40
18:0:19:669,3.58,0.59,-1.10
18:0:19:669,3.42,1.06,-1.02
18:0:19:689,2.95,1.14,-1.88
18:0:19:689,3.39,0.79,-1.63
18:0:19:706,3.62,0.78,-1.85
18:0:19:776,4.32,0.31,-1.52
18:0:19:814,4.64,0.51,-2.36
18:0:19:850,4.00,1.38,-1.50
18:0:19:867,3.93,1.54,-0.99
18:0:19:885,8.00,-2.20,1.69
18:0:19:959,5.30,0.72,-0.26
18:0:19:978,0.46,2.04,0.21
18:0:19:978,4.66,0.68,-0.60
18:0:20:16,3.69,-0.49,-1.00
18:0:20:44,3.56,-0.40,-0.76
18:0:20:50,3.10,-0.79,-0.53
18:0:20:52,2.58,-0.79,-0.59
18:0:20:70,3.41,-0.43,-0.76
18:0:20:120,3.60,0.05,-1.25
18:0:20:140,2.90,0.86,-0.97
18:0:20:158,3.05,0.64,-1.16
18:0:20:158,3.14,0.50,-0.98
18:0:20:158,3.20,0.06,-0.93
18:0:20:228,3.18,-0.31,-1.46
18:0:20:285,3.26,-0.26,-1.63
18:0:20:374,3.89,0.33,-1.54
18:0:20:374,4.67,0.66,-1.40
18:0:20:394,4.43,0.30,-2.31
18:0:20:412,4.87,-0.41,-1.28
18:0:20:427,7.45,3.23,-0.70
18:0:20:429,8.00,1.02,-2.69
18:0:20:521,2.47,-1.08,0.59
18:0:20:521,0.20,-0.76,-0.45
18:0:20:556,5.22,0.68,-0.89
18:0:20:575,3.37,1.40,-0.56
18:0:20:592,2.99,1.31,-0.38
18:0:20:592,3.45,1.17,-0.78
18:0:20:612,2.76,0.93,-0.50
18:0:20:684,2.81,0.51,-1.00
18:0:20:684,3.60,0.21,-1.56
18:0:20:684,3.47,0.24,-1.39
18:0:20:684,3.42,0.46,-1.05
18:0:20:702,3.55,0.43,-1.22
18:0:20:702,3.14,0.65,-1.12
18:0:20:738,3.06,0.90,-1.13
18:0:20:790,3.22,1.35,-1.49
18:0:20:809,3.94,1.04,-1.73
18:0:20:845,4.69,0.43,-1.20
18:0:20:863,4.27,-0.06,-1.44
18:0:20:863,3.92,0.82,-2.30
18:0:20:863,4.92,0.88,-1.38
18:0:20:917,8.00,0.16,-0.24
18:0:20:934,4.39,0.96,0.36
18:0:20:937,0.37,1.05,0.31
18:0:20:937,4.02,0.25,-0.44
18:0:20:955,4.38,-0.46,-1.06
18:0:21:26,3.66,-0.22,-0.61
18:0:21:43,3.33,-0.39,-0.62
18:0:21:47,2.82,-0.72,-0.60
18:0:21:65,3.25,-0.57,-0.92
18:0:21:65,3.59,-0.12,-1.15
18:0:21:82,3.47,0.35,-1.16
18:0:21:101,3.17,0.48,-1.22
18:0:21:119,3.35,0.44,-1.29
18:0:21:135,3.20,0.20,-1.17
18:0:21:137,2.88,0.19,-1.09
18:0:21:174,2.84,0.04,-1.64
18:0:21:209,3.79,0.08,-1.60
18:0:21:225,4.84,0.83,-1.64
18:0:21:264,4.36,1.05,-1.95
18:0:21:265,4.03,0.01,-2.34
18:0:21:265,6.01,0.21,-0.99
18:0:21:299,7.79,1.48,-2.55
18:0:21:317,5.72,-0.43,-0.36
18:0:21:317,0.00,-0.17,0.83
18:0:21:335,2.55,0.36,-0.45
18:0:21:439,5.17,1.28,-1.34
18:0:21:456,3.45,1.17,-0.95
18:0:21:475,3.10,0.80,-0.89
18:0:21:475,3.22,1.37,-0.70
18:0:21:566,3.10,1.63,-0.30
18:0:21:601,3.51,0.98,-1.02
18:0:21:619,3.81,0.23,-1.59
18:0:21:653,3.09,0.04,-1.36
18:0:21:670,3.17,0.30,-1.04
18:0:21:670,3.29,0.72,-0.98
18:0:21:670,2.98,0.93,-0.87
18:0:21:689,2.75,0.89,-1.49
18:0:21:787,3.40,0.63,-1.69
18:0:21:787,4.16,0.91,-1.72
18:0:21:787,4.74,0.72,-1.52
18:0:21:804,4.71,0.33,-2.04
18:0:21:821,5.39,0.41,-1.20
18:0:21:838,8.00,0.15,-1.11
18:0:21:874,4.67,1.85,0.27
18:0:21:928,0.67,0.88,0.15
18:0:21:950,3.34,0.18,-0.28
18:0:21:964,4.06,-0.58,-0.85
18:0:21:982,3.69,-0.43,-0.63
18:0:22:1,3.78,-0.24,-0.56
18:0:22:7,3.14,-0.20,-0.40
18:0:22:12,3.31,-0.56,-0.63
18:0:22:12,3.69,-0.22,-1.15
18:0:22:30,3.50,0.09,-1.09
18:0:22:49,3.37,0.30,-1.14
18:0:22:101,3.26,0.21,-1.11
18:0:22:137,3.05,0.11,-1.04
18:0:22:171,3.19,0.11,-1.21
18:0:22:188,3.04,-0.15,-1.13
18:0:22:188,3.12,-0.20,-1.34
18:0:22:206,3.95,0.24,-1.45
18:0:22:206,4.33,1.07,-1.12
18:0:22:224,3.82,1.17,-1.79
18:0:22:224,4.42,0.33,-1.37
18:0:22:294,6.34,2.67,-0.32
18:0:22:294,8.00,0.28,-3.17
18:0:22:313,5.29,-1.52,0.66
18:0:22:313,0.02,-0.80,-0.21
18:0:22:329,4.16,0.92,-0.21
18:0:22:330,3.91,1.52,-1.11
18:0:22:330,3.01,1.74,-0.11
18:0:22:348,3.07,0.81,-0.84
18:0:22:383,3.19,0.93,-0.52
18:0:22:383,3.11,0.93,-0.78
18:0:22:400,3.57,0.67,-1.16
18:0:22:401,3.48,0.52,-1.29
18:0:22:437,3.63,0.69,-0.90
18:0:22:472,3.67,0.84,-0.76
18:0:22:526,3.56,0.61,-1.14
18:0:22:559,3.30,0.45,-1.23
18:0:22:562,2.96,0.85,-1.12
18:0:22:580,3.00,1.01,-1.29
18:0:22:615,3.71,0.75,-1.55
18:0:22:667,4.67,0.38,-1.09
18:0:22:685,4.05,0.21,-0.41
18:0:22:685,2.87,0.71,-1.59
18:0:22:722,3.82,1.31,-1.48
18:0:22:740,4.87,0.56,-1.46
18:0:22:758,8.00,-1.32,-0.90
18:0:22:758,6.14,0.93,-0.31
18:0:22:828,0.92,0.62,0.00
18:0:22:829,3.87,0.49,-0.41
18:0:22:830,3.87,0.21,-1.00
18:0:22:863,3.58,-0.06,-0.47
18:0:22:935,3.69,-0.49,-0.53
18:0:22:935,3.41,-0.53,-0.41
18:0:22:952,3.29,-0.08,-0.72
18:0:23:6,3.45,0.74,-0.66
18:0:23:6,3.60,0.85,-0.75
18:0:23:42,3.63,0.77,-0.92
18:0:23:92,3.52,0.48,-1.06
18:0:23:97,3.56,0.25,-0.90
18:0:23:114,3.54,0.08,-1.37
18:0:23:130,3.22,0.39,-1.28
18:0:23:132,3.47,0.38,-1.22
18:0:23:203,4.36,-0.20,-0.76
18:0:23:238,4.19,-0.01,-0.78
18:0:23:343,3.54,1.25,-0.85
18:0:23:343,3.45,1.32,-0.95
18:0:23:360,3.68,0.94,-1.96
18:0:23:378,3.83,-0.07,-2.06
18:0:23:397,4.40,-0.77,-1.66
18:0:23:432,4.94,-0.91,-1.10
18:0:23:451,3.89,-0.14,-1.31
18:0:23:486,3.60,0.97,-0.75
18:0:23:486,4.07,1.62,-0.38
18:0:23:503,4.43,1.79,-0.51
18:0:23:576,3.57,1.26,-1.01
18:0:23:594,3.83,0.83,-1.35
18:0:23:612,3.79,0.81,-1.24
18:0:23:629,3.55,0.87,-1.28
18:0:23:645,3.56,1.18,-1.26
18:0:23:663,3.59,0.91,-1.28
18:0:23:663,3.51,0.60,-1.25
18:0:23:767,3.53,0.30,-1.38
18:0:24:169,3.42,0.25,-1.56
18:0:24:273,3.77,0.54,-1.30
18:0:24:290,3.52,0.69,-0.88
18:0:24:292,3.82,0.58,-1.18
18:0:24:615,4.04,0.18,-1.41
18:0:24:976,3.97,0.47,-1.26
18:0:25:64,3.71,0.62,-0.93
18:0:25:441,3.69,0.77,-1.22
18:0:25:569,3.42,0.58,-1.50
18:0:26:292,3.59,0.59,-1.39
18:0:27:433,3.62,0.76,-1.43
18:0:27:579,3.55,0.56,-1.05
18:0:27:598,3.77,0.32,-1.31
18:0:27:615,3.62,0.48,-1.27
18:0:27:756,3.46,0.44,-1.15
18:0:27:756,3.92,0.16,-1.09
18:0:27:756,4.15,-0.24,-0.75
18:0:27:756,3.90,-0.20,-0.50
18:0:27:756,3.62,-0.23,-0.65
18:0:27:756,3.45,-0.32,-0.64
18:0:28:416,3.89,-0.38,-0.61
18:0:28:416,4.16,-0.20,-0.70
18:0:28:416,4.33,-0.08,-0.72
18:0:28:416,4.29,-0.17,-0.64
18:0:28:416,4.00,-0.06,-0.96
18:0:28:416,4.02,-0.19,-0.98
18:0:28:416,3.94,-0.28,-1.10
18:0:28:468,3.98,-0.28,-1.03
18:0:28:468,3.75,-0.25,-0.99
18:0:28:468,3.61,-0.12,-0.77
18:0:28:596,3.59,-0.05,-0.89
18:0:28:830,3.56,-0.04,-1.00
18:0:28:830,3.77,-0.17,-0.95
18:0:29:28,3.78,-0.02,-0.94
18:0:29:28,3.77,0.06,-0.91
18:0:29:28,4.04,0.15,-0.94
18:0:29:28,4.00,0.04,-0.88
18:0:29:28,3.79,-0.26,-0.87
18:0:29:28,3.60,0.05,-1.04
18:0:29:118,3.80,-0.16,-0.95
18:0:29:118,3.84,-0.09,-0.80
18:0:29:118,3.99,-0.11,-0.64
18:0:29:118,3.99,0.07,-0.52
18:0:29:118,3.37,0.48,-0.83
18:0:29:118,3.47,1.24,-0.51
18:0:29:118,4.19,1.34,-0.82
18:0:29:564,4.43,0.94,-1.57
18:0:29:564,4.01,0.72,-1.07
18:0:29:564,3.75,0.76,-0.86
18:0:29:564,3.69,0.77,-0.78
18:0:29:564,3.39,0.65,-0.82
18:0:29:564,3.56,0.57,-1.01
18:0:29:564,3.38,0.48,-0.89
18:0:29:863,3.47,0.68,-0.86
18:0:29:863,3.96,0.55,-1.06
18:0:29:863,4.27,0.14,-0.93
18:0:29:863,3.98,0.21,-0.93
18:0:29:863,3.75,0.52,-0.81
18:0:29:863,3.68,0.44,-0.99
18:0:29:863,3.80,0.42,-1.00
18:0:29:863,3.98,0.46,-0.84
18:0:29:920,3.77,0.42,-0.83
18:0:29:920,3.89,0.33,-0.83
18:0:29:920,3.84,0.40,-1.12
18:0:29:920,3.76,0.37,-1.24
18:0:29:920,3.69,0.47,-1.14
18:0:29:920,3.83,0.47,-1.16
18:0:29:920,3.81,0.38,-1.13
18:0:30:244,3.82,0.39,-1.26
18:0:30:244,3.88,0.42,-1.06
18:0:30:244,3.75,0.41,-1.07
18:0:30:244,3.68,0.50,-1.15
18:0:30:244,3.83,0.30,-1.33
18:0:30:244,3.82,0.21,-1.39
18:0:30:244,3.66,0.46,-1.19
18:0:30:456,3.63,0.46,-1.19
18:0:30:456,3.78,0.42,-1.16
18:0:30:456,3.79,0.25,-1.18
18:0:30:456,3.69,0.24,-1.19
18:0:30:456,3.59,0.31,-1.13
18:0:30:456,3.68,0.41,-1.11
18:0:30:456,3.70,0.40,-1.15
18:0:30:674,3.68,0.37,-1.23
18:0:30:674,3.68,0.37,-1.30
18:0:30:674,3.65,0.39,-1.33
18:0:30:674,3.61,0.33,-1.36
18:0:30:674,3.69,0.25,-1.44
18:0:30:674,3.68,0.30,-1.47
18:0:30:674,3.63,0.45,-1.53
18:0:30:816,3.68,0.50,-1.62
18:0:30:816,3.75,0.53,-1.53
18:0:30:816,3.63,0.52,-1.40
18:0:30:816,3.72,0.48,-1.45
18:0:30:816,3.79,0.45,-1.47
18:0:30:816,3.63,0.44,-1.44
18:0:30:816,3.75,0.51,-1.40
18:0:30:852,3.66,0.42,-1.33
18:0:30:852,3.65,0.46,-1.26
18:0:30:852,3.79,0.51,-1.38
18:0:30:852,3.65,0.41,-1.43
18:0:30:852,3.61,0.48,-1.24
18:0:30:852,3.56,0.39,-1.43
18:0:30:852,3.77,0.42,-1.50
18:0:30:852,3.77,0.48,-1.51
18:0:30:852,3.77,0.38,-1.62
18:0:30:852,4.13,0.39,-1.62
18:0:30:852,3.91,0.30,-1.48
18:0:30:852,3.66,0.52,-1.42
18:0:30:852,3.45,0.87,-1.27
18:0:30:852,3.46,0.68,-0.97
18:0:30:960,3.53,0.35,-1.03
18:0:30:960,3.59,0.37,-0.92
18:0:30:960,3.54,0.61,-0.86
18:0:30:960,3.62,0.61,-0.93
18:0:30:960,3.42,0.47,-0.71
18:0:30:960,3.60,0.24,-1.00
18:0:30:960,4.19,0.24,-1.05
18:0:31:17,4.30,0.54,-1.03
18:0:31:17,4.10,0.74,-0.87
18:0:31:17,3.83,0.49,-1.11
18:0:31:17,3.84,0.48,-0.96
18:0:31:17,3.91,0.28,-1.02
18:0:31:17,3.90,-0.01,-0.97
18:0:31:17,3.66,-0.02,-0.90
18:0:31:165,3.37,-0.20,-0.93
18:0:31:165,3.45,-0.16,-1.06
18:0:31:165,3.59,0.10,-1.26
18:0:31:165,3.44,0.17,-1.17
18:0:31:165,3.51,0.13,-1.18
18:0:31:165,3.79,0.12,-1.14
18:0:31:165,3.68,0.04,-1.22
18:0:31:182,3.45,-0.04,-1.13
18:0:31:182,3.50,-0.06,-1.05
18:0:31:182,3.52,-0.07,-1.21
18:0:31:182,3.55,-0.24,-1.12
18:0:31:182,3.89,-0.41,-1.35
18:0:31:182,4.22,-0.31,-1.69
18:0:31:182,4.01,-0.16,-1.62
18:0:31:219,3.74,0.19,-2.02
18:0:31:219,4.52,-0.16,-1.72
18:0:31:219,6.90,2.48,0.80
18:0:31:219,7.23,0.66,-2.70
18:0:31:219,3.02,-2.56,-0.94
18:0:31:219,1.89,0.42,0.69
18:0:31:219,5.14,1.17,-0.12
18:0:31:327,3.08,0.10,-0.10
18:0:31:327,3.16,0.17,-0.02
18:0:31:327,3.82,0.79,-0.40
18:0:31:327,3.41,0.70,-0.41
18:0:31:327,3.44,0.75,-0.29
18:0:31:327,3.60,0.53,-0.43
18:0:31:327,3.28,0.63,-0.66
18:0:31:375,3.31,0.57,-0.60
18:0:31:375,3.49,0.72,-0.79
18:0:31:375,3.11,0.90,-0.45
18:0:31:375,2.96,0.75,-0.92
18:0:31:375,3.10,0.46,-1.08
18:0:31:375,3.00,0.54,-1.51
18:0:31:375,3.32,1.04,-1.36
18:0:31:375,3.67,1.22,-1.13
18:0:31:375,4.62,1.20,-1.26
18:0:31:375,5.24,0.66,-1.91
18:0:31:375,4.55,0.55,-2.47
18:0:31:375,5.06,1.31,-1.25
18:0:31:375,8.00,-1.00,-0.22
18:0:31:375,6.10,0.67,0.28
18:0:31:484,-0.40,1.15,-0.07
18:0:31:484,3.22,0.72,-0.07
18:0:31:484,4.89,0.01,-1.20
18:0:31:484,3.41,0.08,-0.42
18:0:31:484,3.59,-0.43,-0.41
18:0:31:484,2.80,-0.70,-0.40
18:0:31:484,3.01,-0.37,-0.31
18:0:31:503,3.25,0.28,-0.83
18:0:31:503,3.30,0.39,-0.99
18:0:31:503,3.05,0.43,-1.21
18:0:31:503,3.06,0.28,-1.13
18:0:31:503,2.91,-0.01,-1.08
18:0:31:503,2.71,-0.15,-1.31
18:0:31:503,3.08,-0.11,-1.30
18:0:31:503,4.41,-0.33,-0.52
18:0:31:503,4.66,0.06,-1.34
18:0:31:503,3.86,0.42,-2.68
18:0:31:503,5.73,0.46,-0.19
18:0:31:503,8.00,3.40,-2.34
18:0:31:503,8.00,-0.67,-3.58
18:0:31:520,0.93,-2.11,0.41
18:0:31:520,-1.52,-0.02,0.29
18:0:31:520,5.17,1.16,-0.70
18:0:31:520,4.05,1.43,-1.10
18:0:31:520,2.88,0.79,-0.74
18:0:31:520,3.24,0.94,-0.35
18:0:31:520,2.42,1.06,-0.18
18:0:31:536,2.72,0.72,-0.59
18:0:31:536,3.67,0.18,-1.19
18:0:31:536,3.72,0.12,-1.52
18:0:31:536,3.34,0.55,-1.03
18:0:31:536,3.31,0.66,-0.99
18:0:31:536,3.38,0.63,-1.10
18:0:31:536,3.10,1.02,-1.29
18:0:31:681,3.34,1.24,-1.90
18:0:31:681,4.83,1.75,-1.58
18:0:31:681,4.50,0.58,-1.33
18:0:31:681,3.97,-0.40,-2.08
18:0:31:681,5.95,0.06,-1.09
18:0:31:681,5.71,1.03,-1.17
18:0:31:681,5.87,0.68,0.67
18:0:31:681,3.19,0.78,0.34
18:0:31:913,2.97,0.41,-0.19
18:0:31:913,3.55,0.35,-1.03
18:0:31:913,3.63,0.30,-1.09
18:0:31:913,3.80,0.00,-0.95
18:0:31:913,3.23,-0.54,-0.73
18:0:31:913,2.90,-0.78,-0.63
18:0:32:115,3.53,-0.23,-0.87
18:0:32:115,3.50,0.26,-1.15
18:0:32:115,3.43,0.54,-1.15
18:0:32:115,2.98,0.53,-1.12
18:0:32:115,2.84,0.35,-1.00
18:0:32:115,2.91,0.02,-1.09
18:0:32:115,2.90,-0.20,-1.35
18:0:32:440,3.10,-0.24,-1.74
18:0:32:440,4.19,-0.00,-1.45
18:0:32:440,4.76,1.10,-1.65
18:0:32:440,3.91,1.42,-2.22
18:0:32:440,5.05,0.33,-1.94
18:0:32:440,7.72,2.04,-1.14
18:0:32:440,8.00,0.67,-3.76
18:0:32:799,3.03,-1.77,0.52
18:0:32:799,-1.45,-0.65,0.49
18:0:32:799,4.59,0.65,-0.28
18:0:32:799,4.35,1.07,-1.03
18:0:32:799,3.02,0.93,-0.33
18:0:32:799,3.22,0.84,-0.36
18:0:32:799,3.01,1.09,-0.25
18:0:32:924,3.05,0.79,-0.73
18:0:32:924,3.73,0.48,-1.45
18:0:32:924,3.40,0.17,-1.46
18:0:32:924,3.11,0.43,-1.09
18:0:32:924,3.38,0.84,-0.88
18:0:32:924,3.18,0.94,-0.81
18:0:32:924,2.83,0.91,-1.44
18:0:32:942,2.86,0.98,-1.65
18:0:32:942,3.99,0.82,-1.45
18:0:32:942,4.54,0.11,-1.80
18:0:32:942,4.37,-0.28,-2.41
18:0:32:942,4.61,0.38,-2.06
18:0:32:942,4.88,2.15,-0.59
18:0:32:942,8.00,-1.02,0.48
18:0:32:942,4.35,1.37,0.43
18:0:33:14,1.29,1.70,0.06
18:0:33:14,4.64,0.70,-0.68
18:0:33:14,3.71,-0.07,-1.11
18:0:33:14,3.48,-0.33,-0.70
18:0:33:14,3.11,-0.71,-0.76
18:0:33:14,2.71,-0.40,-0.72
18:0:33:100,3.27,-0.46,-0.87
18:0:33:100,3.67,0.05,-1.04
18:0:33:100,3.13,0.54,-1.01
18:0:33:100,2.83,0.44,-1.04
18:0:33:100,3.11,0.58,-1.03
18:0:33:100,3.19,0.41,-1.25
18:0:33:100,3.21,-0.07,-1.23
18:0:33:100,3.21,-0.43,-1.65
18:0:33:100,3.62,-0.37,-2.11
18:0:33:100,4.86,0.87,-1.71
18:0:33:100,4.20,1.20,-1.93
18:0:33:100,3.52,-0.21,-2.46
18:0:33:100,5.76,-0.25,-0.79
18:0:33:100,8.00,2.89,-1.81
18:0:33:118,8.00,0.46,-1.27
18:0:33:118,-0.37,-1.62,0.73
18:0:33:118,2.03,-0.32,-0.14
18:0:33:118,5.85,1.34,-1.20
18:0:33:118,3.01,1.34,-0.39
18:0:33:118,2.76,0.97,-0.61
18:0:33:118,3.01,1.23,-0.57
18:0:33:134,2.75,0.94,-0.42
18:0:33:134,3.09,0.46,-1.02
18:0:33:134,3.76,0.02,-1.46
18:0:33:134,3.23,0.00,-1.13
18:0:33:134,3.28,0.45,-0.66
18:0:33:134,3.53,0.52,-0.93
18:0:33:134,3.08,0.57,-1.30
18:0:33:152,2.94,0.99,-1.70
18:0:33:152,3.73,1.21,-1.46
18:0:33:152,4.26,1.14,-1.84
18:0:33:152,4.72,0.63,-0.99
18:0:33:152,3.92,0.11,-1.85
18:0:33:152,4.95,0.53,-1.25
18:0:33:152,6.75,0.09,-0.85
18:0:33:169,7.57,0.57,-1.18
18:0:33:169,1.94,1.35,0.96
18:0:33:169,2.83,0.89,-0.28
18:0:33:169,3.99,0.23,-1.00
18:0:33:169,3.30,-0.09,-0.74
18:0:33:169,3.55,-0.51,-0.71
18:0:33:169,2.98,-0.87,-0.51
18:0:33:187,2.88,-0.56,-0.43
18:0:33:187,3.51,-0.47,-0.70
18:0:33:187,3.36,-0.07,-1.11
18:0:33:187,2.97,0.53,-1.09
18:0:33:187,3.21,0.63,-1.19
18:0:33:187,3.29,0.52,-1.19
18:0:33:187,3.20,0.06,-1.19
18:0:33:205,3.25,-0.24,-1.53
18:0:33:205,3.25,-0.11,-1.55
18:0:33:205,3.16,0.01,-1.58
18:0:33:205,4.06,-0.03,-1.77
18:0:33:205,5.09,0.74,-1.55
18:0:33:205,3.92,0.97,-2.37
18:0:33:205,4.05,-0.06,-2.74
18:0:33:221,6.00,-0.39,-1.32
18:0:33:221,7.77,3.26,-1.56
18:0:33:221,5.73,0.53,0.40
18:0:33:221,1.05,-1.47,-0.37
18:0:33:221,3.99,0.12,-0.12
18:0:33:221,4.18,0.33,-1.22
18:0:33:221,3.58,1.23,-0.56
18:0:33:295,3.42,1.53,-0.51
18:0:33:295,3.02,1.03,-0.40
18:0:33:295,2.56,0.72,-0.70
18:0:33:295,2.90,0.63,-1.15
18:0:33:295,3.35,0.20,-1.34
18:0:33:295,2.80,0.14,-0.99
18:0:33:295,3.13,0.27,-1.03
18:0:33:331,2.83,0.58,-1.37
18:0:33:331,2.53,0.80,-1.72
18:0:33:331,3.63,0.69,-1.61
18:0:33:331,4.27,0.65,-1.68
18:0:33:331,4.31,0.79,-1.66
18:0:33:331,4.04,0.89,-2.02
18:0:33:331,3.92,0.73,-2.01
18:0:33:348,5.30,-0.02,-1.87
18:0:33:348,7.35,-0.63,-0.31
18:0:33:348,6.75,1.24,-0.41
18:0:33:348,1.19,1.55,0.59
18:0:33:348,3.49,1.07,-0.20
18:0:33:348,4.05,-0.10,-1.09
18:0:33:348,3.53,-0.50,-0.85
18:0:33:348,3.83,-0.67,-0.85
18:0:33:348,2.98,-0.64,-0.60
18:0:33:348,2.93,-0.29,-0.73
18:0:33:348,3.48,-0.07,-1.04
18:0:33:348,3.49,0.13,-1.15
18:0:33:348,3.40,0.46,-0.98
18:0:33:348,3.20,0.42,-1.18
18:0:33:365,3.18,0.44,-1.18
18:0:33:365,3.11,0.18,-1.26
18:0:33:365,2.96,-0.15,-1.22
18:0:33:365,2.87,-0.34,-1.67
18:0:33:365,3.42,-0.26,-1.64
18:0:33:365,4.50,0.29,-1.36
18:0:33:365,3.99,0.85,-1.57
18:0:33:382,3.48,-0.25,-1.90
18:0:33:382,5.30,-0.22,-1.91
18:0:33:382,8.00,2.77,-1.68
18:0:33:382,8.00,0.61,-2.26
18:0:33:382,2.09,-1.47,0.09
18:0:33:382,1.32,0.09,0.42
18:0:33:382,4.59,1.39,-1.02
18:0:33:382,3.60,1.35,-0.73
18:0:33:382,3.24,1.25,-0.51
18:0:33:382,3.00,0.95,-0.66
18:0:33:382,3.00,1.04,-0.70
18:0:33:382,3.46,0.80,-0.87
18:0:33:382,3.83,0.31,-1.19
18:0:33:382,3.89,0.10,-1.20
18:0:33:448,3.48,0.17,-0.92
18:0:33:448,3.39,0.29,-0.99
18:0:33:448,3.13,0.43,-1.05
18:0:33:448,2.80,0.39,-1.02
18:0:33:448,2.94,0.60,-1.12
18:0:33:448,3.10,0.53,-1.22
18:0:33:448,4.01,0.67,-1.22
18:0:33:827,4.27,0.78,-0.78
18:0:33:827,3.55,0.79,-1.13
18:0:33:827,3.26,0.70,-1.35
18:0:33:827,6.66,-0.62,-2.14
18:0:33:827,7.74,2.31,-3.21
18:0:33:827,1.96,1.64,-0.03
18:0:33:827,0.14,-0.01,0.08
18:0:33:914,5.18,-1.64,-0.05
18:0:33:914,6.61,-1.29,-1.83
18:0:33:914,3.40,0.06,-0.48
18:0:33:914,2.76,-0.03,-0.42
18:0:33:914,4.02,-0.38,-1.07
18:0:33:914,3.89,-0.18,-1.04
18:0:33:914,3.89,0.11,-1.14
18:0:33:916,3.78,0.23,-1.23
18:0:33:916,3.29,0.20,-1.04
18:0:33:916,3.48,0.20,-1.20
18:0:33:916,3.63,0.19,-1.08
18:0:33:916,3.49,0.07,-1.06
18:0:33:916,3.61,0.19,-1.40
18:0:33:916,3.66,0.11,-1.47
18:0:33:986,3.71,0.17,-1.36
18:0:33:986,3.75,0.36,-1.32
18:0:34:41,3.76,0.48,-1.33
18:0:34:169,3.70,0.33,-1.41
18:0:34:204,3.49,0.07,-1.52
18:0:34:259,3.75,0.16,-1.44
18:0:34:420,3.66,0.57,-1.12
18:0:34:562,3.61,0.39,-1.23
18:0:34:562,4.15,1.39,-0.78
18:0:34:562,4.28,1.50,-0.74
18:0:34:597,4.24,0.60,-0.63
18:0:34:615,3.82,0.14,-0.89
18:0:34:615,3.71,0.55,-0.80
18:0:34:615,3.95,0.85,-0.81
18:0:34:651,3.45,0.82,-0.93
18:0:34:707,2.94,0.89,-0.64
18:0:34:919,3.41,1.23,-0.86
18:0:34:919,3.57,1.08,-1.20
18:0:34:919,3.49,0.93,-2.03
18:0:34:919,3.42,1.02,-1.98
18:0:34:919,3.32,1.35,-1.71
18:0:34:919,3.46,1.22,-1.77
18:0:34:919,3.42,1.34,-1.74
18:0:35:351,3.48,1.77,-1.42
18:0:35:351,3.55,1.82,-1.49
18:0:35:351,3.41,1.69,-1.30
18:0:35:351,3.36,1.43,-1.35
18:0:35:351,3.49,1.60,-1.19
18:0:35:351,3.26,1.56,-1.32
18:0:35:351,3.50,1.48,-1.28
18:0:35:492,3.41,1.46,-1.31
18:0:35:492,3.55,1.71,-1.36
18:0:35:492,3.25,1.50,-1.47
18:0:35:492,3.40,1.63,-1.36
18:0:35:492,3.57,1.84,-1.41
18:0:35:492,3.58,1.92,-1.28
18:0:35:614,3.55,1.64,-1.25
18:0:35:614,3.57,1.09,-1.27
18:0:35:614,3.56,0.93,-1.51
18:0:35:648,3.67,1.29,-1.01
18:0:35:667,3.72,1.01,-1.17
18:0:35:667,3.76,0.81,-1.05
18:0:35:667,3.85,0.73,-0.79
18:0:35:667,4.06,0.36,-0.59
18:0:35:667,4.12,0.09,-0.66
18:0:35:667,4.27,-0.01,-0.71
18:0:35:684,4.17,0.24,-0.90
18:0:35:701,4.23,0.19,-0.91
18:0:35:720,4.06,0.10,-0.91
18:0:35:720,3.79,-0.22,-0.98
18:0:35:880,3.60,-0.25,-0.95
18:0:35:880,3.51,-0.04,-0.98
18:0:35:880,3.67,-0.18,-0.86
18:0:35:880,3.54,0.31,-0.72
18:0:35:880,3.69,0.49,-0.95
18:0:35:880,3.60,0.57,-0.66
18:0:35:986,3.77,0.42,-0.77
18:0:35:986,4.04,0.37,-0.88
18:0:35:986,3.63,0.33,-0.96
18:0:35:986,3.66,0.43,-0.88
18:0:35:986,3.85,0.66,-0.90
18:0:35:986,4.03,0.78,-1.09
18:0:35:986,3.45,0.19,-1.01
18:0:36:38,3.45,-0.04,-1.11
18:0:36:56,3.86,0.17,-1.17
18:0:36:201,3.84,0.51,-0.93
18:0:36:219,3.98,0.67,-0.88
18:0:36:254,3.94,0.55,-0.99
18:0:36:254,3.70,0.29,-0.99
18:0:36:540,3.72,0.24,-1.06
18:0:36:540,3.77,0.16,-1.26
18:0:36:540,3.92,0.17,-1.24
18:0:36:540,3.86,0.08,-1.25
18:0:36:540,3.86,0.14,-1.16
18:0:36:540,3.74,0.04,-1.33
18:0:36:540,3.76,0.36,-1.38
18:0:36:576,3.67,0.33,-1.38
18:0:36:576,3.61,0.14,-1.34
18:0:36:576,3.66,0.27,-1.40
18:0:36:576,3.70,0.36,-1.33
18:0:36:576,3.69,0.31,-1.35
18:0:36:576,3.71,0.29,-1.36
18:0:36:576,3.79,0.29,-1.36
18:0:36:948,3.69,0.36,-1.32
18:0:36:948,3.68,0.32,-1.26
18:0:36:948,3.60,0.33,-1.28
18:0:36:948,3.55,0.34,-1.39
18:0:36:948,3.76,0.38,-1.36
18:0:36:948,3.81,0.36,-1.24
18:0:36:948,3.56,0.64,-1.33
18:0:37:91,3.75,0.94,-1.36
18:0:37:91,3.53,0.75,-1.39
18:0:37:91,3.57,0.61,-1.47
18:0:37:91,3.66,0.48,-1.35
18:0:37:91,3.63,0.39,-1.32
18:0:37:91,3.74,0.28,-1.42
18:0:37:91,3.95,0.57,-1.46
18:0:37:127,3.57,0.66,-1.39
18:0:37:127,3.65,0.61,-1.35
18:0:37:127,3.57,0.39,-1.45
18:0:37:127,3.60,0.46,-1.38
18:0:37:127,3.67,0.45,-1.38
18:0:37:127,3.72,0.41,-1.43
18:0:37:127,3.75,0.45,-1.53
18:0:37:145,3.62,0.51,-1.46
18:0:37:145,3.58,0.56,-1.49
18:0:37:145,3.74,0.54,-1.48
18:0:37:145,3.67,0.45,-1.29
18:0:37:145,3.62,0.55,-1.35
18:0:37:145,3.69,0.50,-1.37
18:0:37:200,3.55,0.53,-1.27
18:0:37:290,3.67,0.49,-1.39
18:0:37:290,3.73,0.42,-1.32
18:0:37:290,3.62,0.43,-1.30
18:0:37:290,3.70,0.48,-1.37
18:0:37:290,3.70,0.47,-1.28
18:0:37:290,3.73,0.37,-1.27
18:0:37:290,3.70,0.39,-1.31
18:0:37:310,3.70,0.41,-1.31
18:0:37:310,3.75,0.54,-1.33
18:0:37:310,3.74,0.46,-1.24
18:0:37:310,3.63,0.46,-1.51
18:0:37:310,3.72,0.53,-1.36
18:0:37:310,3.70,0.33,-1.30
18:0:37:399,3.81,0.31,-1.34
18:0:37:507,3.65,0.44,-1.24
18:0:37:507,3.63,0.48,-1.09
18:0:37:507,3.76,0.54,-0.95
18:0:37:507,3.81,0.59,-0.89
18:0:37:507,3.75,0.78,-0.71
18:0:37:507,3.73,0.77,-0.48
18:0:37:525,3.78,0.20,-1.07
18:0:37:596,4.73,0.09,-1.27
18:0:37:630,4.08,0.30,-1.04
18:0:37:647,3.78,0.18,-1.24
18:0:37:647,4.15,0.09,-1.28
18:0:37:647,3.60,-0.12,-1.22
18:0:37:647,3.55,-0.19,-1.05
18:0:37:647,3.35,-0.05,-1.03
18:0:37:647,3.25,0.06,-1.05
18:0:37:669,3.31,0.03,-1.02
18:0:37:669,3.27,0.01,-1.11
18:0:37:669,3.32,0.06,-1.19
18:0:37:669,3.19,0.40,-1.17
18:0:37:669,3.24,0.47,-1.17
18:0:37:669,3.55,0.05,-1.33
18:0:37:669,3.65,-0.39,-1.13
18:0:37:704,3.87,-0.66,-1.07
18:0:37:704,3.77,-0.42,-1.20
18:0:37:704,3.88,-0.30,-1.29
18:0:37:704,4.49,-0.46,-1.48
18:0:37:704,4.59,0.15,-1.94
18:0:37:704,4.38,0.65,-1.82
18:0:37:778,5.87,0.59,-0.95
18:0:37:778,7.45,1.78,-1.99
18:0:37:778,5.13,-0.37,-2.04
18:0:37:778,1.87,-1.09,0.34
18:0:37:778,1.39,-0.13,0.46
18:0:37:778,2.94,0.37,-0.05
18:0:37:778,3.59,0.74,-0.27
18:0:37:796,4.19,1.17,-0.49
18:0:37:796,3.98,0.46,-1.15
18:0:37:796,3.56,0.67,-0.58
18:0:37:796,3.12,0.85,-0.32
18:0:37:796,3.51,0.80,-1.18
18:0:37:796,4.16,0.66,-1.48
18:0:37:796,3.21,1.02,-1.29
18:0:37:812,2.53,0.45,-1.29
18:0:37:812,3.09,0.57,-1.50
18:0:37:812,3.04,1.00,-1.34
18:0:37:813,2.77,1.42,-1.75
18:0:37:847,3.02,1.09,-1.70
18:0:37:847,3.98,1.41,-0.88
18:0:37:885,3.89,1.02,-1.46
18:0:37:885,4.15,0.56,-1.98
18:0:37:885,4.93,0.78,-2.28
18:0:37:885,5.55,1.51,-1.20
18:0:37:936,8.00,-1.34,-2.03
18:0:37:970,8.00,2.29,-1.57
18:0:37:970,0.98,2.40,1.67
18:0:37:970,0.40,0.10,-0.46
18:0:38:42,3.65,-0.86,-0.66
18:0:38:42,3.29,-0.72,-0.56
18:0:38:42,4.25,-0.64,-1.07
18:0:38:42,3.62,-0.18,-0.84
18:0:38:76,2.52,-0.28,-0.40
18:0:38:145,3.16,-0.27,-0.52
18:0:38:145,3.40,0.12,-0.96
18:0:38:145,3.45,0.51,-0.79
18:0:38:147,3.37,0.70,-1.09
18:0:38:147,3.00,0.46,-1.04
18:0:38:165,2.87,0.17,-0.94
18:0:38:165,3.13,-0.22,-1.17
18:0:38:165,3.14,-0.26,-1.34
18:0:38:199,3.34,-0.25,-1.34
18:0:38:199,3.89,-0.26,-1.05
18:0:38:199,4.57,0.72,-1.22
18:0:38:235,4.74,1.04,-2.24
18:0:38:306,4.89,-0.26,-2.04
18:0:38:325,6.87,1.00,-0.57
18:0:38:325,8.00,1.95,-3.44
18:0:38:343,4.19,-1.04,-0.13
18:0:38:362,-1.27,-0.62,0.65
18:0:38:380,3.26,0.52,-0.58
18:0:38:501,5.45,1.22,-1.55
18:0:38:501,2.84,0.83,-0.56
18:0:38:501,3.07,0.55,-0.79
18:0:38:501,2.81,0.67,-0.35
18:0:38:519,2.76,0.97,-0.42
18:0:38:555,3.66,0.84,-1.12
18:0:38:555,4.01,0.34,-1.66
18:0:38:555,3.08,0.21,-1.46
18:0:38:608,2.86,0.56,-0.84
18:0:38:682,3.08,1.27,-0.77
18:0:38:700,2.86,1.45,-1.64
18:0:38:700,3.47,0.69,-2.08
18:0:38:719,4.49,0.69,-2.06
18:0:38:737,4.28,0.66,-1.38
18:0:38:737,4.17,0.57,-2.75
18:0:38:772,4.42,1.53,-1.52
18:0:38:791,7.16,-0.35,-0.52
18:0:38:808,8.00,1.24,-1.63
18:0:38:863,1.91,1.20,1.00
18:0:38:918,0.51,1.26,-0.03
18:0:38:918,4.97,-0.49,-1.03
18:0:38:918,3.40,-0.53,-0.79
18:0:38:918,3.46,-0.38,-0.46
18:0:38:939,3.00,-0.35,-0.43
18:0:38:957,2.40,-0.69,-0.40
18:0:38:957,3.28,-0.41,-0.69
18:0:38:975,3.44,0.43,-1.07
18:0:38:993,3.33,0.46,-1.03
18:0:39:28,3.07,0.51,-1.01
18:0:39:28,2.97,0.28,-0.99
18:0:39:29,3.36,0.14,-1.16
18:0:39:29,3.26,-0.05,-1.29
18:0:39:77,3.13,-0.28,-1.56
18:0:39:77,3.98,-0.56,-1.16
18:0:39:95,4.53,0.26,-1.65
18:0:39:95,4.28,1.19,-2.17
18:0:39:112,4.38,-0.23,-2.21
18:0:39:128,6.03,1.15,-0.66
18:0:39:128,7.60,1.99,-1.81
18:0:39:128,6.67,0.37,0.33
18:0:39:181,0.64,-1.02,-0.05
18:0:39:215,3.30,-0.35,-0.27
18:0:39:232,4.71,0.87,-1.63
18:0:39:267,2.97,1.37,-0.57
18:0:39:267,2.65,1.29,-0.63
18:0:39:285,2.70,0.95,-0.74
18:0:39:285,2.68,1.09,-0.37
18:0:39:302,3.14,0.63,-1.30
18:0:39:322,3.50,0.20,-1.51
18:0:39:374,2.94,0.36,-1.39
18:0:39:392,3.29,0.59,-0.94
18:0:39:408,3.13,0.75,-1.40
18:0:39:408,3.01,0.97,-1.36
18:0:39:426,3.81,0.77,-1.82
18:0:39:444,4.79,1.08,-1.81
18:0:39:479,4.51,0.51,-1.34
18:0:39:479,3.70,0.59,-2.73
18:0:39:514,4.50,1.23,-1.31
18:0:39:532,7.35,0.09,-0.05
18:0:39:640,8.00,-0.38,-1.50
18:0:39:658,1.07,1.24,1.08
18:0:39:658,1.83,1.30,-0.16
18:0:39:675,5.28,0.03,-1.49
18:0:39:675,3.50,-0.50,-0.74
18:0:39:728,3.31,-0.75,-0.72
18:0:39:780,2.75,-0.98,-0.54
18:0:39:797,2.82,-0.60,-0.71
18:0:39:797,3.59,0.00,-1.20
18:0:39:830,3.14,0.56,-1.11
18:0:39:850,2.92,0.57,-1.22
18:0:39:868,3.13,0.58,-1.11
18:0:39:868,2.89,0.42,-0.97
18:0:39:922,3.07,0.21,-1.24
18:0:39:956,3.24,0.00,-1.63
18:0:40:10,3.33,-0.03,-1.64
18:0:40:28,3.88,-0.14,-1.90
18:0:40:46,5.23,0.77,-1.39
18:0:40:46,4.13,1.13,-2.35
18:0:40:100,3.61,-0.18,-2.79
18:0:40:118,5.37,-0.87,-1.54
18:0:40:135,7.61,2.40,-1.30
18:0:40:135,6.70,0.70,-1.72
18:0:40:153,1.91,-0.92,0.50
18:0:40:226,1.58,-0.25,0.16
18:0:40:262,4.82,1.04,-0.62
18:0:40:296,3.75,1.05,-0.66
18:0:40:296,3.33,0.92,-0.85
18:0:40:315,3.15,1.31,-0.47
18:0:40:315,2.83,1.08,-0.35
18:0:40:405,3.02,0.78,-0.79
18:0:40:422,3.66,0.53,-1.12
18:0:40:441,3.42,0.29,-1.35
18:0:40:478,3.08,0.34,-1.09
18:0:40:496,3.25,0.46,-1.00
18:0:40:496,2.89,0.61,-0.80
18:0:40:513,2.73,0.68,-1.33
18:0:40:513,3.21,0.84,-1.72
18:0:40:530,4.12,1.13,-1.86
18:0:40:547,4.48,0.59,-1.83
18:0:40:548,4.53,-0.10,-1.44
18:0:40:583,3.56,0.41,-2.54
18:0:40:619,3.91,1.23,-2.39
18:0:40:654,5.74,0.89,-1.76
18:0:40:655,6.99,0.16,0.49
18:0:40:655,5.71,-0.14,0.56
18:0:40:672,2.40,1.14,0.52
18:0:40:690,3.72,0.84,-0.33
18:0:40:795,3.58,0.12,-0.74
18:0:40:849,3.60,-0.22,-0.66
18:0:40:849,3.58,-0.49,-0.69
18:0:40:867,2.82,-0.76,-0.47
18:0:40:903,2.99,-0.47,-0.60
18:0:40:903,3.47,-0.06,-0.92
18:0:40:922,3.35,0.52,-0.93
18:0:40:922,3.23,0.54,-1.16
18:0:40:939,3.25,0.50,-1.05
18:0:40:939,3.16,0.40,-0.95
18:0:41:11,3.08,0.07,-1.08
18:0:41:29,2.92,-0.09,-1.37
18:0:41:29,3.30,-0.14,-1.40
18:0:41:46,3.88,-0.31,-1.47
18:0:41:83,4.37,0.87,-1.26
18:0:41:100,4.09,0.71,-2.21
18:0:41:100,3.92,-0.40,-2.01
18:0:41:118,6.33,2.65,0.30
18:0:41:189,8.00,1.06,-3.07
18:0:41:223,7.25,0.40,0.54
18:0:41:223,-0.34,-1.24,-0.10
18:0:41:242,3.60,-0.04,-0.30
18:0:41:259,4.82,1.33,-1.38
18:0:41:277,2.82,1.99,0.02
18:0:41:294,2.77,1.37,-0.63
18:0:41:330,2.64,1.09,-0.39
18:0:41:383,2.64,1.00,-0.52
18:0:41:383,3.28,0.69,-1.08
18:0:41:403,3.60,0.33,-1.33
18:0:41:403,3.11,0.33,-0.98
18:0:41:421,3.25,0.37,-1.12
18:0:41:457,3.39,0.43,-1.42
18:0:41:474,2.92,0.51,-1.23
18:0:41:566,2.79,0.85,-1.30
18:0:41:583,2.81,1.19,-1.08
18:0:41:655,3.44,0.89,-1.91
18:0:41:655,4.95,0.52,-1.46
18:0:41:672,4.51,0.09,-2.24
18:0:41:726,4.46,0.42,-1.82
18:0:41:744,6.46,0.42,-1.17
18:0:41:764,8.00,1.19,-2.44
18:0:41:764,4.21,1.24,1.31
18:0:41:782,-0.60,0.97,0.11
18:0:41:799,4.55,-0.19,-0.70
18:0:41:800,3.98,-0.63,-1.21
18:0:41:818,3.56,-0.57,-0.61
18:0:41:818,3.77,-0.32,-0.71
18:0:41:836,2.92,-0.65,-0.55
18:0:41:836,3.28,-0.55,-0.79
18:0:41:907,3.50,0.23,-1.01
18:0:41:908,3.33,0.61,-1.22
18:0:41:908,3.40,0.51,-1.45
18:0:41:944,3.12,0.26,-0.96
18:0:41:944,2.94,0.20,-1.15
18:0:41:962,2.63,0.15,-0.94
18:0:41:962,2.17,-0.09,-1.50
18:0:41:981,2.68,0.18,-1.30
18:0:41:981,4.44,0.32,-1.36
18:0:41:998,5.16,1.49,-1.31
18:0:42:17,3.99,0.58,-1.68
18:0:42:91,5.21,1.07,-1.10
18:0:42:92,6.73,1.06,-3.24
18:0:42:110,8.00,-0.14,-2.64
18:0:42:164,2.87,-1.92,-0.72
18:0:42:182,0.09,0.83,1.12
18:0:42:219,3.60,1.37,-0.67
18:0:42:262,4.59,1.96,-1.07
18:0:42:297,3.87,1.27,-0.89
18:0:42:314,3.04,1.08,-0.39
18:0:42:331,3.44,1.68,-0.46
18:0:42:438,3.68,1.22,-0.73
18:0:42:458,3.92,0.46,-1.10
18:0:42:475,3.78,0.49,-1.24
18:0:42:510,3.35,0.64,-0.96
18:0:42:563,3.52,0.60,-0.90
18:0:42:597,3.25,0.67,-0.91
18:0:42:615,2.87,0.67,-0.87
18:0:42:649,2.74,0.81,-1.27
18:0:42:703,2.69,0.67,-1.52
18:0:42:737,4.18,0.19,-1.61
18:0:42:793,5.12,0.32,-1.05
18:0:42:900,3.55,1.14,-0.97
18:0:42:901,2.99,0.65,-1.26
18:0:42:901,4.86,0.43,-1.35
18:0:42:918,8.00,0.22,-0.65
18:0:42:990,4.58,1.08,0.21
18:0:43:23,2.86,1.08,-0.09
18:0:43:26,3.84,0.53,-0.72
18:0:43:43,3.55,0.44,-1.32
18:0:43:115,3.57,-0.40,-1.04
18:0:43:257,3.66,-0.33,-1.14
18:0:43:258,3.75,-0.21,-1.02
18:0:43:795,3.21,-0.28,-0.82
18:0:43:795,3.41,-0.29,-0.79
18:0:43:795,4.18,-0.21,-1.05
18:0:44:315,3.51,0.17,-0.90
18:0:44:315,3.37,0.24,-1.03
18:0:44:315,3.54,0.03,-1.01
18:0:44:632,3.52,0.06,-1.15
18:0:44:844,3.34,0.01,-1.23
18:0:45:94,3.33,-0.27,-1.17
18:0:45:369,3.56,-0.34,-1.39
18:0:45:584,3.85,-0.30,-1.05
18:0:45:777,3.67,0.05,-1.16
18:0:45:985,3.71,-0.10,-1.33
18:0:46:167,3.93,-0.38,-1.53
18:0:46:271,3.99,-0.58,-1.83
18:0:46:271,3.99,-0.76,-1.42
18:0:46:271,4.48,-0.59,-1.46
18:0:46:676,4.32,-0.43,-1.40
18:0:46:676,3.70,-0.49,-1.30
18:0:46:676,3.53,-0.12,-1.18
18:0:46:676,3.31,0.29,-0.98
18:0:46:676,3.19,1.13,-0.76
18:0:46:783,4.15,1.57,-0.40
18:0:46:852,4.79,1.53,-1.09
18:0:46:852,4.12,1.12,-1.08
18:0:46:852,3.84,0.94,-1.51
18:0:46:852,4.14,1.19,-1.32
18:0:46:852,3.85,1.17,-1.42
18:0:46:852,3.46,0.92,-1.27
18:0:46:852,3.35,0.75,-1.35
18:0:46:886,3.69,0.83,-1.30
18:0:46:886,3.75,0.94,-1.31
18:0:46:886,3.64,0.80,-1.20
18:0:46:886,3.86,0.75,-1.14
18:0:46:886,3.71,0.65,-1.28
18:0:46:886,3.66,0.73,-1.27
18:0:46:886,3.70,0.87,-0.98
18:0:46:994,3.89,0.84,-1.14
18:0:46:994,3.60,0.85,-1.09
18:0:46:994,3.26,0.64,-1.07
18:0:46:994,3.34,0.60,-1.15
18:0:46:994,3.31,0.65,-1.28
18:0:46:994,3.31,0.62,-1.29
18:0:46:994,3.35,0.54,-1.23
18:0:47:139,3.73,0.07,-0.97
18:0:47:139,4.13,-0.36,-1.36
18:0:47:139,4.09,-0.10,-1.04
18:0:47:139,4.11,0.03,-0.93
18:0:47:139,3.64,0.24,-0.71
18:0:47:139,3.59,0.23,-0.61
18:0:47:139,3.84,0.21,-0.73
18:0:47:229,3.95,0.31,-0.70
18:0:47:229,3.80,0.31,-0.64
18:0:47:229,3.75,0.21,-0.66
18:0:47:229,3.96,0.11,-0.85
18:0:47:229,3.99,0.14,-0.94
18:0:47:229,3.88,0.04,-0.92
18:0:47:229,3.77,0.00,-1.01
18:0:47:263,3.80,0.16,-1.11
18:0:47:263,3.83,0.29,-1.12
18:0:47:263,3.78,0.29,-1.18
18:0:47:263,3.79,0.33,-1.21
18:0:47:263,3.84,0.23,-1.17
18:0:47:263,3.83,0.21,-1.16
18:0:47:263,3.84,0.30,-1.20
18:0:47:700,3.87,0.27,-1.26
18:0:47:700,3.76,0.53,-1.21
18:0:47:700,3.62,0.46,-1.27
18:0:47:700,3.67,0.47,-1.21
18:0:47:700,3.77,0.39,-1.26
18:0:47:700,3.81,0.42,-1.25
18:0:47:700,3.72,0.49,-1.23
18:0:48:115,3.75,0.34,-1.28
18:0:48:115,3.69,0.27,-1.25
18:0:48:115,3.72,0.13,-1.32
18:0:48:115,3.71,0.26,-1.34
18:0:48:115,3.65,0.28,-1.30
18:0:48:115,3.72,0.37,-1.30
18:0:48:115,3.75,0.36,-1.34
18:0:48:442,3.73,0.33,-1.20
18:0:48:442,3.75,0.26,-1.21
18:0:48:442,3.77,0.31,-1.24
18:0:48:442,3.65,0.37,-1.19
18:0:48:442,3.79,0.42,-1.25
18:0:48:442,3.77,0.43,-1.29
18:0:48:442,3.73,0.46,-1.21
18:0:48:800,3.72,0.50,-1.23
18:0:48:800,3.76,0.57,-1.21
18:0:48:800,3.75,0.56,-1.21
18:0:48:800,3.82,0.56,-1.21
18:0:48:800,3.74,0.54,-1.23
18:0:48:800,3.78,0.55,-1.11
18:0:48:800,3.67,0.55,-1.15
18:0:48:941,3.65,0.54,-1.16
18:0:48:941,3.73,0.44,-1.16
18:0:48:941,3.69,0.44,-1.23
18:0:48:941,3.67,0.47,-1.21
18:0:48:941,3.77,0.49,-1.22
18:0:48:941,3.79,0.41,-1.19
18:0:48:941,3.78,0.46,-1.10
18:0:49:120,3.79,0.39,-0.97
18:0:49:120,3.67,0.40,-0.92
18:0:49:120,3.37,0.63,-0.89
18:0:49:120,3.60,0.69,-0.96
18:0:49:120,3.60,0.66,-1.00
18:0:49:120,3.71,0.50,-1.03
18:0:49:120,3.91,0.34,-1.19
18:0:49:311,3.87,0.35,-1.15
18:0:49:311,3.83,0.33,-1.37
18:0:49:311,4.04,0.31,-1.33
18:0:49:311,3.87,0.35,-1.12
18:0:49:311,3.84,0.37,-1.13
18:0:49:311,3.77,0.36,-1.03
18:0:49:311,3.72,0.38,-1.05
18:0:49:525,3.86,0.44,-1.21
18:0:49:525,3.90,0.44,-1.09
18:0:49:525,3.88,0.44,-1.09
18:0:49:525,3.90,0.40,-0.94
18:0:49:525,3.69,0.45,-0.83
18:0:49:525,3.58,0.59,-0.91
18:0:49:525,3.72,0.54,-0.96
18:0:49:578,3.78,0.21,-0.98
18:0:49:578,3.51,0.26,-0.79
18:0:49:578,3.64,0.25,-1.12
18:0:49:578,4.02,0.22,-0.83
18:0:49:578,4.09,0.13,-0.94
18:0:49:578,4.28,0.44,-0.97
18:0:49:578,4.09,0.36,-0.97
18:0:49:595,3.89,0.22,-0.96
18:0:49:595,3.74,0.02,-1.26
18:0:49:595,3.89,0.07,-1.40
18:0:49:595,3.80,0.07,-1.29
18:0:49:595,3.65,0.19,-1.05
18:0:49:595,3.30,0.05,-1.08
18:0:49:595,3.37,-0.12,-1.06
18:0:49:685,3.67,-0.15,-1.21
18:0:49:685,3.37,0.04,-1.24
18:0:49:685,3.32,-0.09,-1.17
18:0:49:685,3.52,-0.21,-1.20
18:0:49:685,3.61,-0.03,-1.29
18:0:49:685,3.42,0.18,-1.33
18:0:49:685,3.45,0.02,-1.16
18:0:49:721,3.53,-0.29,-1.26
18:0:49:721,3.78,-0.41,-1.32
18:0:49:721,4.10,-0.38,-1.22
18:0:49:721,4.00,-0.61,-1.81
18:0:49:721,4.88,-0.19,-1.53
18:0:49:721,6.53,0.24,-1.37
18:0:49:721,7.42,0.36,-1.80
18:0:49:881,3.97,-0.75,-0.95
18:0:49:881,2.12,-0.71,-0.01
18:0:49:881,1.71,0.77,0.33
18:0:49:881,2.45,1.15,-0.03
18:0:49:881,4.09,1.40,-0.09
18:0:49:881,4.44,1.33,-1.07
18:0:49:881,3.60,1.02,-0.59
18:0:49:916,3.50,0.75,-0.49
18:0:49:916,3.80,0.93,-0.69
18:0:49:916,3.98,0.34,-1.10
18:0:49:916,3.91,0.42,-1.36
18:0:49:916,3.09,0.53,-1.01
18:0:49:916,3.35,0.38,-1.00
18:0:49:916,3.22,0.70,-1.06
18:0:50:22,2.75,0.86,-0.88
18:0:50:22,2.89,1.00,-1.16
18:0:50:22,3.12,1.00,-1.13
18:0:50:22,3.56,0.92,-1.09
18:0:50:22,3.88,0.62,-1.31
18:0:50:22,4.41,0.54,-1.10
18:0:50:22,4.82,0.42,-2.37
18:0:50:127,5.29,2.03,-1.30
18:0:50:127,6.38,0.49,-0.91
18:0:50:127,8.00,-0.50,-1.81
18:0:50:127,2.42,0.78,1.15
18:0:50:127,-0.26,0.68,0.31
18:0:50:127,4.11,0.05,-0.62
18:0:50:127,4.44,-0.49,-1.04
18:0:50:271,3.56,-0.74,-0.76
18:0:50:271,3.31,-0.69,-0.60
18:0:50:271,2.92,-0.25,-0.42
18:0:50:271,3.55,-0.10,-0.77
18:0:50:271,3.39,0.37,-0.84
18:0:50:271,3.32,0.42,-1.08
18:0:50:271,3.23,0.35,-1.18
18:0:50:429,3.07,0.21,-1.12
18:0:50:429,2.84,0.06,-1.07
18:0:50:429,2.78,0.05,-1.15
18:0:50:429,3.13,-0.17,-1.55
18:0:50:429,4.30,-0.39,-0.91
18:0:50:447,4.92,1.28,-1.13
18:0:50:447,3.46,0.41,-2.57
18:0:50:447,3.55,-0.65,-2.61
18:0:50:447,6.64,0.29,-0.76
18:0:50:447,8.00,2.31,-3.12
18:0:50:447,6.95,-0.79,-0.93
18:0:50:481,-0.51,-0.84,0.38
18:0:50:481,1.99,0.52,0.27
18:0:50:481,5.54,1.66,-1.26
18:0:50:481,4.29,1.14,-0.86
18:0:50:481,2.72,0.73,-0.72
18:0:50:481,3.54,0.92,-0.50
18:0:50:481,2.69,0.83,-0.58
18:0:50:481,2.97,0.51,-1.04
18:0:50:570,4.18,0.22,-1.81
18:0:50:570,3.51,0.35,-1.41
18:0:50:570,3.08,0.57,-0.95
18:0:50:570,3.38,0.84,-0.85
18:0:50:570,3.04,1.01,-1.01
18:0:50:570,2.56,0.64,-1.03
18:0:50:570,2.42,0.63,-1.42
18:0:50:626,3.39,0.94,-1.36
18:0:50:626,4.59,0.31,-1.96
18:0:50:626,4.86,0.02,-1.94
18:0:50:626,5.04,0.43,-1.91
18:0:50:626,6.82,0.07,-1.21
18:0:50:626,8.00,1.87,-1.85
18:0:50:626,2.99,1.85,0.79
18:0:50:661,0.65,0.54,0.11
18:0:50:661,3.71,-0.42,-0.78
18:0:50:661,3.57,-0.45,-0.76
18:0:50:661,3.99,-0.46,-0.58
18:0:50:661,3.73,-0.11,-0.59
18:0:50:661,3.15,-0.58,-0.44
18:0:50:661,3.32,-0.39,-0.61
18:0:50:800,3.52,0.47,-1.11
18:0:50:800,3.39,0.68,-1.25
18:0:50:800,3.38,0.56,-1.38
18:0:50:800,3.06,0.26,-1.17
18:0:50:800,2.75,-0.14,-1.04
18:0:50:800,2.74,-0.41,-1.12
18:0:50:838,2.85,-0.23,-1.27
18:0:50:838,3.21,-0.10,-1.55
18:0:50:838,4.25,0.32,-0.86
18:0:50:838,4.40,1.56,-1.44
18:0:50:838,4.23,0.47,-2.71
18:0:50:838,4.87,-0.20,-2.07
18:0:50:838,6.88,1.69,-0.99
18:0:50:962,8.00,1.02,-2.83
18:0:50:962,4.20,-1.80,-0.40
18:0:50:962,-0.46,0.12,0.55
18:0:50:962,3.19,0.74,-0.37
18:0:50:962,4.78,1.02,-1.05
18:0:50:962,3.24,1.38,-0.23
18:0:50:962,2.91,1.39,-0.66
18:0:51:106,3.55,1.60,-0.51
18:0:51:106,3.04,1.08,-0.67
18:0:51:106,3.24,0.21,-1.30
18:0:51:106,3.66,-0.02,-1.64
18:0:51:106,3.39,0.28,-1.30
18:0:51:106,3.32,0.62,-0.99
18:0:51:106,3.16,0.74,-0.77
18:0:51:155,2.83,0.65,-1.31
18:0:51:155,2.85,0.77,-1.33
18:0:51:155,3.04,0.73,-1.24
18:0:51:155,4.14,0.43,-1.74
18:0:51:155,5.09,-0.11,-1.36
18:0:51:155,4.43,0.17,-2.17
18:0:51:155,4.60,0.86,-1.76
18:0:51:157,7.46,0.90,-0.36
18:0:51:157,6.93,1.22,-1.03
18:0:51:157,1.66,0.80,1.10
18:0:51:157,2.16,0.50,-0.04
18:0:51:157,4.33,-0.00,-0.90
18:0:51:157,3.70,-0.39,-0.90
18:0:51:157,3.72,-0.54,-0.75
18:0:51:175,3.11,-0.34,-0.53
18:0:51:175,2.92,-0.69,-0.67
18:0:51:175,3.37,-0.32,-0.98
18:0:51:175,3.49,0.15,-1.15
18:0:51:175,3.37,0.62,-1.22
18:0:51:175,3.22,0.61,-1.49
18:0:51:175,3.01,0.32,-1.29
18:0:51:192,3.03,0.02,-1.31
18:0:51:192,3.20,-0.16,-1.47
18:0:51:192,3.14,-0.52,-1.41
18:0:51:192,3.24,-0.76,-1.35
18:0:51:192,4.11,0.71,-1.60
18:0:51:192,4.66,1.69,-1.86
18:0:51:192,4.36,0.20,-2.81
18:0:51:298,6.28,1.58,-0.37
18:0:51:298,7.38,1.27,-4.03
18:0:51:298,7.32,-1.58,-0.83
18:0:51:298,0.12,-0.73,0.33
18:0:51:298,1.64,0.68,0.53
18:0:51:298,4.83,1.18,-1.00
18:0:51:298,3.88,1.02,-0.75
18:0:51:349,3.25,1.12,-0.71
18:0:51:349,3.24,0.98,-0.45
18:0:51:349,2.88,1.01,-0.60
18:0:51:349,3.22,0.68,-0.95
18:0:51:349,3.38,0.16,-1.38
18:0:51:349,3.48,0.21,-1.78
18:0:51:349,3.35,0.41,-1.26
18:0:51:350,3.27,0.70,-0.87
18:0:51:350,3.06,0.73,-0.95
18:0:51:350,2.88,0.95,-1.41
18:0:51:350,3.39,1.09,-1.28
18:0:51:350,3.88,0.76,-2.02
18:0:51:350,4.84,0.62,-1.12
18:0:51:350,4.43,0.20,-2.20
18:0:51:369,4.79,0.62,-1.46
18:0:51:369,7.00,-0.13,-1.01
18:0:51:369,7.26,1.43,-1.20
18:0:51:369,1.90,1.62,0.60
18:0:51:369,1.67,0.90,0.11
18:0:51:369,3.92,-0.36,-0.93
18:0:51:369,3.67,-0.30,-0.67
18:0:51:512,3.99,-0.17,-0.66
18:0:51:512,3.24,0.13,-0.52
18:0:51:512,2.91,-0.25,-0.50
18:0:51:512,3.34,-0.50,-0.84
18:0:51:512,3.54,-0.10,-1.47
18:0:51:512,3.47,0.29,-1.23
18:0:51:512,3.25,0.36,-1.30
18:0:51:564,3.07,-0.00,-1.07
18:0:51:564,3.22,-0.35,-1.05
18:0:51:564,3.44,-0.05,-1.38
18:0:51:564,2.91,0.08,-1.21
18:0:51:564,3.00,-0.25,-1.16
18:0:51:564,4.52,0.40,-1.54
18:0:51:564,5.09,0.88,-1.60
18:0:51:565,4.25,0.20,-2.33
18:0:51:565,5.36,0.89,-0.46
18:0:51:599,6.17,1.39,-2.11
18:0:51:599,7.44,-0.52,-1.38
18:0:51:599,2.41,-0.26,0.12
18:0:51:599,1.26,0.01,-0.11
18:0:51:616,4.68,0.53,-1.20
18:0:51:616,3.65,0.88,-1.10
18:0:51:633,3.38,1.00,-0.73
18:0:51:633,3.42,1.54,-0.53
18:0:51:633,3.21,1.44,-0.41
18:0:51:633,3.41,0.69,-0.98
18:0:51:633,3.51,0.37,-1.49
18:0:51:633,3.14,0.11,-1.26
18:0:51:633,3.18,0.42,-1.01
18:0:51:633,3.10,0.73,-0.91
18:0:51:667,2.83,0.88,-1.06
18:0:51:667,2.60,0.63,-1.57
18:0:51:667,2.88,0.55,-1.42
18:0:51:667,3.48,0.76,-1.59
18:0:51:667,4.73,0.76,-1.33
18:0:51:667,5.00,0.42,-1.69
18:0:51:809,4.37,0.48,-2.41
18:0:51:809,5.92,0.21,-1.64
18:0:51:809,8.00,0.39,-2.31
18:0:51:809,4.17,1.86,0.64
18:0:51:809,0.29,1.03,0.53
18:0:51:809,3.13,-0.38,-0.37
18:0:51:858,3.55,-0.38,-0.62
18:0:51:858,3.72,-0.37,-0.55
18:0:51:877,3.83,-0.22,-0.82
18:0:51:912,3.12,0.07,-0.46
18:0:52:51,3.09,-0.44,-0.68
18:0:52:51,3.57,-0.15,-1.04
18:0:52:51,3.81,0.27,-1.21
18:0:52:51,3.62,0.32,-1.26
18:0:52:72,3.31,0.28,-1.37
18:0:52:72,3.14,0.17,-1.25
18:0:52:90,3.08,-0.02,-1.09
18:0:52:109,3.03,-0.18,-1.51
18:0:52:109,3.01,0.08,-1.54
18:0:52:109,3.09,-0.01,-1.54
18:0:52:109,3.85,-0.24,-1.58
18:0:52:109,4.47,0.89,-1.68
18:0:52:109,3.73,0.84,-2.23
18:0:52:214,3.88,-0.11,-2.38
18:0:52:214,6.19,0.87,-0.62
18:0:52:236,8.00,1.59,-3.04
18:0:52:236,6.19,-1.27,-0.05
18:0:52:236,0.60,-0.60,0.05
18:0:52:253,3.42,0.83,0.06
18:0:52:287,4.29,1.15,-0.98
18:0:52:289,3.39,1.23,-0.58
18:0:52:289,3.32,0.72,-0.91
18:0:52:289,3.27,1.06,-0.55
18:0:52:289,3.00,1.13,-0.54
18:0:52:289,3.62,0.97,-1.01
18:0:52:289,3.76,0.54,-1.24
18:0:52:344,3.15,0.11,-1.34
18:0:52:380,3.33,0.20,-1.35
18:0:52:415,3.58,0.35,-1.24
18:0:52:415,2.93,0.36,-0.84
18:0:52:433,2.60,0.31,-1.10
18:0:52:433,2.89,0.59,-1.45
18:0:52:433,3.36,0.94,-1.25
18:0:52:433,4.40,0.76,-1.55
18:0:52:433,5.25,-0.68,-1.91
18:0:52:433,3.66,0.18,-2.42
18:0:52:451,3.50,0.43,-2.08
18:0:52:555,8.00,0.02,-0.70
18:0:52:555,6.98,1.75,-2.45
18:0:52:555,1.97,1.74,1.27
18:0:52:555,1.69,-0.01,0.31
18:0:52:555,4.37,-0.76,-0.55
18:0:52:571,4.01,-0.74,-0.32
18:0:52:574,3.63,-0.45,-0.35
18:0:52:592,3.41,-0.28,-0.43
18:0:52:592,3.66,-0.60,-0.85
18:0:52:613,3.95,-0.33,-1.14
18:0:52:613,3.77,0.17,-1.23
18:0:52:630,3.69,0.33,-1.04
18:0:52:686,3.67,0.24,-1.04
18:0:52:703,3.52,-0.02,-0.92
18:0:52:738,3.70,-0.27,-1.03
18:0:52:757,3.28,-0.13,-0.91
18:0:52:790,3.17,0.08,-0.85
18:0:52:810,3.45,0.12,-1.31
18:0:52:810,3.84,0.14,-1.12
18:0:52:848,4.20,0.60,-0.65
18:0:52:919,3.50,0.51,-0.80
18:0:52:920,3.13,-0.28,-1.00
18:0:52:942,2.75,-0.27,-1.07
18:0:52:960,5.76,1.82,0.03
18:0:52:993,6.96,1.40,-1.81
18:0:53:66,4.37,0.06,-0.18
18:0:53:66,3.83,-0.08,-0.87
18:0:53:87,4.10,0.83,-0.39
18:0:53:121,4.05,1.50,-0.93
18:0:53:139,3.79,1.48,-0.91
18:0:53:139,3.10,0.84,-1.11
18:0:53:158,3.15,0.71,-1.10
18:0:53:192,3.06,0.73,-1.17
18:0:53:192,3.04,0.87,-1.20
18:0:53:297,3.37,1.03,-1.08
18:0:53:315,3.49,0.89,-1.18
18:0:53:333,3.27,0.85,-0.96
18:0:53:351,3.29,1.04,-1.16
18:0:53:368,3.52,1.24,-1.30
18:0:53:474,3.58,1.11,-1.34
18:0:53:474,3.53,1.16,-1.34
18:0:53:510,3.38,1.16,-1.53
18:0:53:547,3.66,1.47,-1.50
18:0:53:547,3.41,1.45,-1.46
18:0:53:599,3.56,1.57,-1.66
18:0:53:617,3.63,1.74,-1.61
18:0:53:617,3.30,1.64,-1.46
18:0:53:635,3.38,1.34,-1.13
18:0:53:635,3.80,1.00,-1.54
18:0:53:635,3.45,0.75,-1.28
18:0:53:670,3.30,0.29,-1.91
18:0:53:670,3.31,0.38,-1.72
18:0:53:688,3.42,0.62,-1.58
18:0:53:705,3.92,0.86,-1.84
18:0:53:742,4.20,0.88,-1.43
18:0:53:850,4.23,0.54,-1.46
18:0:53:850,4.10,0.29,-1.39
18:0:53:850,3.94,0.10,-1.73
18:0:53:850,3.67,0.54,-1.35
18:0:53:995,3.99,0.46,-1.70
18:0:54:28,3.79,0.60,-1.33
18:0:54:28,3.69,0.09,-1.39
18:0:54:156,3.38,0.38,-1.28
18:0:54:245,3.61,0.45,-1.16
18:0:54:371,3.67,0.28,-1.31
18:0:54:427,3.60,0.09,-1.26
18:0:54:517,3.74,0.17,-1.21
18:0:54:710,3.72,0.21,-1.29
18:0:54:727,3.74,0.30,-1.25
18:0:54:852,3.72,0.35,-1.09
18:0:54:923,3.62,0.25,-1.14
18:0:55:281,3.68,0.27,-1.23
18:0:55:281,3.69,0.17,-1.20
18:0:55:441,3.67,0.32,-1.21
18:0:55:494,3.66,0.37,-1.07
18:0:55:494,3.66,0.36,-1.13
18:0:55:532,3.75,0.41,-1.09
18:0:55:532,4.03,0.65,-0.93
18:0:55:532,3.71,0.79,-0.89
18:0:55:532,3.30,0.78,-1.10
18:0:55:636,3.50,0.58,-1.16
18:0:55:688,3.61,0.34,-1.09
18:0:55:810,3.82,0.28,-0.91
18:0:55:810,3.89,0.50,-0.80
18:0:55:810,3.76,0.55,-0.87
18:0:55:810,3.83,0.67,-0.91
18:0:55:845,3.98,0.44,-1.07
18:0:55:845,3.96,-0.11,-1.28
18:0:55:845,3.86,-0.10,-1.59
18:0:55:845,4.27,0.11,-0.92
18:0:55:948,3.48,0.82,-0.81
18:0:55:948,3.25,1.12,-0.85
18:0:55:948,3.69,0.74,-1.21
18:0:56:34,3.57,-0.03,-1.52
18:0:56:34,3.83,0.07,-1.15
18:0:56:34,3.82,0.34,-1.51
18:0:56:36,3.72,1.03,-1.26
18:0:56:36,3.65,0.99,-1.04
18:0:56:736,3.57,0.26,-1.10
18:0:56:736,3.82,-0.04,-1.40
18:0:56:736,3.71,0.23,-1.38
18:0:56:736,3.58,0.68,-1.23
18:0:56:736,3.64,0.49,-1.22
18:0:56:860,3.59,0.19,-1.45
18:0:56:860,3.60,0.17,-1.65
18:0:56:860,3.68,0.31,-1.70
18:0:56:860,3.63,0.38,-1.61
18:0:56:860,3.68,0.31,-1.69
18:0:56:896,3.79,0.33,-1.60
18:0:56:896,3.67,0.44,-1.51
18:0:56:949,3.63,0.50,-1.50
18:0:56:949,3.64,0.45,-1.44
18:0:56:949,3.54,0.49,-1.45
18:0:56:949,3.52,0.54,-1.53
18:0:56:949,3.56,0.45,-1.54
18:0:56:949,3.64,0.47,-1.60
18:0:56:967,3.62,0.45,-1.58
18:0:56:967,3.40,0.46,-1.47
18:0:56:967,3.54,0.49,-1.62
18:0:56:967,3.70,0.46,-1.61
18:0:57:87,3.62,0.37,-1.54
18:0:57:87,3.59,0.36,-1.53
18:0:57:87,3.56,0.39,-1.53
18:0:57:87,3.68,0.34,-1.59
18:0:57:87,3.71,0.35,-1.55
18:0:57:87,3.55,0.32,-1.57
18:0:57:87,3.75,0.32,-1.85
18:0:57:121,3.90,0.34,-1.74
18:0:57:121,3.56,0.35,-1.65
18:0:57:121,3.52,0.42,-1.33
18:0:57:121,3.57,0.46,-1.41
18:0:57:121,3.70,0.43,-1.36
18:0:57:121,3.60,0.42,-1.32
18:0:57:121,3.63,0.35,-1.26
18:0:57:138,3.59,0.38,-1.26
18:0:57:138,3.64,0.37,-1.30
18:0:57:138,3.74,0.32,-1.29
18:0:57:138,3.71,0.44,-1.34
18:0:57:138,3.81,0.65,-1.52
18:0:57:138,3.63,0.58,-1.42
18:0:57:138,3.60,0.56,-1.16
18:0:57:230,3.52,0.49,-1.12
18:0:57:230,3.60,0.49,-1.30
18:0:57:230,3.78,0.49,-1.52
18:0:57:300,3.58,0.54,-1.29
18:0:57:300,3.66,0.52,-1.29
18:0:57:300,3.70,0.55,-1.26
18:0:57:300,3.60,0.52,-1.43
18:0:57:317,3.64,0.39,-1.57
18:0:57:317,3.80,0.51,-1.61
18:0:57:673,3.57,0.53,-1.21
18:0:57:673,3.40,0.51,-1.16
18:0:57:673,3.75,0.55,-1.33
18:0:57:673,3.89,0.57,-1.26
18:0:57:673,3.78,0.52,-1.05
18:0:57:673,3.87,0.58,-1.11
18:0:57:692,3.82,0.52,-1.25
18:0:57:781,3.71,0.47,-1.22
18:0:57:781,3.86,0.26,-1.38
18:0:57:781,3.76,0.29,-1.00
18:0:57:781,3.63,0.35,-0.74
18:0:57:781,4.04,0.34,-1.23
18:0:57:781,3.64,0.14,-1.13
18:0:57:781,3.25,-0.06,-1.48
18:0:57:853,3.70,0.01,-1.53
18:0:57:870,4.10,0.09,-1.43
18:0:57:870,3.72,0.04,-1.35
18:0:57:870,3.28,-0.01,-1.22
18:0:57:870,3.52,-0.14,-1.32
18:0:57:870,3.65,-0.05,-1.29
18:0:57:870,3.43,-0.09,-1.46
18:0:57:942,3.31,-0.25,-1.45
18:0:57:942,3.35,-0.23,-1.34
18:0:57:942,3.20,-0.12,-1.51
18:0:57:942,3.11,-0.02,-1.48
18:0:57:942,3.37,0.02,-1.82
18:0:57:942,3.88,-0.43,-1.57
18:0:57:942,4.12,0.36,-1.47
18:0:58:16,4.23,0.48,-1.79
18:0:58:16,4.20,0.47,-2.34
18:0:58:16,5.28,0.82,-1.78
18:0:58:16,6.98,2.33,-2.50
18:0:58:16,6.44,-0.80,-1.85
18:0:58:16,1.90,-1.61,-0.49
18:0:58:16,0.72,-0.08,1.18
18:0:58:51,3.11,1.29,-0.21
18:0:58:51,3.97,0.84,-0.66
18:0:58:51,4.02,1.51,-0.36
18:0:58:51,3.67,0.65,-0.95
18:0:58:51,3.47,0.62,-0.40
18:0:58:51,3.88,0.91,-0.76
18:0:58:51,3.90,0.57,-0.81
18:0:58:175,3.81,0.71,-1.16
18:0:58:175,3.61,0.84,-1.32
18:0:58:175,3.31,0.68,-0.99
18:0:58:175,2.80,0.68,-0.80
18:0:58:175,2.62,0.73,-1.06
18:0:58:175,2.84,0.46,-1.61
18:0:58:175,2.97,0.52,-1.44
18:0:58:211,2.99,0.89,-1.11
18:0:58:211,3.64,0.80,-1.20
18:0:58:211,4.73,0.53,-0.91
18:0:58:211,4.55,0.38,-1.56
18:0:58:232,4.92,0.58,-2.64
18:0:58:312,8.00,-0.39,-1.30
18:0:58:312,7.92,2.43,-2.79
18:0:58:312,1.47,3.00,0.97
18:0:58:312,0.01,-0.20,0.31
18:0:58:330,3.35,-0.61,-0.75
18:0:58:330,4.32,-0.25,-0.69
18:0:58:348,4.22,0.02,-0.67
18:0:58:366,3.73,0.02,-0.76
18:0:58:366,3.07,-0.04,-0.41
18:0:58:366,3.26,-0.61,-0.55
18:0:58:366,3.41,0.07,-1.08
18:0:58:366,3.46,0.45,-1.04
18:0:58:366,3.35,0.44,-1.11
18:0:58:384,3.18,0.34,-1.22
18:0:58:555,2.91,0.02,-0.91
18:0:58:555,2.89,-0.07,-1.12
18:0:58:555,3.01,-0.09,-0.95
18:0:58:555,3.31,-0.18,-1.26
18:0:58:555,4.35,0.00,-0.99
18:0:58:555,4.77,0.76,-1.58
18:0:58:659,4.18,0.47,-2.39
18:0:58:659,4.38,-0.56,-2.06
18:0:58:659,6.28,0.70,-0.72
18:0:58:659,8.00,1.13,-3.09
18:0:58:659,4.99,-0.35,-0.30
18:0:58:659,0.02,-0.48,0.38
18:0:58:659,3.32,0.07,-0.51
18:0:58:659,5.01,0.86,-1.13
18:0:58:659,3.09,1.23,-0.42
18:0:58:659,2.92,1.27,-0.67
18:0:58:659,3.10,1.51,-0.24
18:0:58:659,2.92,1.19,-0.32
18:0:58:659,3.43,0.52,-1.21
18:0:58:677,3.88,0.40,-1.42
18:0:58:677,2.93,0.41,-0.97
18:0:58:677,3.05,0.54,-1.14
18:0:58:746,3.12,0.81,-0.93
18:0:58:746,2.66,0.72,-1.44
18:0:58:749,2.94,0.57,-1.58
18:0:58:749,3.76,0.58,-1.83
18:0:58:749,4.70,0.82,-1.10
18:0:58:749,4.37,0.10,-1.59
18:0:58:749,4.51,0.15,-2.52
18:0:58:767,7.12,0.24,-1.08
18:0:58:767,8.00,1.84,-2.13
18:0:58:767,2.43,2.45,1.29
18:0:58:767,0.65,0.78,0.25
18:0:58:767,3.96,-0.34,-1.01
18:0:58:767,3.53,-0.60,-0.66
18:0:58:767,3.98,-0.50,-0.56
18:0:58:767,3.48,-0.05,-0.62
18:0:58:802,2.79,-0.38,-0.38
18:0:58:802,3.35,-0.53,-0.66
18:0:58:835,3.36,0.12,-1.15
18:0:58:835,3.38,0.66,-0.80
18:0:58:922,3.16,0.59,-1.08
18:0:58:922,3.21,0.22,-0.97
18:0:58:940,3.25,0.16,-1.11
18:0:58:956,3.27,0.18,-1.43
18:0:59:12,3.00,0.23,-1.37
18:0:59:12,3.25,-0.14,-1.15
18:0:59:12,4.08,-0.34,-1.82
18:0:59:12,5.10,0.80,-1.27
18:0:59:12,3.95,1.71,-1.95
18:0:59:12,5.76,0.12,-1.09
18:0:59:12,8.00,1.64,-2.25
18:0:59:47,7.97,-0.22,-2.02
18:0:59:47,0.99,-0.71,1.21
18:0:59:47,1.07,-0.75,-0.18
18:0:59:47,4.92,0.55,-0.91
18:0:59:65,3.73,1.07,-0.78
18:0:59:65,3.22,1.13,-0.66
18:0:59:65,3.06,1.26,-0.65
18:0:59:80,2.94,1.22,-0.26
18:0:59:98,2.96,0.80,-0.83
18:0:59:98,3.53,0.39,-1.24
18:0:59:134,3.64,0.09,-1.70
18:0:59:189,3.12,0.30,-0.90
18:0:59:223,2.96,0.53,-0.62
18:0:59:223,3.12,0.79,-0.99
18:0:59:223,2.94,0.65,-1.79
18:0:59:225,3.29,0.79,-1.89
18:0:59:260,3.84,0.94,-2.31
18:0:59:260,5.13,-0.26,-1.56
18:0:59:260,4.31,0.17,-1.80
18:0:59:276,3.20,1.02,-2.39
18:0:59:365,5.39,0.96,-1.73
18:0:59:383,8.00,-1.28,0.28
18:0:59:384,5.84,1.68,0.83
18:0:59:404,0.29,2.38,0.30
18:0:59:441,4.02,0.58,-0.16
18:0:59:476,3.21,-0.48,-0.85
18:0:59:546,3.31,-0.58,-0.49
18:0:59:564,3.83,-0.79,-0.67
18:0:59:599,2.89,-0.59,-0.50
18:0:59:599,3.11,-0.58,-0.58
18:0:59:617,3.24,0.13,-0.98
18:0:59:635,2.98,0.51,-0.91
18:0:59:670,3.30,0.63,-1.25
18:0:59:741,3.50,0.69,-1.38
18:0:59:759,3.35,0.44,-1.18
18:0:59:777,3.34,-0.15,-1.08
18:0:59:795,3.08,-0.53,-1.14
18:0:59:812,3.09,-0.82,-1.59
18:0:59:812,4.23,0.51,-1.31
18:0:59:812,4.36,0.94,-2.01
18:0:59:832,4.05,0.36,-2.58
18:0:59:832,4.68,0.11,-1.43
18:0:59:850,6.95,3.08,-0.39
18:0:59:904,8.00,0.48,-2.69
18:0:59:938,2.79,-0.91,0.40
18:0:59:956,1.52,-0.73,-0.55
18:0:59:974,5.02,0.27,-1.16
18:0:59:974,3.06,1.24,-0.46
18:0:59:974,3.23,1.27,-0.47
18:0:59:992,3.32,1.29,-0.46
18:0:59:992,2.71,1.17,-0.60
18:1:0:11,3.00,0.77,-0.82
18:1:0:11,3.37,0.19,-1.52
18:1:0:28,3.26,0.08,-1.32
18:1:0:64,3.30,0.32,-0.90
18:1:0:97,3.50,0.52,-1.14
18:1:0:114,3.38,0.78,-1.02
18:1:0:132,3.09,1.06,-1.41
18:1:0:132,3.08,1.08,-1.66
18:1:0:150,3.61,1.00,-1.51
18:1:0:150,4.37,1.04,-1.15
18:1:0:186,4.59,0.55,-1.54
18:1:0:188,3.53,0.41,-2.08
18:1:0:206,3.88,-0.09,-2.03
18:1:0:241,8.00,0.26,0.00
18:1:0:275,7.34,0.99,-0.94
18:1:0:277,0.24,1.36,0.85
18:1:0:277,3.35,1.04,-0.13
18:1:0:296,4.20,-0.11,-1.01
18:1:0:312,3.40,-0.47,-0.46
18:1:0:314,3.79,-0.75,-0.56
18:1:0:314,3.21,-0.71,-0.58
18:1:0:332,3.04,-0.55,-0.59
18:1:0:348,3.23,-0.04,-1.03
18:1:0:381,3.25,0.41,-1.07
18:1:0:456,3.18,0.49,-1.15
18:1:0:474,3.45,0.33,-1.25
18:1:0:491,3.37,0.41,-1.17
18:1:0:491,3.21,0.30,-1.34
18:1:0:526,2.95,-0.01,-1.35
18:1:0:543,3.06,-0.47,-1.27
18:1:0:543,4.01,-0.41,-1.64
18:1:0:668,5.23,1.17,-1.31
18:1:0:703,3.64,0.84,-2.06
18:1:0:703,5.02,0.34,-0.91
18:1:0:723,6.71,1.54,-1.83
18:1:0:741,7.52,0.45,-2.41
18:1:0:741,2.18,-0.70,1.01
18:1:0:758,0.76,-0.50,-0.64
18:1:0:776,5.73,0.72,-1.24
18:1:0:830,4.36,1.16,-1.49
18:1:0:830,2.86,1.20,-0.48
18:1:0:830,3.48,1.64,-0.46
18:1:0:865,3.30,1.20,-0.73
18:1:0:865,2.91,0.41,-1.18
18:1:0:882,3.33,0.16,-1.54
18:1:0:900,3.05,0.18,-1.36
18:1:1:39,2.86,0.40,-0.89
18:1:1:57,2.94,0.69,-0.93
18:1:1:75,2.64,0.71,-1.25
18:1:1:110,2.92,0.62,-1.37
18:1:1:111,3.22,0.57,-1.87
18:1:1:162,4.20,0.53,-1.68
18:1:1:179,4.87,0.25,-0.52
18:1:1:197,4.16,0.45,-2.41
18:1:1:213,4.98,1.71,-2.79
18:1:1:213,6.23,-0.41,-2.64
18:1:1:252,8.00,0.80,-2.74
18:1:1:252,2.79,1.53,1.95
18:1:1:284,-1.03,0.39,0.10
18:1:1:303,3.83,-0.00,-0.28
18:1:1:357,4.62,-0.15,-1.02
18:1:1:357,3.82,-0.40,-0.53
18:1:1:374,3.57,-0.20,-0.78
18:1:1:393,3.03,-0.13,-0.38
18:1:1:393,3.28,-0.42,-0.72
18:1:1:429,3.65,0.09,-1.08
18:1:1:429,3.54,0.43,-1.09
18:1:1:462,3.29,0.43,-1.43
18:1:1:535,3.26,0.53,-1.28
18:1:1:537,2.76,0.19,-1.03
18:1:1:555,2.48,0.03,-0.94
18:1:1:555,2.67,0.10,-1.36
18:1:1:572,3.21,0.14,-1.37
18:1:1:572,4.05,-0.02,-1.18
18:1:1:607,4.64,1.23,-0.99
18:1:1:625,3.62,0.89,-2.24
18:1:1:643,4.27,-0.08,-2.01
18:1:1:696,6.80,2.23,-1.32
18:1:1:717,8.00,1.09,-3.36
18:1:1:717,4.79,-1.91,0.50
18:1:1:752,0.02,-0.46,0.22
18:1:1:770,4.50,1.12,-0.10
18:1:1:804,4.15,1.49,-0.82
18:1:1:823,2.96,1.35,-0.42
18:1:1:895,3.33,0.96,-0.71
18:1:1:913,3.27,1.19,-0.46
18:1:1:913,3.17,1.08,-0.72
18:1:1:932,3.83,0.56,-1.14
18:1:1:932,3.63,0.41,-1.18
18:1:1:969,3.33,0.38,-0.98
18:1:2:1,3.40,0.52,-0.89
18:1:2:112,3.59,0.69,-0.92
18:1:2:147,3.21,0.59,-0.80
18:1:2:200,2.67,1.11,-1.38
18:1:2:252,3.40,0.27,-1.33
18:1:2:253,4.27,-0.09,-0.86
18:1:2:271,4.30,0.32,-0.41
18:1:2:305,3.06,1.01,-0.84
18:1:2:342,3.52,0.70,-0.91
18:1:2:342,6.21,0.33,-0.59
18:1:2:430,7.34,-0.48,-1.45
18:1:2:450,2.86,1.93,0.24
18:1:2:469,4.15,0.56,-0.94
18:1:2:474,5.07,0.58,-1.13
18:1:2:474,3.76,0.38,-0.75
18:1:2:507,3.94,0.35,-0.73
18:1:2:524,3.64,0.13,-0.87
18:1:2:543,3.35,-0.03,-0.85
18:1:2:611,3.37,-0.28,-0.80
18:1:2:647,3.32,0.00,-0.79
18:1:2:666,3.38,0.14,-0.92
18:1:2:683,3.45,0.08,-0.92
18:1:2:717,3.33,0.02,-0.92
18:1:2:787,3.33,0.05,-1.05
18:1:2:820,3.52,-0.10,-1.07
18:1:2:856,3.57,-0.10,-1.25
18:1:3:0,3.75,-0.27,-0.96
18:1:3:123,3.56,-0.26,-1.00
18:1:3:520,3.57,-0.20,-1.23
18:1:3:810,3.86,-0.34,-1.39
18:1:3:988,4.04,0.33,-1.78
18:1:4:329,4.01,-0.80,-1.75
18:1:4:455,4.20,-2.00,-1.09
18:1:4:508,4.23,-1.01,-0.21
18:1:5:372,4.58,1.11,-0.38
18:1:5:406,3.64,1.81,-0.02
18:1:5:492,3.79,1.23,-0.80
18:1:5:529,4.34,1.10,-0.94
18:1:5:670,4.35,0.84,-1.14
18:1:5:670,3.86,1.11,-1.19
18:1:6:148,3.41,0.86,-1.21
18:1:6:148,3.59,0.63,-1.37
18:1:6:148,3.60,0.49,-1.33
18:1:6:149,3.52,0.27,-1.29
18:1:6:313,3.72,0.19,-1.34
18:1:6:313,3.79,0.16,-1.47
18:1:6:313,4.00,0.19,-1.48
18:1:6:313,3.82,0.20,-1.31
18:1:6:313,3.67,-0.04,-1.04
18:1:6:313,4.03,0.02,-1.19
18:1:6:313,3.73,0.28,-0.90
18:1:6:452,3.49,0.14,-1.10
18:1:6:452,3.41,0.12,-1.07
18:1:6:452,3.37,0.25,-1.21
18:1:6:452,3.59,0.45,-1.37
18:1:6:452,3.75,0.49,-1.12
18:1:6:452,3.53,0.33,-1.27
18:1:6:452,3.53,0.17,-1.14
18:1:6:787,3.78,0.05,-1.29
18:1:6:787,4.06,0.25,-1.18
18:1:6:787,4.03,0.57,-1.19
18:1:6:787,4.03,0.65,-1.21
18:1:6:787,3.65,0.62,-1.11
18:1:6:787,3.87,0.67,-1.02
18:1:6:787,3.89,0.52,-1.03
18:1:6:823,3.86,0.31,-0.90
18:1:6:823,3.94,0.28,-0.85
18:1:6:823,3.75,0.11,-0.78
18:1:6:823,3.87,0.30,-0.99
18:1:6:823,3.90,0.30,-0.95
18:1:6:823,3.83,0.13,-1.04
18:1:6:823,3.78,0.21,-1.06
18:1:7:18,3.87,0.16,-1.02
18:1:7:18,3.81,0.12,-1.02
18:1:7:18,3.77,0.05,-0.98
18:1:7:18,3.77,0.22,-0.88
18:1:7:18,3.68,0.38,-1.08
18:1:7:18,3.74,0.39,-1.05
18:1:7:18,3.75,0.29,-1.13
18:1:7:319,3.78,0.18,-1.18
18:1:7:319,3.77,0.15,-1.10
18:1:7:319,3.73,0.30,-1.07
18:1:7:319,3.84,0.39,-1.01
18:1:7:319,3.74,0.30,-0.99
18:1:7:319,3.75,0.26,-1.12
18:1:7:319,3.76,0.29,-1.15
18:1:7:372,3.71,0.33,-1.16
18:1:7:372,3.79,0.42,-1.24
18:1:7:372,3.75,0.41,-1.14
18:1:7:372,3.77,0.27,-1.15
18:1:7:372,3.83,0.26,-1.12
18:1:7:372,3.78,0.29,-1.13
18:1:7:372,3.79,0.21,-1.21
18:1:7:388,3.71,0.28,-1.10
18:1:7:388,3.80,0.33,-1.03
18:1:7:388,3.77,0.36,-1.14
18:1:7:388,3.76,0.28,-1.03
18:1:7:388,3.80,0.21,-1.12
18:1:7:388,3.77,0.35,-1.17
18:1:7:388,3.69,0.33,-1.11
18:1:7:404,3.74,0.40,-1.15
18:1:7:404,3.74,0.36,-1.09
18:1:7:404,3.78,0.37,-1.04
18:1:7:404,3.76,0.44,-1.18
18:1:7:421,3.78,0.42,-1.16
18:1:7:421,3.87,0.43,-1.10
18:1:7:474,3.86,0.50,-1.30
18:1:7:581,3.89,0.57,-1.19
18:1:7:581,3.79,0.39,-1.04
18:1:7:581,3.74,0.43,-1.00
18:1:7:581,3.74,0.47,-1.13
18:1:7:581,3.83,0.29,-1.01
18:1:7:581,3.60,0.46,-0.96
18:1:7:581,3.86,0.35,-1.09
18:1:7:687,3.75,0.45,-1.10
18:1:7:687,3.76,0.34,-1.08
18:1:7:687,3.85,0.34,-0.95
18:1:7:687,3.80,0.37,-0.88
18:1:7:687,3.81,0.24,-0.82
18:1:7:687,3.68,0.30,-0.80
18:1:7:687,3.73,0.43,-0.94
18:1:7:740,3.73,0.46,-0.98
18:1:7:740,3.80,0.42,-0.93
18:1:7:740,3.79,0.33,-0.86
18:1:7:740,3.74,0.35,-0.89
18:1:7:740,3.65,0.39,-0.83
18:1:7:740,3.66,0.36,-0.96
18:1:7:740,3.90,0.42,-1.02
18:1:8:199,3.85,0.36,-1.13
18:1:8:199,3.80,0.34,-1.07
18:1:8:199,3.68,0.61,-1.29
18:1:8:199,3.71,0.67,-1.19
18:1:8:199,3.89,0.36,-1.37
18:1:8:199,4.09,0.36,-1.12
18:1:8:199,3.41,0.39,-0.98
18:1:8:271,3.45,0.41,-0.83
18:1:8:271,3.77,0.04,-1.03
18:1:8:271,4.45,0.50,-1.46
18:1:8:271,4.57,0.55,-1.68
18:1:8:271,3.10,0.08,-1.28
18:1:8:271,3.72,0.02,-1.50
18:1:8:271,3.95,0.08,-1.74
18:1:8:288,3.66,0.01,-1.40
18:1:8:288,3.39,-0.01,-1.25
18:1:8:288,3.29,-0.11,-1.08
18:1:8:288,3.46,-0.11,-1.20
18:1:8:288,3.48,0.02,-1.29
18:1:8:288,3.39,0.11,-1.47
18:1:8:288,3.30,0.13,-1.59
18:1:8:431,3.38,0.16,-1.69
18:1:8:431,3.43,0.18,-1.59
18:1:8:431,3.59,0.12,-1.48
18:1:8:431,3.54,-0.07,-1.46
18:1:8:431,3.80,-0.13,-1.66
18:1:8:431,4.17,-0.26,-1.84
18:1:8:431,4.11,-0.12,-1.65
18:1:8:483,4.13,0.06,-1.98
18:1:8:483,4.17,0.10,-2.42
18:1:8:483,5.41,0.28,-1.48
18:1:8:483,6.51,0.93,-1.92
18:1:8:483,4.96,0.74,-1.36
18:1:8:483,2.64,-0.63,-0.08
18:1:8:483,1.71,-0.06,0.48
18:1:8:572,2.23,0.65,0.20
18:1:8:572,3.81,0.80,-0.01
18:1:8:572,4.74,0.91,-0.62
18:1:8:572,3.88,0.17,-0.75
18:1:8:572,3.33,0.22,-0.61
18:1:8:572,4.06,0.68,-0.65
18:1:8:572,4.03,0.60,-1.04
18:1:8:764,3.77,0.45,-1.01
18:1:8:764,3.46,0.52,-1.02
18:1:8:764,3.13,0.43,-0.96
18:1:8:764,2.81,0.51,-0.87
18:1:8:764,2.56,0.70,-0.79
18:1:8:764,2.78,0.83,-1.03
18:1:8:764,3.03,0.97,-1.37
18:1:8:975,3.05,0.94,-1.48
18:1:8:975,3.67,0.55,-1.22
18:1:8:975,4.67,1.00,-0.84
18:1:8:975,5.00,1.43,-1.34
18:1:8:975,4.42,0.26,-3.16
18:1:8:975,5.38,-0.01,-3.20
18:1:8:975,8.00,0.80,0.62
18:1:9:11,6.62,1.07,-0.64
18:1:9:11,1.15,1.29,0.56
18:1:9:11,1.47,1.21,0.15
18:1:9:11,4.10,-0.15,-0.86
18:1:9:11,4.05,-0.15,-0.62
18:1:9:11,4.29,-0.12,-0.51
18:1:9:11,2.97,-0.35,-0.11
18:1:9:117,2.87,-0.95,-0.27
18:1:9:117,3.45,-0.46,-0.69
18:1:9:117,3.26,0.50,-0.93
18:1:9:117,2.92,0.60,-1.18
18:1:9:117,2.91,0.36,-1.16
18:1:9:117,2.69,-0.06,-0.93
18:1:9:117,2.58,-0.11,-1.08
18:1:9:294,2.34,-0.15,-1.63
18:1:9:294,3.28,-0.33,-1.57
18:1:9:294,5.21,-0.56,-1.50
18:1:9:294,5.71,1.67,-1.68
18:1:9:294,4.77,0.54,-1.55
18:1:9:294,7.26,3.25,-0.99
18:1:9:329,8.00,-1.00,-3.79
18:1:9:329,4.48,-1.50,0.01
18:1:9:329,-0.15,-1.02,0.35
18:1:9:329,3.98,0.30,-0.88
18:1:9:329,3.71,1.14,-0.76
18:1:9:329,2.55,1.53,-0.29
18:1:9:329,3.04,1.18,-0.39
18:1:9:365,2.96,1.26,-0.17
18:1:9:365,2.97,1.44,-0.20
18:1:9:365,3.38,0.68,-0.83
18:1:9:365,3.63,-0.10,-1.46
18:1:9:365,3.23,0.09,-1.22
18:1:9:365,3.61,0.32,-1.37
18:1:9:365,3.57,0.66,-1.22
18:1:9:381,3.10,0.71,-1.54
18:1:9:381,2.96,0.83,-1.52
18:1:9:381,3.24,1.25,-1.62
18:1:9:381,4.18,0.44,-1.13
18:1:9:381,4.43,0.06,-1.06
18:1:9:381,3.96,0.30,-2.42
18:1:9:381,4.05,1.19,-1.64
18:1:9:686,7.22,-0.58,0.04
18:1:9:686,8.00,0.81,-1.76
18:1:9:686,1.86,2.01,1.23
18:1:9:686,0.71,1.18,0.04
18:1:9:686,5.76,-0.21,-1.35
18:1:9:721,3.69,-0.68,-0.90
18:1:9:721,3.40,-0.40,-0.67
18:1:9:721,2.94,-0.32,-0.36
18:1:9:721,2.52,-0.54,-0.54
18:1:9:721,3.24,-0.09,-0.68
18:1:9:830,3.16,0.22,-0.98
18:1:9:830,3.29,0.65,-1.00
18:1:9:830,3.14,0.56,-1.00
18:1:9:830,2.93,0.51,-1.03
18:1:9:885,2.89,0.30,-1.14
18:1:9:885,3.03,-0.10,-1.31
18:1:9:903,3.27,-0.49,-1.45
18:1:9:903,3.91,-0.23,-1.37
18:1:9:903,4.51,0.51,-1.26
18:1:9:903,4.26,1.13,-1.96
18:1:9:903,4.08,-0.54,-2.66
18:1:9:903,6.72,1.59,0.36
18:1:9:903,7.91,1.66,-4.41
18:1:9:921,6.78,-0.99,-0.16
18:1:9:921,-0.41,-0.93,0.33
18:1:9:921,2.28,-0.12,-0.45
18:1:9:921,5.87,1.12,-1.62
18:1:9:921,3.40,1.22,-0.41
18:1:9:921,2.51,1.08,-0.58
18:1:9:921,3.33,1.30,-0.05
18:1:9:991,3.04,1.02,-0.51
18:1:9:991,3.29,0.30,-0.89
18:1:9:991,3.58,-0.18,-1.51
18:1:9:991,3.15,-0.02,-1.19
18:1:9:991,3.13,0.44,-0.83
18:1:9:991,3.24,0.54,-0.96
18:1:9:991,2.91,0.69,-1.39
18:1:10:184,3.01,1.15,-1.67
18:1:10:184,3.56,1.38,-1.33
18:1:10:184,4.52,1.41,-1.75
18:1:10:184,4.83,0.35,-1.42
18:1:10:184,4.21,0.21,-2.01
18:1:10:184,4.54,0.59,-1.69
18:1:10:184,6.56,0.79,-0.93
18:1:10:202,7.73,0.01,-0.48
18:1:10:202,2.13,0.85,0.63
18:1:10:202,2.11,1.25,0.12
18:1:10:256,4.58,0.41,-0.96
18:1:10:256,3.76,-0.24,-0.73
18:1:10:256,3.63,-0.34,-0.60
18:1:10:256,2.99,-0.80,-0.46
18:1:10:384,2.86,-0.80,-0.38
18:1:10:384,3.51,-0.24,-0.76
18:1:10:384,3.34,0.42,-1.11
18:1:10:384,3.26,0.39,-1.20
18:1:10:384,3.09,0.35,-1.09
18:1:10:384,3.13,0.24,-0.94
18:1:10:384,3.22,0.18,-0.97
18:1:10:403,3.13,0.06,-1.16
18:1:10:403,2.99,-0.18,-1.52
18:1:10:403,3.60,-0.37,-1.67
18:1:10:403,4.68,0.26,-1.52
18:1:10:403,4.36,1.33,-1.58
18:1:10:403,3.65,-0.07,-2.33
18:1:10:420,5.29,-0.54,-1.19
18:1:10:420,8.00,3.95,-1.13
18:1:10:420,8.00,-0.19,-2.33
18:1:10:420,1.37,-1.41,0.50
18:1:10:420,1.35,0.01,0.64
18:1:10:437,4.93,0.91,-0.92
18:1:10:437,3.31,1.25,-0.48
18:1:10:437,3.26,1.24,-0.39
18:1:10:437,2.95,0.91,-0.34
18:1:10:437,2.67,0.88,-0.15
18:1:10:455,3.27,0.95,-0.71
18:1:10:455,3.98,0.53,-1.15
18:1:10:455,3.28,-0.14,-1.34
18:1:10:455,3.24,0.08,-1.06
18:1:10:455,3.36,0.20,-0.96
18:1:10:455,3.14,0.30,-1.14
18:1:10:455,3.09,0.49,-1.18
18:1:10:543,2.95,0.86,-1.47
18:1:10:543,3.61,1.20,-1.72
18:1:10:634,4.70,0.82,-1.65
18:1:10:670,4.92,-0.05,-1.55
18:1:10:741,3.76,0.19,-2.83
18:1:10:741,4.04,0.90,-1.27
18:1:10:741,6.00,0.92,-1.09
18:1:10:741,7.39,-0.00,0.28
18:1:10:741,3.74,0.72,0.57
18:1:10:741,2.76,1.12,-0.00
18:1:10:741,4.17,0.28,-0.79
18:1:10:777,3.65,-0.38,-0.80
18:1:10:777,3.46,-0.51,-0.49
18:1:10:777,3.24,-0.73,-0.56
18:1:10:777,2.82,-0.57,-0.60
18:1:10:777,3.35,-0.47,-0.83
18:1:10:777,3.17,0.32,-0.98
18:1:10:793,3.06,0.73,-0.90
18:1:10:793,3.14,0.67,-1.10
18:1:10:793,3.13,0.64,-1.03
18:1:10:793,3.17,0.33,-1.04
18:1:10:793,3.26,-0.10,-1.32
18:1:10:797,3.45,-0.12,-1.58
18:1:10:797,3.50,-0.06,-1.64
18:1:10:797,3.58,0.16,-1.49
18:1:10:813,4.29,0.95,-1.69
18:1:10:953,3.97,1.05,-2.25
18:1:10:953,3.52,-0.10,-2.61
18:1:10:953,4.39,-1.10,-2.91
18:1:11:131,7.70,2.15,0.35
18:1:11:131,8.00,2.68,-2.78
18:1:11:131,3.54,-0.86,1.61
18:1:11:131,0.39,-1.22,-0.13
18:1:11:131,4.94,0.30,-0.57
18:1:11:131,4.40,0.75,-1.06
18:1:11:131,3.11,1.28,-0.34
18:1:11:199,2.96,1.29,-0.56
18:1:11:199,2.84,1.14,-0.53
18:1:11:234,2.81,0.71,-0.80
18:1:11:234,3.16,0.16,-1.33
18:1:11:269,3.31,0.03,-1.35
18:1:11:269,2.96,0.32,-0.93
18:1:11:269,3.09,0.52,-0.81
18:1:11:269,2.97,0.42,-1.19
18:1:11:269,2.82,0.38,-1.38
18:1:11:339,3.03,0.75,-1.49
18:1:11:344,3.61,1.04,-1.65
18:1:11:361,4.16,0.81,-2.45
18:1:11:361,4.68,0.44,-2.07
18:1:11:452,3.51,0.72,-2.26
18:1:11:452,3.57,1.06,-2.53
18:1:11:452,6.44,0.27,-0.91
18:1:11:470,8.00,-1.54,-1.54
18:1:11:470,4.86,1.45,0.83
18:1:11:470,0.02,2.14,0.32
18:1:11:470,4.78,0.48,-0.31
18:1:11:519,4.22,-0.61,-1.05
18:1:11:519,3.36,-0.77,-0.79
18:1:11:537,3.39,-0.80,-0.63
18:1:11:537,2.92,-0.95,-0.59
18:1:11:537,3.13,-0.48,-0.81
18:1:11:554,3.33,0.11,-1.07
18:1:11:626,2.97,0.66,-1.11
18:1:11:643,3.32,0.56,-1.28
18:1:11:678,3.43,0.43,-1.21
18:1:11:678,3.18,0.22,-1.17
18:1:11:678,2.90,-0.06,-1.17
18:1:11:678,2.82,-0.10,-1.58
18:1:11:714,3.10,-0.15,-1.79
18:1:11:714,4.44,0.34,-1.10
18:1:11:820,4.49,0.87,-1.14
18:1:11:820,3.43,-0.37,-2.18
18:1:11:820,4.07,-0.93,-2.29
18:1:11:820,6.37,1.86,-0.23
18:1:11:820,7.79,1.49,-3.47
18:1:11:820,5.84,0.07,0.30
18:1:11:820,1.38,-0.26,-0.37
18:1:11:838,3.55,-0.12,-0.65
18:1:11:838,4.76,0.74,-1.36
18:1:11:838,3.62,1.54,-0.43
18:1:11:874,3.23,1.24,-0.56
18:1:11:891,2.86,1.00,-0.54
18:1:11:891,2.88,0.66,-0.65
18:1:11:908,3.30,0.31,-0.92
18:1:11:908,3.68,-0.12,-1.16
18:1:11:944,3.39,0.10,-0.84
18:1:12:36,3.13,0.18,-1.00
18:1:12:36,3.27,0.17,-1.35
18:1:12:36,3.03,0.61,-1.36
18:1:12:36,3.17,0.59,-1.18
18:1:12:36,3.70,0.65,-1.46
18:1:12:36,4.11,0.99,-0.87
18:1:12:53,3.71,0.56,-0.96
18:1:12:71,3.33,0.49,-1.24
18:1:12:71,3.75,0.68,-2.25
18:1:12:89,4.66,1.39,-0.78
18:1:12:89,6.42,0.87,-1.03
18:1:12:159,4.19,0.72,-0.75
18:1:12:159,2.90,-0.02,-0.09
18:1:12:174,5.30,-0.41,-0.90
18:1:12:174,4.50,-0.35,-1.07
18:1:12:245,3.61,-0.02,-0.93
18:1:12:245,3.49,-0.15,-1.08
18:1:12:245,3.62,-0.23,-0.95
18:1:12:245,3.73,-0.27,-0.99
18:1:12:245,3.45,-0.08,-1.08
18:1:12:351,3.38,0.22,-0.95
18:1:12:353,3.85,0.11,-0.78
18:1:12:388,4.07,0.33,-0.96
18:1:12:388,3.69,0.33,-1.09
18:1:12:424,3.66,0.43,-0.98
18:1:12:424,3.87,0.39,-0.95
18:1:12:424,3.88,0.64,-0.89
18:1:12:442,4.07,0.43,-1.29
18:1:12:442,3.92,0.31,-1.16
18:1:12:515,3.75,0.23,-1.16
18:1:12:531,3.76,0.05,-1.03
18:1:12:619,3.66,0.22,-0.97
18:1:12:636,3.81,0.17,-0.99
18:1:12:690,3.39,0.44,-0.93
18:1:12:781,3.58,0.52,-1.05
18:1:12:799,3.65,0.39,-0.99
18:1:12:799,3.79,1.00,-0.99
18:1:12:887,3.94,0.51,-0.62
18:1:12:905,3.75,0.44,-0.53
18:1:12:905,3.74,1.11,-0.45
18:1:12:905,3.79,1.50,-0.24
18:1:12:922,4.04,1.39,-0.59
18:1:12:922,3.76,0.85,-0.73
18:1:12:975,3.52,0.67,-0.76
18:1:13:46,3.54,0.73,-1.09
18:1:13:132,3.83,1.14,-1.42
18:1:13:167,3.85,1.25,-1.33
18:1:13:167,3.35,1.15,-1.10
18:1:13:167,3.36,1.37,-0.97
18:1:13:167,3.62,1.63,-1.05
18:1:13:344,3.63,1.73,-1.02
18:1:13:344,3.39,1.57,-1.00
18:1:13:468,3.55,1.38,-1.09
18:1:13:629,3.60,1.36,-1.07
18:1:13:629,3.76,1.34,-1.10
18:1:13:629,3.77,1.28,-1.11
18:1:13:714,3.69,0.96,-1.32
18:1:13:714,3.75,1.04,-1.15
18:1:13:714,3.75,0.98,-0.97
18:1:13:714,4.20,1.13,-0.98
18:1:13:878,3.83,1.12,-1.05
18:1:14:2,3.80,1.30,-0.73
18:1:14:2,3.33,1.22,-0.64
18:1:14:2,3.67,0.80,-0.81
18:1:14:161,3.73,0.52,-0.90
18:1:14:214,3.42,0.30,-0.88
18:1:14:234,3.40,0.20,-0.61
18:1:14:234,3.48,-0.05,-0.82
18:1:14:252,4.67,0.27,-0.75
18:1:14:252,4.90,0.55,-1.49
18:1:14:387,3.94,0.60,-1.02
18:1:14:387,3.86,0.39,-1.02
18:1:14:387,3.76,0.29,-1.06
18:1:14:438,3.55,0.26,-0.86
18:1:14:530,3.48,0.07,-1.06
18:1:14:763,3.46,-0.03,-0.77
18:1:14:817,3.59,-0.05,-0.74
18:1:14:942,4.19,0.71,-0.61
18:1:14:942,4.04,0.53,-0.73
18:1:14:942,3.50,0.41,-0.44
18:1:14:942,3.89,0.46,-0.65
18:1:14:942,4.20,0.56,-0.63
18:1:14:942,3.77,0.60,-0.39
18:1:15:47,3.73,0.36,-0.83
18:1:15:47,4.03,0.50,-1.63
18:1:15:47,3.62,0.42,-1.20
18:1:15:47,3.88,0.41,-1.09
18:1:15:64,3.95,0.39,-1.06
18:1:15:80,3.87,0.46,-1.10
18:1:15:80,3.90,0.60,-1.15
18:1:15:80,3.62,0.64,-0.95
18:1:15:80,3.74,0.63,-0.94
18:1:15:80,3.86,0.62,-0.93
18:1:15:80,3.72,0.46,-0.94
18:1:15:80,3.71,0.45,-0.97
18:1:15:113,3.71,0.49,-0.98
18:1:15:113,3.91,0.57,-1.06
18:1:15:113,3.75,0.67,-1.01
18:1:15:131,3.70,0.55,-1.02
18:1:15:468,3.80,0.48,-1.08
18:1:15:468,3.81,0.44,-1.01
18:1:15:468,3.75,0.41,-0.95
18:1:15:468,3.76,0.56,-0.94
18:1:15:468,3.73,0.59,-0.99
18:1:15:468,3.84,0.54,-1.02
18:1:15:504,3.70,0.43,-1.05
18:1:15:504,3.80,0.49,-1.12
18:1:15:504,3.74,0.53,-1.07
18:1:15:504,3.77,0.55,-1.05
18:1:15:504,3.79,0.48,-1.14
18:1:15:504,3.78,0.49,-1.01
18:1:15:576,3.81,0.45,-1.11
18:1:15:576,3.79,0.48,-1.00
18:1:15:576,3.78,0.44,-0.95
18:1:15:576,3.84,0.47,-1.03
18:1:15:576,3.79,0.46,-0.97
18:1:15:576,3.82,0.38,-0.94
18:1:15:628,3.79,0.40,-0.94
18:1:15:628,3.70,0.36,-0.93
18:1:15:683,3.79,0.33,-0.96
18:1:15:771,3.81,0.42,-0.99
18:1:15:862,3.76,0.47,-0.99
18:1:15:862,3.86,0.37,-0.97
18:1:15:862,3.87,0.39,-0.96
18:1:15:862,3.80,0.42,-0.96
18:1:15:862,3.80,0.39,-0.89
18:1:15:862,3.82,0.39,-0.93
18:1:15:933,3.82,0.37,-0.91
18:1:15:933,3.85,0.29,-0.91
18:1:15:933,3.88,0.30,-0.92
18:1:15:933,3.86,0.24,-0.81
18:1:15:933,3.83,0.24,-0.84
18:1:15:933,3.89,0.32,-0.85
18:1:15:969,3.78,0.31,-0.84
18:1:15:969,3.82,0.32,-0.78
18:1:15:969,3.91,0.34,-0.84
18:1:15:969,3.77,0.37,-0.82
18:1:15:969,3.82,0.32,-0.85
18:1:15:969,3.88,0.29,-0.87
18:1:15:969,3.82,0.51,-0.89
18:1:16:111,3.83,0.50,-0.87
18:1:16:111,3.91,0.54,-0.89
18:1:16:111,3.80,0.44,-0.95
18:1:16:111,3.96,0.38,-1.15
18:1:16:111,3.94,0.37,-1.00
18:1:16:163,3.80,0.40,-0.96
18:1:16:163,3.90,0.52,-1.11
18:1:16:163,3.93,0.67,-0.92
18:1:16:163,3.73,0.75,-0.85
18:1:16:163,3.75,0.80,-0.53
18:1:16:164,3.78,0.48,-0.76
18:1:16:164,3.72,0.49,-0.61
18:1:16:164,3.61,0.52,-0.57
18:1:16:164,3.52,0.19,-0.70
18:1:16:182,3.59,-0.01,-0.69
18:1:16:200,4.24,0.08,-0.63
18:1:16:216,4.28,0.31,-0.82
18:1:16:235,3.97,0.29,-1.02
18:1:16:304,3.86,0.13,-1.07
18:1:16:304,3.99,0.13,-1.05
18:1:16:304,3.85,0.14,-1.08
18:1:16:304,3.66,0.08,-0.98
18:1:16:304,3.54,-0.01,-0.93
18:1:16:304,3.48,-0.06,-0.89
18:1:16:309,3.58,-0.04,-0.82
18:1:16:309,3.40,0.07,-0.92
18:1:16:309,3.51,0.02,-1.10
18:1:16:309,3.32,-0.07,-1.25
18:1:16:309,3.38,0.11,-1.03
18:1:16:309,3.54,0.01,-1.29
18:1:16:309,3.25,-0.17,-1.20
18:1:16:397,3.19,-0.35,-1.19
18:1:16:397,3.52,-0.36,-1.31
18:1:16:397,3.94,-0.34,-1.58
18:1:16:397,4.21,0.37,-2.06
18:1:16:397,4.27,0.42,-2.38
18:1:16:397,4.27,0.20,-2.16
18:1:16:486,4.25,-0.44,-2.51
18:1:16:505,4.61,0.06,-1.93
18:1:16:505,7.64,5.96,0.92
18:1:16:540,8.00,-0.37,-3.79
18:1:16:575,2.49,-2.17,0.92
18:1:16:575,-0.39,-0.99,1.04
18:1:16:575,4.48,0.68,-0.28
18:1:16:662,4.22,0.97,-0.75
18:1:16:662,2.97,0.85,-0.48
18:1:16:662,3.18,0.07,-0.45
18:1:16:662,3.53,0.49,-0.51
18:1:16:662,3.40,0.81,-0.32
18:1:16:680,3.56,0.69,-0.76
18:1:16:699,3.84,0.41,-1.05
18:1:16:699,3.39,0.41,-0.92
18:1:16:715,3.13,0.33,-0.71
18:1:16:715,3.00,0.42,-0.79
18:1:16:715,2.60,0.58,-1.05
18:1:16:715,2.66,0.58,-1.28
18:1:16:715,3.10,0.71,-1.28
18:1:16:715,3.14,0.95,-1.46
18:1:16:718,4.28,0.80,-1.41
18:1:16:718,6.13,1.09,-1.30
18:1:16:718,4.71,0.21,-1.86
18:1:16:772,3.31,0.89,-2.23
18:1:16:788,5.35,1.28,-1.25
18:1:16:844,8.00,-1.72,-1.65
18:1:16:844,4.06,0.95,1.68
18:1:16:844,-1.27,1.86,-0.24
18:1:16:862,5.06,0.41,-0.48
18:1:16:862,4.82,-0.55,-1.50
18:1:16:862,3.34,-0.43,-0.14
18:1:16:862,3.29,-1.04,-0.37
18:1:16:878,2.81,-1.04,-0.54
18:1:16:878,3.33,-0.55,-0.74
18:1:16:878,3.54,0.41,-1.41
18:1:16:878,3.04,0.67,-0.89
18:1:16:878,3.24,0.45,-1.22
18:1:16:895,3.16,0.35,-0.90
18:1:16:913,3.07,0.48,-1.32
18:1:16:913,2.99,-0.05,-1.50
18:1:16:931,2.69,0.17,-1.82
18:1:16:931,3.54,-0.17,-1.29
18:1:16:931,4.77,-0.16,-1.50
18:1:16:931,4.37,0.65,-2.08
18:1:17:35,4.24,-0.25,-2.01
18:1:17:36,7.27,3.35,0.25
18:1:17:90,8.00,0.88,-3.51
18:1:17:125,5.04,-1.74,-0.07
18:1:17:179,-0.68,-0.62,-0.16
18:1:17:196,3.93,1.00,-0.34
18:1:17:215,4.63,1.50,-1.39
18:1:17:215,2.83,1.40,-0.34
18:1:17:232,3.15,0.89,-0.50
18:1:17:249,2.83,0.94,-0.08
18:1:17:354,2.72,0.92,-0.84
18:1:17:390,4.01,0.30,-1.14
18:1:17:392,3.62,0.07,-1.23
18:1:17:392,3.19,0.32,-0.88
18:1:17:444,3.40,0.47,-1.02
18:1:17:444,3.22,0.56,-1.15
18:1:17:444,2.89,0.70,-1.06
18:1:17:461,2.87,0.89,-1.21
18:1:17:479,3.21,1.17,-1.53
18:1:17:479,4.13,0.98,-1.91
18:1:17:479,4.64,0.29,-1.20
18:1:17:548,3.92,-0.22,-2.81
18:1:17:582,4.36,1.51,-1.74
18:1:17:636,4.99,1.07,-1.88
18:1:17:654,8.00,0.52,0.98
18:1:17:671,5.34,0.10,0.23
18:1:17:671,1.32,1.08,0.31
18:1:17:671,4.03,0.73,-0.68
18:1:17:725,4.05,-0.19,-1.04
18:1:17:759,3.33,-0.38,-0.64
18:1:17:777,3.22,-0.66,-0.69
18:1:17:812,2.76,-0.51,-0.52
18:1:17:830,3.18,-0.21,-0.66
18:1:17:847,3.48,0.11,-0.93
18:1:17:847,3.28,0.65,-0.98
18:1:17:935,3.21,0.73,-1.05
18:1:17:938,3.13,0.77,-0.98
18:1:17:954,3.06,0.29,-1.20
18:1:17:956,3.04,-0.14,-1.07
18:1:17:956,2.97,-0.32,-1.33
18:1:17:973,3.28,0.11,-1.66
18:1:17:974,4.29,-0.33,-1.58
18:1:17:974,4.53,0.40,-1.37
18:1:18:7,4.61,0.37,-1.77
18:1:18:10,7.29,3.57,-0.26
18:1:18:10,8.00,0.06,-5.25
18:1:18:80,5.30,-1.81,-0.49
18:1:18:98,-0.96,-0.44,0.70
18:1:18:98,2.68,0.73,-0.60
18:1:18:114,4.81,1.46,-1.11
18:1:18:132,3.00,1.05,-0.54
18:1:18:132,3.12,0.95,-0.75
18:1:18:164,3.06,1.12,-0.38
18:1:18:181,2.57,1.07,-0.55
18:1:18:181,3.61,0.68,-0.85
18:1:18:198,3.55,-0.04,-1.46
18:1:18:216,3.25,0.01,-1.30
18:1:18:270,3.19,0.42,-1.32
18:1:18:288,3.27,0.78,-1.25
18:1:18:288,2.96,0.92,-1.29
18:1:18:308,2.84,1.20,-1.31
18:1:18:308,3.46,1.27,-1.88
18:1:18:324,5.05,0.72,-1.69
18:1:18:324,4.87,0.11,-0.97
18:1:18:341,3.23,0.32,-3.26
18:1:18:359,5.13,0.83,-2.12
18:1:18:359,6.81,1.63,-1.37
18:1:18:378,7.03,0.80,-0.01
18:1:18:396,2.75,0.56,0.71
18:1:18:414,2.29,0.56,-0.18
18:1:18:483,3.85,0.14,-1.00
18:1:18:519,3.54,-0.03,-0.92
18:1:18:519,3.83,-0.26,-0.90
18:1:18:519,3.24,-0.36,-0.46
18:1:18:555,2.65,-0.91,-0.61
18:1:18:555,3.27,-0.50,-0.81
18:1:18:574,3.48,0.27,-1.18
18:1:18:593,3.38,0.61,-1.00
18:1:18:645,3.26,0.63,-1.17
18:1:18:663,3.17,0.50,-1.19
18:1:18:663,3.07,0.38,-1.17
18:1:18:698,2.93,-0.04,-1.34
18:1:18:716,3.01,-0.47,-1.34
18:1:18:716,3.55,-0.55,-1.60
18:1:18:801,4.78,0.49,-1.33
18:1:18:820,4.56,1.37,-1.91
18:1:18:837,3.31,0.16,-2.38
18:1:18:855,3.55,-1.14,-2.50
18:1:18:873,6.70,1.75,-0.32
18:1:18:873,8.00,2.29,-3.11
18:1:18:892,5.20,-0.50,0.69
18:1:18:892,-0.36,-1.20,-0.35
18:1:18:980,4.32,0.54,-0.10
18:1:18:980,4.84,1.01,-1.48
18:1:19:12,3.03,1.08,-0.45
18:1:19:81,3.27,1.30,-0.71
18:1:19:81,3.10,1.36,-0.36
18:1:19:99,2.75,0.95,-0.68
18:1:19:171,3.48,0.55,-1.15
18:1:19:207,3.52,0.36,-1.45
18:1:19:207,2.86,0.46,-0.92
18:1:19:224,3.30,0.58,-1.08
18:1:19:258,3.26,0.75,-1.04
18:1:19:260,2.68,0.69,-1.34
18:1:19:260,2.92,0.77,-1.34
18:1:19:277,3.67,0.86,-1.52
18:1:19:348,4.53,0.80,-1.25
18:1:19:365,4.54,0.50,-1.50
18:1:19:383,4.09,0.65,-2.97
18:1:19:400,4.44,1.55,-0.47
18:1:19:400,8.00,0.47,-0.62
18:1:19:419,7.11,1.47,-0.60
18:1:19:436,0.29,1.10,0.49
18:1:19:437,2.52,0.37,-0.30
18:1:19:454,4.54,-0.52,-1.08
18:1:19:474,3.50,-0.63,-0.65
18:1:19:544,3.62,-0.28,-0.52
18:1:19:545,2.99,-0.32,-0.51
18:1:19:563,2.88,-0.56,-0.59
18:1:19:581,3.33,-0.17,-1.01
18:1:19:597,3.83,0.17,-1.02
18:1:19:632,3.71,0.41,-1.13
18:1:19:649,3.43,0.40,-1.10
18:1:19:738,3.48,0.22,-0.99
18:1:19:756,3.44,0.18,-1.20
18:1:19:774,3.13,-0.11,-1.08
18:1:19:790,3.03,-0.28,-1.45
18:1:19:792,3.79,-0.07,-1.47
18:1:19:809,4.58,0.91,-0.99
18:1:19:809,3.89,1.32,-1.48
18:1:19:827,3.88,-0.63,-2.13
18:1:19:898,5.75,1.07,-0.52
18:1:19:898,7.29,1.11,-3.17
18:1:19:916,6.15,0.00,-0.04
18:1:19:934,0.11,-0.34,0.71
18:1:19:954,2.25,0.04,-0.56
18:1:19:972,5.46,0.83,-1.34
18:1:20:7,3.70,1.11,-0.70
18:1:20:43,3.35,1.08,-0.78
18:1:20:61,3.21,1.47,-0.47
18:1:20:78,2.81,1.08,-0.71
18:1:20:96,3.20,0.43,-1.29
18:1:20:114,3.74,0.24,-1.70
18:1:20:149,3.04,0.24,-1.25
18:1:20:253,2.93,0.44,-1.20
18:1:20:253,3.26,0.78,-0.88
18:1:20:269,2.86,0.92,-0.92
18:1:20:289,2.70,0.75,-1.42
18:1:20:308,3.91,0.79,-1.73
18:1:20:343,5.24,1.06,-0.99
18:1:20:376,4.60,0.20,-1.71
18:1:20:379,4.46,0.35,-2.80
18:1:20:430,6.06,0.74,-1.36
18:1:20:447,8.00,0.84,-1.74
18:1:20:447,3.46,1.49,0.83
18:1:20:463,-0.03,0.38,0.49
18:1:20:482,3.20,-0.11,-0.43
18:1:20:499,4.47,-0.17,-0.96
18:1:20:517,3.99,0.09,-0.55
18:1:20:534,3.36,0.04,-0.59
18:1:20:552,2.84,0.01,-0.43
18:1:20:641,3.31,-0.57,-0.59
18:1:20:659,3.79,-0.20,-1.17
18:1:20:659,3.63,0.24,-1.02
18:1:20:677,3.34,0.28,-1.11
18:1:20:677,3.30,0.19,-1.00
18:1:20:710,3.00,0.21,-1.17
18:1:20:729,2.91,0.17,-1.15
18:1:20:815,2.70,0.19,-1.48
18:1:20:885,3.07,0.02,-1.42
18:1:20:905,4.25,0.20,-1.50
18:1:20:905,5.02,1.49,-1.54
18:1:20:991,3.62,0.76,-1.96
18:1:21:9,3.67,-0.72,-2.00
18:1:21:27,6.02,0.14,-0.54
18:1:21:45,8.00,2.05,-2.84
18:1:21:47,6.39,0.01,0.02
18:1:21:65,0.20,-0.88,0.21
18:1:21:65,4.06,0.45,-0.06
18:1:21:80,4.53,1.15,-1.23
18:1:21:167,3.19,1.32,-0.59
18:1:21:183,3.14,1.26,-0.91
18:1:21:198,3.14,1.42,-0.35
18:1:21:216,2.65,1.05,-0.54
18:1:21:216,3.81,0.78,-1.03
18:1:21:233,3.61,0.49,-1.30
18:1:21:251,3.13,0.36,-0.93
18:1:21:269,3.39,0.49,-1.08
18:1:21:324,3.53,0.40,-0.91
18:1:21:343,2.96,0.34,-1.07
18:1:21:413,2.95,0.76,-1.15
18:1:21:431,3.23,0.47,-2.00
18:1:21:450,4.48,0.49,-1.58
18:1:21:504,4.62,0.16,-0.62
18:1:21:521,3.49,0.65,-0.49
18:1:21:521,3.03,1.09,-1.44
18:1:21:538,5.25,0.15,-2.32
18:1:21:593,6.22,0.33,-1.27
18:1:21:610,4.50,0.88,0.55
18:1:21:628,4.70,1.06,-0.09
18:1:21:646,4.30,-0.03,-0.77
18:1:21:698,4.02,0.04,-0.90
18:1:21:716,3.78,-0.01,-0.55
18:1:21:716,3.92,-0.08,-0.71
18:1:21:735,3.47,-0.04,-0.52
18:1:21:753,3.54,-0.21,-0.60
18:1:21:771,3.54,0.08,-0.56
18:1:21:806,3.18,0.28,-0.47
18:1:21:857,3.28,0.23,-0.59
18:1:21:875,3.44,0.19,-0.89
18:1:21:875,3.70,0.01,-0.98
18:1:21:892,3.49,-0.10,-0.95
18:1:21:892,3.31,-0.29,-0.85
18:1:21:910,3.28,-0.31,-1.36
18:1:21:928,3.45,-0.12,-1.11
18:1:21:981,3.98,-0.12,-0.77
18:1:21:981,3.99,0.60,-0.96
18:1:21:998,3.49,0.72,-1.20
18:1:22:87,3.62,0.55,-1.17
18:1:22:102,4.55,0.03,-2.17
18:1:22:140,4.81,-1.32,-1.98
18:1:22:262,3.83,-1.09,-1.38
18:1:22:298,3.93,0.12,-0.73
18:1:22:316,4.04,0.93,-0.26
18:1:22:334,3.63,1.04,-0.29
18:1:22:474,3.79,1.21,-0.84
18:1:22:881,3.85,0.96,-0.77
18:1:23:20,3.83,1.35,-0.93
18:1:23:56,3.79,1.22,-1.15
18:1:23:184,3.77,0.59,-1.38
18:1:23:253,3.98,0.64,-1.41
18:1:23:340,3.84,0.58,-1.39
18:1:23:502,3.70,0.75,-1.41
18:1:23:568,3.54,0.76,-1.54
18:1:23:571,3.67,0.68,-1.40
18:1:23:776,3.75,0.47,-1.48
18:1:23:900,3.59,0.60,-1.53
18:1:23:900,3.67,0.69,-1.49
18:1:23:900,3.85,0.70,-1.49
18:1:24:60,3.96,0.55,-1.27
18:1:24:149,3.94,0.65,-1.09
18:1:24:149,3.59,0.49,-0.70
18:1:24:149,3.53,0.37,-1.38
18:1:24:149,3.57,0.32,-1.19
18:1:24:668,3.59,0.55,-1.22
18:1:24:668,3.26,0.80,-1.02
18:1:24:668,3.28,0.54,-1.35
18:1:24:668,3.25,0.58,-1.32
18:1:24:668,3.23,0.41,-1.36
18:1:24:668,3.81,0.10,-1.29
18:1:24:668,4.62,-0.05,-1.28
18:1:25:150,4.42,0.14,-0.94
18:1:25:150,3.37,0.31,-0.89
18:1:25:150,3.60,0.20,-1.05
18:1:25:150,3.96,0.14,-1.05
18:1:25:150,4.09,0.11,-0.91
18:1:25:150,3.67,0.15,-0.74
18:1:25:150,3.60,0.22,-0.73
18:1:25:241,3.82,0.09,-0.88
18:1:25:241,4.02,-0.19,-0.92
18:1:25:241,4.11,-0.29,-1.29
18:1:25:241,3.73,0.14,-0.93
18:1:25:241,3.66,0.19,-1.04
18:1:25:241,3.87,0.08,-1.24
18:1:25:241,3.87,-0.04,-1.17
18:1:25:292,3.92,0.12,-1.28
18:1:25:868,3.70,0.22,-1.12
18:1:25:868,3.51,0.32,-1.05
18:1:25:868,3.78,0.22,-1.27
18:1:25:868,3.85,0.30,-1.18
18:1:25:868,3.51,0.30,-1.06
18:1:25:922,3.67,0.25,-1.22
18:1:25:922,3.74,0.29,-1.05
18:1:25:922,3.66,0.13,-1.15
18:1:26:195,3.84,0.26,-1.28
18:1:26:195,3.72,0.47,-1.17
18:1:26:195,3.68,0.40,-1.24
18:1:26:195,3.96,0.29,-1.22
18:1:26:408,3.66,0.33,-1.14
18:1:26:408,3.75,0.50,-1.31
18:1:26:408,4.06,0.67,-1.39
18:1:26:408,3.62,0.36,-1.37
18:1:26:626,3.80,0.27,-1.41
18:1:26:626,3.77,0.31,-1.50
18:1:26:626,3.64,0.44,-1.22
18:1:26:642,3.71,0.47,-1.13
18:1:26:642,3.59,0.39,-1.24
18:1:26:785,3.73,0.40,-1.34
18:1:26:841,3.69,0.47,-1.33
18:1:26:841,3.68,0.46,-1.10
18:1:26:945,3.75,0.58,-1.17
18:1:26:945,3.72,0.42,-1.28
18:1:26:945,3.76,0.48,-1.38
18:1:26:945,3.66,0.63,-1.22
18:1:26:945,3.76,0.71,-1.04
18:1:26:945,3.72,0.42,-1.10
18:1:27:116,3.71,0.33,-1.22
18:1:27:293,3.80,0.33,-1.24
18:1:27:293,3.72,0.51,-1.07
18:1:27:293,3.75,0.58,-1.02
18:1:27:293,3.76,0.46,-1.02
18:1:27:330,3.76,0.42,-1.13
18:1:27:330,3.73,0.41,-1.11
18:1:27:330,3.70,0.46,-1.11
18:1:27:330,3.80,0.41,-1.12
18:1:27:330,3.75,0.43,-1.10
18:1:27:330,3.80,0.42,-1.15
18:1:27:330,3.74,0.38,-1.14
18:1:27:348,3.81,0.46,-1.15
18:1:27:348,3.94,0.46,-1.09
18:1:27:348,3.71,0.49,-0.94
18:1:27:348,3.69,0.40,-1.04
18:1:27:348,3.75,0.39,-1.07
18:1:27:348,3.77,0.42,-1.04
18:1:27:348,3.76,0.33,-0.96
18:1:27:348,3.69,0.38,-0.96
18:1:27:348,3.87,0.41,-0.96
18:1:27:348,3.78,0.44,-0.89
18:1:27:348,3.75,0.47,-0.89
18:1:27:381,3.72,0.43,-0.99
18:1:27:381,3.67,0.48,-0.97
18:1:27:381,3.76,0.55,-1.04
18:1:27:381,3.81,0.45,-1.07
18:1:27:381,3.76,0.43,-1.04
18:1:27:381,3.80,0.55,-1.10
18:1:27:381,3.87,0.59,-1.10
18:1:27:493,3.83,0.61,-1.08
18:1:27:493,3.79,0.61,-0.92
18:1:27:493,4.00,0.58,-1.03
18:1:27:493,3.86,0.73,-0.96
18:1:27:493,3.65,0.42,-1.08
18:1:27:493,3.70,0.45,-0.93
18:1:27:493,3.82,0.42,-1.08
18:1:27:545,3.71,0.49,-1.00
18:1:27:545,3.76,0.46,-0.96
18:1:27:545,3.88,0.34,-0.99
18:1:27:545,3.73,0.42,-0.93
18:1:27:545,3.66,0.35,-0.85
18:1:27:545,3.72,0.32,-0.81
18:1:27:545,3.91,0.53,-0.86
18:1:27:685,4.02,0.50,-0.86
18:1:27:685,3.96,0.67,-0.68
18:1:27:685,4.43,0.59,-0.59
18:1:27:685,4.41,0.02,-1.30
18:1:27:685,3.38,-0.17,-1.43
18:1:27:685,3.52,-0.03,-0.94
18:1:27:685,4.15,-0.33,-1.36
18:1:28:41,3.98,-0.01,-1.25
18:1:28:41,2.97,0.21,-1.01
18:1:28:41,3.06,-0.03,-1.14
18:1:28:41,3.57,-0.02,-1.35
18:1:28:41,3.66,0.15,-1.22
18:1:28:41,3.30,0.17,-1.24
18:1:28:41,3.19,0.05,-1.37
18:1:28:112,3.09,0.01,-1.35
18:1:28:112,3.21,-0.05,-1.36
18:1:28:112,3.60,0.10,-1.39
18:1:28:112,3.45,0.08,-1.37
18:1:28:112,3.61,-0.17,-1.36
18:1:28:112,4.51,-0.02,-1.51
18:1:28:324,5.06,-0.01,-2.21
18:1:28:324,5.01,0.07,-1.77
18:1:28:324,5.94,1.01,-0.29
18:1:28:324,7.55,1.53,-2.59
18:1:28:324,5.48,-1.29,-2.56
18:1:28:324,1.30,-1.31,-0.05
18:1:28:324,0.88,0.07,0.95
18:1:28:409,2.91,1.01,0.11
18:1:28:409,3.93,1.14,0.02
18:1:28:409,4.63,1.46,-0.26
18:1:28:409,3.99,0.54,-0.80
18:1:28:409,3.45,0.89,-0.11
18:1:28:409,3.94,1.19,-0.28
18:1:28:409,3.61,0.51,-0.75
18:1:28:409,3.52,-0.02,-1.29
18:1:28:461,3.53,0.18,-1.31
18:1:28:461,3.01,0.30,-1.16
18:1:28:461,2.74,0.58,-1.03
18:1:28:461,3.00,0.94,-0.92
18:1:28:461,2.70,1.15,-1.02
18:1:28:461,2.99,1.38,-1.04
18:1:28:461,3.61,1.46,-1.09
18:1:28:707,4.47,1.06,-0.93
18:1:28:707,4.76,1.19,-1.17
18:1:28:707,4.30,0.13,-3.33
18:1:28:707,4.41,1.37,-0.81
18:1:28:707,7.72,-0.32,-0.72
18:1:28:707,7.74,-0.34,-1.51
18:1:28:707,0.67,0.71,0.68
18:1:28:741,1.12,1.62,0.63
18:1:28:741,6.00,0.32,-1.26
18:1:28:741,4.40,0.35,-0.72
18:1:28:741,3.62,0.37,-0.25
18:1:28:741,3.00,-0.27,-0.42
18:1:28:741,3.01,-0.55,-0.40
18:1:28:741,3.53,-0.12,-0.89
18:1:28:779,3.36,0.19,-1.05
18:1:28:779,3.12,0.24,-1.07
18:1:28:779,2.94,0.36,-0.80
18:1:28:779,2.88,0.36,-0.96
18:1:28:779,2.94,0.21,-0.98
18:1:28:779,3.29,-0.32,-1.06
18:1:28:830,3.64,-0.31,-1.29
18:1:28:830,4.10,0.39,-1.30
18:1:28:830,4.65,0.52,-1.25
18:1:28:830,4.61,0.59,-1.93
18:1:28:830,5.10,-0.78,-1.43
18:1:28:830,7.16,2.17,-0.93
18:1:28:830,8.00,1.05,-2.27
18:1:28:971,3.23,-1.37,0.65
18:1:28:971,0.08,-0.44,0.41
18:1:28:971,4.08,0.42,-0.70
18:1:28:971,3.95,1.29,-0.80
18:1:28:971,2.72,1.80,0.09
18:1:28:971,3.54,1.22,-0.31
18:1:28:971,3.00,0.53,-0.02
18:1:28:971,3.00,0.53,-0.42
18:1:29:469,3.59,0.69,-0.85
18:1:29:469,3.73,0.48,-1.02
18:1:29:469,3.44,0.32,-1.21
18:1:29:469,3.57,0.51,-1.14
18:1:29:469,3.39,0.82,-0.95
18:1:29:469,2.95,0.98,-1.17
18:1:29:469,3.26,0.95,-1.21
18:1:29:713,3.67,0.58,-1.41
18:1:29:713,3.94,0.19,-1.08
18:1:29:713,3.74,-0.33,-1.89
18:1:29:713,4.16,0.25,-2.73
18:1:29:713,5.00,0.76,-1.73
18:1:29:713,7.13,1.10,-0.05
18:1:29:713,7.81,0.87,-0.45
18:1:29:876,2.34,1.04,0.47
18:1:29:876,2.77,1.01,0.12
18:1:29:876,4.57,-0.08,-1.29
18:1:29:876,3.25,-0.24,-0.75
18:1:29:876,3.37,-0.01,-0.45
18:1:29:876,3.00,-0.30,-0.46
18:1:29:876,2.99,-0.64,-0.64
18:1:30:37,3.39,-0.44,-0.80
18:1:30:37,3.42,0.24,-0.91
18:1:30:37,3.21,0.71,-0.85
18:1:30:37,3.05,0.58,-0.99
18:1:30:37,3.32,0.20,-0.89
18:1:30:37,3.47,-0.19,-1.09
18:1:30:56,3.22,-0.35,-1.08
18:1:30:56,2.91,-0.24,-1.26
18:1:30:76,3.36,-0.19,-1.39
18:1:30:76,4.41,0.29,-1.05
18:1:30:76,3.94,0.43,-2.01
18:1:30:76,3.73,-0.80,-2.33
18:1:30:76,5.41,-0.40,-0.54
18:1:30:92,8.00,3.26,-2.15
18:1:30:92,8.00,0.39,-1.45
18:1:30:149,-0.24,-1.33,0.53
18:1:30:149,0.99,0.11,-1.42
18:1:30:149,7.28,1.80,-1.28
18:1:30:149,4.19,1.12,-2.08
18:1:30:149,2.00,1.38,-0.25
18:1:30:149,3.06,1.54,-0.09
18:1:30:166,3.24,1.03,-0.57
18:1:30:166,2.92,0.63,-0.96
18:1:30:166,3.46,-0.09,-1.50
18:1:30:166,3.25,0.11,-1.30
18:1:30:166,3.17,0.50,-0.65
18:1:30:166,3.26,0.94,-0.57
18:1:30:166,2.82,0.94,-1.04
18:1:30:185,3.25,0.74,-1.85
18:1:30:185,4.23,0.82,-1.49
18:1:30:185,4.11,0.59,-0.88
18:1:30:185,4.07,0.58,-1.18
18:1:30:185,4.33,0.67,-2.77
18:1:30:185,4.23,1.02,-2.51
18:1:30:185,6.00,1.19,-0.84
18:1:30:239,7.56,-0.37,-2.02
18:1:30:239,4.06,1.63,1.10
18:1:30:239,0.94,0.95,0.50
18:1:30:239,3.58,0.24,-0.47
18:1:30:239,3.94,-0.09,-0.75
18:1:30:239,3.72,-0.02,-0.65
18:1:30:239,3.52,0.09,-0.75
18:1:30:256,3.05,-0.21,-0.45
18:1:30:256,3.09,-0.74,-0.57
18:1:30:256,3.56,-0.38,-0.92
18:1:30:256,3.97,0.05,-1.28
18:1:30:256,3.54,0.11,-1.07
18:1:30:256,3.07,0.12,-1.10
18:1:30:274,3.07,-0.04,-1.01
18:1:30:274,3.18,-0.06,-1.09
18:1:30:274,3.04,0.08,-1.23
18:1:30:274,2.94,0.26,-1.39
18:1:30:274,3.31,0.10,-1.58
18:1:30:274,4.06,0.07,-1.65
18:1:30:274,4.83,1.24,-1.68
18:1:30:408,4.22,0.60,-2.31
18:1:30:408,3.92,-0.86,-2.61
18:1:30:408,6.15,0.52,-0.38
18:1:30:408,8.00,1.99,-2.26
18:1:30:408,5.22,-0.63,0.60
18:1:30:408,-0.05,-1.12,0.01
18:1:30:408,3.80,0.77,-0.04
18:1:30:425,5.21,1.45,-0.97
18:1:30:425,3.10,1.16,-0.57
18:1:30:425,3.12,1.21,-0.32
18:1:30:444,3.04,0.92,-0.43
18:1:30:444,2.63,0.52,-0.91
18:1:30:444,3.76,0.50,-1.34
18:1:30:444,3.45,0.21,-1.31
18:1:30:444,2.86,0.28,-0.93
18:1:30:530,3.27,0.36,-1.17
18:1:30:530,3.05,0.66,-1.03
18:1:30:530,2.86,0.87,-1.22
18:1:30:530,3.19,0.80,-1.08
18:1:30:567,4.39,0.42,-1.51
18:1:30:567,4.91,0.40,-0.59
18:1:30:567,3.91,0.13,-2.33
18:1:30:567,4.23,1.35,-2.26
18:1:30:567,5.19,0.59,-1.71
18:1:30:567,8.00,0.38,-1.05
18:1:30:567,4.61,0.70,0.44
18:1:30:586,-0.73,0.72,0.57
18:1:30:586,3.80,0.19,-0.39
18:1:30:586,4.90,-0.37,-1.20
18:1:30:586,3.39,-0.28,-0.38
18:1:30:586,3.36,-0.31,-0.57
18:1:30:586,2.86,-0.71,-0.53
18:1:30:692,3.12,-0.62,-0.74
18:1:30:692,3.68,-0.05,-1.22
18:1:30:692,3.65,0.69,-1.22
18:1:30:692,3.32,0.56,-1.32
18:1:30:692,3.21,0.50,-1.19
18:1:30:692,3.25,0.31,-1.13
18:1:30:692,3.23,0.11,-1.15
18:1:30:764,2.95,-0.22,-1.23
18:1:30:764,3.49,0.13,-1.19
18:1:30:764,4.35,0.39,-1.67
18:1:30:764,4.83,1.46,-1.52
18:1:30:764,4.48,0.38,-2.06
18:1:30:764,6.16,1.67,-0.63
18:1:30:764,7.39,1.03,-2.51
18:1:30:781,5.10,-1.47,-0.38
18:1:30:781,0.41,-0.34,0.64
18:1:30:781,2.48,0.58,-0.28
18:1:30:781,4.15,0.98,-0.66
18:1:30:781,4.00,1.33,-0.69
18:1:30:781,3.54,0.86,-0.99
18:1:30:781,3.01,1.03,-0.37
18:1:30:799,3.12,1.03,-0.53
18:1:30:799,3.62,0.54,-1.17
18:1:30:799,3.85,0.08,-1.51
18:1:30:799,3.75,0.39,-1.35
18:1:30:799,3.28,0.52,-0.84
18:1:30:799,3.20,0.72,-0.71
18:1:30:799,2.97,0.68,-1.19
18:1:30:799,3.00,0.62,-1.63
18:1:30:799,3.31,0.64,-1.25
18:1:30:799,3.56,0.93,-0.94
18:1:30:799,4.51,0.37,-1.21
18:1:30:799,4.88,-0.25,-1.76
18:1:30:799,3.54,0.46,-2.48
18:1:30:799,4.16,1.06,-3.05
18:1:30:816,6.05,1.52,-1.69
18:1:30:869,7.64,0.07,-0.68
18:1:30:940,3.17,0.65,1.42
18:1:30:992,0.89,0.61,0.27
18:1:30:992,3.91,0.25,-0.64
18:1:31:47,4.17,-0.04,-0.45
18:1:31:64,3.73,-0.03,-0.50
18:1:31:82,3.78,-0.13,-0.69
18:1:31:82,2.95,-0.49,-0.49
18:1:31:82,3.42,-0.59,-0.68
18:1:31:82,3.80,-0.20,-1.05
18:1:31:82,3.61,0.28,-0.85
18:1:31:100,3.36,0.46,-1.17
18:1:31:258,3.27,0.48,-1.16
18:1:31:258,2.86,0.27,-0.89
18:1:31:258,2.85,0.20,-1.11
18:1:31:258,2.92,0.17,-1.32
18:1:31:258,3.07,0.02,-1.38
18:1:31:276,3.88,-0.38,-1.44
18:1:31:385,4.49,0.73,-1.15
18:1:31:456,3.93,1.23,-1.77
18:1:31:456,4.78,0.62,-1.64
18:1:31:456,6.94,3.02,-0.60
18:1:31:456,8.00,-0.04,-3.04
18:1:31:492,3.96,-2.59,-0.06
18:1:31:492,0.81,-0.25,0.32
18:1:31:492,3.78,1.49,-0.37
18:1:31:510,3.84,1.68,-0.47
18:1:31:601,3.24,1.20,-0.33
18:1:31:620,3.23,0.49,-0.33
18:1:31:654,3.01,0.79,-0.41
18:1:31:692,3.07,0.96,-0.47
18:1:31:692,3.97,0.52,-1.02
18:1:31:692,3.78,0.31,-1.02
18:1:31:692,3.43,0.36,-0.71
18:1:31:711,3.68,0.28,-1.04
18:1:31:711,3.61,0.20,-1.09
18:1:31:765,3.02,0.33,-1.04
18:1:31:765,3.09,0.42,-0.94
18:1:31:782,2.86,0.84,-0.79
18:1:31:834,3.27,0.67,-1.60
18:1:31:853,4.99,0.50,-0.81
18:1:31:870,3.83,-0.13,-1.62
18:1:31:870,3.15,0.70,-1.72
18:1:31:870,3.74,0.73,-1.86
18:1:31:870,7.65,0.67,0.16
18:1:31:888,7.52,-0.61,-1.65
18:1:31:908,1.97,0.44,0.99
18:1:31:960,2.53,0.81,-0.15
18:1:31:960,5.31,-0.39,-1.27
18:1:31:960,4.13,-0.82,-0.67
18:1:31:960,3.25,-0.74,-0.57
18:1:31:960,3.28,-0.25,-0.72
18:1:31:978,3.71,-0.57,-0.73
18:1:31:978,4.28,-0.12,-1.21
18:1:31:978,4.26,0.35,-0.90
18:1:31:978,3.65,0.28,-0.65
18:1:31:996,3.66,-0.23,-0.66
18:1:32:13,3.83,-0.99,-0.94
18:1:32:13,3.65,-0.78,-0.93
18:1:32:13,3.28,-0.54,-1.24
18:1:32:13,3.72,-0.38,-1.43
18:1:32:13,3.82,-0.27,-1.08
18:1:32:29,3.28,-0.18,-1.03
18:1:32:29,3.78,0.26,-1.38
18:1:32:29,3.70,0.22,-1.36
18:1:32:29,3.25,0.07,-1.26
18:1:32:46,3.50,0.20,-1.22
18:1:32:46,3.68,-0.06,-1.46
18:1:32:46,3.96,0.21,-0.86
18:1:32:64,5.37,2.46,-0.69
18:1:32:64,4.38,2.13,-0.60
18:1:32:64,3.10,0.73,-0.34
18:1:32:137,4.18,0.26,-0.95
18:1:32:156,4.26,0.80,-1.00
18:1:32:156,3.49,1.30,-0.65
18:1:32:171,3.34,1.14,-0.82
18:1:32:223,3.39,0.91,-1.21
18:1:32:239,3.07,0.97,-1.01
18:1:32:241,3.25,1.00,-0.95
18:1:32:312,3.53,1.12,-1.07
18:1:32:330,3.49,1.17,-1.11
18:1:32:366,3.67,1.17,-1.15
18:1:32:415,3.68,1.21,-1.00
18:1:32:434,3.64,0.94,-1.30
18:1:32:501,3.85,0.89,-1.21
18:1:32:503,3.76,0.94,-1.35
18:1:32:538,3.59,0.83,-1.62
18:1:32:575,3.88,1.36,-1.67
18:1:32:576,3.64,1.89,-1.22
18:1:32:576,3.58,1.86,-1.37
18:1:32:614,3.23,1.48,-1.28
18:1:32:684,3.04,1.13,-1.21
18:1:32:720,3.32,0.97,-1.32
18:1:32:736,3.77,0.86,-1.15
18:1:32:875,4.46,1.08,-0.91
18:1:32:911,3.76,1.15,-0.57
18:1:32:911,3.29,1.18,-0.91
18:1:32:947,4.03,1.17,-1.15
18:1:33:145,4.12,0.90,-0.95
18:1:33:145,3.84,0.72,-0.59
