20:53:13:378,3.90,-0.15,0.67
20:53:13:394,3.91,-0.15,0.63
20:53:13:394,3.92,-0.15,0.69
20:53:13:425,3.91,-0.16,0.65
20:53:13:445,3.93,-0.15,0.65
20:53:13:461,3.93,-0.16,0.63
20:53:13:497,3.93,-0.16,0.65
20:53:13:518,3.90,-0.13,0.64
20:53:13:550,3.92,-0.16,0.65
20:53:13:581,3.94,-0.16,0.65
20:53:13:596,3.92,-0.14,0.64
20:53:13:617,3.92,-0.16,0.64
20:53:13:668,3.90,-0.17,0.67
20:53:13:668,3.91,-0.17,0.62
20:53:13:684,3.93,-0.16,0.62
20:53:13:704,3.94,-0.17,0.63
20:53:13:751,3.94,-0.15,0.63
20:53:13:773,3.94,-0.15,0.61
20:53:13:789,3.95,-0.19,0.61
20:53:13:805,3.95,-0.15,0.63
20:53:13:836,3.92,-0.14,0.62
20:53:13:864,3.93,-0.17,0.61
20:53:13:880,3.94,-0.16,0.64
20:53:13:901,3.94,-0.15,0.62
20:53:13:933,3.92,-0.16,0.61
20:53:13:970,3.93,-0.17,0.61
20:53:13:970,4.00,-0.18,0.61
20:53:14:106,3.91,-0.15,0.60
20:53:14:113,3.91,-0.15,0.61
20:53:14:137,3.93,-0.14,0.65
20:53:14:201,3.92,-0.14,0.65
20:53:14:216,3.92,-0.17,0.65
20:53:14:262,3.92,-0.16,0.65
20:53:14:307,3.91,-0.14,0.63
20:53:14:320,3.93,-0.15,0.64
20:53:14:333,3.92,-0.17,0.68
20:53:14:393,3.93,-0.16,0.61
20:53:14:431,3.92,-0.15,0.62
20:53:14:446,3.93,-0.13,0.65
20:53:14:465,3.92,-0.15,0.66
20:53:14:478,3.91,-0.14,0.65
20:53:14:494,3.91,-0.12,0.65
20:53:14:506,3.92,-0.14,0.68
20:53:14:513,3.92,-0.17,0.65
20:53:14:581,3.93,-0.16,0.65
20:53:14:606,3.94,-0.13,0.66
20:53:14:636,3.93,-0.15,0.67
20:53:14:680,3.94,-0.17,0.66
20:53:14:773,3.93,-0.17,0.66
20:53:14:787,3.93,-0.13,0.66
20:53:14:835,3.92,-0.13,0.64
20:53:14:929,3.92,-0.16,0.66
20:53:14:977,3.92,-0.16,0.68
20:53:15:32,3.93,-0.14,0.68
20:53:15:76,3.92,-0.16,0.66
20:53:15:101,3.92,-0.14,0.66
20:53:15:136,3.92,-0.17,0.66
20:53:15:344,3.93,-0.17,0.67
20:53:15:415,3.92,-0.15,0.65
20:53:15:532,3.93,-0.16,0.66
20:53:15:544,3.93,-0.15,0.67
20:53:15:557,3.92,-0.15,0.66
20:53:15:576,3.92,-0.16,0.64
20:53:15:595,3.93,-0.17,0.67
20:53:15:637,3.92,-0.14,0.64
20:53:15:637,3.91,-0.15,0.67
20:53:15:637,3.92,-0.16,0.68
20:53:15:776,3.92,-0.17,0.67
20:53:15:776,3.93,-0.15,0.69
20:53:15:839,3.93,-0.15,0.68
20:53:15:839,3.92,-0.15,0.67
20:53:15:852,3.92,-0.15,0.64
20:53:15:852,3.92,-0.16,0.67
20:53:16:76,3.92,-0.15,0.67
20:53:16:88,3.92,-0.13,0.65
20:53:16:312,3.93,-0.15,0.65
20:53:16:312,3.94,-0.15,0.68
20:53:16:312,3.92,-0.14,0.64
20:53:16:312,3.93,-0.17,0.68
20:53:16:312,3.92,-0.17,0.68
20:53:16:312,3.93,-0.16,0.67
20:53:16:312,3.92,-0.14,0.68
20:53:16:432,3.91,-0.14,0.62
20:53:16:432,3.90,-0.15,0.63
20:53:16:438,3.92,-0.16,0.69
20:53:16:438,3.94,-0.16,0.68
20:53:16:488,3.92,-0.15,0.66
20:53:16:497,3.94,-0.13,0.67
20:53:16:497,3.95,-0.14,0.69
20:53:16:497,3.92,-0.16,0.65
20:53:16:497,3.92,-0.16,0.66
20:53:16:497,3.94,-0.13,0.67
20:53:16:497,3.93,-0.15,0.63
20:53:16:548,3.92,-0.13,0.68
20:53:16:558,3.94,-0.15,0.63
20:53:16:567,3.93,-0.15,0.63
20:53:16:583,3.91,-0.15,0.65
20:53:16:583,3.92,-0.15,0.64
20:53:16:583,3.93,-0.13,0.64
20:53:16:583,3.94,-0.17,0.65
20:53:16:583,3.92,-0.16,0.64
20:53:16:583,3.93,-0.17,0.63
20:53:16:598,3.94,-0.13,0.63
20:53:16:598,3.92,-0.15,0.64
20:53:16:598,3.93,-0.15,0.64
20:53:16:648,3.93,-0.16,0.64
20:53:16:648,3.92,-0.15,0.62
20:53:16:648,3.94,-0.15,0.59
20:53:16:648,3.94,-0.15,0.62
20:53:16:648,3.91,-0.16,0.60
20:53:16:648,3.92,-0.13,0.61
20:53:16:648,3.93,-0.14,0.62
20:53:16:664,3.93,-0.13,0.61
20:53:16:664,3.93,-0.14,0.62
20:53:16:664,3.91,-0.18,0.62
20:53:16:726,3.92,-0.15,0.57
20:53:16:726,3.92,-0.15,0.60
20:53:16:726,3.95,-0.16,0.60
20:53:16:838,3.93,-0.16,0.63
20:53:16:838,3.94,-0.15,0.60
20:53:16:838,3.93,-0.15,0.59
20:53:16:838,3.95,-0.15,0.60
20:53:16:838,3.94,-0.16,0.60
20:53:16:838,3.94,-0.15,0.60
20:53:16:838,3.93,-0.13,0.60
20:53:16:838,3.92,-0.15,0.60
20:53:16:838,3.94,-0.17,0.60
20:53:16:838,3.95,-0.16,0.57
20:53:16:838,3.91,-0.14,0.59
20:53:16:838,3.91,-0.15,0.58
20:53:16:838,3.93,-0.11,0.60
20:53:16:854,3.90,-0.16,0.59
20:53:16:869,3.93,-0.13,0.59
20:53:16:901,3.96,-0.17,0.61
20:53:16:916,3.92,-0.22,0.58
20:53:16:963,3.90,-0.20,0.54
20:53:17:10,3.95,-0.15,0.55
20:53:17:10,3.97,-0.15,0.59
20:53:17:27,3.94,-0.13,0.62
20:53:17:81,3.95,-0.12,0.59
20:53:17:134,3.91,-0.16,0.58
20:53:17:134,3.92,-0.17,0.60
20:53:17:294,3.95,-0.18,0.63
20:53:17:294,3.93,-0.17,0.62
20:53:17:294,3.91,-0.13,0.60
20:53:17:294,3.94,-0.12,0.61
20:53:17:294,3.96,-0.14,0.60
20:53:17:349,4.00,-0.15,0.62
20:53:17:367,3.88,-0.14,0.60
20:53:17:367,3.92,-0.16,0.62
20:53:17:402,3.94,-0.15,0.63
20:53:17:421,3.94,-0.13,0.60
20:53:17:470,3.93,-0.15,0.60
20:53:17:580,3.92,-0.16,0.63
20:53:17:660,3.92,-0.15,0.61
20:53:17:678,3.94,-0.16,0.61
20:53:17:696,3.92,-0.16,0.61
20:53:17:737,3.92,-0.13,0.61
20:53:17:737,3.93,-0.14,0.63
20:53:17:787,3.93,-0.12,0.62
20:53:18:40,3.92,-0.14,0.63
20:53:18:40,3.92,-0.15,0.61
20:53:18:40,3.94,-0.16,0.64
20:53:18:40,3.93,-0.18,0.58
20:53:18:40,3.95,-0.13,0.53
20:53:18:40,4.01,-0.16,0.59
20:53:18:90,4.01,-0.17,0.64
20:53:18:92,4.02,-0.17,0.65
20:53:18:109,4.06,-0.22,0.70
20:53:18:110,3.91,-0.32,0.61
20:53:18:127,3.85,-0.48,0.61
20:53:18:162,3.80,-0.61,0.57
20:53:18:180,3.88,-0.60,0.60
20:53:18:180,3.91,-0.51,0.67
20:53:18:182,3.90,-0.33,0.64
20:53:18:182,3.88,-0.19,0.67
20:53:18:182,3.89,-0.17,0.67
20:53:18:182,3.83,-0.26,0.67
20:53:18:200,3.84,-0.29,0.65
20:53:18:233,3.83,-0.26,0.66
20:53:18:233,3.85,-0.24,0.71
20:53:18:233,3.93,-0.15,0.77
20:53:18:236,3.99,-0.03,0.72
20:53:18:253,3.92,-0.04,0.64
20:53:18:255,3.95,-0.25,0.51
20:53:18:255,3.92,-0.23,0.56
20:53:18:255,3.97,-0.15,0.74
20:53:18:345,4.12,-0.13,0.84
20:53:18:345,4.15,-0.19,0.78
20:53:18:345,3.93,0.14,0.57
20:53:18:345,3.83,0.39,0.57
20:53:18:345,4.12,0.42,0.69
20:53:18:345,4.06,0.32,0.73
20:53:18:345,3.91,0.32,0.70
20:53:18:346,3.79,0.36,0.70
20:53:18:346,3.76,0.39,0.63
20:53:18:346,3.70,0.32,0.57
20:53:18:346,3.73,0.21,0.55
20:53:18:346,3.76,0.20,0.53
20:53:18:363,3.81,0.31,0.50
20:53:18:381,3.76,0.44,0.51
20:53:18:416,3.79,0.40,0.49
20:53:18:416,3.76,0.30,0.53
20:53:18:416,3.78,0.42,0.56
20:53:18:452,3.85,0.49,0.48
20:53:18:524,3.95,0.53,0.36
20:53:18:541,3.92,0.47,0.41
20:53:18:558,4.02,0.46,0.37
20:53:18:578,4.40,0.44,0.53
20:53:18:595,5.44,-0.14,1.50
20:53:18:596,5.30,-0.82,1.48
20:53:18:614,4.44,0.23,0.66
20:53:18:631,4.84,1.01,0.88
20:53:18:648,5.24,0.73,2.00
20:53:18:648,4.05,-0.48,1.89
20:53:18:684,2.97,-1.12,1.63
20:53:18:702,2.59,-1.12,1.35
20:53:18:722,3.18,-0.53,1.31
20:53:18:723,3.65,-0.13,1.19
20:53:18:809,3.60,-0.09,1.18
20:53:18:846,3.42,-0.41,1.10
20:53:18:846,3.50,-0.53,1.11
20:53:18:864,3.65,-0.34,1.09
20:53:18:882,3.57,-0.09,1.12
20:53:18:882,3.62,-0.12,1.07
20:53:18:900,3.47,-0.32,0.94
20:53:18:918,3.53,-0.53,0.89
20:53:18:938,3.29,-0.73,0.83
20:53:18:956,3.31,-0.69,0.65
20:53:18:992,3.34,-0.64,0.53
20:53:19:10,3.51,-0.65,0.58
20:53:19:28,3.79,-0.52,0.74
20:53:19:44,4.07,-0.61,0.74
20:53:19:63,4.14,-0.72,0.75
20:53:19:80,4.12,-0.68,0.38
20:53:19:80,3.80,-0.56,0.29
20:53:19:133,4.65,0.12,1.13
20:53:19:165,6.32,0.85,2.03
20:53:19:168,4.80,0.66,2.37
20:53:19:168,3.84,-0.61,1.92
20:53:19:233,3.84,-0.97,1.41
20:53:19:252,4.29,-0.73,1.09
20:53:19:271,4.18,0.11,1.41
20:53:19:292,3.78,0.22,1.59
20:53:19:326,3.49,-0.03,1.38
20:53:19:328,3.02,0.01,1.07
20:53:19:347,3.03,0.34,1.04
20:53:19:365,2.84,0.36,0.89
20:53:19:381,2.67,0.44,0.82
20:53:19:381,3.31,0.42,0.76
20:53:19:398,3.49,0.31,0.82
20:53:19:415,3.11,0.29,0.92
20:53:19:415,3.28,0.28,0.53
20:53:19:453,3.62,0.22,0.09
20:53:19:486,4.07,0.68,0.09
20:53:19:505,4.89,0.96,0.14
20:53:19:539,4.87,0.29,-0.20
20:53:19:541,4.58,-0.63,-0.32
20:53:19:541,4.55,-0.58,-0.36
20:53:19:559,4.69,-0.56,0.12
20:53:19:577,6.24,-1.30,0.91
20:53:19:594,5.43,-0.54,3.00
20:53:19:612,3.71,-0.02,1.77
20:53:19:648,3.24,0.58,1.29
20:53:19:686,3.64,0.49,1.15
20:53:19:719,4.26,0.32,1.54
20:53:19:758,3.90,0.10,1.36
20:53:19:758,3.61,-0.31,1.09
20:53:19:776,3.14,-0.62,0.87
20:53:19:812,3.10,-0.67,0.92
20:53:19:862,3.37,-0.57,0.73
20:53:19:862,3.94,-0.75,0.89
20:53:19:879,3.74,-0.58,0.66
20:53:19:897,3.09,-0.61,0.45
20:53:19:930,3.19,-0.48,0.49
20:53:19:931,3.11,-0.56,0.38
20:53:19:948,3.35,-0.67,0.14
20:53:20:19,3.50,-0.54,0.07
20:53:20:19,3.83,-0.55,0.42
20:53:20:72,4.24,-0.42,0.75
20:53:20:72,4.42,-0.22,0.49
20:53:20:111,4.04,-0.26,-0.24
20:53:20:126,3.79,-0.79,-0.32
20:53:20:127,5.43,-0.67,1.06
20:53:20:162,5.85,0.76,1.75
20:53:20:180,5.18,0.90,2.25
20:53:20:198,3.96,0.45,2.22
20:53:20:233,3.70,-0.72,1.77
20:53:20:251,4.40,-1.61,1.00
20:53:20:286,4.33,-0.47,0.95
20:53:20:304,3.98,0.57,1.40
20:53:20:323,3.42,0.58,1.08
20:53:20:359,3.09,0.27,0.73
20:53:20:361,3.11,0.26,0.62
20:53:20:378,3.32,0.31,0.64
20:53:20:412,3.33,0.33,0.58
20:53:20:430,3.23,0.28,0.54
20:53:20:468,3.36,0.19,0.60
20:53:20:486,3.37,0.04,0.45
20:53:20:538,3.46,0.03,0.33
20:53:20:538,3.44,0.12,0.16
20:53:20:557,3.83,0.24,0.10
20:53:20:586,4.11,0.08,0.39
20:53:20:621,4.38,-0.47,0.01
20:53:20:639,4.21,-0.70,-0.75
20:53:20:656,4.28,-0.35,0.22
20:53:20:674,6.11,-1.07,1.36
20:53:20:693,5.66,-2.03,2.16
20:53:20:747,4.25,-0.06,1.62
20:53:20:782,3.73,0.57,1.34
20:53:20:800,4.17,0.91,1.37
20:53:20:817,4.33,0.60,1.39
20:53:20:852,3.86,-0.05,1.30
20:53:20:887,4.06,-0.28,1.17
20:53:20:887,3.48,-0.45,0.92
20:53:20:904,3.12,-0.57,0.76
20:53:20:922,3.27,-0.49,0.65
20:53:20:955,3.44,-0.63,0.57
20:53:20:972,3.30,-0.93,0.61
20:53:21:6,3.08,-0.87,0.52
20:53:21:41,3.34,-0.84,0.56
20:53:21:75,3.22,-0.83,0.48
20:53:21:76,3.20,-0.75,0.42
20:53:21:76,3.52,-0.37,0.12
20:53:21:127,3.83,-0.25,0.33
20:53:21:127,4.14,-0.32,0.64
20:53:21:162,4.36,-0.24,0.21
20:53:21:181,4.07,-0.28,-0.33
20:53:21:199,3.70,-0.74,-0.13
20:53:21:233,4.72,-0.37,0.66
20:53:21:251,6.10,0.53,1.58
20:53:21:303,4.74,0.64,2.04
20:53:21:322,4.17,-0.04,1.50
20:53:21:325,4.55,-0.22,1.84
20:53:21:342,4.51,-1.09,1.32
20:53:21:379,4.26,-0.42,1.15
20:53:21:397,4.20,0.03,1.08
20:53:21:415,3.53,0.14,0.91
20:53:21:451,3.34,-0.01,0.66
20:53:21:504,3.15,0.03,0.54
20:53:21:521,3.33,0.22,0.57
20:53:21:521,3.18,0.40,0.54
20:53:21:539,3.04,0.52,0.48
20:53:21:575,3.13,0.42,0.64
20:53:21:596,3.15,0.29,0.50
20:53:21:614,3.30,0.17,0.37
20:53:21:632,3.59,0.13,0.06
20:53:21:666,3.79,0.31,0.36
20:53:21:684,4.22,0.34,0.28
20:53:21:702,4.37,-0.23,-0.06
20:53:21:740,4.32,-0.51,-0.25
20:53:21:757,4.22,-0.42,-0.61
20:53:21:775,5.36,-0.79,0.76
20:53:21:811,6.09,-2.30,1.98
20:53:21:829,4.52,-1.05,1.87
20:53:21:845,3.93,0.49,1.78
20:53:21:909,3.99,0.54,1.32
20:53:21:911,4.40,0.81,1.22
20:53:21:931,4.50,0.26,1.38
20:53:21:946,3.74,-0.15,1.10
20:53:22:0,3.56,-0.28,0.83
20:53:22:0,3.13,-0.50,0.72
20:53:22:17,3.25,-0.51,0.70
20:53:22:87,3.49,-0.52,0.60
20:53:22:105,3.69,-0.73,0.55
20:53:22:106,3.25,-0.61,0.55
20:53:22:106,3.28,-0.68,0.58
20:53:22:124,3.26,-0.64,0.51
20:53:22:178,2.95,-0.74,0.38
20:53:22:195,3.32,-0.39,0.38
20:53:22:213,3.63,-0.27,0.30
20:53:22:230,3.56,-0.47,0.54
20:53:22:267,4.04,-0.47,0.50
20:53:22:285,4.38,-0.37,0.05
20:53:22:302,4.04,-0.63,-0.57
20:53:22:338,4.15,-0.61,0.14
20:53:22:356,5.76,-0.15,1.00
20:53:22:374,6.05,0.21,1.62
20:53:22:409,4.59,-0.45,1.32
20:53:22:427,4.25,-0.05,1.28
20:53:22:445,4.06,-0.42,1.10
20:53:22:464,4.55,-0.59,1.03
20:53:22:501,4.32,0.03,1.09
20:53:22:518,3.72,0.35,0.97
20:53:22:537,3.53,0.15,0.64
20:53:22:559,3.36,0.01,0.35
20:53:22:597,3.34,0.16,0.40
20:53:22:632,3.56,0.40,0.62
20:53:22:650,3.26,0.51,0.54
20:53:22:667,3.14,0.59,0.37
20:53:22:688,3.25,0.26,0.49
20:53:22:706,3.35,0.22,0.17
20:53:22:723,3.28,0.09,-0.05
20:53:22:759,3.32,0.02,-0.26
20:53:22:777,3.75,0.14,-0.19
20:53:22:814,4.15,-0.10,0.15
20:53:22:832,4.59,-0.44,-0.18
20:53:22:868,4.26,-0.43,-0.47
20:53:22:886,4.83,-0.92,-0.11
20:53:22:905,6.05,-1.94,1.10
20:53:22:938,5.25,-1.51,1.62
20:53:22:957,4.00,1.31,0.79
20:53:22:975,4.42,0.97,1.51
20:53:22:993,4.05,-0.35,1.27
20:53:23:30,4.50,-0.50,1.47
20:53:23:48,4.42,-0.13,1.36
20:53:23:83,3.99,-0.15,1.11
20:53:23:101,3.50,-0.28,0.85
20:53:23:120,3.27,-0.54,0.69
20:53:23:138,3.28,-0.64,0.60
20:53:23:173,3.38,-0.75,0.50
20:53:23:194,3.43,-0.80,0.49
20:53:23:216,3.01,-0.56,0.39
20:53:23:235,3.17,-0.71,0.52
20:53:23:273,3.22,-0.95,0.51
20:53:23:310,3.22,-0.61,0.25
20:53:23:345,3.41,-0.06,0.06
20:53:23:347,3.61,0.08,-0.09
20:53:23:365,3.78,-0.18,0.33
20:53:23:383,4.13,-0.45,0.53
20:53:23:400,4.03,-0.70,0.43
20:53:23:438,3.88,-1.03,-0.05
20:53:23:462,3.80,-1.27,-0.17
20:53:23:481,3.81,-0.99,0.16
20:53:23:515,4.80,0.08,0.47
20:53:23:537,5.86,1.54,1.71
20:53:23:556,5.58,1.07,2.55
20:53:23:592,4.17,0.88,1.51
20:53:23:610,3.54,-0.68,1.25
20:53:23:646,4.52,-1.07,1.06
20:53:23:664,4.97,-0.47,0.94
20:53:23:682,4.47,0.16,0.92
20:53:23:700,4.11,0.76,0.94
20:53:23:737,3.69,0.87,0.94
20:53:23:754,3.64,0.62,0.97
20:53:23:772,3.55,0.44,0.87
20:53:23:808,3.48,0.25,0.70
20:53:23:826,3.47,0.30,0.84
20:53:23:846,3.51,0.69,0.85
20:53:23:864,3.41,0.93,0.80
20:53:23:881,3.43,0.86,0.59
20:53:23:899,3.75,0.52,0.33
20:53:23:934,4.01,0.29,0.42
20:53:23:967,3.98,0.38,0.65
20:53:23:987,3.93,0.35,0.59
20:53:24:5,4.02,0.25,0.42
20:53:24:23,4.10,0.25,0.45
20:53:24:78,3.97,0.33,0.47
20:53:24:97,3.74,0.49,0.39
20:53:24:97,3.81,0.67,0.35
20:53:24:129,3.79,0.79,0.10
20:53:24:183,4.25,0.51,0.52
20:53:24:200,5.02,-0.77,0.77
20:53:24:200,4.66,-1.66,0.84
20:53:24:218,3.73,-0.93,0.74
20:53:24:237,3.61,0.00,0.95
20:53:24:272,3.79,-0.23,0.72
20:53:24:290,3.39,-0.63,0.66
20:53:24:326,3.64,-1.06,0.72
20:53:24:346,3.77,-1.12,0.62
20:53:24:363,3.72,-0.83,0.59
20:53:24:398,3.71,-0.70,0.45
20:53:24:417,3.81,-0.80,0.42
20:53:24:432,3.88,-1.00,0.50
20:53:24:450,3.76,-1.13,0.50
20:53:24:484,3.56,-1.13,0.49
20:53:24:520,3.62,-1.05,0.51
20:53:24:537,3.69,-1.08,0.55
20:53:24:573,3.77,-1.10,0.65
20:53:24:593,3.65,-1.09,0.64
20:53:24:645,3.69,-1.00,0.58
20:53:24:645,3.78,-0.96,0.69
20:53:24:697,3.71,-0.95,0.71
20:53:24:700,3.77,-0.99,0.56
20:53:24:701,4.02,-1.00,0.73
20:53:24:736,4.57,-0.72,0.92
20:53:24:754,4.15,-0.57,0.73
20:53:24:772,3.51,-0.60,0.41
20:53:24:789,3.86,0.02,0.59
20:53:24:824,4.13,0.43,0.66
20:53:24:842,4.41,0.61,0.85
20:53:24:877,4.40,0.27,0.72
20:53:24:881,3.99,0.27,0.65
20:53:24:935,4.10,0.46,0.62
20:53:24:970,4.02,0.46,0.60
20:53:24:970,3.85,0.33,0.49
20:53:24:970,3.80,0.25,0.48
20:53:25:24,3.79,0.25,0.44
20:53:25:41,3.90,0.22,0.56
20:53:25:59,3.93,0.32,0.64
20:53:25:96,4.06,0.18,0.61
20:53:25:113,3.73,0.10,0.60
20:53:25:148,3.74,0.18,0.57
20:53:25:166,3.90,0.05,0.66
20:53:25:166,3.74,0.22,0.59
20:53:25:204,3.71,0.18,0.56
20:53:25:221,3.81,0.42,0.54
20:53:25:239,3.76,0.44,0.56
20:53:25:292,3.84,0.29,0.55
20:53:25:331,3.96,0.14,0.55
20:53:25:380,4.02,-0.04,0.60
20:53:25:380,4.10,-0.25,0.53
20:53:25:398,4.30,-0.27,0.49
20:53:25:415,4.18,-0.20,0.53
20:53:25:434,4.30,-0.12,0.70
20:53:25:467,3.89,-0.05,0.84
20:53:25:489,3.95,-0.36,0.75
20:53:25:489,3.88,-0.74,0.78
20:53:25:506,3.75,-0.84,0.74
20:53:25:557,3.74,-0.81,0.70
20:53:25:575,3.88,-0.83,0.72
20:53:25:591,3.70,-0.84,0.82
20:53:25:645,3.77,-0.87,0.65
20:53:25:697,3.75,-0.80,0.50
20:53:25:751,3.54,-0.78,0.48
20:53:25:804,3.77,-0.69,0.55
20:53:25:804,3.84,-0.45,0.69
20:53:25:854,3.65,-0.43,0.67
20:53:25:872,4.02,-0.50,0.78
20:53:25:908,4.14,-0.33,0.76
20:53:25:980,3.93,-0.21,0.62
20:53:26:51,3.79,-0.46,0.44
20:53:26:51,3.97,-0.47,0.57
20:53:26:88,4.02,-0.32,0.67
20:53:26:105,4.04,-0.26,0.67
20:53:26:105,3.93,-0.27,0.62
20:53:26:158,3.96,-0.27,0.62
20:53:26:176,3.99,-0.22,0.52
20:53:26:212,3.98,-0.21,0.40
20:53:26:263,4.00,-0.30,0.41
20:53:26:299,4.00,-0.32,0.46
20:53:26:315,3.95,-0.26,0.44
20:53:26:351,3.98,-0.19,0.43
20:53:26:368,3.95,-0.16,0.42
20:53:26:368,3.95,-0.20,0.29
20:53:26:402,3.94,-0.29,0.38
20:53:26:439,3.94,-0.32,0.40
20:53:26:475,3.95,-0.21,0.44
20:53:26:602,3.88,-0.22,0.43
20:53:26:636,3.92,-0.21,0.36
20:53:26:654,3.92,-0.22,0.31
20:53:26:782,3.93,-0.20,0.38
20:53:26:818,3.95,-0.17,0.39
20:53:26:944,3.96,-0.17,0.39
20:53:26:998,3.93,-0.23,0.35
20:53:27:31,3.96,-0.23,0.36
20:53:27:103,3.97,-0.22,0.35
20:53:27:193,3.95,-0.24,0.31
20:53:27:359,3.93,-0.19,0.34
20:53:27:430,3.94,-0.20,0.38
20:53:27:482,3.95,-0.25,0.38
20:53:27:501,3.92,-0.23,0.37
20:53:27:501,3.94,-0.24,0.38
20:53:27:501,3.98,-0.20,0.37
20:53:27:501,3.99,-0.16,0.33
20:53:27:553,3.97,-0.17,0.35
20:53:27:609,3.98,-0.19,0.33
20:53:27:662,3.96,-0.23,0.31
20:53:27:662,3.97,-0.19,0.27
20:53:27:697,3.96,-0.20,0.31
20:53:27:767,3.95,-0.15,0.33
20:53:27:767,3.92,-0.15,0.31
20:53:27:767,3.94,-0.15,0.34
20:53:27:838,3.94,-0.18,0.31
20:53:27:838,3.91,-0.19,0.31
20:53:27:838,3.96,-0.17,0.33
20:53:27:838,3.97,-0.18,0.33
20:53:27:838,3.96,-0.17,0.33
20:53:27:838,3.96,-0.19,0.35
20:53:27:912,4.00,-0.27,0.36
20:53:27:912,3.95,-0.28,0.37
20:53:27:929,4.00,-0.25,0.38
20:53:27:929,3.95,-0.24,0.43
20:53:27:947,3.95,-0.22,0.40
20:53:27:947,3.92,-0.27,0.38
20:53:27:947,3.92,-0.28,0.40
20:53:27:964,3.94,-0.29,0.37
20:53:27:964,3.91,-0.25,0.37
20:53:27:964,3.91,-0.19,0.41
20:53:27:964,3.86,-0.23,0.42
20:53:27:982,3.93,-0.20,0.38
20:53:27:982,3.87,-0.22,0.41
20:53:27:982,3.90,-0.20,0.42
20:53:27:982,3.96,-0.20,0.31
20:53:27:982,4.08,-0.30,0.44
20:53:27:982,4.17,-0.40,0.59
20:53:28:1,4.10,-0.36,0.51
20:53:28:1,3.88,0.07,0.24
20:53:28:36,3.88,0.30,0.29
20:53:28:54,4.12,0.29,0.34
20:53:28:54,4.11,0.14,0.36
20:53:28:74,4.10,-0.04,0.37
20:53:28:109,3.99,-0.05,0.35
20:53:28:109,3.83,0.05,0.40
20:53:28:109,3.78,0.10,0.29
20:53:28:127,3.79,0.05,0.24
20:53:28:179,3.73,0.03,0.18
20:53:28:179,3.72,0.08,0.16
20:53:28:179,3.74,0.11,0.20
20:53:28:214,3.81,0.14,0.20
20:53:28:297,3.82,0.19,0.21
20:53:28:297,3.81,0.25,0.25
20:53:28:297,3.97,0.40,0.24
20:53:28:297,4.20,0.44,0.32
20:53:28:297,4.14,0.44,0.42
20:53:28:332,4.17,0.30,0.41
20:53:28:332,4.32,0.41,0.25
20:53:28:332,4.76,0.63,0.11
20:53:28:332,4.89,0.17,0.75
20:53:28:332,5.21,-1.18,0.96
20:53:28:350,5.03,-1.32,0.09
20:53:28:350,4.41,0.14,0.83
20:53:28:385,4.06,1.17,1.21
20:53:28:438,3.44,0.74,1.33
20:53:28:472,3.18,-0.61,1.46
20:53:28:472,2.93,-1.13,1.23
20:53:28:472,3.69,-0.54,1.24
20:53:28:472,3.38,0.22,1.34
20:53:28:526,3.83,0.40,1.23
20:53:28:581,3.74,-0.03,1.01
20:53:28:581,3.63,-0.16,1.05
20:53:28:598,3.87,-0.07,1.03
20:53:28:635,3.19,-0.10,0.65
20:53:28:635,3.47,-1.18,0.98
20:53:28:635,3.39,-0.79,0.87
20:53:28:635,3.15,-1.18,0.79
20:53:28:653,3.31,-1.13,0.84
20:53:28:670,3.15,-0.78,0.37
20:53:28:706,3.59,-0.41,0.21
20:53:28:724,3.77,-0.44,0.23
20:53:28:724,4.69,-0.60,0.59
20:53:28:759,4.43,-0.44,0.23
20:53:28:813,3.86,-0.33,-0.34
20:53:28:831,4.07,-0.72,0.25
20:53:28:831,5.68,-0.56,0.85
20:53:28:882,5.63,0.71,1.77
20:53:28:882,5.34,1.32,2.44
20:53:28:920,3.98,0.37,1.86
20:53:28:954,4.11,-1.58,1.48
20:53:28:954,3.89,-1.48,1.05
20:53:28:972,4.20,-0.22,1.16
20:53:28:972,3.79,0.34,1.07
20:53:29:8,3.14,0.32,0.77
20:53:29:25,2.88,0.27,0.66
20:53:29:43,3.00,0.24,0.54
20:53:29:60,3.52,0.26,0.43
20:53:29:133,3.24,0.39,0.54
20:53:29:153,2.96,0.51,0.53
20:53:29:153,3.16,0.43,0.33
20:53:29:153,3.33,0.24,0.15
20:53:29:205,3.51,0.01,-0.16
20:53:29:240,4.09,0.20,-0.21
20:53:29:258,4.62,0.69,0.31
20:53:29:258,4.66,0.06,-0.01
20:53:29:258,4.71,-0.60,-0.41
20:53:29:275,4.66,-0.93,-0.16
20:53:29:311,6.59,-1.77,1.41
20:53:29:328,5.25,-1.17,1.87
20:53:29:331,4.05,1.00,1.32
20:53:29:348,4.03,0.41,1.32
20:53:29:366,4.30,0.20,1.30
20:53:29:418,4.10,-0.01,1.48
20:53:29:418,3.83,0.14,1.37
20:53:29:435,3.65,-0.11,0.95
20:53:29:453,3.18,-0.36,0.77
20:53:29:453,3.11,-0.36,0.72
20:53:29:488,3.25,-0.30,0.60
20:53:29:488,3.32,-0.48,0.54
20:53:29:522,3.04,-0.70,0.57
20:53:29:540,2.78,-0.91,0.48
20:53:29:556,3.06,-0.87,0.53
20:53:29:591,2.96,-0.90,0.53
20:53:29:591,3.23,-0.36,-0.15
20:53:29:609,3.41,-0.22,-0.29
20:53:29:609,4.19,-0.45,0.52
20:53:29:645,4.63,-0.67,0.21
20:53:29:663,3.80,-0.78,-0.39
20:53:29:694,3.77,-1.26,-0.24
20:53:29:728,5.31,-0.73,0.45
20:53:29:749,6.69,1.10,2.00
20:53:29:766,5.71,2.06,2.49
20:53:29:766,3.90,0.63,1.59
20:53:29:803,4.07,-1.69,1.55
20:53:29:837,4.74,-2.01,1.09
20:53:29:872,4.34,-0.86,0.96
20:53:29:908,3.46,0.04,0.44
20:53:29:924,3.09,0.70,0.59
20:53:29:925,3.13,0.71,0.63
20:53:29:925,3.21,0.38,0.45
20:53:29:943,3.44,0.08,0.48
20:53:29:979,3.27,0.13,0.48
20:53:29:979,3.12,0.38,0.43
20:53:29:979,3.13,0.43,0.47
20:53:30:32,3.26,0.26,0.33
20:53:30:32,3.46,-0.01,0.12
20:53:30:32,3.48,-0.13,0.08
20:53:30:49,3.95,0.21,0.05
20:53:30:67,4.44,0.40,0.00
20:53:30:84,4.61,0.11,-0.05
20:53:30:102,4.64,-0.26,-0.44
20:53:30:123,4.67,-0.52,-0.24
20:53:30:140,6.28,-1.57,1.10
20:53:30:158,5.85,-0.87,2.35
20:53:30:193,4.31,1.06,1.48
20:53:30:247,3.63,0.95,1.03
20:53:30:267,3.86,0.51,1.22
20:53:30:285,4.16,-0.38,1.53
20:53:30:285,3.74,-0.17,1.31
20:53:30:303,3.35,-0.08,1.05
20:53:30:320,3.01,-0.22,0.88
20:53:30:354,3.09,-0.63,0.95
20:53:30:373,3.21,-0.37,0.71
20:53:30:408,3.36,-0.57,0.57
20:53:30:426,3.17,-0.74,0.58
20:53:30:462,2.96,-0.23,0.38
20:53:30:480,3.39,-0.69,0.27
20:53:30:500,3.19,-0.81,0.29
20:53:30:518,3.47,-0.79,0.32
20:53:30:555,3.85,-0.35,0.35
20:53:30:572,3.94,-0.29,0.44
20:53:30:590,4.16,-0.41,0.34
20:53:30:626,4.26,-0.61,-0.21
20:53:30:643,3.84,-1.00,-0.78
20:53:30:678,4.69,-0.88,0.50
20:53:30:678,7.06,0.67,2.15
20:53:30:730,5.94,1.72,2.91
20:53:30:730,3.68,0.63,1.62
20:53:30:766,3.82,-1.12,1.26
20:53:30:785,4.31,-1.50,0.83
20:53:30:802,4.21,-0.67,0.75
20:53:30:837,3.89,0.38,0.97
20:53:30:853,3.49,0.78,0.84
20:53:30:873,3.04,0.40,0.59
20:53:30:907,3.28,0.12,0.47
20:53:30:924,3.47,-0.05,0.47
20:53:30:941,3.49,-0.02,0.46
20:53:31:11,3.25,0.19,0.43
20:53:31:28,3.14,0.22,0.55
20:53:31:29,3.35,0.13,0.29
20:53:31:46,3.55,0.19,0.06
20:53:31:64,3.51,0.14,0.01
20:53:31:100,3.73,0.31,0.01
20:53:31:119,4.03,0.18,-0.05
20:53:31:134,4.20,-0.47,-0.17
20:53:31:171,4.20,-0.50,-0.74
20:53:31:188,4.11,-0.40,-0.56
20:53:31:206,5.53,-0.69,0.89
20:53:31:260,5.95,-1.50,1.87
20:53:31:279,4.70,-0.17,1.48
20:53:31:279,4.12,0.29,1.29
20:53:31:314,4.39,0.86,0.88
20:53:31:331,4.38,0.07,0.97
20:53:31:349,4.02,-0.34,1.07
20:53:31:385,3.90,-0.45,0.89
20:53:31:420,3.23,-0.53,0.53
20:53:31:438,3.09,-0.57,0.48
20:53:31:454,3.45,-0.37,0.41
20:53:31:471,3.41,-0.49,0.37
20:53:31:507,3.14,-0.56,0.29
20:53:31:525,3.31,-1.06,0.24
20:53:31:560,3.59,-0.67,0.23
20:53:31:577,3.13,-0.88,0.21
20:53:31:597,3.10,-0.79,0.02
20:53:31:705,3.47,-0.02,-0.11
20:53:31:722,3.88,0.11,0.08
20:53:31:754,4.09,-0.18,0.49
20:53:31:773,4.46,-0.62,0.38
20:53:31:774,4.17,-1.01,-0.56
20:53:31:774,3.60,-1.02,-0.28
20:53:31:809,4.77,-0.13,0.24
20:53:31:826,6.35,0.73,1.44
20:53:31:826,4.95,0.12,1.70
20:53:31:859,4.54,0.11,1.23
20:53:31:875,4.31,-0.08,1.48
20:53:31:879,4.55,-0.87,1.27
20:53:31:897,4.34,-0.53,1.09
20:53:31:933,4.07,-0.08,0.76
20:53:31:969,3.52,0.25,0.53
20:53:31:969,3.21,0.20,0.53
20:53:32:4,3.21,0.25,0.54
20:53:32:24,3.53,0.23,0.44
20:53:32:59,3.50,0.28,0.34
20:53:32:77,3.08,0.37,0.39
20:53:32:112,3.04,0.25,0.19
20:53:32:129,3.35,0.06,0.17
20:53:32:147,3.09,-0.07,0.02
20:53:32:165,3.13,-0.27,-0.01
20:53:32:200,3.62,-0.14,-0.42
20:53:32:218,4.09,0.11,-0.35
20:53:32:254,4.42,0.08,-0.18
20:53:32:272,4.56,-0.25,-0.31
20:53:32:308,4.28,-0.08,-0.86
20:53:32:326,4.37,-0.36,-0.44
20:53:32:344,6.28,-1.35,0.87
20:53:32:362,5.64,-1.97,1.84
20:53:32:415,4.23,0.02,1.39
20:53:32:415,3.56,0.35,1.05
20:53:32:433,3.94,0.84,0.88
20:53:32:486,4.57,0.01,1.14
20:53:32:486,4.36,-0.53,1.26
20:53:32:503,3.85,-0.74,1.05
20:53:32:538,3.32,-0.69,0.77
20:53:32:559,3.38,-0.58,0.60
20:53:32:577,3.55,-0.55,0.49
20:53:32:594,3.83,-0.62,0.55
20:53:32:629,3.53,-0.71,0.41
20:53:32:647,3.30,-0.63,0.39
20:53:32:664,3.54,-0.80,0.42
20:53:32:699,3.46,-0.87,0.18
20:53:32:716,3.52,-0.55,0.16
20:53:32:750,3.66,-0.37,-0.32
20:53:32:767,3.82,-0.39,-0.09
20:53:32:803,4.11,-0.30,0.30
20:53:32:822,4.06,-0.32,0.46
20:53:32:840,3.94,-0.38,0.25
20:53:32:876,3.60,-0.71,-0.20
20:53:32:894,3.44,-1.11,-0.49
20:53:32:912,3.86,-0.84,-0.24
20:53:32:947,5.14,0.84,0.43
20:53:32:965,7.82,3.08,1.40
20:53:32:983,4.34,2.66,2.88
20:53:33:2,3.68,-0.65,0.87
20:53:33:56,4.29,-1.59,0.16
20:53:33:56,4.38,-0.55,-0.04
20:53:33:74,4.03,0.62,0.36
20:53:33:109,3.89,0.74,0.48
20:53:33:127,3.66,0.31,0.41
20:53:33:161,3.46,0.26,0.39
20:53:33:179,3.41,0.55,0.45
20:53:33:197,3.61,0.58,0.40
20:53:33:231,3.78,0.78,0.42
20:53:33:249,3.66,0.67,0.43
20:53:33:267,3.60,0.56,0.26
20:53:33:318,3.79,0.64,0.39
20:53:33:318,3.66,0.66,0.42
20:53:33:335,3.66,0.72,0.12
20:53:33:369,3.78,0.65,0.18
20:53:33:387,3.78,0.82,0.25
20:53:33:424,3.86,0.95,0.37
20:53:33:440,4.15,1.02,0.42
20:53:33:457,4.28,1.00,0.62
20:53:33:493,4.13,0.83,0.65
20:53:33:528,4.30,0.41,0.84
20:53:33:545,4.05,-0.04,0.91
20:53:33:563,3.64,-0.40,0.76
20:53:33:580,3.71,-0.58,0.66
20:53:33:601,4.04,-1.02,0.85
20:53:33:618,4.38,-1.08,0.92
20:53:33:651,4.15,-0.87,0.76
20:53:33:686,4.04,-0.59,0.56
20:53:33:704,3.94,-0.48,0.45
20:53:33:721,3.84,-0.61,0.60
20:53:33:757,3.87,-0.55,0.60
20:53:33:776,3.80,-0.40,0.47
20:53:33:794,3.74,-0.40,0.62
20:53:33:833,3.69,-0.65,0.56
20:53:33:850,3.67,-0.69,0.55
20:53:33:868,3.76,-0.48,0.42
20:53:33:886,3.79,-0.25,0.37
20:53:33:921,3.70,-0.23,0.40
20:53:33:936,3.66,-0.36,0.42
20:53:33:969,3.73,-0.53,0.43
20:53:33:989,3.99,-0.37,0.51
20:53:34:23,4.30,0.03,0.76
20:53:34:59,4.38,0.58,0.77
20:53:34:77,4.25,0.70,0.77
20:53:34:96,4.12,0.50,0.79
20:53:34:129,3.99,0.08,0.92
20:53:34:149,3.73,-0.24,0.75
20:53:34:166,3.69,0.04,0.61
20:53:34:203,3.93,0.51,0.68
20:53:34:220,3.90,0.73,0.77
20:53:34:220,4.00,0.58,0.60
20:53:34:254,3.88,0.45,0.46
20:53:34:273,3.99,0.46,0.56
20:53:34:306,4.11,0.48,0.63
20:53:34:322,3.86,0.45,0.63
20:53:34:342,3.83,0.41,0.68
20:53:34:377,3.83,0.40,0.66
20:53:34:396,3.71,0.36,0.69
20:53:34:413,3.75,0.33,0.69
20:53:34:449,3.83,0.26,0.73
20:53:34:467,3.87,0.15,0.65
20:53:34:484,3.84,0.19,0.53
20:53:34:519,4.06,0.07,0.75
20:53:34:555,4.34,-0.26,0.65
20:53:34:573,4.12,-0.18,0.48
20:53:34:590,4.00,0.19,0.41
20:53:34:607,4.06,0.16,0.49
20:53:34:627,4.09,-0.03,0.53
20:53:34:662,4.04,-0.14,0.57
20:53:34:680,3.93,-0.06,0.59
20:53:34:715,3.91,0.12,0.60
20:53:34:734,3.97,-0.10,0.68
20:53:34:767,3.95,-0.21,0.69
20:53:34:788,3.83,-0.22,0.62
20:53:34:823,3.75,-0.25,0.51
20:53:34:859,3.85,-0.37,0.58
20:53:34:878,4.01,-0.38,0.48
20:53:34:895,3.95,-0.29,0.47
20:53:34:913,3.96,-0.24,0.42
20:53:34:913,3.99,-0.33,0.45
20:53:34:947,4.01,-0.32,0.47
20:53:35:3,4.00,-0.23,0.49
20:53:35:3,3.94,-0.21,0.47
20:53:35:21,3.89,-0.21,0.51
20:53:35:56,3.91,-0.20,0.52
20:53:35:74,3.87,-0.23,0.56
20:53:35:93,3.94,-0.23,0.54
20:53:35:111,3.92,-0.25,0.54
20:53:35:145,3.93,-0.19,0.48
20:53:35:181,3.94,-0.26,0.55
20:53:35:198,3.91,-0.32,0.58
20:53:35:217,3.92,-0.30,0.53
20:53:35:234,3.93,-0.31,0.57
20:53:35:269,3.96,-0.26,0.57
20:53:35:307,3.94,-0.21,0.54
20:53:35:325,3.96,-0.27,0.55
20:53:35:360,3.97,-0.37,0.56
20:53:35:378,3.97,-0.38,0.60
20:53:35:413,3.88,-0.33,0.55
20:53:35:430,3.90,-0.31,0.58
20:53:35:431,3.95,-0.31,0.56
20:53:35:482,3.91,-0.32,0.54
20:53:35:535,3.92,-0.33,0.54
20:53:35:551,3.94,-0.28,0.58
20:53:35:554,3.92,-0.27,0.54
20:53:35:572,3.92,-0.22,0.57
20:53:35:609,3.98,-0.24,0.56
20:53:35:626,3.89,-0.23,0.57
20:53:35:642,3.92,-0.24,0.57
20:53:35:660,3.93,-0.27,0.55
20:53:35:660,3.92,-0.23,0.55
20:53:35:695,3.95,-0.23,0.55
20:53:35:713,3.96,-0.24,0.52
20:53:35:747,3.95,-0.25,0.52
20:53:35:765,3.91,-0.30,0.50
20:53:35:782,3.94,-0.29,0.50
20:53:35:837,3.93,-0.24,0.48
20:53:35:837,3.94,-0.26,0.51
20:53:35:857,3.97,-0.23,0.54
20:53:35:874,3.89,-0.23,0.57
20:53:35:907,3.92,-0.24,0.48
20:53:35:924,3.90,-0.24,0.48
20:53:35:941,3.92,-0.24,0.49
20:53:35:977,3.94,-0.23,0.56
20:53:36:31,3.93,-0.20,0.52
20:53:36:48,3.89,-0.20,0.54
20:53:36:48,3.88,-0.21,0.54
20:53:36:83,3.88,-0.20,0.56
20:53:36:101,3.91,-0.25,0.52
20:53:36:118,3.81,-0.32,0.58
20:53:36:152,3.89,-0.23,0.73
20:53:36:172,4.16,-0.15,0.66
20:53:36:189,3.95,-0.05,0.51
20:53:36:206,3.98,0.19,0.52
20:53:36:295,4.09,0.18,0.60
20:53:36:295,4.02,0.00,0.46
20:53:36:331,3.86,0.02,0.35
20:53:36:349,3.73,0.12,0.31
20:53:36:349,3.70,0.21,0.31
20:53:36:366,3.83,0.35,0.33
20:53:36:420,3.79,0.36,0.36
20:53:36:455,3.76,0.32,0.35
20:53:36:473,3.82,0.19,0.33
20:53:36:473,3.79,0.17,0.23
20:53:36:506,3.86,0.21,0.33
20:53:36:546,3.93,0.36,0.27
20:53:36:564,4.13,0.63,0.26
20:53:36:582,4.25,0.81,0.21
20:53:36:600,4.08,0.35,0.28
20:53:36:636,4.47,0.01,0.18
20:53:36:654,4.95,-0.16,0.39
20:53:36:672,5.54,-0.88,1.04
20:53:36:672,4.85,-0.34,0.79
20:53:36:707,4.36,0.83,0.78
20:53:36:726,4.40,1.23,1.12
20:53:36:744,3.27,-0.09,1.55
20:53:36:783,3.24,-1.05,1.49
20:53:36:800,3.12,-1.01,1.27
20:53:36:818,3.57,-0.64,1.34
20:53:36:836,3.53,-0.10,1.19
20:53:36:873,3.70,-0.02,1.07
20:53:36:961,3.46,-0.18,1.01
20:53:36:981,3.52,-0.21,0.94
20:53:36:998,3.55,-0.24,0.96
20:53:37:15,3.64,-0.36,0.90
20:53:37:32,3.40,-0.56,0.78
20:53:37:32,3.28,-0.48,0.62
20:53:37:52,3.55,-0.66,0.65
20:53:37:70,3.28,-0.67,0.64
20:53:37:70,3.11,-0.67,0.43
20:53:37:105,3.57,-0.56,0.50
20:53:37:140,4.11,-0.51,0.64
20:53:37:140,4.11,-0.54,0.75
20:53:37:174,4.12,-0.51,0.29
20:53:37:229,3.92,-0.54,0.13
20:53:37:229,4.55,0.04,0.89
20:53:37:247,6.14,0.86,1.55
20:53:37:266,4.88,0.59,2.17
20:53:37:302,3.79,-0.83,1.29
20:53:37:320,4.49,-0.55,1.32
20:53:37:338,4.46,-0.65,1.27
20:53:37:374,3.95,-0.33,1.21
20:53:37:409,3.96,0.01,1.39
20:53:37:425,3.62,-0.17,1.29
20:53:37:443,3.09,-0.05,0.85
20:53:37:461,2.86,0.29,0.85
20:53:37:478,3.37,0.48,0.73
20:53:37:513,3.35,0.52,0.63
20:53:37:533,3.19,0.39,0.48
20:53:37:567,3.27,0.26,0.48
20:53:37:586,3.28,0.40,0.49
20:53:37:623,3.42,0.35,0.38
20:53:37:641,3.64,0.34,0.19
20:53:37:658,4.27,0.65,0.24
20:53:37:674,4.15,0.52,0.78
20:53:37:691,4.33,-0.09,0.30
20:53:37:728,4.29,-0.54,-0.37
20:53:37:745,4.31,-0.30,-0.52
20:53:37:763,6.52,-0.41,1.07
20:53:37:781,5.90,-0.96,2.45
20:53:37:817,4.82,-0.57,2.08
20:53:37:853,3.24,-0.56,1.55
20:53:37:870,3.17,0.54,0.75
20:53:37:888,4.03,0.69,1.34
20:53:37:939,4.09,-0.42,1.23
20:53:37:940,3.74,-0.67,1.03
20:53:37:957,3.10,-0.65,0.83
20:53:37:993,3.35,-0.38,0.94
20:53:38:9,3.59,-0.47,0.66
20:53:38:43,3.26,-0.50,0.54
20:53:38:64,3.39,-0.65,0.57
20:53:38:81,2.91,-0.78,0.77
20:53:38:117,3.19,-0.79,0.66
20:53:38:134,2.83,-0.86,0.54
20:53:38:169,3.26,-0.77,0.24
20:53:38:187,3.53,-0.44,-0.03
20:53:38:205,4.38,-0.37,0.01
20:53:38:279,4.25,-0.23,0.73
20:53:38:295,4.37,-0.22,0.34
20:53:38:296,4.07,-0.53,-0.32
20:53:38:296,4.23,-0.46,-0.17
20:53:38:331,6.36,-0.06,1.29
20:53:38:348,5.90,0.51,2.10
20:53:38:366,4.12,-0.86,1.22
20:53:38:401,4.35,-0.78,1.22
20:53:38:419,4.62,-0.40,1.22
20:53:38:453,4.20,-0.26,1.18
20:53:38:506,3.95,0.18,1.33
20:53:38:525,3.63,0.27,1.20
20:53:38:550,3.23,0.14,0.69
20:53:38:568,3.03,0.04,0.48
20:53:38:568,3.36,0.26,0.57
20:53:38:585,3.47,0.18,0.56
20:53:38:621,3.28,0.30,0.45
20:53:38:657,3.20,0.37,0.43
20:53:38:674,3.28,0.46,0.31
20:53:38:692,3.41,0.41,0.07
20:53:38:712,3.59,0.34,-0.09
20:53:38:746,3.82,0.37,-0.06
20:53:38:766,4.19,0.09,-0.01
20:53:38:783,4.10,-0.36,-0.06
20:53:38:801,4.11,-0.51,-0.49
20:53:38:818,4.20,-0.53,-0.75
20:53:38:870,6.66,-1.04,2.04
20:53:38:890,5.91,-2.03,2.17
20:53:38:907,4.27,-0.20,1.83
20:53:38:925,3.88,0.52,1.18
20:53:38:960,4.43,0.84,1.08
20:53:38:981,4.30,0.36,1.26
20:53:39:18,3.96,-0.00,1.20
20:53:39:38,3.70,-0.53,0.91
20:53:39:55,3.18,-0.73,0.75
20:53:39:55,3.16,-0.63,0.58
20:53:39:90,3.48,-0.34,0.72
20:53:39:125,3.52,-0.49,0.75
20:53:39:143,3.03,-0.94,0.60
20:53:39:160,3.04,-1.10,0.64
20:53:39:189,3.17,-0.75,0.56
20:53:39:207,3.00,-0.66,0.46
20:53:39:224,3.31,-0.43,0.23
20:53:39:259,3.81,-0.26,0.34
20:53:39:294,3.99,-0.47,0.32
20:53:39:311,4.14,-0.45,0.13
20:53:39:328,4.32,-0.33,-0.09
20:53:39:346,4.22,-0.66,-0.48
20:53:39:382,4.09,-0.67,-0.26
20:53:39:399,5.41,-0.29,1.00
20:53:39:432,6.33,0.81,2.27
20:53:39:452,4.59,0.69,2.29
20:53:39:469,3.68,0.18,1.53
20:53:39:486,3.75,-0.77,1.08
20:53:39:522,4.03,-1.07,1.02
20:53:39:574,4.18,-0.50,0.97
20:53:39:592,3.86,0.33,1.13
20:53:39:610,3.37,0.38,0.74
20:53:39:628,3.11,0.28,0.58
20:53:39:645,3.33,0.37,0.56
20:53:39:663,3.61,0.05,0.57
20:53:39:680,3.40,-0.05,0.52
20:53:39:715,3.24,-0.12,0.31
20:53:39:735,3.28,-0.06,0.37
20:53:39:752,3.34,0.22,0.30
20:53:39:787,3.39,0.29,-0.03
20:53:39:806,3.52,0.20,-0.17
20:53:39:823,4.04,0.19,0.05
20:53:39:861,4.60,-0.25,0.19
20:53:39:895,4.64,-0.63,-0.30
20:53:39:895,4.21,-0.56,-0.75
20:53:39:931,5.54,-0.91,0.45
20:53:39:967,6.30,-1.85,1.50
20:53:39:986,4.77,-0.05,1.89
20:53:40:4,3.97,1.05,1.45
20:53:40:22,3.60,0.47,0.82
20:53:40:58,4.08,0.35,1.02
20:53:40:94,4.41,0.00,1.47
20:53:40:112,4.07,-0.18,1.24
20:53:40:130,3.46,-0.06,0.66
20:53:40:164,3.11,-0.33,0.71
20:53:40:165,3.10,-0.57,0.76
20:53:40:202,3.45,-0.73,0.65
20:53:40:219,3.47,-1.05,0.51
20:53:40:236,3.09,-1.04,0.43
20:53:40:254,3.13,-1.03,0.53
20:53:40:289,3.16,-0.89,0.53
20:53:40:308,2.97,-0.66,0.42
20:53:40:325,3.07,-0.30,-0.24
20:53:40:361,3.64,-0.45,-0.21
20:53:40:379,4.06,-0.55,0.64
20:53:40:414,4.49,-0.69,0.30
20:53:40:432,3.91,-0.86,-0.50
20:53:40:452,3.92,-0.57,0.09
20:53:40:488,6.01,0.51,1.41
20:53:40:504,6.32,0.97,1.99
20:53:40:522,4.04,-0.12,1.22
20:53:40:559,4.07,-0.63,1.13
20:53:40:577,4.46,-0.98,1.03
20:53:40:594,4.60,-0.62,1.20
20:53:40:611,4.30,0.05,1.21
20:53:40:667,3.84,0.19,0.99
20:53:40:683,3.38,0.00,0.61
20:53:40:700,3.35,-0.07,0.53
20:53:40:717,3.52,0.08,0.52
20:53:40:754,3.48,0.26,0.54
20:53:40:771,3.14,0.46,0.49
20:53:40:789,3.15,0.55,0.49
20:53:40:824,3.23,0.56,0.50
20:53:40:860,3.31,0.27,0.22
20:53:40:877,3.27,0.10,-0.08
20:53:40:877,3.64,0.16,-0.27
20:53:40:913,4.01,0.14,0.16
20:53:40:931,4.25,-0.23,0.17
20:53:40:948,4.09,-0.40,-0.33
20:53:40:984,3.99,-0.41,-0.48
20:53:41:1,5.76,-1.33,0.59
20:53:41:35,6.22,-1.86,1.98
20:53:41:53,4.82,0.08,1.36
20:53:41:72,4.28,0.40,1.49
20:53:41:107,3.70,0.16,0.98
20:53:41:125,4.43,-0.04,1.20
20:53:41:160,4.20,-0.23,1.37
20:53:41:178,3.86,-0.34,1.04
20:53:41:195,3.55,-0.46,0.78
20:53:41:230,3.18,-0.64,0.74
20:53:41:247,3.33,-0.66,0.62
20:53:41:301,3.65,-0.74,0.63
20:53:41:319,3.54,-0.78,0.63
20:53:41:336,3.18,-0.72,0.57
20:53:41:354,3.54,-1.06,0.84
20:53:41:373,3.16,-0.83,0.55
20:53:41:392,2.90,-0.65,0.37
20:53:41:410,3.12,-0.14,0.04
20:53:41:427,3.45,-0.12,-0.14
20:53:41:460,3.84,-0.20,0.32
20:53:41:496,4.49,-0.44,0.48
20:53:41:532,4.16,-0.75,0.31
20:53:41:549,3.64,-1.16,-0.09
20:53:41:549,3.82,-0.69,0.28
20:53:41:566,5.16,0.08,0.67
20:53:41:617,6.25,1.22,0.99
20:53:41:622,4.71,1.27,1.71
20:53:41:659,3.95,0.16,1.28
20:53:41:695,4.07,-0.54,1.26
20:53:41:712,5.01,-0.24,0.95
20:53:41:748,4.78,-0.04,1.16
20:53:41:765,4.20,0.05,1.15
20:53:41:800,3.69,0.52,0.98
20:53:41:817,3.74,0.82,1.13
20:53:41:817,3.66,0.54,0.75
20:53:41:869,3.54,0.26,0.67
20:53:41:887,3.63,0.21,0.74
20:53:41:904,3.66,0.49,0.77
20:53:41:904,3.52,0.72,0.67
20:53:41:939,3.41,0.56,0.57
20:53:41:973,3.79,0.28,0.37
20:53:41:994,3.86,0.08,0.51
20:53:42:13,4.08,0.17,0.49
20:53:42:32,3.96,0.25,0.51
20:53:42:68,3.91,0.36,0.52
20:53:42:85,3.88,0.43,0.34
20:53:42:103,3.88,0.38,0.23
20:53:42:138,3.95,0.34,0.21
20:53:42:155,4.24,0.19,0.45
20:53:42:173,4.44,-0.33,0.69
20:53:42:190,4.34,-0.61,0.72
20:53:42:228,3.95,-0.55,0.64
20:53:42:246,3.94,-0.36,0.57
20:53:42:263,4.00,-0.31,0.63
20:53:42:301,3.82,-0.48,0.72
20:53:42:318,3.73,-0.64,0.75
20:53:42:336,3.72,-0.63,0.69
20:53:42:370,3.62,-0.62,0.64
20:53:42:408,3.61,-0.59,0.67
20:53:42:427,3.70,-0.67,0.68
20:53:42:445,3.83,-0.67,0.51
20:53:42:463,3.97,-0.64,0.52
20:53:42:514,3.86,-0.67,0.43
20:53:42:515,3.81,-0.75,0.46
20:53:42:532,3.94,-0.87,0.44
20:53:42:568,3.84,-1.07,0.31
20:53:42:585,3.69,-1.14,0.34
20:53:42:604,3.78,-1.17,0.40
20:53:42:656,3.78,-1.06,0.43
20:53:42:673,3.81,-0.95,0.43
20:53:42:673,3.82,-0.82,0.52
20:53:42:707,3.94,-0.71,0.54
20:53:42:742,3.97,-0.54,0.54
20:53:42:759,3.83,-0.58,0.50
20:53:42:792,3.72,-0.76,0.42
20:53:42:810,3.54,-0.81,0.39
20:53:42:828,4.40,-1.23,0.46
20:53:42:847,4.21,-0.70,0.41
20:53:42:882,3.75,-0.57,0.61
20:53:42:900,3.85,-0.26,0.55
20:53:42:954,3.84,0.27,0.84
20:53:42:954,4.02,0.58,0.93
20:53:42:973,4.31,0.37,0.86
20:53:42:990,4.01,0.15,0.84
20:53:43:26,3.98,0.29,0.76
20:53:43:43,4.04,0.36,0.81
20:53:43:65,4.16,0.28,0.80
20:53:43:153,4.03,0.02,0.66
20:53:43:170,3.87,-0.05,0.51
20:53:43:190,3.86,-0.06,0.54
20:53:43:208,3.95,0.10,0.53
20:53:43:226,3.93,0.22,0.58
20:53:43:244,3.83,0.09,0.45
20:53:43:244,4.03,0.08,0.54
20:53:43:260,3.85,0.18,0.63
20:53:43:299,3.87,0.28,0.67
20:53:43:334,3.87,0.16,0.63
20:53:43:351,3.70,0.20,0.53
20:53:43:370,3.76,0.40,0.57
20:53:43:370,3.73,0.32,0.53
20:53:43:404,3.86,0.02,0.33
20:53:43:441,4.21,-0.18,0.60
20:53:43:472,4.27,-0.40,0.71
20:53:43:493,4.24,-0.50,0.73
20:53:43:511,4.14,-0.50,0.93
20:53:43:546,4.00,-0.38,0.71
20:53:43:577,3.96,-0.27,0.75
20:53:43:593,3.97,-0.45,0.80
20:53:43:628,3.84,-0.60,0.90
20:53:43:702,3.74,-0.87,0.73
20:53:43:739,3.59,-0.80,0.68
20:53:43:792,3.59,-0.80,0.68
20:53:43:856,3.58,-0.86,0.62
20:53:43:891,3.69,-0.86,0.61
20:53:43:927,3.68,-0.78,0.59
20:53:43:943,3.83,-0.73,0.50
20:53:43:962,3.76,-0.77,0.57
20:53:43:995,3.73,-0.66,0.53
20:53:44:33,3.94,-0.55,0.64
20:53:44:51,4.24,-0.26,0.93
20:53:44:101,4.05,-0.19,0.86
20:53:44:136,3.76,-0.55,0.59
20:53:44:136,3.60,-0.72,0.48
20:53:44:170,3.47,-0.83,0.56
20:53:44:206,3.97,-0.55,0.58
20:53:44:223,4.02,-0.13,0.69
20:53:44:277,4.19,0.05,0.54
20:53:44:399,3.98,-0.19,0.37
20:53:44:433,4.07,-0.34,0.32
20:53:44:470,4.19,-0.36,0.46
20:53:44:648,4.09,-0.43,0.49
20:53:44:666,3.95,-0.41,0.33
20:53:44:684,3.94,-0.40,0.36
20:53:44:771,4.02,-0.34,0.25
20:53:44:858,4.03,-0.30,0.29
20:53:44:876,3.91,-0.23,0.39
20:53:44:928,3.93,-0.20,0.42
20:53:44:947,3.93,-0.17,0.37
20:53:44:965,3.94,-0.22,0.36
20:53:45:0,3.95,-0.25,0.33
20:53:45:0,3.96,-0.30,0.30
20:53:45:0,3.94,-0.27,0.42
20:53:45:0,3.97,-0.24,0.46
20:53:45:0,3.90,-0.22,0.42
20:53:45:89,3.89,-0.22,0.38
20:53:45:89,3.91,-0.22,0.41
20:53:45:89,3.92,-0.19,0.44
20:53:45:159,3.96,-0.21,0.45
20:53:45:159,3.93,-0.23,0.44
20:53:45:159,3.94,-0.21,0.46
20:53:45:159,3.94,-0.14,0.39
20:53:45:159,3.92,-0.13,0.39
20:53:45:159,3.96,-0.19,0.40
20:53:45:230,3.88,-0.21,0.36
20:53:45:265,3.88,-0.19,0.37
20:53:45:318,4.00,-0.17,0.38
20:53:45:318,3.97,-0.15,0.38
20:53:45:318,3.95,-0.16,0.34
20:53:45:318,3.98,-0.18,0.37
20:53:45:318,3.94,-0.15,0.38
20:53:45:338,3.94,-0.14,0.37
20:53:45:355,3.96,-0.17,0.35
20:53:45:391,3.99,-0.16,0.33
20:53:45:391,3.98,-0.16,0.33
20:53:45:391,3.98,-0.15,0.33
20:53:45:446,3.98,-0.13,0.33
20:53:45:463,3.96,-0.15,0.31
20:53:45:481,3.94,-0.15,0.34
20:53:45:538,3.97,-0.12,0.34
20:53:45:572,3.93,-0.10,0.37
20:53:45:572,3.93,-0.13,0.30
20:53:45:572,3.95,-0.16,0.31
20:53:45:608,3.93,-0.21,0.32
20:53:45:608,3.94,-0.22,0.29
20:53:45:608,3.95,-0.21,0.30
20:53:45:661,3.93,-0.21,0.34
20:53:45:661,3.90,-0.18,0.34
20:53:45:661,3.88,-0.20,0.39
20:53:45:697,3.91,-0.24,0.36
20:53:45:697,3.86,-0.22,0.36
20:53:45:735,3.92,-0.27,0.38
20:53:45:735,4.02,-0.22,0.45
20:53:45:771,4.03,-0.27,0.45
20:53:45:788,4.14,-0.36,0.50
20:53:45:807,4.11,-0.24,0.54
20:53:45:861,3.88,0.13,0.34
20:53:45:861,3.90,0.38,0.22
20:53:45:878,4.04,0.28,0.33
20:53:45:932,4.20,0.02,0.33
20:53:45:932,4.02,-0.15,0.31
20:53:45:968,3.77,-0.09,0.28
20:53:45:985,3.77,0.05,0.34
20:53:45:985,3.72,0.10,0.30
20:53:46:3,3.72,0.07,0.28
20:53:46:21,3.81,0.01,0.18
20:53:46:21,3.81,0.03,0.16
20:53:46:21,3.84,0.16,0.19
20:53:46:21,3.82,0.21,0.14
20:53:46:39,3.90,0.19,0.16
20:53:46:58,3.94,0.17,0.17
20:53:46:58,3.99,0.14,0.12
20:53:46:96,4.00,0.15,0.16
20:53:46:149,4.12,0.14,0.24
20:53:46:149,4.24,0.22,0.34
20:53:46:167,4.19,0.27,0.33
20:53:46:167,4.19,0.32,0.26
20:53:46:184,4.43,0.21,0.07
20:53:46:184,4.62,-0.30,0.27
20:53:46:220,4.64,-0.56,0.28
20:53:46:290,4.42,-0.41,0.63
20:53:46:311,4.72,-0.63,0.72
20:53:46:327,4.21,0.34,0.87
20:53:46:345,4.13,1.09,1.01
20:53:46:363,3.79,0.23,1.43
20:53:46:381,3.62,-0.84,1.67
20:53:46:399,3.66,-0.99,1.54
20:53:46:399,3.65,-0.19,1.12
20:53:46:452,3.77,0.07,1.27
20:53:46:454,3.90,0.05,1.16
20:53:46:471,3.62,-0.20,1.10
20:53:46:544,3.44,-0.25,1.02
20:53:46:561,3.50,-0.08,1.06
20:53:46:562,3.45,-0.16,1.02
20:53:46:597,3.25,-0.39,0.89
20:53:46:614,3.18,-0.71,0.92
20:53:46:631,3.39,-0.89,0.79
20:53:46:666,3.30,-0.78,0.62
20:53:46:702,3.42,-0.58,0.30
20:53:46:754,3.28,-0.44,0.45
20:53:46:754,3.72,-0.40,0.20
20:53:46:771,3.66,-0.53,0.33
20:53:46:789,4.29,-0.68,0.37
20:53:46:823,4.54,-0.85,0.75
20:53:46:842,4.16,-0.92,0.32
20:53:46:876,4.02,-0.90,-0.09
20:53:46:894,4.13,-0.16,0.39
20:53:46:912,5.35,0.27,1.28
20:53:46:929,5.53,0.76,1.98
20:53:46:961,4.27,0.29,1.82
20:53:46:961,3.57,-0.47,1.33
20:53:46:997,4.19,-1.18,1.38
20:53:47:16,4.79,-0.88,1.13
20:53:47:49,3.96,-0.10,1.31
20:53:47:66,3.62,-0.00,1.11
20:53:47:104,3.39,0.11,0.77
20:53:47:175,3.08,0.24,0.71
20:53:47:192,3.48,0.10,0.70
20:53:47:192,3.37,0.26,0.66
20:53:47:210,3.42,0.34,0.52
20:53:47:263,3.29,0.45,0.43
20:53:47:281,3.08,0.62,0.37
20:53:47:283,3.16,0.28,0.09
20:53:47:283,3.56,0.14,-0.06
20:53:47:298,3.70,0.20,-0.15
20:53:47:316,4.17,0.35,0.18
20:53:47:334,4.63,0.42,0.46
20:53:47:352,4.68,0.16,0.39
20:53:47:352,4.65,-0.32,-0.12
20:53:47:369,4.72,-0.87,0.16
20:53:47:388,6.03,-1.77,0.97
20:53:47:441,5.21,-0.83,1.45
20:53:47:475,3.91,1.44,0.25
20:53:47:475,3.99,1.18,1.52
20:53:47:493,4.27,-0.24,1.54
20:53:47:547,4.19,-0.63,1.59
20:53:47:564,3.89,-0.25,1.33
20:53:47:582,3.74,-0.03,1.19
20:53:47:601,3.53,-0.13,0.78
20:53:47:618,3.33,-0.21,0.55
20:53:47:634,3.31,-0.38,0.62
20:53:47:637,3.27,-0.48,0.57
20:53:47:671,3.24,-0.44,0.66
20:53:47:673,2.99,-0.45,0.64
20:53:47:690,3.02,-0.37,0.43
20:53:47:708,3.00,-0.81,0.47
20:53:47:741,3.10,-0.81,0.23
20:53:47:743,3.22,-0.30,0.05
20:53:47:743,3.65,-0.16,-0.11
20:53:47:761,4.20,-0.40,0.34
20:53:47:779,4.67,-1.01,0.39
20:53:47:779,4.19,-1.32,0.07
20:53:47:796,3.65,-1.00,-0.30
20:53:47:816,4.56,-0.30,0.41
20:53:47:816,6.12,0.53,1.65
20:53:47:816,5.52,0.97,2.01
20:53:47:851,3.97,0.42,1.51
20:53:47:887,4.11,-0.88,1.34
20:53:47:905,4.89,-1.35,1.25
20:53:47:905,4.31,-0.66,1.05
20:53:47:974,4.20,-0.08,0.65
20:53:48:9,3.58,0.34,0.39
20:53:48:25,3.44,0.30,0.59
20:53:48:61,3.27,0.28,0.58
20:53:48:79,3.46,0.10,0.58
20:53:48:97,3.33,0.22,0.52
20:53:48:97,3.17,0.48,0.52
20:53:48:112,3.04,0.59,0.68
20:53:48:130,3.23,0.34,0.51
20:53:48:148,3.35,0.16,0.18
20:53:48:166,3.38,-0.03,-0.12
20:53:48:200,3.78,0.21,0.05
20:53:48:219,4.43,0.29,0.05
20:53:48:237,4.63,0.11,-0.09
20:53:48:254,4.58,-0.03,-0.59
20:53:48:290,4.55,-0.47,-0.28
20:53:48:311,6.29,-1.42,1.30
20:53:48:328,5.61,-1.53,1.88
20:53:48:363,4.35,0.42,1.31
20:53:48:381,3.62,0.76,1.36
20:53:48:415,4.06,0.73,1.47
20:53:48:418,4.16,0.12,1.41
20:53:48:454,3.83,0.01,1.39
20:53:48:472,3.76,-0.18,1.08
20:53:48:507,3.25,-0.54,0.89
20:53:48:524,3.19,-0.48,0.70
20:53:48:543,3.33,-0.44,0.60
20:53:48:578,3.55,-0.37,0.69
20:53:48:596,3.38,-0.56,0.66
20:53:48:616,3.05,-0.48,0.64
20:53:48:652,3.48,-0.60,0.77
20:53:48:667,3.00,-0.85,0.62
20:53:48:685,3.00,-0.70,0.52
20:53:48:722,3.10,-0.14,0.16
20:53:48:739,3.68,-0.05,0.27
20:53:48:757,4.17,-0.25,0.72
20:53:48:827,4.42,-0.32,0.44
20:53:48:845,4.15,-0.54,-0.28
20:53:48:863,3.89,-0.70,0.02
20:53:48:898,5.30,-0.26,0.81
20:53:48:915,6.28,0.46,1.76
20:53:48:931,4.65,-0.27,1.97
20:53:48:967,4.23,-0.21,1.43
20:53:48:985,4.18,-0.59,1.48
20:53:49:2,4.32,-0.71,1.16
20:53:49:2,4.00,-0.35,1.23
20:53:49:37,3.80,0.08,1.16
20:53:49:55,3.34,0.25,0.88
20:53:49:72,3.12,0.23,0.71
20:53:49:90,3.35,0.26,0.66
20:53:49:124,3.51,0.26,0.61
20:53:49:144,3.34,0.20,0.56
20:53:49:160,3.18,0.25,0.57
20:53:49:178,3.31,0.27,0.44
20:53:49:214,3.52,0.07,0.25
20:53:49:249,3.59,0.06,0.25
20:53:49:268,3.75,-0.01,0.15
20:53:49:286,3.87,0.12,0.01
20:53:49:321,4.01,0.19,0.02
20:53:49:338,4.40,-0.53,-0.21
20:53:49:356,4.30,-0.72,-0.62
20:53:49:425,4.20,-0.07,-0.92
20:53:49:443,5.32,0.22,0.85
20:53:49:461,6.04,-1.18,1.77
20:53:49:461,4.97,-1.12,2.21
20:53:49:479,3.71,-0.52,1.79
20:53:49:511,3.66,0.88,0.99
20:53:49:532,4.11,0.86,1.12
20:53:49:548,4.36,-0.02,1.14
20:53:49:601,3.94,-0.45,1.00
20:53:49:601,3.21,-0.63,0.62
20:53:49:638,3.19,-0.55,0.61
20:53:49:639,3.30,-0.38,0.36
20:53:49:674,3.59,-0.38,0.40
20:53:49:694,3.54,-0.59,0.41
20:53:49:711,3.05,-0.40,0.23
20:53:49:748,3.30,-0.82,0.64
20:53:49:765,3.07,-0.67,0.24
20:53:49:783,3.05,-0.80,-0.10
20:53:49:817,3.19,-0.28,-0.07
20:53:49:834,3.95,-0.07,0.02
20:53:49:869,4.21,-0.52,0.55
20:53:49:886,4.53,-0.99,0.24
20:53:49:955,4.14,-1.19,-0.36
20:53:49:990,3.81,-1.09,-0.44
20:53:50:8,5.00,-0.23,0.24
20:53:50:25,6.20,0.60,1.42
20:53:50:61,4.75,0.08,1.49
20:53:50:96,4.22,0.08,1.11
20:53:50:97,4.23,-0.18,0.99
20:53:50:136,4.61,-0.63,1.07
20:53:50:171,4.46,-0.43,0.90
20:53:50:188,4.25,0.02,0.58
20:53:50:206,3.69,0.31,0.32
20:53:50:221,3.24,0.19,0.34
20:53:50:239,3.14,0.08,0.26
20:53:50:239,3.27,0.04,0.15
20:53:50:255,3.46,0.10,0.21
20:53:50:289,3.28,0.21,0.32
20:53:50:306,3.01,0.36,0.36
20:53:50:324,3.12,0.33,0.15
20:53:50:361,3.32,0.23,-0.18
20:53:50:379,3.45,0.23,-0.26
20:53:50:379,3.65,0.36,-0.26
20:53:50:415,4.16,0.41,-0.02
20:53:50:453,4.70,0.23,0.02
20:53:50:471,4.50,-0.10,-0.55
20:53:50:488,4.13,-0.01,-1.35
20:53:50:523,4.72,-0.47,-0.35
20:53:50:542,6.85,-1.14,0.89
20:53:50:578,5.59,-0.40,1.72
20:53:50:632,3.62,0.14,1.45
20:53:50:650,3.61,0.38,0.69
20:53:50:650,4.18,0.46,0.89
20:53:50:668,4.82,-0.25,1.32
20:53:50:703,4.12,-0.96,1.11
20:53:50:720,3.55,-0.88,0.69
20:53:50:737,3.20,-0.65,0.63
20:53:50:755,3.35,-0.61,0.38
20:53:50:772,4.07,-0.48,0.39
20:53:50:807,3.77,-0.60,0.34
20:53:50:825,3.36,-0.48,0.33
20:53:50:843,3.24,-0.56,0.34
20:53:50:880,3.12,-0.98,0.36
20:53:50:895,3.16,-0.77,0.24
20:53:50:911,3.38,-0.40,-0.09
20:53:50:948,3.51,-0.34,-0.14
20:53:50:965,3.89,-0.09,0.51
20:53:50:983,4.28,0.09,0.40
20:53:51:1,4.03,-0.23,0.06
20:53:51:36,3.73,-1.06,-0.42
20:53:51:53,4.11,-0.65,0.06
20:53:51:88,5.47,0.77,0.49
20:53:51:122,6.55,1.92,1.81
20:53:51:125,4.42,0.81,1.98
20:53:51:161,4.01,-0.41,0.81
20:53:51:178,4.09,-0.81,0.77
20:53:51:213,4.76,0.29,0.87
20:53:51:233,4.54,0.55,0.96
20:53:51:251,3.84,0.18,0.71
20:53:51:269,3.81,-0.03,0.58
20:53:51:304,3.44,0.32,0.67
20:53:51:321,3.58,0.57,0.78
20:53:51:338,3.44,0.43,0.77
20:53:51:410,3.50,0.18,0.55
20:53:51:427,3.58,0.20,0.62
20:53:51:427,3.36,0.38,0.70
20:53:51:445,3.46,0.37,0.62
20:53:51:480,3.67,0.52,0.54
20:53:51:482,3.65,0.57,0.60
20:53:51:516,3.62,0.40,0.40
20:53:51:535,3.63,0.29,0.39
20:53:51:569,3.67,0.30,0.28
20:53:51:587,3.38,0.16,0.17
20:53:51:623,4.08,-0.06,-0.03
20:53:51:659,4.60,0.06,-0.01
20:53:51:696,4.68,0.92,0.86
20:53:51:696,4.69,0.44,1.31
20:53:51:696,4.15,0.19,0.98
20:53:51:747,3.24,-0.12,0.52
20:53:51:765,3.63,-0.87,0.42
20:53:51:783,4.62,-1.15,0.74
20:53:51:802,4.58,-0.96,0.73
20:53:51:837,4.00,-0.64,0.34
20:53:51:855,4.09,-0.42,0.10
20:53:51:874,3.90,-0.49,0.35
20:53:51:909,4.07,-0.63,0.28
20:53:51:927,4.02,-0.45,0.36
20:53:51:960,3.79,-0.44,0.34
20:53:51:982,3.81,-0.58,0.32
20:53:52:0,3.84,-0.65,0.48
20:53:52:18,4.08,-0.72,0.53
20:53:52:34,3.84,-0.52,0.47
20:53:52:104,3.90,-0.29,0.41
20:53:52:122,3.89,-0.13,0.37
20:53:52:122,3.83,-0.32,0.30
20:53:52:122,3.92,-0.56,0.37
20:53:52:160,3.87,-0.63,0.35
20:53:52:178,3.77,-0.41,0.27
20:53:52:213,3.80,-0.24,0.26
20:53:52:247,3.84,-0.15,0.37
20:53:52:265,4.03,-0.15,0.47
20:53:52:301,3.98,-0.10,0.48
20:53:52:301,3.99,-0.14,0.57
20:53:52:334,4.43,0.11,0.53
20:53:52:352,4.24,0.00,0.78
20:53:52:369,3.93,0.05,0.54
20:53:52:419,3.82,0.01,0.49
20:53:52:419,3.73,-0.09,0.57
20:53:52:454,3.81,-0.10,0.62
20:53:52:472,3.89,0.00,0.58
20:53:52:489,3.85,0.14,0.52
20:53:52:525,3.82,0.27,0.47
20:53:52:544,3.84,0.27,0.51
20:53:52:579,4.08,0.26,0.61
20:53:52:597,4.00,0.28,0.51
20:53:52:615,3.98,0.31,0.47
20:53:52:649,3.90,0.39,0.62
20:53:52:667,3.91,0.41,0.61
20:53:52:702,3.93,0.46,0.54
20:53:52:737,3.86,0.54,0.50
20:53:52:737,3.86,0.52,0.50
20:53:52:754,3.96,0.42,0.62
20:53:52:787,3.92,0.33,0.55
20:53:52:804,3.93,0.33,0.53
20:53:52:823,3.94,0.42,0.57
20:53:52:858,3.93,0.40,0.70
20:53:52:890,3.89,0.23,0.76
20:53:52:907,3.94,0.08,0.72
20:53:52:925,3.81,0.23,0.49
20:53:52:942,3.70,0.52,0.36
20:53:52:976,3.59,0.59,0.36
20:53:52:994,3.86,0.49,0.46
20:53:53:13,4.14,0.07,0.50
20:53:53:47,4.42,-0.50,0.42
20:53:53:65,4.15,-0.66,0.18
20:53:53:83,3.99,-0.25,0.12
20:53:53:149,4.11,-0.18,0.27
20:53:53:187,4.12,-0.22,0.38
20:53:53:204,3.97,-0.24,0.34
20:53:53:205,3.91,-0.24,0.36
20:53:53:222,3.99,-0.21,0.39
20:53:53:240,4.00,-0.22,0.32
20:53:53:258,3.95,-0.18,0.32
20:53:53:294,3.99,-0.13,0.40
20:53:53:327,3.99,-0.19,0.45
20:53:53:345,3.95,-0.22,0.40
20:53:53:345,3.90,-0.21,0.36
20:53:53:381,3.90,-0.20,0.37
20:53:53:416,3.96,-0.21,0.36
20:53:53:434,3.96,-0.23,0.38
20:53:53:453,3.98,-0.25,0.34
20:53:53:489,4.01,-0.27,0.38
20:53:53:525,3.99,-0.32,0.39
20:53:53:544,3.97,-0.31,0.40
20:53:53:544,3.92,-0.28,0.43
20:53:53:580,3.96,-0.26,0.42
20:53:53:597,3.95,-0.27,0.47
20:53:53:616,3.93,-0.28,0.56
20:53:53:671,3.95,-0.23,0.53
20:53:53:690,3.88,-0.20,0.55
20:53:53:690,3.88,-0.25,0.55
20:53:53:707,3.91,-0.25,0.58
20:53:53:762,3.93,-0.27,0.57
20:53:53:781,3.93,-0.22,0.52
20:53:53:781,3.93,-0.17,0.50
20:53:53:833,3.95,-0.14,0.50
20:53:53:868,3.94,-0.19,0.50
20:53:53:868,3.94,-0.20,0.49
20:53:53:886,3.89,-0.21,0.52
20:53:53:919,3.93,-0.21,0.51
20:53:53:938,3.94,-0.17,0.53
20:53:53:956,3.95,-0.16,0.53
20:53:53:992,3.95,-0.18,0.50
20:53:54:30,3.94,-0.16,0.52
20:53:54:30,3.96,-0.13,0.51
20:53:54:47,3.98,-0.14,0.49
20:53:54:83,3.95,-0.14,0.45
20:53:54:118,3.98,-0.20,0.48
20:53:54:154,3.95,-0.21,0.47
20:53:54:154,3.95,-0.17,0.47
20:53:54:187,3.94,-0.17,0.47
20:53:54:188,3.92,-0.19,0.53
20:53:54:224,3.94,-0.18,0.49
20:53:54:242,3.95,-0.18,0.48
20:53:54:275,3.98,-0.22,0.45
20:53:54:295,3.95,-0.22,0.48
20:53:54:367,3.96,-0.23,0.49
20:53:54:385,3.93,-0.21,0.47
20:53:54:385,3.94,-0.21,0.46
20:53:54:401,3.94,-0.18,0.53
20:53:54:439,3.92,-0.21,0.54
20:53:54:448,3.93,-0.20,0.51
20:53:54:457,3.93,-0.18,0.52
20:53:54:489,3.95,-0.14,0.50
20:53:54:510,3.93,-0.18,0.54
20:53:54:528,3.92,-0.21,0.49
20:53:54:566,3.92,-0.23,0.55
20:53:54:600,3.93,-0.22,0.47
20:53:54:602,3.93,-0.18,0.51
20:53:54:638,3.92,-0.20,0.52
20:53:54:638,3.92,-0.21,0.50
20:53:54:708,3.93,-0.19,0.52
20:53:54:708,3.93,-0.13,0.50
20:53:54:708,3.91,-0.25,0.50
20:53:54:762,3.90,-0.18,0.52
20:53:54:797,3.87,-0.18,0.51
20:53:54:799,3.91,-0.16,0.50
20:53:54:835,3.95,-0.25,0.51
20:53:54:873,3.91,-0.21,0.46
20:53:54:873,3.96,-0.12,0.42
20:53:54:890,3.95,-0.09,0.42
20:53:54:909,3.96,-0.09,0.47
20:53:54:944,3.96,-0.14,0.46
20:53:54:982,4.02,-0.23,0.38
20:53:55:17,3.91,-0.26,0.44
20:53:55:33,3.82,-0.18,0.44
20:53:55:51,4.06,-0.00,0.40
20:53:55:51,4.01,0.13,0.42
20:53:55:69,4.05,0.30,0.41
20:53:55:125,4.10,0.30,0.50
20:53:55:127,4.09,0.06,0.42
20:53:55:145,3.93,-0.15,0.32
20:53:55:189,3.82,-0.07,0.20
20:53:55:207,3.82,0.05,0.21
20:53:55:261,3.81,0.14,0.22
20:53:55:262,3.72,0.13,0.19
20:53:55:279,3.68,0.20,0.16
20:53:55:295,3.66,0.24,0.18
20:53:55:315,3.71,0.29,0.17
20:53:55:384,3.73,0.30,0.18
20:53:55:419,3.86,0.29,0.13
20:53:55:422,3.81,0.23,-0.01
20:53:55:422,4.07,0.18,0.01
20:53:55:474,4.12,0.34,0.13
20:53:55:510,4.18,0.47,0.18
20:53:55:565,4.31,0.41,0.37
20:53:55:584,4.84,-0.29,0.64
20:53:55:602,5.61,-1.35,1.08
20:53:55:619,5.17,-0.81,0.84
20:53:55:619,4.51,0.95,0.13
20:53:55:656,4.85,1.77,1.32
20:53:55:674,4.61,0.62,1.72
20:53:55:676,3.54,-0.67,1.86
20:53:55:693,2.56,-1.03,1.37
20:53:55:693,2.75,-0.49,1.34
20:53:55:779,3.59,0.03,1.44
20:53:55:817,4.05,0.20,1.54
20:53:55:834,3.47,-0.14,1.33
20:53:55:868,3.21,-0.26,1.17
20:53:55:886,3.33,-0.26,1.07
20:53:55:889,3.50,-0.18,1.06
20:53:55:889,3.42,-0.30,0.97
20:53:55:906,3.40,-0.45,0.99
20:53:55:923,3.38,-0.80,0.90
20:53:55:942,3.27,-0.92,0.83
20:53:55:978,3.21,-0.85,0.88
20:53:55:996,3.22,-0.69,0.56
20:53:56:14,3.29,-0.27,0.22
20:53:56:47,3.66,-0.42,0.14
20:53:56:65,4.47,-0.90,0.64
20:53:56:81,4.67,-1.04,0.78
20:53:56:100,4.10,-0.64,0.46
20:53:56:152,4.36,-0.06,0.80
20:53:56:189,5.61,0.82,1.69
20:53:56:190,5.46,0.40,1.91
20:53:56:225,4.16,-0.99,1.23
20:53:56:244,4.41,-0.94,1.86
20:53:56:261,4.51,0.16,1.99
20:53:56:280,4.31,0.03,1.72
20:53:56:297,3.97,-0.05,1.62
20:53:56:332,3.47,-0.21,1.52
20:53:56:350,3.11,-0.20,1.11
20:53:56:387,3.00,0.09,0.97
20:53:56:405,3.20,0.52,1.11
20:53:56:422,3.35,0.37,1.00
20:53:56:440,3.09,0.22,0.74
20:53:56:475,3.15,0.27,0.69
20:53:56:509,3.20,0.35,0.92
20:53:56:510,3.31,0.24,0.70
20:53:56:547,3.37,0.25,0.58
20:53:56:582,3.45,0.10,0.29
20:53:56:599,3.91,0.17,0.14
20:53:56:617,4.06,0.54,0.76
20:53:56:635,4.53,0.06,0.40
20:53:56:651,4.42,-0.51,-0.15
20:53:56:704,4.18,-0.31,-0.26
20:53:56:722,5.09,-0.75,0.31
20:53:56:739,6.75,-1.54,2.21
20:53:56:756,4.24,-0.98,1.58
20:53:56:775,3.94,0.55,1.35
20:53:56:809,3.42,0.55,1.18
20:53:56:849,4.03,0.68,1.43
20:53:56:867,4.46,0.12,1.61
20:53:56:884,3.75,-0.21,1.14
20:53:56:918,3.28,-0.27,0.88
20:53:56:938,3.02,-0.45,0.74
20:53:56:955,3.04,-0.44,0.67
20:53:56:973,3.32,-0.57,0.57
20:53:56:990,3.65,-0.53,0.65
20:53:57:25,3.17,-0.55,0.45
20:53:57:43,3.38,-1.26,0.57
20:53:57:76,3.57,-0.56,0.65
20:53:57:94,3.05,-0.82,0.34
20:53:57:146,3.39,-0.89,0.30
20:53:57:147,3.96,-0.45,0.56
20:53:57:164,3.93,-0.29,0.75
20:53:57:219,4.19,-0.34,0.63
20:53:57:219,3.95,-0.49,-0.02
20:53:57:236,3.71,-0.86,-0.37
20:53:57:254,4.61,-0.87,0.54
20:53:57:306,7.21,0.33,1.48
20:53:57:324,5.45,0.94,2.41
20:53:57:324,3.77,0.31,1.35
20:53:57:357,4.16,-0.74,1.33
20:53:57:377,4.57,-1.26,1.05
20:53:57:394,3.91,-0.53,1.08
20:53:57:412,4.25,0.17,0.93
20:53:57:499,3.42,0.63,0.78
20:53:57:500,3.03,0.58,0.77
20:53:57:517,3.19,0.21,0.63
20:53:57:533,3.32,0.05,0.37
20:53:57:554,3.43,0.05,0.56
20:53:57:571,3.15,0.16,0.45
20:53:57:589,3.03,0.19,0.44
20:53:57:627,3.24,0.09,0.27
20:53:57:645,3.26,-0.00,0.12
20:53:57:680,3.29,-0.03,-0.10
20:53:57:698,3.88,0.19,-0.24
20:53:57:734,4.52,0.22,0.26
20:53:57:734,4.84,-0.44,0.04
20:53:57:752,4.64,-0.71,-0.44
20:53:57:803,4.58,-0.59,-0.25
20:53:57:822,6.40,-1.21,0.55
20:53:57:822,5.86,-1.35,1.78
20:53:57:860,4.37,1.19,1.15
20:53:57:895,3.64,1.29,1.69
20:53:57:911,3.69,-0.06,1.70
20:53:57:931,4.27,-0.57,1.35
20:53:57:966,4.16,-0.27,1.39
20:53:57:983,3.71,0.04,1.12
20:53:58:0,3.15,-0.12,0.85
20:53:58:18,3.21,-0.52,0.78
20:53:58:54,3.24,-0.61,0.64
20:53:58:71,3.58,-0.42,0.63
20:53:58:88,3.35,-0.80,0.68
20:53:58:127,3.12,-0.72,0.77
20:53:58:161,2.81,-0.78,0.49
20:53:58:178,3.29,-0.99,0.63
20:53:58:196,2.89,-0.83,0.70
20:53:58:233,3.69,-0.13,-0.35
20:53:58:233,3.91,-0.10,0.06
20:53:58:268,4.44,-0.23,0.78
20:53:58:303,4.43,-0.63,0.42
20:53:58:323,3.80,-0.99,-0.04
20:53:58:342,4.14,-0.91,0.77
20:53:58:359,6.31,0.87,1.39
20:53:58:395,5.27,1.01,2.45
20:53:58:412,4.26,0.41,1.82
20:53:58:430,4.21,-0.31,1.96
20:53:58:465,4.67,-1.42,1.42
20:53:58:483,4.03,-0.98,0.99
20:53:58:518,4.16,-0.09,0.92
20:53:58:535,3.68,0.48,0.89
20:53:58:553,3.22,0.50,0.77
20:53:58:590,3.07,0.28,0.62
20:53:58:607,3.35,0.04,0.54
20:53:58:627,3.30,0.05,0.54
20:53:58:644,3.24,0.21,0.48
20:53:58:677,3.03,0.37,0.53
20:53:58:695,3.16,0.39,0.45
20:53:58:713,3.21,0.26,0.34
20:53:58:748,3.39,0.08,-0.03
20:53:58:766,3.76,0.24,0.08
20:53:58:800,4.29,0.15,0.38
20:53:58:838,4.73,-0.18,0.10
20:53:58:856,4.52,-0.43,-0.52
20:53:58:874,4.11,-0.49,-0.29
20:53:58:891,6.31,-1.21,0.72
20:53:58:912,5.99,-1.31,2.22
20:53:58:929,4.61,0.41,1.35
20:53:58:965,3.75,0.60,1.44
20:53:58:982,3.60,0.54,1.06
20:53:59:17,4.42,0.18,1.25
20:53:59:35,4.25,-0.06,1.37
20:53:59:53,3.63,-0.18,1.15
20:53:59:88,3.25,-0.29,0.78
20:53:59:107,3.23,-0.49,0.70
20:53:59:127,3.25,-0.48,0.72
20:53:59:144,3.58,-0.52,0.68
20:53:59:178,3.48,-0.65,0.56
20:53:59:214,2.95,-0.50,0.36
20:53:59:214,3.35,-1.14,0.71
20:53:59:250,3.07,-1.07,0.50
20:53:59:285,3.14,-0.80,0.43
20:53:59:301,3.43,-0.27,0.06
20:53:59:318,4.04,-0.24,0.07
20:53:59:339,4.26,-0.51,0.63
20:53:59:377,4.36,-0.46,0.43
20:53:59:395,3.84,-0.74,-0.48
20:53:59:413,3.71,-0.74,-0.16
20:53:59:449,5.20,-0.12,0.65
20:53:59:466,6.34,0.54,1.56
20:53:59:483,4.30,0.01,1.63
20:53:59:518,4.31,-0.05,1.39
20:53:59:536,4.61,-0.28,1.35
20:53:59:554,4.71,-0.80,1.16
20:53:59:571,4.41,-0.57,0.96
20:53:59:624,4.09,0.06,0.77
20:53:59:624,3.63,0.22,0.60
20:53:59:659,3.29,0.11,0.55
20:53:59:677,3.20,0.09,0.50
20:53:59:696,3.33,0.17,0.42
20:53:59:732,3.23,0.28,0.49
20:53:59:749,2.99,0.40,0.53
20:53:59:769,3.07,0.37,0.48
20:53:59:803,3.34,0.19,0.24
20:53:59:820,3.24,0.01,0.17
20:53:59:838,3.45,-0.07,-0.12
20:53:59:875,3.63,-0.11,0.07
20:53:59:892,4.34,-0.35,0.21
20:53:59:909,4.28,-0.47,0.20
20:53:59:946,4.55,-0.11,-0.48
20:53:59:980,4.93,-0.54,0.64
20:53:59:982,6.14,-1.89,0.82
20:54:0:16,5.14,-0.58,1.17
20:54:0:36,5.07,0.59,1.26
20:54:0:54,3.82,0.33,1.19
20:54:0:88,3.65,-0.12,1.28
20:54:0:108,4.10,-0.30,1.49
20:54:0:143,3.98,0.03,1.39
20:54:0:161,3.83,-0.01,1.11
20:54:0:196,3.20,-0.40,0.92
20:54:0:213,3.43,-0.65,0.76
20:54:0:235,3.49,-0.55,0.64
20:54:0:252,3.65,-0.48,0.65
20:54:0:288,3.46,-0.61,0.63
20:54:0:307,3.22,-0.44,0.57
20:54:0:325,3.25,-0.92,0.64
20:54:0:344,3.04,-0.90,0.47
20:54:0:379,3.22,-0.65,0.26
20:54:0:413,3.37,-0.21,0.27
20:54:0:415,3.51,-0.16,0.22
20:54:0:433,3.96,-0.31,0.62
20:54:0:470,4.05,-0.47,0.70
20:54:0:488,3.80,-0.86,0.28
20:54:0:505,3.77,-1.30,0.03
20:54:0:559,4.31,-0.58,0.31
20:54:0:577,5.58,0.71,1.23
20:54:0:594,5.94,1.08,1.99
20:54:0:612,4.43,0.13,1.25
20:54:0:648,3.79,-0.52,0.97
20:54:0:668,3.96,-0.47,1.06
20:54:0:686,4.73,0.07,1.12
20:54:0:704,4.87,0.76,1.42
20:54:0:740,4.02,0.94,1.49
20:54:0:776,3.54,0.89,0.97
20:54:0:776,3.94,0.41,0.67
20:54:0:844,4.01,0.29,0.66
20:54:0:864,3.57,0.33,0.72
20:54:0:864,3.72,0.15,0.42
20:54:0:880,3.88,0.21,0.35
20:54:0:898,3.78,0.38,0.41
20:54:0:933,3.63,0.43,0.38
20:54:0:953,3.68,0.26,0.19
20:54:0:970,3.90,0.06,0.20
20:54:0:988,3.90,-0.00,0.40
20:54:1:38,4.01,-0.15,0.46
20:54:1:38,4.10,-0.12,0.21
20:54:1:56,3.96,-0.05,0.32
20:54:1:92,3.98,0.05,0.33
20:54:1:107,3.88,0.13,0.14
20:54:1:143,3.86,0.02,0.01
20:54:1:176,3.66,0.03,-0.08
20:54:1:194,3.72,0.02,0.41
20:54:1:213,4.27,-1.28,0.84
20:54:1:230,4.42,-2.57,0.77
20:54:1:284,3.58,-1.87,0.95
20:54:1:284,3.75,-0.40,0.64
20:54:1:302,3.74,0.20,0.78
20:54:1:337,3.79,-0.32,0.74
20:54:1:357,3.81,-0.88,0.72
20:54:1:375,3.72,-0.93,0.57
20:54:1:393,3.59,-0.70,0.55
20:54:1:428,3.54,-0.75,0.48
20:54:1:445,3.76,-1.04,0.47
20:54:1:467,3.96,-1.41,0.58
20:54:1:518,3.82,-1.25,0.55
20:54:1:568,3.72,-0.89,0.44
20:54:1:572,3.69,-0.82,0.49
20:54:1:589,3.81,-0.84,0.43
20:54:1:606,3.77,-0.95,0.41
20:54:1:622,3.57,-1.09,0.31
20:54:1:639,3.58,-1.20,0.30
20:54:1:657,4.08,-1.17,0.44
20:54:1:711,4.77,-0.46,0.91
20:54:1:728,4.21,0.11,0.46
20:54:1:745,3.83,-0.18,0.53
20:54:1:782,4.31,-0.23,0.51
20:54:1:800,4.18,-0.30,0.96
20:54:1:818,3.94,-0.25,0.96
20:54:1:835,3.79,0.04,0.78
20:54:1:889,4.05,0.09,0.78
20:54:1:941,4.19,0.26,0.82
20:54:1:941,4.09,0.22,0.93
20:54:1:977,4.05,0.02,0.84
20:54:1:996,3.95,-0.02,0.79
20:54:1:996,3.72,0.18,0.73
20:54:2:31,3.56,0.37,0.75
20:54:2:49,3.71,0.32,0.75
20:54:2:67,3.62,0.16,0.70
20:54:2:83,3.63,0.03,0.68
20:54:2:83,3.82,-0.07,0.53
20:54:2:156,3.76,0.08,0.57
20:54:2:156,3.84,0.04,0.65
20:54:2:172,4.06,-0.23,0.67
20:54:2:279,4.17,-0.50,0.71
20:54:2:333,4.05,-0.52,0.64
20:54:2:351,3.88,-0.31,0.53
20:54:2:351,4.06,-0.08,0.53
20:54:2:369,4.15,-0.04,0.60
20:54:2:404,4.24,-0.24,0.79
20:54:2:421,4.16,-0.53,0.70
20:54:2:437,3.90,-0.67,0.55
20:54:2:490,3.88,-0.54,0.43
20:54:2:490,3.85,-0.48,0.55
20:54:2:508,3.83,-0.44,0.57
20:54:2:526,3.85,-0.40,0.50
20:54:2:543,3.93,-0.17,0.62
20:54:2:561,3.90,0.03,0.69
20:54:2:597,3.77,-0.31,0.50
20:54:2:615,3.89,-0.38,0.53
20:54:2:634,3.90,-0.12,0.60
20:54:2:653,4.05,-0.05,0.57
20:54:2:669,3.98,-0.09,0.55
20:54:2:689,3.93,-0.20,0.57
20:54:2:689,4.01,-0.28,0.56
20:54:2:723,3.98,-0.32,0.48
20:54:2:759,3.93,-0.37,0.50
20:54:2:810,3.96,-0.38,0.43
20:54:2:830,3.95,-0.29,0.42
20:54:2:848,3.96,-0.13,0.43
20:54:2:883,4.01,-0.14,0.47
20:54:2:884,3.96,-0.19,0.54
20:54:2:901,3.91,-0.22,0.50
20:54:2:919,3.92,-0.23,0.49
20:54:2:936,3.91,-0.24,0.49
20:54:2:988,3.91,-0.24,0.52
20:54:3:37,3.90,-0.21,0.49
20:54:3:72,3.96,-0.21,0.46
20:54:3:72,3.92,-0.18,0.45
20:54:3:90,3.95,-0.13,0.44
20:54:3:108,3.94,-0.17,0.43
20:54:3:126,3.96,-0.24,0.47
20:54:3:142,3.96,-0.23,0.46
20:54:3:175,3.91,-0.23,0.46
20:54:3:195,3.94,-0.21,0.43
20:54:3:212,3.94,-0.14,0.47
20:54:3:252,3.96,-0.14,0.46
20:54:3:286,3.95,-0.15,0.46
20:54:3:335,3.92,-0.20,0.43
20:54:3:335,3.96,-0.20,0.41
20:54:3:372,3.99,-0.18,0.32
20:54:3:404,4.01,-0.09,0.38
20:54:3:420,3.94,-0.08,0.46
20:54:3:438,3.92,-0.17,0.42
20:54:3:438,3.91,-0.26,0.44
20:54:3:472,3.93,-0.26,0.44
20:54:3:474,3.94,-0.22,0.42
20:54:3:474,3.95,-0.21,0.40
20:54:3:492,3.92,-0.20,0.42
20:54:3:524,3.93,-0.24,0.46
20:54:3:576,3.91,-0.25,0.46
20:54:3:594,3.94,-0.24,0.44
20:54:3:651,3.94,-0.29,0.40
20:54:3:683,3.96,-0.25,0.40
20:54:3:685,3.96,-0.21,0.44
20:54:3:685,3.96,-0.24,0.42
20:54:3:723,3.95,-0.23,0.43
20:54:3:723,3.95,-0.25,0.40
20:54:3:739,3.95,-0.24,0.41
20:54:3:758,3.95,-0.24,0.46
20:54:3:775,3.98,-0.21,0.41
20:54:3:793,3.95,-0.24,0.46
20:54:3:830,3.94,-0.23,0.44
20:54:3:847,3.93,-0.19,0.44
20:54:3:865,3.90,-0.13,0.47
20:54:3:901,3.93,-0.10,0.52
20:54:3:956,3.91,-0.11,0.50
20:54:3:974,3.94,-0.18,0.47
20:54:4:12,3.93,-0.19,0.47
20:54:4:27,3.94,-0.19,0.45
20:54:4:45,3.97,-0.17,0.49
20:54:4:63,3.95,-0.16,0.50
20:54:4:80,3.92,-0.17,0.49
20:54:4:115,3.94,-0.19,0.50
20:54:4:149,3.95,-0.21,0.47
20:54:4:150,3.94,-0.19,0.47
20:54:4:202,3.93,-0.19,0.49
20:54:4:236,3.92,-0.21,0.44
20:54:4:251,3.95,-0.24,0.46
20:54:4:284,3.95,-0.28,0.43
20:54:4:285,3.95,-0.27,0.48
20:54:4:302,3.93,-0.26,0.48
20:54:4:319,3.86,-0.20,0.44
20:54:4:355,3.84,-0.17,0.44
20:54:4:410,3.86,-0.15,0.43
20:54:4:444,3.89,-0.25,0.53
20:54:4:481,3.98,-0.33,0.46
20:54:4:569,3.98,-0.39,0.53
20:54:4:624,4.02,-0.42,0.63
20:54:4:624,4.15,-0.37,0.57
20:54:4:658,3.87,-0.09,0.37
20:54:4:675,3.86,0.31,0.25
20:54:4:693,4.05,0.42,0.32
20:54:4:693,4.36,0.10,0.50
20:54:4:711,4.27,-0.18,0.42
20:54:4:726,3.87,-0.09,0.37
20:54:4:730,3.78,0.08,0.30
20:54:4:747,3.74,0.13,0.33
20:54:4:800,3.70,0.04,0.35
20:54:4:837,3.63,-0.06,0.18
20:54:4:855,3.68,0.03,0.16
20:54:4:924,3.66,0.21,0.22
20:54:4:958,3.72,0.25,0.24
20:54:4:976,3.94,0.25,0.28
20:54:4:991,3.97,0.19,0.29
20:54:5:8,3.98,0.14,0.34
20:54:5:76,4.11,0.16,0.32
20:54:5:94,4.21,0.29,0.29
20:54:5:94,4.46,0.12,0.26
20:54:5:111,5.00,0.19,0.49
20:54:5:128,5.65,-0.59,0.93
20:54:5:128,5.13,-1.42,0.78
20:54:5:146,4.61,-0.40,0.18
20:54:5:146,4.43,1.05,0.72
20:54:5:184,4.18,1.32,1.10
20:54:5:255,3.50,0.08,1.64
20:54:5:272,2.94,-0.99,1.36
20:54:5:312,2.90,-0.76,1.11
20:54:5:329,3.59,-0.10,1.42
20:54:5:363,3.93,0.26,1.32
20:54:5:420,3.88,-0.01,1.27
20:54:5:438,3.62,-0.49,0.94
20:54:5:438,3.43,-0.47,0.97
20:54:5:471,3.64,-0.47,0.78
20:54:5:506,3.29,-0.45,0.67
20:54:5:561,3.44,-0.71,0.74
20:54:5:597,3.27,-0.89,0.66
20:54:5:597,3.30,-0.86,0.77
20:54:5:724,3.07,-1.03,0.81
20:54:5:724,3.24,-0.93,0.43
20:54:5:742,3.43,-0.45,0.07
20:54:5:760,4.02,-0.48,0.16
20:54:5:811,4.40,-0.58,0.59
20:54:5:845,4.50,-0.72,0.26
20:54:5:846,3.82,-0.67,-0.13
20:54:5:864,4.87,-0.48,0.93
20:54:5:899,6.25,0.48,1.48
20:54:5:899,5.30,0.72,2.17
20:54:5:919,3.79,0.02,1.78
20:54:5:937,4.04,-0.77,1.54
20:54:6:62,4.63,-0.88,1.42
20:54:6:79,4.03,-0.61,1.38
20:54:6:79,4.01,-0.15,1.01
20:54:6:97,3.59,0.26,0.73
20:54:6:97,3.02,0.35,0.72
20:54:6:97,2.98,0.35,0.84
20:54:6:132,3.48,0.32,0.76
20:54:6:150,3.49,0.46,0.79
20:54:6:170,3.26,0.51,0.77
20:54:6:188,3.08,0.36,0.55
20:54:6:188,3.18,-0.01,0.33
20:54:6:206,3.50,-0.13,0.14
20:54:6:224,3.76,0.03,-0.22
20:54:6:241,4.06,0.29,0.00
20:54:6:241,4.37,0.26,0.46
20:54:6:241,4.63,-0.12,0.24
20:54:6:241,4.64,-0.40,-0.14
20:54:6:259,4.87,-0.76,0.18
20:54:6:278,6.77,-1.87,1.34
20:54:6:312,5.32,-0.89,1.96
20:54:6:329,4.56,1.27,1.33
20:54:6:330,3.48,0.76,1.60
20:54:6:348,3.39,0.02,1.43
20:54:6:364,3.78,-0.22,1.41
20:54:6:401,3.79,-0.02,1.57
20:54:6:401,3.52,0.08,1.31
20:54:6:468,3.11,-0.12,0.99
20:54:6:519,3.37,-0.13,0.96
20:54:6:574,3.30,-0.19,0.78
20:54:6:592,3.37,-0.29,0.72
20:54:6:593,3.37,-0.42,0.62
20:54:6:664,3.03,-0.12,0.26
20:54:6:664,3.55,-0.68,0.77
20:54:6:682,2.96,-1.00,0.58
20:54:6:701,3.10,-1.12,0.73
20:54:6:750,3.72,-0.70,0.39
20:54:6:768,3.77,-0.44,0.31
20:54:6:784,4.20,-0.12,0.67
20:54:6:801,4.38,-0.16,0.13
20:54:6:817,3.96,-0.62,-0.41
20:54:6:834,3.75,-1.19,0.04
20:54:6:867,5.75,-0.99,0.57
20:54:6:867,6.28,0.63,2.15
20:54:6:885,5.31,1.96,2.52
20:54:6:940,4.17,1.17,1.79
20:54:6:958,4.39,-1.56,1.14
20:54:6:992,4.30,-1.83,0.86
20:54:7:44,3.98,-0.59,0.79
20:54:7:65,3.65,0.22,0.65
20:54:7:65,3.03,0.47,0.59
20:54:7:82,2.96,0.55,0.67
20:54:7:82,3.30,0.39,0.67
20:54:7:82,3.65,0.08,0.54
20:54:7:135,3.24,0.12,0.60
20:54:7:136,3.03,0.26,0.31
20:54:7:136,3.34,0.03,0.02
20:54:7:153,3.52,-0.18,-0.05
20:54:7:173,3.79,-0.07,-0.13
20:54:7:191,4.04,0.19,-0.29
20:54:7:191,4.29,0.16,0.00
20:54:7:262,4.42,-0.43,-0.18
20:54:7:262,4.24,-0.59,-0.61
20:54:7:262,4.04,-0.24,-0.91
20:54:7:279,5.98,-0.67,0.65
20:54:7:313,6.64,-0.96,3.04
20:54:7:313,4.29,-0.69,1.75
20:54:7:346,3.17,0.29,1.30
20:54:7:364,3.64,0.97,0.87
20:54:7:382,4.43,0.45,1.27
20:54:7:401,4.29,-0.29,1.22
20:54:7:401,3.52,-0.36,0.72
20:54:7:438,3.18,-0.31,0.70
20:54:7:455,3.21,-0.29,0.67
20:54:7:473,3.35,-0.42,0.60
20:54:7:491,3.37,-0.50,0.65
20:54:7:508,3.34,-0.64,0.70
20:54:7:526,2.88,-0.09,0.49
20:54:7:544,3.28,-0.67,0.62
20:54:7:562,2.82,-0.90,0.47
20:54:7:615,3.06,-0.72,0.26
20:54:7:615,3.53,-0.22,0.23
20:54:7:649,3.99,-0.30,0.26
20:54:7:666,4.32,-0.18,0.41
20:54:7:686,4.25,-0.15,0.13
20:54:7:686,3.99,-0.58,-0.57
20:54:7:737,4.12,-0.63,-0.21
20:54:7:755,6.41,-0.06,0.95
20:54:7:773,6.85,0.96,2.04
20:54:7:791,4.42,-0.00,1.62
20:54:7:828,4.04,-0.50,1.33
20:54:7:846,4.19,-0.78,1.30
20:54:7:863,4.17,-0.68,1.29
20:54:7:936,4.15,-0.59,1.08
20:54:7:953,3.59,-0.02,0.80
20:54:7:953,2.95,0.24,0.72
20:54:7:971,3.09,0.26,0.57
20:54:7:988,3.29,0.28,0.54
20:54:8:24,3.40,0.17,0.50
20:54:8:41,3.61,0.05,0.53
20:54:8:57,3.40,0.22,0.34
20:54:8:90,3.41,0.32,0.25
20:54:8:109,3.47,0.12,0.06
20:54:8:126,3.35,0.01,-0.08
20:54:8:162,3.48,-0.03,-0.18
20:54:8:195,3.99,0.13,-0.05
20:54:8:197,4.39,-0.04,0.40
20:54:8:232,4.60,-0.25,-0.20
20:54:8:251,4.10,-0.26,-0.65
20:54:8:284,5.46,-0.66,0.87
20:54:8:304,6.28,-1.82,2.06
20:54:8:340,4.94,-0.41,1.75
20:54:8:360,3.62,0.57,1.40
20:54:8:360,3.82,0.93,1.07
20:54:8:395,4.30,0.27,1.29
20:54:8:431,4.11,-0.31,1.34
20:54:8:449,3.77,-0.33,1.27
20:54:8:467,3.01,-0.51,0.86
20:54:8:485,3.19,-0.68,0.63
20:54:8:519,3.28,-0.46,0.54
20:54:8:554,3.44,-0.42,0.44
20:54:8:555,3.43,-0.66,0.45
20:54:8:609,2.91,-0.69,0.52
20:54:8:627,3.16,-0.94,0.83
20:54:8:627,3.00,-0.85,0.53
20:54:8:662,2.91,-0.58,0.58
20:54:8:680,3.65,-0.22,-0.19
20:54:8:697,3.93,-0.41,0.64
20:54:8:733,4.72,-0.48,0.82
20:54:8:786,4.24,-0.68,-0.05
20:54:8:786,3.86,-1.18,-1.04
20:54:8:804,4.38,-0.56,0.04
20:54:8:824,6.36,0.60,1.43
20:54:8:859,6.21,1.04,1.85
20:54:8:875,4.26,-0.39,1.23
20:54:8:894,4.32,-0.45,1.51
20:54:8:928,4.56,-0.91,0.95
20:54:8:965,4.31,-0.41,1.12
20:54:8:984,4.18,0.11,0.82
20:54:9:4,3.72,0.38,0.75
20:54:9:22,3.27,0.57,0.60
20:54:9:58,3.03,0.41,0.54
20:54:9:94,3.17,0.46,0.45
20:54:9:94,3.54,0.33,0.50
20:54:9:111,3.28,0.34,0.58
20:54:9:128,3.18,0.21,0.38
20:54:9:163,3.25,0.07,0.32
20:54:9:181,3.28,-0.03,0.13
20:54:9:218,3.30,0.09,-0.03
20:54:9:235,3.52,0.20,-0.10
20:54:9:289,3.74,0.26,-0.16
20:54:9:305,4.10,0.33,0.09
20:54:9:342,4.32,0.14,0.23
20:54:9:342,4.18,-0.08,-0.44
20:54:9:359,3.99,-0.01,-1.22
20:54:9:377,5.21,0.04,0.19
20:54:9:394,7.33,-1.48,1.88
20:54:9:430,5.82,-0.87,2.44
20:54:9:448,3.83,-0.45,1.77
20:54:9:481,2.99,0.35,1.00
20:54:9:499,3.86,0.50,0.77
20:54:9:534,4.58,-0.17,1.35
20:54:9:552,4.18,-0.79,1.19
20:54:9:570,3.26,-0.88,0.97
20:54:9:589,3.08,-0.97,0.88
20:54:9:624,3.20,-0.81,0.60
20:54:9:641,3.70,-0.63,0.81
20:54:9:658,3.83,-0.62,0.65
20:54:9:676,3.44,-0.51,0.63
20:54:9:711,3.13,-0.20,0.69
20:54:9:729,3.29,-0.69,0.94
20:54:9:746,2.83,-0.65,0.11
20:54:9:780,3.42,-0.60,-0.60
20:54:9:800,4.02,-0.24,-0.06
20:54:9:818,4.09,0.22,0.38
20:54:9:851,4.13,0.10,0.32
20:54:9:887,3.84,-0.45,-0.03
20:54:9:906,3.92,-0.88,-0.25
20:54:9:941,4.67,-0.09,0.06
20:54:9:958,7.22,1.66,1.72
20:54:9:994,6.44,2.10,2.43
20:54:9:994,4.11,-0.38,0.97
20:54:10:31,3.96,-1.34,0.75
20:54:10:50,4.48,-0.65,0.82
20:54:10:67,3.96,-0.09,1.02
20:54:10:84,3.63,0.36,0.89
20:54:10:120,3.22,0.40,0.93
20:54:10:138,3.13,0.54,1.11
20:54:10:158,3.42,0.67,1.28
20:54:10:191,3.68,0.31,0.97
20:54:10:211,3.51,0.16,0.81
20:54:10:246,3.65,0.04,0.66
20:54:10:264,3.80,0.07,0.71
20:54:10:282,3.99,0.07,0.58
20:54:10:300,3.82,0.20,0.68
20:54:10:335,3.75,0.23,0.76
20:54:10:353,3.48,-0.10,0.72
20:54:10:389,3.32,-0.43,0.39
20:54:10:408,3.34,-0.19,0.19
20:54:10:426,3.54,0.34,0.37
20:54:10:451,3.78,0.39,0.31
20:54:10:480,4.15,0.11,0.27
20:54:10:532,4.48,0.05,0.61
20:54:10:532,4.33,0.40,0.71
20:54:10:549,4.19,0.77,0.06
20:54:10:574,3.93,0.79,0.18
20:54:10:592,4.04,0.41,0.42
20:54:10:627,4.26,0.07,0.66
20:54:10:644,4.38,-0.16,0.77
20:54:10:679,4.07,0.00,0.82
20:54:10:697,3.76,0.44,0.50
20:54:10:715,3.50,1.29,0.12
20:54:10:734,3.28,1.16,0.65
20:54:10:769,4.14,0.00,0.96
20:54:10:786,4.80,-0.60,0.66
20:54:10:820,4.08,-0.42,0.42
20:54:10:839,4.32,1.05,0.46
20:54:10:858,4.03,0.32,0.84
20:54:10:875,4.26,-1.04,0.84
20:54:10:893,3.81,-1.09,0.55
20:54:10:945,3.59,-0.62,0.57
20:54:10:947,3.84,-0.41,0.65
20:54:10:982,3.98,-0.48,0.53
20:54:11:19,3.98,-0.56,0.61
20:54:11:36,4.17,-0.46,0.61
20:54:11:54,4.04,-0.23,0.70
20:54:11:89,3.98,-0.31,0.70
20:54:11:107,3.82,-0.51,0.77
20:54:11:124,3.69,-0.66,0.73
20:54:11:150,3.61,-0.56,0.67
20:54:11:169,3.62,-0.42,0.70
20:54:11:206,3.78,-0.34,0.71
20:54:11:224,3.88,-0.28,0.74
20:54:11:242,4.16,-0.24,0.73
20:54:11:259,4.20,-0.26,0.71
20:54:11:296,4.04,-0.10,0.72
20:54:11:313,4.07,0.17,0.72
20:54:11:348,4.09,0.35,0.88
20:54:11:385,3.88,0.12,0.91
20:54:11:402,3.81,-0.17,0.60
20:54:11:419,3.52,-0.17,0.62
20:54:11:436,3.95,0.21,0.69
20:54:11:456,4.00,0.67,0.74
20:54:11:490,3.85,0.63,0.78
20:54:11:525,3.73,0.36,0.69
20:54:11:541,3.77,0.29,0.69
20:54:11:560,3.88,0.49,0.69
20:54:11:577,3.86,0.62,0.72
20:54:11:594,3.85,0.55,0.77
20:54:11:647,3.91,0.37,0.83
20:54:11:647,3.89,0.21,0.72
20:54:11:665,3.83,0.28,0.68
20:54:11:717,3.92,0.36,0.66
20:54:11:752,4.00,0.40,0.75
20:54:11:752,3.83,0.33,0.80
20:54:11:769,3.92,0.14,0.82
20:54:11:804,4.13,-0.01,0.87
20:54:11:822,3.79,0.07,0.79
20:54:11:839,3.63,0.35,0.60
20:54:11:858,3.70,0.58,0.49
20:54:11:893,3.76,0.46,0.52
20:54:11:911,4.09,-0.02,0.66
20:54:11:944,4.22,-0.50,0.68
20:54:11:961,3.91,-0.35,0.47
20:54:12:1,3.91,-0.04,0.49
20:54:12:18,4.07,-0.08,0.59
20:54:12:36,4.05,-0.20,0.62
20:54:12:72,4.03,-0.21,0.63
20:54:12:87,3.99,-0.10,0.57
20:54:12:104,4.00,-0.10,0.58
20:54:12:140,4.04,-0.13,0.56
20:54:12:174,4.01,-0.25,0.58
20:54:12:175,4.00,-0.26,0.55
20:54:12:192,4.02,-0.27,0.58
20:54:12:229,3.95,-0.30,0.49
20:54:12:247,3.94,-0.22,0.55
20:54:12:266,3.93,-0.18,0.55
20:54:12:283,3.91,-0.18,0.59
20:54:12:372,3.89,-0.16,0.58
20:54:12:373,3.95,-0.18,0.54
20:54:12:390,3.94,-0.29,0.55
20:54:12:408,3.90,-0.26,0.57
20:54:12:444,3.92,-0.24,0.52
20:54:12:444,3.90,-0.25,0.57
20:54:12:462,3.93,-0.21,0.56
20:54:12:495,3.94,-0.21,0.53
20:54:12:530,3.97,-0.23,0.53
20:54:12:547,3.97,-0.11,0.54
20:54:12:581,3.93,-0.08,0.55
20:54:12:581,3.95,-0.10,0.55
20:54:12:636,3.94,-0.12,0.55
20:54:12:653,3.96,-0.18,0.55
20:54:12:671,3.92,-0.13,0.53
20:54:12:706,3.92,-0.08,0.51
20:54:12:706,3.92,-0.13,0.52
20:54:12:722,3.96,-0.16,0.52
20:54:12:757,3.94,-0.19,0.52
20:54:12:775,3.94,-0.14,0.50
20:54:12:792,3.92,-0.13,0.50
20:54:12:830,3.97,-0.11,0.54
20:54:12:863,4.00,-0.13,0.55
20:54:12:882,3.91,-0.16,0.52
20:54:12:900,3.91,-0.17,0.50
20:54:12:956,3.98,-0.16,0.52
20:54:13:26,3.95,-0.19,0.51
20:54:13:44,3.97,-0.14,0.52
20:54:13:44,3.98,-0.13,0.50
20:54:13:64,3.98,-0.26,0.47
20:54:13:82,3.89,-0.21,0.52
20:54:13:82,3.93,-0.19,0.50
20:54:13:118,3.90,-0.19,0.52
20:54:13:154,3.92,-0.12,0.54
20:54:13:170,3.94,-0.05,0.54
20:54:13:186,3.92,-0.06,0.54
20:54:13:219,3.92,-0.15,0.50
20:54:13:235,3.94,-0.19,0.46
20:54:13:253,3.98,-0.12,0.51
20:54:13:270,3.95,-0.09,0.52
20:54:13:306,3.92,-0.09,0.56
20:54:13:306,3.91,-0.16,0.53
20:54:13:342,3.94,-0.16,0.55
20:54:13:393,3.97,-0.14,0.55
20:54:13:428,3.94,-0.16,0.53
20:54:13:462,3.92,-0.16,0.57
20:54:13:497,3.95,-0.16,0.59
20:54:13:532,3.94,-0.21,0.59
20:54:13:532,3.95,-0.22,0.57
20:54:13:550,3.91,-0.20,0.55
20:54:13:585,3.92,-0.18,0.56
20:54:13:586,3.91,-0.21,0.56
20:54:13:604,3.92,-0.18,0.58
20:54:13:621,3.96,-0.16,0.58
20:54:13:639,3.93,-0.14,0.58
20:54:13:657,3.93,-0.19,0.57
20:54:13:691,3.95,-0.19,0.55
20:54:13:726,3.92,-0.17,0.61
20:54:13:726,3.90,-0.16,0.62
20:54:13:778,3.91,-0.14,0.61
20:54:13:813,3.92,-0.15,0.58
20:54:13:832,3.94,-0.18,0.59
20:54:13:848,3.92,-0.22,0.62
20:54:13:884,3.91,-0.23,0.63
20:54:13:903,3.92,-0.25,0.61
20:54:13:922,3.91,-0.23,0.66
20:54:13:922,3.90,-0.13,0.70
20:54:13:939,3.85,-0.09,0.70
20:54:13:956,3.86,-0.08,0.65
20:54:13:991,3.91,-0.10,0.67
20:54:14:11,3.92,-0.27,0.54
20:54:14:29,3.95,-0.41,0.66
20:54:14:80,3.91,-0.20,0.74
20:54:14:118,3.99,0.03,0.65
20:54:14:136,3.94,0.24,0.53
20:54:14:191,4.00,0.39,0.57
20:54:14:191,4.29,0.48,0.49
20:54:14:208,4.22,0.10,0.54
20:54:14:226,3.94,-0.10,0.49
20:54:14:243,3.79,-0.05,0.50
20:54:14:243,3.63,-0.01,0.37
20:54:14:261,3.88,0.01,0.39
20:54:14:278,3.73,0.12,0.44
20:54:14:350,3.68,0.18,0.43
20:54:14:407,3.92,0.50,0.30
20:54:14:442,3.83,0.27,0.47
20:54:14:442,3.87,0.21,0.44
20:54:14:459,3.77,0.22,0.43
20:54:14:459,3.88,0.22,0.52
20:54:14:494,4.03,0.40,0.53
20:54:14:512,4.10,0.56,0.46
20:54:14:546,4.34,0.59,0.16
20:54:14:546,4.83,0.05,0.75
20:54:14:546,5.78,-1.04,1.55
20:54:14:564,5.12,-1.55,1.38
20:54:14:601,4.33,0.19,0.54
20:54:14:657,4.66,1.42,1.41
20:54:14:709,4.13,0.80,1.68
20:54:14:743,3.15,-0.32,1.75
20:54:14:745,2.88,-0.51,1.52
20:54:14:762,3.30,-0.21,1.54
20:54:14:780,3.59,0.04,1.57
20:54:14:780,3.65,0.06,1.45
20:54:14:780,3.55,-0.06,1.20
20:54:14:814,3.46,-0.28,1.08
20:54:14:832,3.53,-0.33,1.07
20:54:14:850,3.56,-0.26,1.11
20:54:14:885,3.46,-0.29,1.05
20:54:14:921,3.35,-0.50,0.90
20:54:14:938,3.36,-0.69,0.86
20:54:14:972,3.40,-0.73,0.80
20:54:14:989,3.21,-0.77,0.87
20:54:15:7,3.20,-0.51,0.70
20:54:15:25,3.47,-0.28,0.20
20:54:15:43,3.83,-0.29,0.29
20:54:15:80,4.17,-0.97,0.67
20:54:15:97,4.54,-1.29,0.68
20:54:15:115,4.20,-0.95,0.38
20:54:15:133,4.57,0.08,0.78
20:54:15:168,5.44,1.23,1.66
20:54:15:204,5.36,0.35,1.98
20:54:15:222,4.19,-1.06,1.39
20:54:15:240,3.99,-1.16,1.54
20:54:15:258,4.01,-0.30,1.68
20:54:15:292,3.97,0.38,1.58
20:54:15:313,3.86,0.31,1.63
20:54:15:346,3.55,0.00,1.44
20:54:15:382,3.28,-0.18,0.91
20:54:15:400,3.22,0.03,0.75
20:54:15:400,3.58,0.47,0.80
20:54:15:435,3.60,0.38,0.82
20:54:15:470,3.35,0.09,0.56
20:54:15:470,3.15,-0.10,0.49
20:54:15:505,3.23,0.02,0.74
20:54:15:524,3.25,0.19,0.64
20:54:15:559,3.27,0.46,0.46
20:54:15:576,3.46,0.32,-0.07
20:54:15:610,4.15,1.06,0.11
20:54:15:628,4.64,0.13,0.42
20:54:15:645,4.78,-0.71,0.00
20:54:15:663,4.49,-0.93,-0.43
20:54:15:699,4.56,-0.25,-0.50
20:54:15:717,5.36,-0.22,1.07
20:54:15:735,5.98,-1.21,1.51
20:54:15:787,4.78,-0.21,2.23
20:54:15:824,3.84,0.28,1.65
20:54:15:843,3.40,0.54,1.14
20:54:15:844,3.81,0.54,1.05
20:54:15:862,4.27,-0.01,1.55
20:54:15:915,4.24,-0.59,1.47
20:54:15:933,3.21,-0.56,1.06
20:54:15:951,3.20,-0.36,0.97
20:54:15:986,3.29,-0.59,0.56
20:54:15:986,3.68,-0.45,0.79
20:54:16:4,3.47,-0.57,0.87
20:54:16:22,3.38,-0.47,0.69
20:54:16:59,2.84,-0.30,0.41
20:54:16:76,3.53,-0.81,0.43
20:54:16:129,3.14,-1.08,0.54
20:54:16:129,2.91,-0.69,0.28
20:54:16:165,3.66,-0.15,0.05
20:54:16:165,3.87,-0.21,0.48
20:54:16:202,4.19,-0.39,0.54
20:54:16:220,4.06,-0.58,-0.18
20:54:16:238,3.85,-0.71,-0.09
20:54:16:306,6.36,0.08,1.75
20:54:16:309,6.45,1.77,2.60
20:54:16:328,3.82,0.11,1.56
20:54:16:345,3.80,-0.80,1.52
20:54:16:363,4.79,-1.08,1.42
20:54:16:398,4.55,-0.92,1.16
20:54:16:416,3.89,-0.19,1.01
20:54:16:437,3.73,0.12,1.04
20:54:16:470,3.48,0.35,0.71
20:54:16:505,3.20,0.13,0.66
20:54:16:525,3.02,0.22,0.55
20:54:16:542,3.29,0.29,0.72
20:54:16:560,3.39,0.45,0.71
20:54:16:577,3.02,0.49,0.67
20:54:16:595,3.07,0.26,0.64
20:54:16:613,3.29,0.12,0.40
20:54:16:648,3.50,-0.02,0.00
20:54:16:683,3.79,0.17,-0.04
20:54:16:702,4.29,0.53,0.13
20:54:16:739,4.68,0.23,0.39
20:54:16:757,4.55,-0.19,-0.05
20:54:16:775,4.08,-0.39,-0.43
20:54:16:793,5.92,-0.60,0.88
20:54:16:827,6.11,-2.04,2.03
20:54:16:847,4.70,-0.41,1.81
20:54:16:865,3.72,0.54,1.53
20:54:16:900,4.11,0.61,1.24
20:54:16:919,4.32,0.28,1.33
20:54:16:953,4.03,-0.00,1.37
20:54:16:969,3.92,-0.08,1.16
20:54:16:990,3.26,-0.41,0.84
20:54:17:7,3.04,-0.51,0.74
20:54:17:42,3.18,-0.40,0.77
20:54:17:61,3.33,-0.52,0.66
20:54:17:94,3.29,-0.61,0.65
20:54:17:111,2.64,-0.08,0.59
20:54:17:128,3.39,-0.56,0.64
20:54:17:164,2.96,-0.51,0.46
20:54:17:182,3.20,-0.41,0.31
20:54:17:219,3.08,-0.30,-0.33
20:54:17:219,3.99,-0.37,0.43
20:54:17:252,4.15,-0.78,0.81
20:54:17:271,4.15,-0.61,0.47
20:54:17:288,3.85,-0.42,-0.44
20:54:17:343,3.81,-0.55,-0.43
20:54:17:360,5.24,-0.48,0.81
20:54:17:379,6.49,0.57,1.94
20:54:17:428,5.20,0.89,2.41
20:54:17:446,3.52,0.26,1.45
20:54:17:463,4.11,-0.81,0.79
20:54:17:482,4.52,-0.92,1.00
20:54:17:497,4.21,-0.16,0.98
20:54:17:514,3.86,0.19,0.81
20:54:17:548,3.35,0.18,0.57
20:54:17:551,3.34,-0.00,0.46
20:54:17:586,3.48,-0.02,0.44
20:54:17:620,3.51,-0.03,0.37
20:54:17:638,3.18,0.15,0.31
20:54:17:657,3.24,0.14,0.27
20:54:17:674,3.23,0.27,0.31
20:54:17:709,3.24,0.18,0.09
20:54:17:744,3.33,0.04,-0.08
20:54:17:745,3.51,0.00,-0.33
20:54:17:782,4.12,0.11,-0.43
20:54:17:800,4.45,-0.21,-0.04
20:54:17:818,4.52,-0.88,-0.32
20:54:17:871,4.19,-0.74,-1.02
20:54:17:889,5.31,-0.39,-0.30
20:54:17:889,6.48,-0.96,1.69
20:54:17:923,5.48,-0.58,2.02
20:54:17:960,4.17,0.22,1.77
20:54:17:978,3.43,0.43,0.91
20:54:17:996,3.76,0.23,0.61
20:54:18:13,4.27,-0.22,1.20
20:54:18:48,3.86,-0.21,1.05
20:54:18:65,3.34,-0.28,0.78
20:54:18:100,3.06,-0.45,0.84
20:54:18:118,3.19,-0.65,0.73
20:54:18:139,3.70,-0.93,0.51
20:54:18:157,3.37,-0.96,0.55
20:54:18:193,3.11,-0.67,0.42
20:54:18:212,2.93,-0.20,0.30
20:54:18:231,3.63,-0.40,0.46
20:54:18:267,3.13,-0.39,0.42
20:54:18:284,3.27,-0.39,-0.34
20:54:18:301,3.58,-0.49,-0.13
20:54:18:318,3.99,-0.58,0.43
20:54:18:367,4.22,-0.52,0.14
20:54:18:385,4.00,-0.45,-0.22
20:54:18:403,4.16,-0.65,-0.27
20:54:18:437,5.18,0.07,0.66
20:54:18:454,6.40,1.44,1.40
20:54:18:471,4.92,-0.04,2.02
20:54:18:506,4.30,-0.86,1.14
20:54:18:525,3.87,-1.23,1.45
20:54:18:543,4.51,-1.01,0.77
20:54:18:579,4.53,-0.28,0.97
20:54:18:596,4.20,0.25,1.03
20:54:18:613,3.44,0.28,0.94
20:54:18:648,3.22,0.06,0.59
20:54:18:666,3.37,0.24,0.53
20:54:18:683,3.38,0.50,0.60
20:54:18:753,3.39,0.59,0.51
20:54:18:753,3.33,0.44,0.42
20:54:18:770,3.34,0.16,0.48
20:54:18:770,3.38,0.19,0.31
20:54:18:806,3.32,0.21,0.24
20:54:18:840,3.34,0.11,-0.07
20:54:18:857,3.80,0.25,-0.10
20:54:18:875,4.11,0.15,0.31
20:54:18:911,4.15,-0.23,0.16
20:54:18:927,4.04,-0.21,-0.30
20:54:18:959,4.13,-0.16,-0.20
20:54:18:978,6.28,-1.40,1.19
20:54:18:997,6.19,-1.86,2.41
20:54:19:48,4.34,-0.01,1.80
20:54:19:66,3.59,0.60,0.80
20:54:19:84,3.76,0.30,1.07
20:54:19:84,4.70,-0.47,1.49
20:54:19:119,4.70,-0.48,1.45
20:54:19:136,4.00,-0.43,1.04
20:54:19:171,3.22,-0.71,0.90
20:54:19:189,3.26,-0.82,0.90
20:54:19:224,3.59,-0.71,0.78
20:54:19:242,3.47,-0.61,0.71
20:54:19:260,3.29,-0.53,0.71
20:54:19:279,3.07,-0.41,0.66
20:54:19:315,3.02,-0.44,0.56
20:54:19:333,3.16,-0.52,0.63
20:54:19:350,3.35,-0.36,0.34
20:54:19:425,3.41,-0.16,0.10
20:54:19:441,3.79,-0.18,0.33
20:54:19:442,4.16,-0.42,0.69
20:54:19:460,3.80,-0.49,0.49
20:54:19:478,3.65,-0.38,0.25
20:54:19:495,3.55,-0.45,0.01
20:54:19:512,4.01,-0.73,-0.01
20:54:19:548,4.47,-0.69,0.48
20:54:19:583,5.27,0.35,1.41
20:54:19:601,6.30,1.45,1.86
20:54:19:619,3.61,0.43,1.30
20:54:19:657,3.17,-0.68,0.29
20:54:19:674,4.58,-0.36,0.32
20:54:19:692,5.14,0.80,1.24
20:54:19:710,4.75,1.18,1.42
20:54:19:746,4.04,0.43,0.85
20:54:19:764,3.93,-0.10,0.50
20:54:19:781,4.11,0.13,0.34
20:54:19:816,3.87,0.37,0.56
20:54:19:834,3.56,0.48,0.54
20:54:19:852,3.60,0.40,0.35
20:54:19:888,3.63,0.35,0.28
20:54:19:922,3.61,0.32,0.24
20:54:19:942,3.70,0.21,0.23
20:54:19:960,3.92,0.11,0.16
20:54:19:977,3.89,-0.03,0.31
20:54:20:31,3.74,-0.03,0.35
20:54:20:48,3.97,0.12,0.19
20:54:20:48,3.92,0.39,0.19
20:54:20:83,3.75,0.58,0.01
20:54:20:101,3.95,0.39,-0.07
20:54:20:120,3.83,0.23,-0.24
20:54:20:154,4.36,-0.34,0.28
20:54:20:172,5.16,-1.31,0.98
20:54:20:190,4.03,-1.94,0.42
20:54:20:223,3.43,-0.89,0.52
20:54:20:261,3.88,-0.20,0.67
20:54:20:297,3.91,-0.44,0.46
20:54:20:297,3.80,-0.65,0.44
20:54:20:315,3.69,-0.73,0.37
20:54:20:332,3.71,-0.83,0.37
20:54:20:366,3.68,-0.89,0.46
20:54:20:385,3.77,-1.04,0.43
20:54:20:420,3.84,-1.17,0.60
20:54:20:438,3.86,-1.15,0.90
20:54:20:457,3.88,-1.02,0.78
20:54:20:494,3.59,-1.03,0.72
20:54:20:529,3.76,-1.04,0.58
20:54:20:547,3.65,-0.94,0.81
20:54:20:547,3.71,-0.87,0.67
20:54:20:599,3.76,-0.94,0.79
20:54:20:635,3.81,-0.94,0.75
20:54:20:652,3.74,-0.74,0.75
20:54:20:652,3.78,-0.77,0.74
20:54:20:685,3.85,-0.73,0.74
20:54:20:702,4.16,-0.46,0.78
20:54:20:737,4.14,-0.30,0.86
20:54:20:754,3.97,-0.36,0.79
20:54:20:790,3.57,-0.68,0.75
20:54:20:810,3.74,-0.62,0.79
20:54:20:827,3.76,-0.36,0.89
20:54:20:845,3.99,-0.14,0.96
20:54:20:878,4.06,-0.10,0.94
20:54:20:953,3.81,-0.18,0.81
20:54:20:969,4.09,-0.26,0.82
20:54:20:969,4.30,-0.12,0.94
20:54:21:5,3.97,0.05,0.92
20:54:21:5,3.96,-0.04,0.81
20:54:21:25,4.10,-0.02,0.86
20:54:21:61,4.11,0.01,1.01
20:54:21:78,3.98,0.09,0.95
20:54:21:95,3.75,0.22,0.89
20:54:21:168,3.73,0.23,0.87
20:54:21:202,3.88,0.15,0.95
20:54:21:218,3.88,0.20,0.94
20:54:21:255,3.59,0.30,0.91
20:54:21:325,3.56,0.37,0.72
20:54:21:360,3.57,0.33,0.74
20:54:21:394,3.76,0.15,0.81
20:54:21:394,3.81,0.04,0.66
20:54:21:412,3.83,-0.13,0.71
20:54:21:430,4.18,-0.43,0.79
20:54:21:447,4.23,-0.49,0.75
20:54:21:463,3.95,-0.33,0.72
20:54:21:501,3.96,-0.17,0.66
20:54:21:536,4.03,-0.17,0.59
20:54:21:554,3.93,-0.07,0.63
20:54:21:572,3.89,-0.08,0.60
20:54:21:591,4.06,-0.13,0.57
20:54:21:787,4.04,-0.23,0.56
20:54:21:805,4.29,-0.20,0.53
20:54:21:877,4.02,-0.16,0.52
20:54:21:912,3.80,-0.16,0.58
20:54:21:930,3.90,-0.15,0.51
20:54:21:965,3.86,-0.24,0.45
20:54:21:965,3.89,-0.30,0.43
20:54:22:1,3.95,-0.29,0.41
20:54:22:36,3.88,-0.22,0.41
20:54:22:71,4.09,-0.29,0.43
20:54:22:178,3.95,-0.12,0.44
20:54:22:178,3.97,-0.04,0.42
20:54:22:213,4.01,-0.15,0.39
20:54:22:283,4.00,-0.20,0.44
20:54:22:390,4.13,-0.27,0.40
20:54:22:423,3.88,-0.18,0.39
20:54:22:492,3.95,-0.14,0.41
20:54:22:492,3.99,-0.14,0.38
20:54:22:510,3.99,-0.17,0.36
20:54:22:614,3.95,-0.21,0.37
20:54:22:686,3.97,-0.22,0.36
20:54:22:686,3.95,-0.22,0.37
20:54:22:703,3.93,-0.18,0.36
20:54:22:870,3.96,-0.19,0.37
20:54:22:870,3.95,-0.22,0.35
20:54:22:886,3.93,-0.20,0.40
20:54:22:886,3.93,-0.19,0.41
20:54:22:886,3.93,-0.20,0.42
20:54:22:886,3.94,-0.19,0.42
20:54:22:940,3.93,-0.20,0.40
20:54:23:11,3.97,-0.19,0.40
20:54:23:60,3.95,-0.20,0.42
20:54:23:167,3.96,-0.17,0.41
20:54:23:167,3.95,-0.16,0.46
20:54:23:167,3.93,-0.21,0.47
20:54:23:167,3.92,-0.22,0.45
20:54:23:167,3.96,-0.21,0.46
20:54:23:167,3.93,-0.22,0.42
20:54:23:202,3.95,-0.20,0.45
20:54:23:220,3.93,-0.18,0.47
20:54:23:220,3.94,-0.21,0.48
20:54:23:253,3.94,-0.23,0.48
20:54:23:271,3.96,-0.16,0.47
20:54:23:289,3.95,-0.20,0.47
20:54:23:356,3.92,-0.19,0.46
20:54:23:356,3.94,-0.19,0.46
20:54:23:356,3.97,-0.23,0.48
20:54:23:374,3.95,-0.24,0.49
20:54:23:374,3.91,-0.21,0.44
20:54:23:392,3.93,-0.20,0.45
20:54:23:392,3.94,-0.19,0.49
20:54:23:467,3.94,-0.23,0.49
20:54:23:467,3.92,-0.25,0.50
20:54:23:467,3.93,-0.22,0.50
20:54:23:467,3.94,-0.22,0.49
20:54:23:483,3.93,-0.20,0.48
20:54:23:483,3.95,-0.14,0.51
20:54:23:483,3.91,-0.20,0.50
20:54:23:483,3.92,-0.22,0.50
20:54:23:519,3.93,-0.20,0.49
20:54:23:519,3.94,-0.18,0.51
20:54:23:519,3.93,-0.16,0.52
20:54:23:519,3.97,-0.15,0.56
20:54:23:571,3.95,-0.15,0.50
20:54:23:571,3.97,-0.16,0.51
20:54:23:589,3.96,-0.20,0.53
20:54:23:607,3.96,-0.18,0.52
20:54:23:607,3.94,-0.19,0.54
20:54:23:607,3.96,-0.17,0.59
20:54:23:607,3.96,-0.20,0.56
20:54:23:607,3.93,-0.17,0.59
20:54:23:607,3.92,-0.18,0.60
20:54:23:624,3.96,-0.18,0.55
20:54:23:641,3.97,-0.17,0.55
20:54:23:659,4.00,-0.20,0.55
20:54:23:677,3.93,-0.22,0.61
20:54:23:695,3.90,-0.18,0.62
20:54:23:695,3.79,-0.12,0.60
20:54:23:695,3.80,-0.12,0.48
20:54:23:713,3.86,-0.24,0.44
20:54:23:768,3.86,-0.33,0.47
20:54:23:768,3.94,-0.30,0.49
20:54:23:768,3.91,-0.19,0.46
20:54:23:821,4.04,-0.23,0.41
20:54:23:887,4.02,-0.27,0.45
20:54:23:921,3.96,-0.38,0.56
20:54:23:921,3.79,-0.36,0.60
20:54:23:921,4.04,-0.21,0.67
20:54:23:921,4.15,-0.06,0.62
20:54:23:955,3.79,0.19,0.34
20:54:24:9,3.88,0.45,0.31
20:54:24:44,4.28,0.41,0.46
20:54:24:44,4.12,0.12,0.48
20:54:24:79,3.72,0.08,0.32
20:54:24:94,3.65,0.09,0.31
20:54:24:147,3.68,0.13,0.41
20:54:24:167,3.74,0.10,0.31
20:54:24:168,3.71,0.06,0.25
20:54:24:203,3.71,0.17,0.21
20:54:24:220,3.86,0.25,0.27
20:54:24:220,4.11,0.18,0.29
20:54:24:275,4.06,0.11,0.18
20:54:24:366,4.10,0.08,0.00
20:54:24:366,4.07,0.28,0.26
20:54:24:384,4.06,0.41,0.53
20:54:24:384,4.26,0.44,0.44
20:54:24:417,4.31,0.32,0.19
20:54:24:458,4.54,0.03,0.26
20:54:24:529,4.98,-0.68,0.54
20:54:24:582,5.07,-1.19,0.45
20:54:24:616,4.88,-1.07,0.56
20:54:24:634,4.66,-0.05,0.58
20:54:24:652,4.33,1.36,1.31
20:54:24:652,3.58,0.96,1.67
20:54:24:705,3.28,-0.22,1.70
20:54:24:758,3.31,-0.86,1.42
20:54:24:817,3.40,-0.53,1.30
20:54:24:853,3.50,-0.16,1.52
20:54:24:853,3.62,0.05,1.02
20:54:24:853,3.74,-0.25,1.00
20:54:24:922,3.51,-0.40,0.84
20:54:24:922,3.67,-0.21,0.80
20:54:24:939,3.48,-0.15,0.83
20:54:24:957,3.29,-0.22,0.65
20:54:24:957,3.24,-0.45,0.66
20:54:24:957,3.36,-0.70,0.68
20:54:24:991,3.41,-1.01,0.76
20:54:25:31,3.23,-0.74,0.66
20:54:25:31,3.60,-0.78,0.57
20:54:25:31,4.12,-0.46,0.90
20:54:25:48,4.40,-0.36,0.74
20:54:25:84,4.75,-0.54,0.70
20:54:25:84,4.26,-0.80,0.00
20:54:25:102,4.17,-0.75,0.22
20:54:25:140,4.97,-0.06,0.75
20:54:25:174,6.04,0.44,1.90
20:54:25:174,4.59,-0.19,1.62
20:54:25:192,3.90,-0.29,1.54
20:54:25:192,3.86,-0.34,1.53
20:54:25:192,4.29,-0.75,1.29
20:54:25:210,3.86,-0.58,1.24
20:54:25:247,4.00,-0.19,1.24
20:54:25:247,3.49,0.12,0.94
20:54:25:247,3.21,0.19,0.84
20:54:25:319,3.09,0.33,0.85
20:54:25:355,3.20,0.36,0.70
20:54:25:355,3.27,0.36,0.89
20:54:25:355,3.36,0.33,0.62
20:54:25:372,3.15,0.18,0.69
20:54:25:408,3.30,0.05,0.43
20:54:25:408,3.48,0.27,0.18
20:54:25:425,3.90,0.21,0.05
20:54:25:425,4.17,0.42,0.05
20:54:25:425,4.68,0.26,0.40
20:54:25:443,4.63,-0.32,0.15
20:54:25:463,4.40,-0.63,-0.22
20:54:25:501,4.81,-0.74,0.62
20:54:25:518,6.58,-1.43,2.15
20:54:25:518,4.47,-0.28,1.62
20:54:25:518,3.81,0.85,2.01
20:54:25:518,3.78,0.44,1.58
20:54:25:536,4.30,0.22,1.55
20:54:25:552,4.24,0.06,1.53
20:54:25:568,3.60,0.05,1.44
20:54:25:605,3.35,-0.06,1.27
20:54:25:622,2.98,-0.40,0.80
20:54:25:639,2.63,-0.77,0.34
20:54:25:640,3.41,-0.27,0.77
20:54:25:675,3.24,-0.47,0.79
20:54:25:693,3.02,-0.54,0.83
20:54:25:711,3.17,-0.70,0.96
20:54:25:747,2.41,-0.63,0.65
20:54:25:764,3.09,-0.93,0.63
20:54:25:780,3.55,-0.39,0.20
20:54:25:814,3.70,-0.62,0.17
20:54:25:832,4.76,-0.84,0.96
20:54:25:849,4.48,-0.64,0.89
20:54:25:849,3.70,-0.49,-0.13
20:54:25:887,3.77,-0.71,-0.47
20:54:25:921,5.04,-0.38,0.84
20:54:25:922,6.25,1.07,2.43
20:54:25:975,4.87,1.79,2.65
20:54:25:977,3.79,0.47,2.19
20:54:25:993,4.31,-1.38,1.75
20:54:25:995,4.53,-2.04,0.89
20:54:26:29,4.25,-0.66,0.74
20:54:26:49,3.96,0.38,0.72
20:54:26:49,3.66,0.63,0.75
20:54:26:49,3.57,0.67,0.76
20:54:26:84,2.96,0.39,0.69
20:54:26:118,3.17,0.23,0.54
20:54:26:119,3.24,0.42,0.59
20:54:26:119,3.07,0.62,0.56
20:54:26:137,3.06,0.64,0.40
20:54:26:155,3.36,0.20,0.12
20:54:26:173,3.25,0.09,0.14
20:54:26:207,3.54,0.10,0.07
20:54:26:225,3.89,0.15,0.15
20:54:26:259,4.37,-0.09,0.16
20:54:26:281,4.56,-0.40,0.01
20:54:26:319,4.49,-0.45,-0.71
20:54:26:337,5.11,-0.66,-0.07
20:54:26:391,7.05,-1.46,2.11
20:54:26:461,5.40,-0.29,1.96
20:54:26:498,3.53,1.05,1.43
20:54:26:498,3.23,0.44,0.96
20:54:26:498,3.97,0.11,1.08
20:54:26:516,4.35,-0.11,1.66
20:54:26:555,3.87,0.24,1.05
20:54:26:572,3.25,-0.06,0.95
20:54:26:572,3.27,-0.39,0.80
20:54:26:593,3.43,-0.72,0.75
20:54:26:610,3.57,-0.58,0.63
20:54:26:610,3.50,-0.70,0.60
20:54:26:637,2.78,-0.49,0.43
20:54:26:655,3.11,-0.81,0.77
20:54:26:686,3.11,-0.83,0.50
20:54:26:702,2.98,-0.64,0.44
20:54:26:736,3.16,-0.25,-0.12
20:54:26:754,3.79,-0.12,0.16
20:54:26:773,4.22,-0.25,0.29
20:54:26:807,4.35,-0.46,-0.00
20:54:26:825,4.13,-0.88,-0.34
20:54:26:878,3.89,-1.07,-0.25
20:54:26:895,4.91,-0.54,0.97
20:54:26:913,7.16,1.06,1.97
20:54:26:931,4.88,1.03,2.73
20:54:26:948,3.46,0.19,1.34
20:54:27:3,3.78,-1.16,1.22
20:54:27:21,4.55,-1.22,1.15
20:54:27:38,4.26,-0.26,1.18
20:54:27:56,3.93,0.25,1.02
20:54:27:75,3.33,0.24,0.73
20:54:27:93,3.08,0.07,0.63
20:54:27:154,3.24,0.08,0.50
20:54:27:154,3.44,0.10,0.60
20:54:27:172,3.39,0.24,0.67
20:54:27:190,3.22,0.32,0.34
20:54:27:208,3.36,0.14,0.29
20:54:27:243,3.27,0.13,0.30
20:54:27:259,3.59,0.18,0.07
20:54:27:297,3.65,0.17,0.01
20:54:27:314,4.10,0.15,0.06
20:54:27:332,4.30,-0.17,0.39
20:54:27:350,4.42,-0.60,-0.20
20:54:27:368,4.24,-0.53,-0.64
20:54:27:406,6.17,-1.26,1.51
20:54:27:441,5.96,-1.84,2.07
20:54:27:459,4.50,0.43,1.52
20:54:27:477,3.92,0.48,1.49
20:54:27:492,3.86,0.38,1.35
20:54:27:549,4.35,0.20,1.33
20:54:27:565,3.97,0.14,1.27
20:54:27:565,3.56,-0.14,1.26
20:54:27:618,3.19,-0.61,0.98
20:54:27:618,3.18,-0.64,0.82
20:54:27:635,3.22,-0.37,0.66
20:54:27:671,3.57,-0.41,0.88
20:54:27:688,3.33,-0.71,0.77
20:54:27:759,2.84,-0.60,0.50
20:54:27:777,3.41,-0.66,0.60
20:54:27:777,2.92,-0.92,0.58
20:54:27:794,2.80,-0.90,0.54
20:54:27:811,3.59,-0.06,0.11
20:54:27:829,3.65,-0.11,-0.04
20:54:27:865,4.40,-0.62,0.66
20:54:27:882,4.40,-0.90,0.42
20:54:27:915,4.00,-0.87,-0.25
20:54:27:930,4.63,-0.16,0.51
20:54:27:980,6.71,0.66,1.80
20:54:27:980,5.41,0.58,1.90
20:54:27:999,4.22,0.09,1.20
20:54:28:34,4.03,-0.02,1.43
20:54:28:52,4.50,-0.82,1.20
20:54:28:91,4.13,-0.72,1.18
20:54:28:126,3.92,-0.09,0.98
20:54:28:180,3.48,0.41,0.63
20:54:28:180,3.17,0.56,0.57
20:54:28:198,3.20,0.49,0.46
20:54:28:215,3.47,0.14,0.26
20:54:28:232,3.56,0.07,0.14
20:54:28:232,3.33,0.02,0.22
20:54:28:267,3.49,-0.03,0.29
20:54:28:284,3.22,0.19,0.12
20:54:28:319,3.35,0.17,-0.07
20:54:28:353,3.47,0.24,0.01
20:54:28:372,3.64,0.28,-0.03
20:54:28:389,3.87,0.31,0.09
20:54:28:405,4.36,-0.06,-0.02
20:54:28:423,3.94,-0.14,-0.63
20:54:28:476,4.16,-0.07,-0.84
20:54:28:491,5.25,-0.32,0.37
20:54:28:508,7.01,-1.42,1.74
20:54:28:527,5.52,-0.35,2.02
20:54:28:563,3.71,0.17,1.38
20:54:28:580,3.57,0.59,0.68
20:54:28:598,4.28,0.18,0.89
20:54:28:633,4.52,-0.36,1.25
20:54:28:651,3.89,-0.46,0.90
20:54:28:670,3.25,-0.56,0.68
20:54:28:687,3.14,-0.72,0.63
20:54:28:723,3.28,-0.73,0.50
20:54:28:742,3.64,-0.81,0.48
20:54:28:758,3.49,-0.88,0.49
20:54:28:793,3.24,-0.81,0.47
20:54:28:813,3.30,-1.17,0.42
20:54:28:830,3.14,-0.88,0.39
20:54:28:865,3.41,-0.67,0.12
20:54:28:883,3.96,-0.27,-0.05
20:54:28:921,3.83,-0.20,0.33
20:54:28:937,4.19,-0.15,0.51
20:54:28:955,4.19,-0.29,0.46
20:54:28:992,4.17,-0.72,0.10
20:54:29:10,3.66,-1.44,-0.64
20:54:29:27,3.65,-1.16,-0.55
20:54:29:61,5.44,0.68,0.39
20:54:29:82,8.00,2.83,2.42
20:54:29:101,3.76,2.47,2.85
20:54:29:135,3.38,0.72,1.04
20:54:29:153,3.75,-0.22,0.76
20:54:29:172,4.41,-0.02,1.02
20:54:29:206,5.16,0.22,0.98
20:54:29:226,3.86,-0.10,0.82
20:54:29:244,3.25,-0.22,0.40
20:54:29:279,3.31,0.18,0.77
20:54:29:296,3.62,0.31,0.85
20:54:29:314,3.74,0.34,0.71
20:54:29:351,3.41,0.57,1.00
20:54:29:369,3.47,0.53,1.00
20:54:29:387,3.70,0.48,0.66
20:54:29:422,3.90,0.44,0.68
20:54:29:440,4.12,0.61,0.49
20:54:29:457,4.00,0.86,0.45
20:54:29:475,3.37,0.83,0.59
20:54:29:511,3.67,0.82,0.38
20:54:29:530,3.45,0.94,0.44
20:54:29:565,3.77,0.81,0.53
20:54:29:584,4.16,0.90,0.75
20:54:29:601,3.74,1.02,0.70
20:54:29:638,3.43,0.72,0.66
20:54:29:656,3.67,0.18,0.71
20:54:29:674,3.96,-0.02,0.79
20:54:29:709,4.15,-0.13,1.07
20:54:29:727,4.19,-0.77,0.76
20:54:29:746,4.19,-0.60,0.85
20:54:29:780,4.23,-0.82,0.99
20:54:29:798,4.26,-0.88,0.54
20:54:29:816,4.18,-0.59,0.64
20:54:29:834,4.34,-0.51,0.70
20:54:29:870,4.10,-0.50,0.60
20:54:29:888,4.07,-0.49,0.68
20:54:29:906,4.14,-0.43,0.67
20:54:29:939,4.00,-0.40,0.72
20:54:29:973,3.89,-0.41,0.66
20:54:29:992,3.68,-0.39,0.77
20:54:30:28,3.69,-0.50,0.69
20:54:30:44,3.68,-0.21,0.63
20:54:30:61,3.78,-0.19,0.53
20:54:30:78,3.60,-0.42,0.54
20:54:30:113,3.63,-0.54,0.33
20:54:30:131,3.95,-0.50,0.53
20:54:30:165,4.11,-0.31,0.64
20:54:30:183,4.50,0.12,0.95
20:54:30:221,4.67,1.02,0.81
20:54:30:221,3.82,1.08,0.76
20:54:30:254,3.46,0.54,0.72
20:54:30:274,3.77,0.03,0.81
20:54:30:308,3.91,0.05,0.59
20:54:30:326,3.90,0.42,0.64
20:54:30:359,3.96,0.72,0.57
20:54:30:375,3.79,0.78,0.50
20:54:30:393,3.74,0.62,0.46
20:54:30:409,3.90,0.55,0.40
20:54:30:445,3.88,0.54,0.52
20:54:30:480,3.84,0.42,0.49
20:54:30:480,3.77,0.33,0.45
20:54:30:517,3.89,0.36,0.46
20:54:30:534,4.03,0.30,0.48
20:54:30:621,4.01,0.24,0.58
20:54:30:623,3.92,0.23,0.61
20:54:30:623,3.95,0.34,0.66
20:54:30:641,3.79,0.39,0.50
20:54:30:658,3.63,0.46,0.45
20:54:30:693,3.92,0.36,0.56
20:54:30:711,4.15,0.15,0.63
20:54:30:730,4.17,0.09,0.59
20:54:30:766,4.03,0.20,0.53
20:54:30:783,4.01,0.21,0.50
20:54:30:801,4.08,0.16,0.51
20:54:30:819,4.11,0.05,0.45
20:54:30:854,4.01,-0.08,0.46
20:54:30:871,4.03,-0.17,0.40
20:54:30:904,4.01,-0.21,0.44
20:54:30:940,3.94,-0.20,0.43
20:54:30:940,3.93,-0.12,0.45
20:54:30:957,3.86,-0.08,0.50
20:54:30:992,3.84,-0.08,0.50
20:54:31:10,3.88,-0.11,0.51
20:54:31:27,3.85,-0.18,0.50
20:54:31:63,3.88,-0.26,0.38
20:54:31:99,4.00,-0.13,0.40
20:54:31:117,4.05,-0.05,0.38
20:54:31:137,4.09,-0.08,0.40
20:54:31:154,4.04,-0.14,0.35
20:54:31:207,4.04,-0.29,0.38
20:54:31:225,3.95,-0.29,0.45
20:54:31:225,3.99,-0.27,0.52
20:54:31:260,3.95,-0.23,0.53
20:54:31:277,3.90,-0.19,0.57
20:54:31:294,3.87,-0.18,0.55
20:54:31:329,3.88,-0.11,0.52
20:54:31:347,3.96,-0.12,0.54
20:54:31:383,3.98,-0.21,0.55
20:54:31:400,3.95,-0.22,0.60
20:54:31:419,3.96,-0.22,0.52
20:54:31:436,3.94,-0.16,0.54
20:54:31:472,3.95,-0.17,0.55
20:54:31:508,3.91,-0.21,0.57
20:54:31:527,3.88,-0.22,0.61
20:54:31:545,3.89,-0.20,0.59
20:54:31:581,3.91,-0.20,0.58
20:54:31:616,3.93,-0.21,0.54
20:54:31:632,3.93,-0.25,0.55
20:54:31:632,3.92,-0.22,0.61
20:54:31:686,3.92,-0.22,0.61
20:54:31:720,3.92,-0.22,0.59
20:54:31:720,3.93,-0.23,0.57
20:54:31:720,3.98,-0.24,0.55
20:54:31:756,3.91,-0.25,0.55
20:54:31:792,3.93,-0.22,0.58
20:54:31:811,3.95,-0.19,0.62
20:54:31:829,3.93,-0.18,0.60
20:54:31:897,3.93,-0.15,0.60
20:54:31:897,3.93,-0.12,0.57
20:54:31:915,3.93,-0.12,0.59
20:54:31:949,3.96,-0.12,0.62
20:54:31:967,3.93,-0.17,0.61
20:54:31:984,3.91,-0.18,0.61
20:54:32:2,3.90,-0.19,0.60
20:54:32:20,3.93,-0.18,0.62
20:54:32:55,3.93,-0.17,0.59
20:54:32:75,3.93,-0.16,0.61
20:54:32:93,3.94,-0.17,0.62
20:54:32:113,3.92,-0.19,0.62
20:54:32:131,3.91,-0.21,0.63
20:54:32:166,3.95,-0.19,0.64
20:54:32:201,3.91,-0.18,0.61
20:54:32:221,3.94,-0.17,0.58
20:54:32:239,3.92,-0.19,0.59
20:54:32:287,3.94,-0.17,0.59
20:54:32:289,3.93,-0.18,0.61
20:54:32:324,3.93,-0.16,0.64
20:54:32:357,3.93,-0.17,0.64
20:54:32:357,3.93,-0.17,0.62
20:54:32:405,3.93,-0.18,0.62
20:54:32:423,3.94,-0.18,0.60
20:54:32:423,3.93,-0.18,0.64
20:54:32:460,3.93,-0.18,0.63
20:54:32:478,3.93,-0.18,0.65
20:54:32:496,3.92,-0.18,0.63
20:54:32:567,3.91,-0.17,0.63
20:54:32:602,3.93,-0.19,0.63
20:54:32:620,3.92,-0.21,0.67
20:54:32:620,3.92,-0.19,0.66
20:54:32:639,3.93,-0.13,0.62
20:54:32:639,3.93,-0.14,0.59
20:54:32:673,3.94,-0.20,0.61
20:54:32:691,3.95,-0.21,0.62
20:54:32:727,3.93,-0.20,0.61
20:54:32:747,3.93,-0.17,0.64
20:54:32:817,3.93,-0.16,0.61
20:54:32:835,3.92,-0.14,0.62
20:54:32:835,3.92,-0.14,0.64
20:54:32:835,3.92,-0.16,0.63
20:54:32:873,3.92,-0.17,0.63
20:54:32:889,3.91,-0.19,0.62
20:54:32:905,3.93,-0.17,0.62
20:54:32:941,3.94,-0.17,0.62
20:54:32:976,3.92,-0.14,0.64
20:54:32:994,3.99,-0.16,0.64
20:54:33:10,3.93,-0.18,0.61
20:54:33:29,3.92,-0.18,0.60
20:54:33:67,3.95,-0.18,0.62
