19:19:49:561,4.11,0.18,-0.14
19:19:49:561,4.60,1.06,0.01
19:19:49:640,5.32,0.83,0.34
19:19:49:676,4.51,0.47,0.35
19:19:49:676,4.13,0.16,-0.17
19:19:49:727,3.92,-0.03,-0.33
19:19:49:727,3.87,-0.04,-0.35
19:19:49:800,3.92,0.15,-0.33
19:19:49:819,3.97,-0.13,0.03
19:19:49:835,4.02,0.05,0.06
19:19:49:870,4.06,0.04,0.02
19:19:49:889,4.00,0.01,-0.21
19:19:49:905,3.98,0.12,-0.31
19:19:50:19,4.00,0.03,-0.26
19:19:50:113,3.93,-0.03,-0.22
19:19:50:279,3.92,0.01,-0.30
19:19:50:279,3.89,-0.05,-0.37
19:19:50:362,4.00,0.12,-0.34
19:19:50:374,4.08,0.40,-0.26
19:19:50:374,3.86,-0.23,-0.43
19:19:50:374,3.98,0.03,-0.52
19:19:50:394,3.99,0.04,-0.45
19:19:50:407,3.97,-0.04,-0.53
19:19:50:407,4.02,0.19,-0.52
19:19:50:446,3.99,0.01,-0.52
19:19:50:452,4.00,0.01,-0.54
19:19:50:452,3.98,-0.04,-0.58
19:19:50:462,3.96,-0.02,-0.55
19:19:50:477,3.96,0.01,-0.61
19:19:50:542,3.93,-0.05,-0.62
19:19:50:542,3.96,0.08,-0.52
19:19:50:542,3.97,-0.01,-0.46
19:19:50:542,4.00,0.12,-0.55
19:19:50:606,4.01,0.03,-0.48
19:19:50:606,4.00,0.01,-0.52
19:19:50:624,3.98,0.01,-0.47
19:19:50:664,3.98,0.21,-0.42
19:19:50:664,3.92,0.12,-0.31
19:19:50:664,3.99,0.04,-0.32
19:19:50:664,4.00,0.05,-0.32
19:19:50:664,4.03,0.09,-0.28
19:19:50:664,3.86,0.03,-0.28
19:19:50:664,3.87,0.06,-0.33
19:19:50:722,3.94,0.09,-0.27
19:19:50:722,3.96,0.13,-0.18
19:19:50:722,3.94,0.08,-0.20
19:19:50:727,3.95,0.13,-0.21
19:19:50:735,3.96,0.03,-0.21
19:19:50:753,4.00,0.08,-0.21
19:19:50:782,3.99,0.11,-0.20
19:19:50:814,3.97,0.04,-0.13
19:19:50:814,3.96,0.07,-0.19
19:19:50:842,3.98,0.17,-0.13
19:19:50:894,4.02,0.11,-0.14
19:19:50:927,3.95,0.06,-0.13
19:19:50:927,3.96,0.05,-0.12
19:19:50:927,4.00,0.08,-0.08
19:19:50:954,3.99,0.05,-0.08
19:19:50:962,3.96,0.06,-0.11
19:19:50:962,3.96,0.04,-0.06
19:19:51:2,3.93,0.04,-0.09
19:19:51:2,3.95,0.06,-0.07
19:19:51:9,4.00,0.07,-0.16
19:19:51:22,3.98,0.06,-0.03
19:19:51:77,3.98,0.08,-0.02
19:19:51:144,3.98,0.09,-0.09
19:19:51:145,4.01,0.13,-0.07
19:19:51:164,4.00,0.12,-0.08
19:19:51:172,4.01,0.13,-0.05
19:19:51:187,3.99,0.12,-0.08
19:19:51:272,3.98,0.15,-0.08
19:19:51:327,4.00,0.15,-0.06
19:19:51:337,4.00,0.12,-0.03
19:19:51:352,3.96,0.12,-0.07
19:19:51:364,3.98,0.09,-0.08
19:19:51:432,3.99,0.11,-0.04
19:19:51:472,3.99,0.12,-0.08
19:19:51:472,3.99,0.14,-0.02
19:19:51:492,4.00,0.10,-0.08
19:19:51:532,3.98,0.07,-0.09
19:19:51:552,3.99,0.09,-0.07
19:19:51:619,3.97,0.08,-0.06
19:19:51:639,3.97,0.10,-0.09
19:19:51:642,3.98,0.09,-0.09
19:19:51:652,3.98,0.12,-0.07
19:19:51:677,3.97,0.06,-0.06
19:19:51:767,4.03,0.12,-0.09
19:19:51:802,3.98,0.13,-0.08
19:19:51:862,3.99,0.10,-0.14
19:19:51:873,3.98,0.11,-0.09
19:19:51:873,3.97,0.09,-0.09
19:19:51:873,3.96,0.08,-0.13
19:19:51:882,4.01,0.14,-0.13
19:19:51:902,4.03,0.24,-0.16
19:19:51:902,4.06,0.11,-0.17
19:19:51:902,4.10,0.06,-0.25
19:19:52:43,4.11,-0.04,-0.32
19:19:52:43,4.24,0.11,-0.25
19:19:52:43,4.26,0.39,-0.30
19:19:52:64,4.07,-0.58,-0.15
19:19:52:77,4.07,-0.28,-2.52
19:19:52:152,3.03,0.52,-1.27
19:19:52:165,2.34,2.68,0.72
19:19:52:192,3.88,4.57,3.02
19:19:52:192,6.58,-8.00,1.32
19:19:52:192,2.52,2.07,-0.28
19:19:52:236,3.76,-0.94,0.57
19:19:52:236,4.44,0.11,0.24
19:19:52:247,4.16,0.23,0.59
19:19:52:252,3.86,0.09,0.08
19:19:52:342,4.00,-0.88,-0.83
19:19:52:347,4.21,-0.65,-0.59
19:19:52:412,4.19,-0.25,-0.06
19:19:52:442,4.16,-0.23,-0.15
19:19:52:567,4.11,-0.20,-0.45
19:19:52:567,4.05,0.08,-0.66
19:19:52:567,3.92,0.13,-0.39
19:19:52:607,3.96,0.02,-0.17
19:19:52:613,4.02,0.18,-0.18
19:19:52:614,4.11,0.07,-0.34
19:19:52:614,4.07,-0.01,-0.24
19:19:52:622,4.12,0.05,-0.30
19:19:52:752,3.99,0.13,-0.15
19:19:52:752,4.10,-0.23,-0.38
19:19:52:770,4.09,-0.26,-0.07
19:19:52:804,4.40,-0.24,0.16
19:19:52:808,4.31,0.25,0.12
19:19:52:825,4.55,0.05,0.07
19:19:52:825,4.64,-0.57,-0.09
19:19:52:877,4.59,-0.98,0.45
19:19:52:926,4.97,-0.11,0.76
19:19:52:926,4.81,0.08,0.55
19:19:52:943,5.02,0.37,0.32
19:19:52:960,5.38,-0.25,-0.57
19:19:52:960,5.22,0.22,-0.95
19:19:52:960,6.02,0.61,-0.85
19:19:52:960,6.72,0.88,-1.06
19:19:52:960,8.00,0.92,0.37
19:19:52:960,7.34,-1.66,-2.78
19:19:52:960,6.86,-0.54,-2.90
19:19:52:975,4.84,4.71,-0.09
19:19:52:991,3.45,0.46,-3.50
19:19:53:91,2.36,0.14,-2.64
19:19:53:91,1.89,2.40,-0.60
19:19:53:91,1.05,3.22,0.65
19:19:53:91,2.15,3.16,-0.01
19:19:53:91,2.71,1.70,-0.64
19:19:53:108,3.74,1.37,-0.80
19:19:53:108,4.80,1.13,-0.53
19:19:53:125,6.15,0.48,-0.71
19:19:53:142,7.04,-0.26,-1.19
19:19:53:142,8.00,-1.20,-1.55
19:19:53:240,8.00,-2.15,-0.45
19:19:53:240,8.00,-2.41,0.72
19:19:53:240,8.00,-4.69,2.60
19:19:53:256,7.70,-6.07,3.38
19:19:53:272,5.73,-8.00,1.93
19:19:53:272,7.26,-6.31,3.60
19:19:53:290,6.77,-5.15,-5.83
19:19:53:290,4.19,8.00,5.17
19:19:53:308,4.76,-2.26,2.23
19:19:53:329,5.00,-1.34,0.82
19:19:53:329,2.87,-0.26,-2.95
19:19:53:346,4.55,-2.41,-0.82
19:19:53:393,4.23,-0.80,-0.75
19:19:53:417,3.83,1.08,0.25
19:19:53:449,4.31,0.90,0.04
19:19:53:459,3.43,-0.16,-0.65
19:19:53:467,4.04,-0.43,-1.25
19:19:53:484,3.41,1.43,-0.36
19:19:53:485,4.11,-0.19,-0.54
19:19:53:485,3.84,0.26,-0.64
19:19:53:501,4.22,-0.17,-0.58
19:19:53:505,4.06,-0.41,-0.57
19:19:53:522,4.34,0.30,-0.35
19:19:53:523,4.29,-0.61,-0.56
19:19:53:523,4.58,0.00,-0.13
19:19:53:540,3.82,1.91,0.21
19:19:53:609,4.96,0.92,-0.08
19:19:53:610,4.56,0.56,-0.60
19:19:53:626,5.10,-0.19,-0.42
19:19:53:643,5.71,-0.42,-0.04
19:19:53:643,6.10,0.70,-0.07
19:19:53:661,5.93,2.04,-0.54
19:19:53:679,5.96,2.14,-1.05
19:19:53:696,7.60,1.31,-2.77
19:19:53:747,8.00,1.31,-0.13
19:19:53:782,8.00,2.23,-3.48
19:19:53:782,5.05,4.27,-3.18
19:19:53:800,4.79,1.29,-5.30
19:19:53:834,1.54,1.26,-2.77
19:19:53:885,1.62,-0.41,-2.36
19:19:53:885,1.17,3.26,1.11
19:19:53:903,1.79,2.21,1.37
19:19:53:959,3.05,1.36,0.63
19:19:53:976,3.58,0.50,-0.08
19:19:53:977,4.44,0.00,0.34
19:19:53:995,5.54,0.49,0.98
19:19:54:29,6.74,-0.54,0.58
19:19:54:63,8.00,-1.69,1.07
19:19:54:67,8.00,-2.46,1.85
19:19:54:101,8.00,-3.22,0.99
19:19:54:137,6.99,-8.00,1.02
19:19:54:155,7.72,-8.00,3.46
19:19:54:155,7.44,-8.00,1.38
19:19:54:191,5.70,-6.93,-0.94
19:19:54:209,-0.40,8.00,0.70
19:19:54:226,8.00,-8.00,-0.08
19:19:54:312,8.00,-4.88,0.94
19:19:54:331,8.00,-2.69,-1.70
19:19:54:348,6.32,-1.91,-3.22
19:19:54:366,4.78,-0.74,0.36
19:19:54:383,3.86,1.07,0.42
19:19:54:383,3.79,-0.79,-0.37
19:19:54:400,3.75,-0.47,-1.43
19:19:54:522,3.07,-0.75,-1.02
19:19:54:540,3.67,-1.02,-0.76
19:19:54:540,3.89,0.19,-0.70
19:19:54:575,4.28,-0.11,-0.66
19:19:54:595,4.15,-0.12,-0.49
19:19:54:595,4.10,-0.80,-0.80
19:19:54:595,4.70,-0.20,-0.37
19:19:54:613,4.66,-0.24,0.02
19:19:54:630,4.95,0.12,0.19
19:19:54:647,4.73,0.22,0.45
19:19:54:700,5.65,0.16,-0.56
19:19:54:720,5.86,0.07,-1.37
19:19:54:720,6.19,-0.07,-1.33
19:19:54:739,7.79,2.43,-1.45
19:19:54:757,6.68,3.64,-1.75
19:19:54:791,8.00,0.81,0.29
19:19:54:907,8.00,0.88,-2.16
19:19:54:907,2.69,0.94,-2.21
19:19:54:942,2.86,3.25,-1.86
19:19:54:942,0.24,2.87,-0.62
19:19:54:960,0.43,1.77,-1.35
19:19:54:960,0.79,1.64,-0.30
19:19:54:978,1.62,2.11,0.38
19:19:54:978,2.66,2.19,0.54
19:19:55:28,3.52,1.68,0.65
19:19:55:45,4.90,1.22,0.84
19:19:55:63,6.38,1.10,0.69
19:19:55:63,7.89,1.02,0.89
19:19:55:99,8.00,-0.31,0.88
19:19:55:134,8.00,-2.61,0.90
19:19:55:154,8.00,-8.00,-0.76
19:19:55:154,6.79,-8.00,0.92
19:19:55:205,7.98,-8.00,2.82
19:19:55:256,6.72,-8.00,0.60
19:19:55:258,0.95,8.00,-4.29
19:19:55:276,8.00,1.39,1.14
19:19:55:309,4.92,-0.87,1.07
19:19:55:309,4.64,-2.91,-2.19
19:19:55:326,3.41,0.60,0.55
19:19:55:411,3.12,-0.93,-1.42
19:19:55:411,4.20,0.88,0.61
19:19:55:429,4.06,1.54,-0.05
19:19:55:429,4.18,0.02,-0.40
19:19:55:466,4.04,-0.63,-1.31
19:19:55:486,4.54,0.09,-0.44
19:19:55:521,4.49,0.83,-0.22
19:19:55:539,4.05,-0.51,-0.68
19:19:55:644,4.04,-0.15,-0.58
19:19:55:644,3.78,-0.44,-0.56
19:19:55:661,4.27,-0.27,-0.47
19:19:55:695,4.31,-0.08,-0.24
19:19:55:746,4.21,0.31,-0.25
19:19:55:764,4.94,0.18,-0.20
19:19:55:781,5.25,0.16,-0.38
19:19:55:799,5.30,0.38,-0.15
19:19:55:799,5.82,0.73,-0.95
19:19:55:833,6.62,0.94,-1.20
19:19:55:833,8.00,1.97,-1.34
19:19:55:869,8.00,3.67,-2.18
19:19:55:941,8.00,2.58,-0.81
19:19:55:941,8.00,1.59,-2.26
19:19:55:975,2.97,2.57,-2.39
19:19:55:975,3.63,-1.78,-2.11
19:19:55:992,-0.09,5.05,-1.60
19:19:56:11,-0.33,0.70,-1.24
19:19:56:11,0.72,1.76,-1.11
19:19:56:11,1.46,1.67,0.09
19:19:56:29,2.34,2.22,1.13
19:19:56:66,3.46,1.49,0.80
19:19:56:119,4.92,1.50,0.92
19:19:56:137,6.64,1.66,0.67
19:19:56:137,8.00,0.41,0.50
19:19:56:155,8.00,-1.62,0.82
19:19:56:172,8.00,-4.55,-0.03
19:19:56:207,8.00,-8.00,-0.02
19:19:56:309,8.00,-8.00,3.47
19:19:56:309,8.00,-8.00,2.20
19:19:56:309,8.00,-2.42,-3.46
19:19:56:325,-0.32,8.00,1.89
19:19:56:341,3.22,-8.00,-0.65
19:19:56:341,5.03,-0.88,-2.74
19:19:56:358,4.43,-0.76,0.31
19:19:56:444,2.67,0.63,-1.31
19:19:56:476,3.86,-0.00,-0.45
19:19:56:477,4.30,1.29,-0.14
19:19:56:495,3.89,0.45,-0.35
19:19:56:495,3.95,-0.17,-1.39
19:19:56:512,3.88,0.30,-0.99
19:19:56:531,4.04,0.57,-0.66
19:19:56:565,4.10,0.21,-0.55
19:19:56:583,3.86,0.09,-0.71
19:19:56:601,3.90,-0.69,-0.43
19:19:56:668,4.00,0.03,-0.32
19:19:56:669,3.73,-1.48,-0.35
19:19:56:687,4.47,-0.23,-0.46
19:19:56:704,4.71,0.05,-0.07
19:19:56:739,5.34,0.38,0.53
19:19:56:757,5.40,0.31,0.35
19:19:56:830,5.67,-0.34,-1.05
19:19:56:847,6.63,0.23,-1.16
19:19:56:865,7.22,1.51,-0.87
19:19:56:865,8.00,3.32,-1.25
19:19:56:881,8.00,2.94,-3.31
19:19:56:900,8.00,2.92,-2.94
19:19:56:918,4.78,-2.30,-3.24
19:19:56:953,1.28,0.60,-2.34
19:19:56:984,1.33,5.25,-1.01
19:19:57:37,0.56,2.56,-0.49
19:19:57:55,0.36,1.99,-1.07
19:19:57:55,1.00,2.09,-0.26
19:19:57:73,1.92,2.29,0.30
19:19:57:90,2.90,2.56,0.55
19:19:57:106,4.36,1.44,0.71
19:19:57:141,5.79,2.06,0.90
19:19:57:210,7.92,1.91,1.06
19:19:57:212,8.00,-0.50,1.37
19:19:57:212,8.00,-3.74,1.43
19:19:57:230,8.00,-8.00,-1.31
19:19:57:283,7.17,-8.00,0.98
19:19:57:283,8.00,-8.00,2.43
19:19:57:316,8.00,-5.16,-3.02
19:19:57:351,1.29,8.00,-0.97
19:19:57:404,2.63,-8.00,1.14
19:19:57:459,6.56,-1.30,-2.22
19:19:57:477,3.46,-0.38,0.04
19:19:57:494,0.21,1.19,-0.50
19:19:57:494,4.03,-0.17,-0.46
19:19:57:529,4.06,1.20,-0.42
19:19:57:601,4.21,0.17,-0.20
19:19:57:618,4.14,0.39,-0.64
19:19:57:618,3.93,0.03,-1.10
19:19:57:635,4.11,0.60,-0.58
19:19:57:654,4.07,0.24,-0.56
19:19:57:656,4.02,0.37,-0.77
19:19:57:656,4.22,0.45,-0.63
19:19:57:673,4.30,0.30,-0.04
19:19:57:726,4.08,-0.13,-0.49
19:19:57:761,4.14,-0.87,-0.69
19:19:57:777,4.09,-0.07,0.15
19:19:57:794,5.08,-0.51,-0.26
19:19:57:810,5.16,-0.16,0.06
19:19:57:826,5.27,0.24,0.10
19:19:57:843,5.31,0.45,-0.68
19:19:57:860,6.45,0.62,-0.50
19:19:57:895,7.85,1.79,-0.54
19:19:57:928,8.00,3.52,-1.84
19:19:57:945,8.00,3.22,-2.13
19:19:57:945,8.00,0.61,-2.95
19:19:57:963,3.65,0.25,-2.37
19:19:58:0,1.48,-0.50,-2.44
19:19:58:86,0.26,6.74,-1.46
19:19:58:103,-0.13,2.12,-0.59
19:19:58:121,0.63,2.02,-1.23
19:19:58:140,1.31,1.54,-0.61
19:19:58:158,2.16,1.89,0.01
19:19:58:174,3.18,2.77,0.59
19:19:58:177,5.03,1.05,0.40
19:19:58:194,6.84,0.97,0.20
19:19:58:212,8.00,0.12,1.35
19:19:58:264,8.00,-1.83,1.72
19:19:58:299,8.00,-4.34,0.84
19:19:58:299,8.00,-8.00,0.89
19:19:58:315,7.07,-8.00,3.61
19:19:58:360,7.44,-8.00,3.20
19:19:58:377,2.01,0.96,-6.65
19:19:58:384,7.31,8.00,1.99
19:19:58:401,5.21,-3.70,-2.32
19:19:58:470,6.08,-1.90,-1.49
19:19:58:485,3.09,0.30,0.56
19:19:58:485,3.00,-1.18,-1.42
19:19:58:503,3.95,-0.08,-0.17
19:19:58:520,3.77,1.30,-0.09
19:19:58:537,4.11,0.11,-0.60
19:19:58:573,4.04,0.95,-0.74
19:19:58:677,3.95,0.07,-1.26
19:19:58:713,4.09,0.84,-0.61
19:19:58:713,3.96,0.46,-0.70
19:19:58:730,4.02,0.77,-0.88
19:19:58:751,3.90,0.56,-0.64
19:19:58:841,3.93,0.55,-0.44
19:19:58:841,4.44,-0.17,-0.33
19:19:58:858,3.70,0.10,-0.11
19:19:58:876,3.75,-0.30,-0.16
19:19:58:876,4.06,0.09,-0.41
19:19:58:894,4.29,-1.97,-1.33
19:19:58:947,4.61,-0.33,0.06
19:19:58:964,4.73,0.02,0.16
19:19:59:17,4.90,-0.83,-0.12
19:19:59:68,5.38,-0.13,-0.80
19:19:59:69,6.41,0.25,-0.83
19:19:59:69,7.33,1.07,-0.53
19:19:59:87,8.00,2.32,-1.09
19:19:59:103,7.10,2.64,-2.36
19:19:59:104,8.00,1.68,-1.57
19:19:59:104,4.33,0.46,-1.54
19:19:59:122,1.83,-1.30,-2.51
19:19:59:191,0.18,1.55,-2.32
19:19:59:191,0.28,3.82,-0.17
19:19:59:191,0.30,0.97,-1.32
19:19:59:209,1.05,1.62,-0.57
19:19:59:226,1.88,0.99,0.26
19:19:59:245,2.76,0.83,0.38
19:19:59:262,3.68,0.64,0.38
19:19:59:317,5.00,0.67,0.17
19:19:59:405,6.18,-0.12,0.23
19:19:59:424,7.64,-1.56,1.03
19:19:59:441,8.00,-3.71,1.10
19:19:59:458,8.00,-5.41,1.00
19:19:59:476,7.71,-6.34,1.18
19:19:59:511,6.41,-7.38,3.08
19:19:59:548,6.23,-7.95,3.16
19:19:59:548,5.73,-3.63,-0.09
19:19:59:565,3.31,8.00,-5.26
19:19:59:581,7.79,-4.51,0.92
19:19:59:581,6.41,1.65,1.33
19:19:59:614,4.61,-0.47,-0.90
19:19:59:650,4.14,-0.13,-0.94
19:19:59:667,4.44,0.31,-0.65
19:19:59:684,3.61,0.66,-0.20
19:19:59:718,4.09,0.71,-0.11
19:19:59:738,3.82,0.32,-0.84
19:19:59:738,4.07,0.70,-1.22
19:19:59:738,3.95,0.72,-0.62
19:19:59:771,3.82,0.37,-0.79
19:19:59:807,4.03,0.41,-0.78
19:19:59:823,3.91,0.43,-0.83
19:19:59:843,3.80,0.42,-0.96
19:19:59:893,3.91,0.42,-0.88
19:19:59:927,3.86,0.18,-0.71
19:19:59:927,3.82,0.11,-0.68
19:19:59:945,3.89,0.31,-0.75
19:19:59:962,3.92,0.26,-0.82
19:19:59:998,3.93,0.17,-0.72
19:20:0:17,3.94,0.26,-0.76
19:20:0:67,4.01,0.24,-0.71
19:20:0:84,3.85,0.10,-0.73
19:20:0:84,3.96,0.22,-0.71
19:20:0:120,3.75,0.00,-0.57
19:20:0:138,3.90,0.04,-0.69
19:20:0:155,4.07,0.24,-0.79
19:20:0:171,4.01,0.16,-0.66
19:20:0:255,3.83,0.24,-0.65
19:20:0:271,3.84,-0.03,-0.53
19:20:0:271,3.91,-0.01,-0.60
19:20:0:287,3.95,0.13,-0.58
19:20:0:306,3.87,-0.06,-0.40
19:20:0:323,3.87,-0.06,-0.51
19:20:0:340,3.95,0.05,-0.54
19:20:0:375,3.97,0.07,-0.44
19:20:0:443,3.98,0.12,-0.48
19:20:0:447,3.97,0.08,-0.34
19:20:0:447,3.88,-0.10,-0.33
19:20:0:465,3.96,-0.13,-0.38
19:20:0:500,3.96,-0.08,-0.35
19:20:0:519,3.93,0.01,-0.32
19:20:0:536,3.94,-0.03,-0.33
19:20:0:588,3.95,-0.01,-0.38
19:20:0:606,3.96,-0.03,-0.39
19:20:0:623,3.96,-0.05,-0.40
19:20:0:639,3.94,-0.02,-0.35
19:20:0:656,3.95,-0.03,-0.34
19:20:0:673,3.94,-0.04,-0.37
19:20:0:729,3.96,-0.01,-0.30
19:20:0:740,3.96,-0.06,-0.33
19:20:0:795,3.94,-0.04,-0.42
19:20:0:795,3.98,-0.02,-0.39
19:20:0:810,3.99,0.02,-0.35
19:20:0:827,3.95,0.05,-0.36
19:20:0:865,3.96,0.03,-0.37
19:20:0:883,3.96,0.03,-0.40
19:20:0:900,3.97,0.01,-0.38
19:20:0:937,3.99,0.06,-0.34
19:20:1:17,3.98,0.03,-0.29
19:20:1:33,3.98,0.04,-0.32
19:20:1:34,3.95,-0.07,-0.39
19:20:1:34,3.96,-0.06,-0.35
19:20:1:53,4.00,0.02,-0.32
19:20:1:69,3.96,-0.04,-0.36
19:20:1:140,3.90,-0.04,-0.34
19:20:1:158,4.01,0.00,-0.34
19:20:1:176,3.91,0.01,-0.29
19:20:1:176,3.96,0.09,-0.29
19:20:1:194,3.97,0.09,-0.32
19:20:1:211,3.87,-0.09,-0.23
19:20:1:262,3.92,-0.04,-0.35
19:20:1:262,3.92,-0.10,-0.46
19:20:1:280,3.98,-0.04,-0.39
19:20:1:330,4.03,-0.05,-0.53
19:20:1:330,3.94,-0.05,-0.43
19:20:1:347,4.00,0.00,-0.37
19:20:1:382,4.13,0.08,-0.47
19:20:1:399,4.05,0.05,-0.34
19:20:1:416,4.15,0.24,-0.35
19:20:1:451,4.10,0.17,-0.45
19:20:1:554,3.86,0.36,-0.11
19:20:1:554,4.00,0.32,-0.10
19:20:1:554,3.97,0.20,-0.20
19:20:1:572,4.19,0.13,-0.16
19:20:1:572,4.04,0.41,-0.00
19:20:1:590,4.20,0.46,-0.14
19:20:1:623,4.29,0.45,-0.22
19:20:1:641,4.38,-0.01,-0.18
19:20:1:674,4.58,-1.30,-0.75
19:20:1:693,5.02,-5.11,-3.00
19:20:1:710,5.12,-2.91,-3.79
19:20:1:763,4.21,-2.57,-2.03
19:20:1:780,4.21,-2.28,-2.89
19:20:1:814,4.49,-1.32,-2.45
19:20:1:814,4.88,-0.69,-1.68
19:20:1:867,4.84,-0.47,-1.59
19:20:1:885,4.98,0.23,-1.56
19:20:1:903,4.72,0.44,-1.65
19:20:1:903,4.17,0.88,-1.60
19:20:1:920,3.68,0.85,-1.44
19:20:1:957,3.49,1.26,-1.36
19:20:1:992,3.40,1.05,-1.35
19:20:2:27,3.28,0.79,-1.43
19:20:2:64,3.30,0.61,-1.82
19:20:2:64,3.23,0.69,-1.82
19:20:2:81,3.27,0.73,-1.55
19:20:2:116,3.55,0.99,-1.10
19:20:2:116,3.60,1.43,-0.70
19:20:2:170,4.89,2.28,-0.99
19:20:2:170,5.28,0.60,0.27
19:20:2:274,4.51,-0.37,1.63
19:20:2:327,3.49,1.16,1.72
19:20:2:327,4.17,0.92,0.94
19:20:2:344,4.69,-0.18,-0.49
19:20:2:362,5.39,0.27,-1.58
19:20:2:412,4.34,0.46,0.47
19:20:2:412,3.92,0.03,0.35
19:20:2:427,4.11,0.08,-0.34
19:20:2:445,4.02,0.01,-0.22
19:20:2:461,4.04,-0.03,-0.26
19:20:2:461,3.98,0.23,-0.31
19:20:2:479,3.94,0.04,-0.35
19:20:2:497,4.05,0.07,-0.38
19:20:2:497,4.26,0.24,-0.38
19:20:2:529,4.10,0.21,-0.51
19:20:2:599,4.07,0.12,-0.57
19:20:2:616,4.01,0.17,-0.52
19:20:2:616,3.96,0.15,-0.31
19:20:2:634,4.11,0.37,-0.38
19:20:2:649,3.99,0.14,-0.34
19:20:2:666,3.84,0.35,-0.23
19:20:2:683,3.89,0.18,-0.39
19:20:2:718,3.94,0.12,-0.48
19:20:2:769,3.98,0.27,-0.36
19:20:2:803,3.99,0.43,-0.46
19:20:2:821,4.00,0.26,-0.47
19:20:2:839,3.95,0.29,-0.39
19:20:2:859,3.99,0.33,-0.40
19:20:2:859,3.94,0.11,-0.33
19:20:2:894,4.05,0.35,-0.31
19:20:2:927,4.05,0.45,-0.42
19:20:3:8,4.11,0.25,-0.32
19:20:3:9,4.22,0.31,-0.18
19:20:3:9,4.03,0.29,-0.10
19:20:3:27,3.96,0.08,-0.03
19:20:3:27,3.93,0.19,-0.02
19:20:3:60,4.05,0.28,0.10
19:20:3:77,4.13,0.45,0.09
19:20:3:149,4.21,0.48,-0.07
19:20:3:221,3.98,0.03,-0.52
19:20:3:257,4.05,-2.13,-3.15
19:20:3:274,4.00,-1.26,-2.33
19:20:3:309,3.96,-1.24,-2.09
19:20:3:327,3.75,0.06,-1.62
19:20:3:346,3.89,0.05,-0.74
19:20:3:346,4.08,-0.04,-0.00
19:20:3:346,3.92,0.29,0.48
19:20:3:380,3.50,0.67,0.56
19:20:3:397,3.63,1.32,1.42
19:20:3:398,3.35,2.10,2.18
19:20:3:398,3.67,1.97,2.53
19:20:3:519,4.36,0.93,2.86
19:20:3:555,4.58,0.71,2.22
19:20:3:555,4.56,0.75,-1.16
19:20:3:555,4.45,-0.74,-0.01
19:20:3:589,3.83,-0.83,-0.51
19:20:3:609,3.83,0.20,-0.18
19:20:3:609,4.09,-0.21,0.11
19:20:3:687,4.15,0.35,-0.01
19:20:3:687,4.02,0.15,-0.35
19:20:3:687,4.05,0.19,-0.43
19:20:3:704,3.99,-0.00,-0.42
19:20:3:721,4.01,0.03,-0.30
19:20:3:724,4.00,0.23,-0.22
19:20:3:724,3.97,-0.03,-0.22
19:20:3:776,3.98,-0.04,-0.29
19:20:3:787,3.98,-0.05,-0.32
19:20:3:807,3.97,0.14,-0.35
19:20:3:832,4.02,0.20,-0.42
19:20:3:867,3.83,0.23,-0.36
19:20:3:887,4.01,0.08,-0.38
19:20:3:887,3.99,0.06,-0.40
19:20:3:906,3.94,0.04,-0.36
19:20:3:945,3.92,0.01,-0.35
19:20:4:32,3.97,0.05,-0.38
19:20:4:48,3.97,0.06,-0.41
19:20:4:66,3.97,0.03,-0.36
19:20:4:66,3.98,0.05,-0.37
19:20:4:84,3.97,0.10,-0.42
19:20:4:99,3.95,0.05,-0.36
19:20:4:115,3.95,0.03,-0.38
19:20:4:131,3.99,0.09,-0.39
19:20:4:184,3.99,0.05,-0.39
19:20:4:242,4.06,0.20,-0.46
19:20:4:242,4.09,0.11,-0.41
19:20:4:259,4.29,0.10,-0.38
19:20:4:277,4.30,0.31,-0.32
19:20:4:294,4.50,0.46,-0.37
19:20:4:294,5.26,0.40,-0.16
19:20:4:329,6.46,0.96,-0.36
19:20:4:383,6.07,3.59,0.12
19:20:4:418,5.64,1.75,0.70
19:20:4:418,3.36,-0.39,-1.62
19:20:4:434,0.08,4.00,-1.66
19:20:4:454,0.86,2.66,-2.03
19:20:4:471,1.52,2.46,-1.39
19:20:4:524,2.16,2.70,-0.62
19:20:4:577,3.46,1.97,-0.49
19:20:4:577,4.38,0.85,-0.15
19:20:4:577,5.95,-1.27,0.49
19:20:4:594,6.38,-2.79,1.19
19:20:4:613,6.62,-3.21,1.28
19:20:4:646,5.12,-3.29,1.39
19:20:4:665,4.92,-6.24,0.99
19:20:4:699,4.84,1.43,-0.40
19:20:4:734,5.72,4.05,-0.34
19:20:4:770,4.83,-2.17,-1.10
19:20:4:770,3.63,1.39,0.75
19:20:4:788,3.47,-0.86,-0.61
19:20:4:805,4.10,-0.48,-0.31
19:20:4:824,3.74,-0.07,-0.68
19:20:4:861,3.98,0.19,0.11
19:20:4:879,3.88,0.03,-0.18
19:20:4:913,3.77,0.29,-0.33
19:20:4:949,3.95,0.29,-0.50
19:20:4:967,4.01,0.14,-0.58
19:20:4:984,3.95,0.03,-0.46
19:20:4:984,3.99,-0.18,-0.34
19:20:5:36,3.96,0.03,-0.42
19:20:5:36,4.03,-0.11,-0.44
19:20:5:87,3.95,-0.01,-0.48
19:20:5:140,3.85,0.20,-0.45
19:20:5:140,4.01,0.03,-0.45
19:20:5:157,4.02,-0.04,-0.43
19:20:5:157,4.15,-0.05,-0.39
19:20:5:210,4.00,0.27,-0.40
19:20:5:210,4.16,0.57,-0.51
19:20:5:280,4.24,0.23,-0.29
19:20:5:296,4.46,-0.01,-0.32
19:20:5:314,4.72,0.10,-0.37
19:20:5:314,5.50,0.07,-0.76
19:20:5:331,6.75,1.55,-0.17
19:20:5:364,8.00,2.24,0.38
19:20:5:384,8.00,3.36,0.11
19:20:5:401,8.00,5.36,-1.04
19:20:5:419,8.00,2.46,-1.61
19:20:5:472,2.81,0.04,-3.05
19:20:5:543,0.27,4.99,-2.78
19:20:5:560,0.12,4.53,-1.17
19:20:5:562,0.74,5.15,-0.46
19:20:5:580,1.29,3.16,-0.04
19:20:5:580,2.44,2.67,-0.17
19:20:5:615,3.34,1.46,0.22
19:20:5:685,4.61,1.55,0.33
19:20:5:685,5.81,1.38,0.41
19:20:5:703,7.23,0.90,0.54
19:20:5:703,8.00,-0.78,0.34
19:20:5:720,8.00,-3.13,0.56
19:20:5:738,8.00,-5.04,0.48
19:20:5:756,7.68,-8.00,-0.56
19:20:5:824,6.40,-8.00,1.33
19:20:5:841,7.28,-8.00,1.94
19:20:5:841,2.44,5.37,-3.78
19:20:5:861,5.45,8.00,3.82
19:20:5:878,3.47,-0.56,2.20
19:20:5:930,3.08,-2.54,-0.05
19:20:5:930,3.20,-0.36,-0.11
19:20:5:984,4.13,-3.82,-2.91
19:20:6:17,4.15,-1.00,-0.12
19:20:6:17,3.98,1.21,-0.06
19:20:6:52,4.08,0.80,-0.16
19:20:6:70,4.05,0.21,-0.83
19:20:6:87,3.96,0.57,-1.39
19:20:6:105,4.03,1.03,-0.49
19:20:6:139,4.08,0.69,-0.72
19:20:6:207,4.18,0.77,-0.78
19:20:6:207,3.92,0.24,-0.90
19:20:6:224,4.15,0.30,-0.49
19:20:6:240,4.01,-0.05,-0.34
19:20:6:242,4.18,0.20,-0.02
19:20:6:261,4.15,0.62,0.10
19:20:6:314,4.54,0.00,-0.37
19:20:6:351,4.68,-0.01,-0.06
19:20:6:369,4.80,0.45,0.29
19:20:6:369,5.02,0.22,-0.49
19:20:6:386,5.15,0.27,-0.47
19:20:6:437,5.30,0.34,-0.63
19:20:6:454,6.36,1.09,-0.60
19:20:6:455,6.88,2.49,-0.88
19:20:6:507,7.97,3.88,-1.93
19:20:6:523,8.00,-0.46,-2.02
19:20:6:576,8.00,-0.92,-3.22
19:20:6:576,3.30,0.70,-2.54
19:20:6:594,4.22,5.84,-3.08
19:20:6:594,-0.36,4.09,-1.00
19:20:6:629,-0.07,2.17,-1.65
19:20:6:646,1.40,3.90,0.68
19:20:6:681,2.29,3.01,1.21
19:20:6:735,3.56,2.24,0.73
19:20:6:752,5.68,1.03,1.05
19:20:6:753,7.31,2.07,1.36
19:20:6:789,8.00,0.58,1.53
19:20:6:789,8.00,-3.10,0.78
19:20:6:841,8.00,-7.89,-1.32
19:20:6:859,8.00,-8.00,-2.21
19:20:6:859,7.78,-8.00,0.73
19:20:6:913,6.92,-8.00,1.05
19:20:6:931,4.64,8.00,0.21
19:20:6:931,8.00,-2.29,2.16
19:20:6:966,8.00,1.67,1.10
19:20:7:2,6.79,-3.84,-1.98
19:20:7:3,4.87,0.20,-1.16
19:20:7:38,3.54,-2.27,-1.13
19:20:7:74,3.87,0.32,0.09
19:20:7:91,3.50,-0.03,0.67
19:20:7:111,4.11,-0.78,-0.08
19:20:7:146,4.07,-0.34,-0.43
19:20:7:163,4.35,-0.24,-0.32
19:20:7:198,4.67,0.19,-0.38
19:20:7:198,4.35,-0.66,-0.45
19:20:7:297,4.07,-0.50,-0.40
19:20:7:297,4.10,-0.27,-0.07
19:20:7:315,4.48,-0.68,-0.37
19:20:7:315,4.56,-0.28,-0.51
19:20:7:349,4.89,0.41,-0.29
19:20:7:351,4.77,0.03,0.14
19:20:7:369,5.03,-0.23,-0.72
19:20:7:469,5.13,0.15,-0.86
19:20:7:469,5.58,0.18,-1.03
19:20:7:485,6.87,0.81,-0.57
19:20:7:487,7.22,2.46,-0.50
19:20:7:504,7.67,3.99,-1.80
19:20:7:522,7.81,-0.20,-0.73
19:20:7:539,6.92,0.95,-1.68
19:20:7:558,2.34,0.75,-1.36
19:20:7:611,3.14,0.56,-2.99
19:20:7:631,0.78,3.93,-0.51
19:20:7:631,0.09,0.57,-1.22
19:20:7:667,0.92,2.00,-0.56
19:20:7:684,1.11,1.06,-0.07
19:20:7:701,2.18,2.03,0.28
19:20:7:736,3.08,1.21,0.38
19:20:7:753,4.15,0.54,0.43
19:20:7:823,5.53,1.30,0.31
19:20:7:823,6.94,1.08,0.42
19:20:7:823,8.00,0.06,0.50
19:20:7:858,8.00,-2.19,0.53
19:20:7:875,8.00,-6.39,1.95
19:20:7:893,6.53,-8.00,-0.03
19:20:7:980,3.33,-8.00,2.99
19:20:7:998,8.00,-3.44,4.35
19:20:7:998,5.17,8.00,-1.66
19:20:8:15,6.20,-7.05,2.92
19:20:8:15,5.16,-0.08,0.32
19:20:8:32,4.50,-1.79,-0.12
19:20:8:102,5.28,-1.36,-1.42
19:20:8:118,3.61,-0.91,-1.15
19:20:8:120,4.12,0.84,0.13
19:20:8:152,3.70,0.36,-0.38
19:20:8:190,3.95,0.17,-0.73
19:20:8:208,3.99,0.46,-1.25
19:20:8:226,4.01,0.14,-1.11
19:20:8:243,4.12,0.90,-0.50
19:20:8:261,3.94,0.42,-0.76
19:20:8:278,4.19,0.53,-1.08
19:20:8:297,4.12,0.36,-0.69
19:20:8:329,4.06,0.38,-0.40
19:20:8:383,4.06,-0.75,-0.81
19:20:8:400,4.40,-0.34,-0.16
19:20:8:403,4.30,-0.46,0.01
19:20:8:420,4.40,0.90,-0.27
19:20:8:470,5.38,0.28,-0.57
19:20:8:539,5.52,0.09,-1.45
19:20:8:539,6.57,0.38,-0.41
19:20:8:555,8.00,1.59,-0.60
19:20:8:559,8.00,3.47,-1.75
19:20:8:577,8.00,3.58,-1.72
19:20:8:613,8.00,1.15,-2.80
19:20:8:613,4.50,1.08,-2.35
19:20:8:648,-0.68,-3.49,-3.29
19:20:8:718,1.20,5.19,-1.89
19:20:8:719,-0.14,2.58,0.33
19:20:8:736,0.52,1.65,-1.31
19:20:8:736,1.29,2.15,-0.01
19:20:8:770,1.86,1.53,0.03
19:20:8:789,2.89,2.43,-0.02
19:20:8:805,4.15,0.62,0.21
19:20:8:840,6.10,1.09,0.17
19:20:8:910,7.90,1.66,1.17
19:20:8:928,8.00,-0.10,1.88
19:20:8:943,8.00,-4.17,2.21
19:20:8:945,8.00,-8.00,3.54
19:20:8:962,4.77,-8.00,-2.53
19:20:8:980,8.00,-8.00,2.43
19:20:9:15,3.31,8.00,-7.21
19:20:9:51,8.00,-4.77,-0.29
19:20:9:68,8.00,0.40,1.06
19:20:9:68,4.92,-3.92,0.18
19:20:9:85,5.60,0.09,0.15
19:20:9:120,4.19,0.13,-0.96
19:20:9:137,4.32,0.66,0.15
19:20:9:170,3.67,0.37,-0.19
19:20:9:205,3.92,0.26,-0.51
19:20:9:258,3.82,0.15,-0.74
19:20:9:258,3.93,-0.03,-0.66
19:20:9:276,4.01,0.39,-0.41
19:20:9:292,3.96,0.68,-0.49
19:20:9:309,3.89,0.60,-0.56
19:20:9:328,4.03,0.39,-0.52
19:20:9:381,4.11,0.27,-0.32
19:20:9:414,4.19,0.41,-0.29
19:20:9:431,3.50,0.35,-0.01
19:20:9:464,4.74,-0.69,-0.22
19:20:9:483,4.33,-0.87,-0.68
19:20:9:484,4.68,-1.08,0.07
19:20:9:502,5.64,0.04,0.73
19:20:9:537,6.49,0.54,0.00
19:20:9:555,8.00,2.21,-0.54
19:20:9:589,8.00,3.19,-0.88
19:20:9:624,7.90,6.18,-2.25
19:20:9:642,8.00,3.82,-2.46
19:20:9:659,5.81,1.06,-1.65
19:20:9:676,0.95,-1.36,-1.57
19:20:9:694,2.12,4.95,-2.12
19:20:9:727,-0.26,3.34,0.22
19:20:9:746,0.09,1.00,-1.24
19:20:9:764,0.29,2.83,0.26
19:20:9:799,1.18,1.60,0.66
19:20:9:817,2.36,2.54,0.68
19:20:9:851,3.28,1.71,0.61
19:20:9:868,4.84,1.62,0.46
19:20:9:885,6.75,1.68,0.83
19:20:9:938,8.00,0.24,0.98
19:20:10:7,8.00,-4.54,0.59
19:20:10:26,8.00,-7.89,2.10
19:20:10:43,8.00,-8.00,-2.29
19:20:10:43,8.00,-8.00,2.96
19:20:10:60,-0.46,3.48,-3.09
19:20:10:63,6.88,6.90,4.55
19:20:10:80,6.25,0.51,-0.43
19:20:10:131,5.42,-3.30,-2.08
19:20:10:167,2.99,0.23,0.69
19:20:10:168,0.55,-0.95,-1.64
19:20:10:168,3.70,0.50,0.35
19:20:10:203,3.93,0.69,-0.17
19:20:10:221,4.16,0.34,-0.64
19:20:10:240,4.06,1.03,-0.83
19:20:10:275,3.84,0.30,-0.91
19:20:10:347,3.97,0.39,-0.33
19:20:10:364,3.98,0.02,-0.30
19:20:10:364,4.10,0.49,-0.86
19:20:10:364,3.98,0.73,-0.73
19:20:10:401,3.80,0.74,-0.37
19:20:10:418,3.91,0.16,-0.41
19:20:10:454,4.11,-0.04,-0.04
19:20:10:487,4.51,-0.33,-0.42
19:20:10:502,4.54,-0.29,-0.27
19:20:10:517,4.50,-0.35,-0.13
19:20:10:534,5.29,-0.02,0.27
19:20:10:572,5.44,-0.01,-0.52
19:20:10:591,6.97,0.80,-0.77
19:20:10:608,8.00,1.96,-0.22
19:20:10:642,8.00,3.87,-0.45
19:20:10:710,8.00,4.66,-1.89
19:20:10:725,8.00,0.97,-1.78
19:20:10:727,4.71,-0.26,-2.96
19:20:10:727,0.64,-1.19,-1.02
19:20:10:745,1.20,3.19,-1.72
19:20:10:781,-0.17,3.60,0.31
19:20:10:852,0.29,1.40,-0.60
19:20:10:886,0.90,2.70,-0.08
19:20:10:887,1.38,1.61,0.43
19:20:10:887,2.43,3.12,0.55
19:20:10:904,3.47,1.08,0.46
19:20:10:922,4.78,1.04,0.05
19:20:10:940,6.38,1.14,-0.01
19:20:10:976,8.00,0.42,0.27
19:20:10:994,8.00,-1.73,0.06
19:20:11:30,8.00,-4.53,0.40
19:20:11:66,8.00,-8.00,0.98
19:20:11:68,5.66,-8.00,1.45
19:20:11:85,8.00,-5.08,1.01
19:20:11:120,7.08,8.00,-0.35
19:20:11:137,8.00,-2.46,1.13
19:20:11:173,8.00,0.66,0.50
19:20:11:173,5.59,-2.81,-0.50
19:20:11:208,4.23,0.10,-0.07
19:20:11:226,3.66,-1.49,-0.78
19:20:11:315,4.43,2.17,1.05
19:20:11:331,3.98,0.96,-0.04
19:20:11:332,3.66,0.04,-0.51
19:20:11:351,4.10,0.55,-0.75
19:20:11:353,3.99,-0.16,-1.10
19:20:11:369,4.09,0.84,-0.41
19:20:11:422,3.90,0.24,-0.92
19:20:11:438,4.00,0.17,-1.06
19:20:11:438,3.84,0.13,-0.42
19:20:11:472,3.87,0.03,-0.54
19:20:11:490,3.85,-0.37,-0.45
19:20:11:526,3.87,-0.30,-0.45
19:20:11:562,3.94,-0.38,-0.17
19:20:11:596,4.03,-0.77,-0.69
19:20:11:596,4.36,0.13,-0.42
19:20:11:614,4.48,-0.34,-0.71
19:20:11:632,4.47,0.22,-0.80
19:20:11:667,4.73,-1.15,-0.63
19:20:11:686,5.50,0.07,0.20
19:20:11:704,6.28,0.70,0.78
19:20:11:776,6.99,0.77,0.41
19:20:11:776,8.00,2.82,0.01
19:20:11:794,7.21,3.32,-1.31
19:20:11:794,5.81,1.22,-1.65
19:20:11:846,2.57,-2.55,-3.48
19:20:11:866,0.66,2.98,-1.63
19:20:11:969,0.01,1.62,-1.15
19:20:11:969,-0.18,2.36,0.30
19:20:11:987,0.75,1.88,0.54
19:20:11:987,1.28,0.08,0.23
19:20:12:4,2.35,-0.69,0.44
19:20:12:4,3.32,-1.56,1.13
19:20:12:23,4.48,-3.13,0.44
19:20:12:40,6.25,-3.63,1.10
19:20:12:75,6.90,-4.55,1.68
19:20:12:127,6.71,-5.20,1.49
19:20:12:127,5.60,-5.24,1.02
19:20:12:163,8.00,-3.33,-0.13
19:20:12:180,5.33,-3.30,2.74
19:20:12:200,3.10,0.37,-1.75
19:20:12:217,3.62,0.44,0.34
19:20:12:237,4.78,-0.36,-0.02
19:20:12:308,4.32,0.43,0.09
19:20:12:308,4.00,0.49,0.08
19:20:12:326,3.86,0.34,-0.15
19:20:12:326,3.98,0.44,-0.47
19:20:12:363,3.96,0.24,-0.74
19:20:12:381,3.96,0.47,-0.61
19:20:12:399,3.96,0.42,-0.34
19:20:12:434,3.93,0.62,-0.48
19:20:12:471,3.95,0.30,-0.56
19:20:12:488,3.92,0.37,-0.47
19:20:12:523,3.93,0.44,-0.49
19:20:12:561,3.96,0.39,-0.51
19:20:12:561,3.94,0.31,-0.53
19:20:12:579,3.93,0.32,-0.61
19:20:12:596,3.92,0.30,-0.54
19:20:12:649,3.90,0.29,-0.48
19:20:12:685,3.95,0.33,-0.50
19:20:12:685,3.95,0.37,-0.49
19:20:12:703,3.93,0.18,-0.51
19:20:12:719,3.98,0.25,-0.53
19:20:12:735,3.96,0.23,-0.54
19:20:12:756,3.95,0.13,-0.51
19:20:12:829,3.88,0.19,-0.42
19:20:12:845,3.98,0.13,-0.46
19:20:12:862,3.94,0.17,-0.49
19:20:12:880,3.93,0.15,-0.53
19:20:12:898,3.94,0.21,-0.44
19:20:12:916,3.95,0.08,-0.51
19:20:12:934,3.94,0.16,-0.47
19:20:12:974,3.96,0.14,-0.44
19:20:12:974,3.93,0.10,-0.49
19:20:13:36,3.96,0.11,-0.44
19:20:13:87,3.97,0.14,-0.50
19:20:13:95,3.95,0.15,-0.47
19:20:13:103,3.96,0.13,-0.47
19:20:13:112,3.94,0.11,-0.46
19:20:13:133,3.93,0.12,-0.47
19:20:13:246,3.92,0.12,-0.51
19:20:13:251,3.95,0.12,-0.45
19:20:13:256,3.91,0.17,-0.45
19:20:13:267,3.98,0.11,-0.50
19:20:13:267,3.92,0.06,-0.48
19:20:13:284,3.95,0.08,-0.44
19:20:13:319,3.94,0.13,-0.44
19:20:13:339,3.97,0.12,-0.49
19:20:13:339,3.96,0.13,-0.44
19:20:13:393,3.92,-0.00,-0.45
19:20:13:410,3.96,0.04,-0.54
19:20:13:428,4.02,0.21,-0.46
19:20:13:428,3.96,0.16,-0.38
19:20:13:465,3.98,0.12,-0.39
19:20:13:481,3.95,0.20,-0.38
19:20:13:498,3.98,0.12,-0.31
19:20:13:565,3.97,0.11,-0.22
19:20:13:600,3.78,-0.24,-0.24
19:20:13:615,3.94,0.10,-0.21
19:20:13:617,3.96,0.26,-0.17
19:20:13:639,4.14,0.35,-0.15
19:20:13:657,3.98,0.02,-0.18
19:20:13:677,4.00,-0.38,-0.26
19:20:13:694,4.07,0.11,0.08
19:20:13:743,4.47,2.17,2.19
19:20:13:743,4.37,4.00,1.45
19:20:13:761,3.00,2.13,-0.33
19:20:13:850,3.88,0.40,-0.89
19:20:13:884,3.60,-0.29,-1.14
19:20:13:952,4.05,-2.11,-2.62
19:20:13:961,2.86,-2.95,-3.07
19:20:13:991,3.01,-3.26,-4.80
19:20:14:9,3.54,-0.67,0.97
19:20:14:14,4.31,-0.05,0.47
19:20:14:130,4.35,0.02,0.03
19:20:14:131,3.96,0.11,-0.60
19:20:14:155,3.83,0.10,-0.57
19:20:14:172,4.12,0.01,-0.19
19:20:14:200,4.14,-0.10,-0.45
19:20:14:207,3.96,-0.34,-0.41
19:20:14:207,3.98,-0.11,-0.40
19:20:14:310,4.03,-0.09,-0.41
19:20:14:310,3.97,-0.13,-0.42
19:20:14:310,3.98,-0.19,-0.52
19:20:14:362,4.04,-0.20,-0.49
19:20:14:380,3.98,-0.22,-0.53
19:20:14:380,3.94,-0.25,-0.56
19:20:14:400,4.01,-0.39,-0.44
19:20:14:526,3.95,-0.31,-0.41
19:20:14:553,3.95,-0.58,-0.28
19:20:14:553,4.07,-0.22,-0.15
19:20:14:570,4.04,-0.31,-0.06
19:20:14:588,4.18,-0.10,0.21
19:20:14:589,4.02,-0.13,0.17
19:20:14:606,4.06,-0.24,0.43
19:20:14:672,4.67,0.44,1.07
19:20:14:706,4.56,0.54,1.23
19:20:14:707,5.11,0.81,1.38
19:20:14:725,4.97,0.32,2.18
19:20:14:743,5.10,0.21,0.29
19:20:14:743,4.83,1.00,0.33
19:20:14:761,4.73,1.17,-0.63
19:20:14:777,4.53,0.72,-0.93
19:20:14:829,3.48,2.03,-1.46
19:20:14:846,3.44,1.01,-3.64
19:20:14:863,3.17,0.47,-2.98
19:20:14:877,3.32,0.52,-2.11
19:20:14:886,3.34,0.76,-1.33
19:20:14:891,3.49,1.41,-0.60
19:20:14:920,3.50,1.51,-0.15
19:20:14:920,3.83,1.58,0.08
19:20:14:920,4.37,0.83,-0.93
19:20:14:939,4.89,-0.36,-1.16
19:20:14:958,4.97,-2.54,-1.64
19:20:15:11,4.62,-2.76,-1.92
19:20:15:44,4.30,-4.52,-1.93
19:20:15:128,4.74,-3.13,-0.01
19:20:15:201,4.27,-2.33,0.62
19:20:15:242,4.27,-2.74,0.19
19:20:15:305,4.20,-1.77,-0.47
19:20:15:502,4.05,-1.35,-1.46
19:20:15:567,3.60,-0.62,-1.55
19:20:15:592,3.67,-0.73,-2.59
19:20:15:602,4.16,-1.06,-1.63
19:20:15:607,2.83,0.79,2.56
19:20:15:637,4.44,1.30,0.75
19:20:15:753,4.23,0.26,0.75
19:20:15:792,4.08,0.00,-0.37
19:20:15:830,4.02,0.30,-0.59
19:20:15:830,4.12,0.15,-0.29
19:20:15:863,4.12,0.07,-0.15
19:20:15:881,4.08,0.12,-0.27
19:20:15:917,4.09,0.24,-0.33
19:20:15:953,4.02,0.12,-0.44
19:20:15:953,4.06,0.22,-0.53
19:20:15:953,4.02,0.21,-0.61
19:20:15:953,3.96,0.14,-0.58
19:20:15:953,3.90,0.16,-0.51
19:20:15:953,3.93,0.11,-0.54
19:20:15:971,3.88,0.27,-0.38
19:20:15:971,4.07,0.20,-0.54
19:20:15:971,4.03,0.03,-0.71
19:20:15:988,3.94,-0.16,-0.60
19:20:15:990,3.92,0.10,-0.45
19:20:16:8,3.85,0.00,-0.27
19:20:16:8,3.94,-0.01,-0.43
19:20:16:97,3.97,0.00,-0.59
19:20:16:97,3.95,0.06,-0.57
19:20:16:97,3.87,0.22,-0.29
19:20:16:97,3.90,0.13,-0.33
19:20:16:133,3.94,-0.04,-0.46
19:20:16:149,3.98,-0.04,-0.52
19:20:16:151,3.92,0.04,-0.48
19:20:16:168,3.94,0.10,-0.43
19:20:16:203,3.94,0.05,-0.48
19:20:16:310,3.92,0.08,-0.52
19:20:16:310,3.94,0.14,-0.54
19:20:16:327,3.97,0.30,-0.41
19:20:16:365,3.96,0.38,-0.51
19:20:16:467,3.88,0.04,-0.44
19:20:16:501,3.89,0.06,-0.48
19:20:16:519,3.93,0.14,-0.47
19:20:16:554,3.94,0.10,-0.46
19:20:16:554,3.90,0.10,-0.50
19:20:16:574,3.94,0.12,-0.55
19:20:16:574,3.95,0.17,-0.61
19:20:16:678,3.94,0.21,-0.57
19:20:16:678,3.94,0.22,-0.56
19:20:16:695,3.94,0.13,-0.54
19:20:16:751,3.94,0.13,-0.54
19:20:16:751,3.93,0.16,-0.57
19:20:16:804,3.94,0.16,-0.54
19:20:16:804,3.94,0.12,-0.56
19:20:16:889,3.95,0.12,-0.55
19:20:16:925,3.93,0.11,-0.54
19:20:16:925,3.92,0.12,-0.60
19:20:17:31,3.91,0.01,-0.59
19:20:17:31,3.92,0.03,-0.54
19:20:17:31,3.91,0.04,-0.58
19:20:17:31,3.97,0.18,-0.62
19:20:17:31,3.95,0.09,-0.47
19:20:17:49,3.92,-0.00,-0.48
19:20:17:137,3.93,-0.06,-0.59
19:20:17:242,3.88,0.06,-0.55
19:20:17:246,3.94,0.09,-0.54
19:20:17:246,3.89,0.08,-0.55
19:20:17:264,3.87,0.07,-0.61
19:20:17:264,3.95,0.06,-0.58
19:20:17:282,3.92,0.00,-0.55
19:20:17:282,3.90,-0.00,-0.49
19:20:17:299,3.93,-0.01,-0.50
19:20:17:333,3.89,0.02,-0.48
19:20:17:333,3.94,0.09,-0.53
19:20:17:367,3.88,-0.01,-0.55
19:20:17:402,3.83,-0.08,-0.56
19:20:17:402,4.01,-0.13,-0.52
19:20:17:402,3.97,0.02,-0.46
19:20:17:403,3.87,0.08,-0.46
19:20:17:403,3.96,-0.06,-0.42
19:20:17:403,4.12,-0.10,-0.61
19:20:17:403,4.10,-0.23,-0.66
19:20:17:403,4.09,-0.14,-0.62
19:20:17:419,3.98,0.05,-0.62
19:20:17:419,4.00,-0.09,-0.57
19:20:17:419,3.96,-0.12,-0.55
19:20:17:419,3.96,0.06,-0.43
19:20:17:419,3.89,0.35,-0.32
19:20:17:419,4.02,0.27,-0.42
19:20:17:419,3.93,0.14,-0.50
19:20:17:435,4.00,0.01,-0.44
19:20:17:435,3.99,0.08,-0.46
19:20:17:451,4.10,0.27,-0.45
19:20:17:451,4.34,0.14,-0.44
19:20:17:504,4.41,0.02,-0.29
19:20:17:539,4.40,0.52,-0.16
19:20:17:539,5.29,1.07,-0.64
19:20:17:539,8.00,1.24,-0.64
19:20:17:556,7.51,1.93,0.90
19:20:17:556,7.72,3.24,0.15
19:20:17:629,6.09,2.34,-1.47
19:20:17:629,4.75,-1.04,-3.11
19:20:17:629,2.15,3.78,-0.94
19:20:17:646,0.40,3.96,-1.21
19:20:17:663,0.83,3.81,-0.83
19:20:17:663,1.16,3.42,-0.56
19:20:17:735,1.81,2.68,-0.50
19:20:17:751,2.67,1.99,-0.42
19:20:17:751,3.72,1.24,-0.15
19:20:17:768,4.78,0.90,-0.04
19:20:17:786,5.93,0.72,0.00
19:20:17:786,6.95,0.28,0.17
19:20:17:786,7.74,-0.95,0.52
19:20:17:804,8.00,-2.79,0.72
19:20:17:822,7.75,-5.95,1.58
19:20:17:822,6.02,-8.00,0.76
19:20:17:822,8.00,-7.55,1.31
19:20:17:892,5.71,4.95,-2.71
19:20:17:909,8.00,4.03,4.11
19:20:17:909,6.25,-0.10,-0.57
19:20:17:927,4.48,-2.06,-0.77
19:20:17:945,3.78,0.25,-0.39
19:20:17:963,4.41,-0.59,-0.02
19:20:17:983,4.00,0.33,-0.10
19:20:18:53,4.34,1.00,-0.03
19:20:18:93,3.68,0.01,-0.61
19:20:18:94,4.10,0.91,-0.82
19:20:18:94,3.88,-0.05,-1.06
19:20:18:111,4.03,0.23,-0.48
19:20:18:147,4.03,0.34,-0.36
19:20:18:147,4.05,0.15,-0.60
19:20:18:249,4.00,0.00,-0.52
19:20:18:267,4.09,0.10,-0.43
19:20:18:267,4.05,-0.15,-0.43
19:20:18:285,4.15,-0.30,-0.23
19:20:18:302,4.07,0.10,-0.41
19:20:18:321,4.26,-0.24,-0.38
19:20:18:321,4.40,-0.39,0.05
19:20:18:386,5.45,0.69,0.56
19:20:18:407,5.11,-0.24,0.23
19:20:18:441,5.66,0.39,-0.09
19:20:18:458,6.09,0.39,-0.48
19:20:18:458,7.68,1.42,-0.68
19:20:18:476,8.00,2.72,-1.47
19:20:18:511,7.79,2.94,-2.09
19:20:18:528,8.00,1.63,-2.57
19:20:18:564,8.00,-0.29,-3.21
19:20:18:581,0.64,1.21,-2.16
19:20:18:615,1.74,4.57,-0.86
19:20:18:668,0.73,3.79,-0.53
19:20:18:685,-0.35,1.53,-1.24
19:20:18:685,1.17,2.70,-0.14
19:20:18:701,1.85,2.25,0.12
19:20:18:718,2.80,2.10,0.04
19:20:18:736,4.12,1.12,-0.32
19:20:18:789,5.76,0.74,-0.32
19:20:18:806,7.34,1.06,0.14
19:20:18:823,8.00,-0.44,0.13
19:20:18:824,8.00,-2.79,0.88
19:20:18:879,8.00,-3.99,1.53
19:20:18:879,8.00,-8.00,-0.49
19:20:18:897,7.37,-8.00,1.97
19:20:18:968,7.71,-8.00,2.37
19:20:18:987,8.00,-1.73,-3.75
19:20:18:987,3.81,8.00,-1.32
19:20:19:3,6.67,-8.00,2.00
19:20:19:23,3.20,1.07,-2.33
19:20:19:40,3.06,-2.88,-0.61
19:20:19:89,3.83,-1.12,-1.83
19:20:19:89,4.26,-0.10,0.41
19:20:19:163,4.63,1.71,0.47
19:20:19:163,3.66,-0.32,0.01
19:20:19:180,3.83,-0.25,-1.13
19:20:19:198,3.77,0.00,-0.83
19:20:19:215,3.99,0.15,-0.52
19:20:19:270,4.22,0.00,-0.81
19:20:19:323,3.91,0.33,-0.74
19:20:19:341,3.96,-0.10,-0.74
19:20:19:359,4.15,-0.41,-0.71
19:20:19:376,4.28,-0.42,-0.57
19:20:19:376,4.45,-0.31,-0.23
19:20:19:393,4.39,-0.30,0.00
19:20:19:410,4.77,0.24,-0.03
19:20:19:428,4.95,-0.04,-0.13
19:20:19:518,5.31,-0.92,-0.76
19:20:19:553,5.31,-0.22,-1.05
19:20:19:553,6.23,-0.09,-1.09
19:20:19:587,7.32,1.83,-1.44
19:20:19:605,7.87,2.78,-2.15
19:20:19:605,8.00,1.27,-1.94
19:20:19:622,8.00,1.49,-4.18
19:20:19:623,3.84,1.42,-1.46
19:20:19:696,-0.06,-2.86,-1.93
19:20:19:696,0.37,6.15,-1.09
19:20:19:713,-0.44,1.81,0.45
19:20:19:744,1.06,2.26,-0.60
19:20:19:744,1.19,1.81,-0.10
19:20:19:761,2.40,1.78,0.07
19:20:19:812,3.43,1.35,-0.12
19:20:19:812,4.63,0.81,-0.01
19:20:19:844,6.04,1.39,0.65
19:20:19:889,7.86,0.85,0.96
19:20:19:946,8.00,-1.08,2.00
19:20:19:964,8.00,-3.38,2.25
19:20:19:964,8.00,-7.04,-0.55
19:20:19:983,8.00,-8.00,-0.62
19:20:19:984,7.84,-8.00,1.67
19:20:20:35,6.57,-8.00,-3.20
19:20:20:69,1.11,8.00,-0.06
19:20:20:87,8.00,-6.39,0.37
19:20:20:123,5.91,-0.07,0.66
19:20:20:141,7.77,-4.69,-0.35
19:20:20:158,5.52,2.08,0.37
19:20:20:158,2.87,-1.10,-1.40
19:20:20:177,4.67,0.84,0.05
19:20:20:228,3.66,0.93,-0.21
19:20:20:246,4.25,0.19,-0.62
19:20:20:246,3.94,0.16,-1.04
19:20:20:267,3.90,0.27,-0.40
19:20:20:302,4.11,0.35,-0.38
19:20:20:320,4.08,-0.04,-0.76
19:20:20:337,3.94,-0.05,-0.69
19:20:20:387,4.01,0.04,-0.37
19:20:20:420,4.08,-0.21,-0.54
19:20:20:437,4.59,-0.22,-0.15
19:20:20:437,4.39,-0.22,-0.39
19:20:20:455,4.76,0.46,0.07
19:20:20:507,4.95,0.22,0.04
19:20:20:541,5.15,-0.09,-0.13
19:20:20:594,5.72,-0.35,-1.22
19:20:20:611,6.61,0.39,-0.89
19:20:20:611,7.59,1.70,-0.84
19:20:20:628,8.00,3.30,-2.00
19:20:20:646,8.00,2.47,-2.40
19:20:20:664,8.00,1.87,-2.71
19:20:20:682,4.11,0.82,-1.98
19:20:20:732,1.17,-1.95,-1.77
19:20:20:781,0.48,5.91,-1.37
19:20:20:817,-0.51,2.52,-0.00
19:20:20:817,0.62,2.24,-1.24
19:20:20:836,0.74,1.49,0.06
19:20:20:836,1.92,2.26,0.08
19:20:20:854,2.88,1.56,0.01
19:20:20:888,4.21,1.11,0.07
19:20:20:907,5.83,1.02,0.15
19:20:20:961,7.47,0.65,0.33
19:20:20:961,8.00,-0.76,0.77
19:20:20:978,8.00,-3.47,1.31
19:20:20:996,8.00,-8.00,2.56
19:20:21:11,8.00,-8.00,-1.50
19:20:21:27,8.00,-8.00,3.03
19:20:21:81,1.48,-4.05,-5.25
19:20:21:99,1.68,8.00,3.08
19:20:21:134,4.35,-5.28,-1.09
19:20:21:151,2.50,-0.24,-3.24
19:20:21:151,3.03,-1.52,0.57
19:20:21:185,4.27,-0.47,-0.62
19:20:21:203,4.06,0.82,0.09
19:20:21:254,4.61,0.78,-0.46
19:20:21:323,3.90,0.52,-0.66
19:20:21:339,3.84,0.28,-0.87
19:20:21:339,3.87,0.22,-1.24
19:20:21:357,4.03,0.40,-0.79
19:20:21:374,4.10,0.43,-0.56
19:20:21:391,4.02,0.09,-0.89
19:20:21:409,3.99,0.00,-0.70
19:20:21:427,4.23,0.10,-0.62
19:20:21:443,4.13,-0.45,-0.54
19:20:21:495,4.35,-0.77,-0.20
19:20:21:513,4.25,0.09,-0.10
19:20:21:513,4.35,0.05,-0.00
19:20:21:566,4.79,0.37,-0.09
19:20:21:584,5.07,0.29,-0.06
19:20:21:584,5.48,0.28,-0.94
19:20:21:602,6.28,0.58,-0.40
19:20:21:657,7.38,1.39,-0.12
19:20:21:725,7.84,4.17,-1.17
19:20:21:740,8.00,2.71,-2.54
19:20:21:759,8.00,0.94,-2.81
19:20:21:777,4.54,0.07,-3.06
19:20:21:793,0.57,0.21,-1.51
19:20:21:793,2.11,2.85,-0.09
19:20:21:860,0.71,5.30,-0.72
19:20:21:862,-0.02,1.01,-0.91
19:20:21:862,1.57,2.35,-0.88
19:20:21:880,1.88,1.93,-0.01
19:20:21:913,3.15,1.50,0.21
19:20:21:933,4.29,1.83,0.51
19:20:21:950,5.68,0.86,0.34
19:20:22:5,7.62,0.56,0.18
19:20:22:56,8.00,-0.92,0.22
19:20:22:74,8.00,-4.29,-0.38
19:20:22:91,8.00,-7.60,0.96
19:20:22:110,7.59,-8.00,2.69
19:20:22:143,8.00,-8.00,2.52
19:20:22:144,7.90,-5.33,-2.96
19:20:22:162,3.50,8.00,-3.30
19:20:22:247,8.00,-5.70,-0.00
19:20:22:263,6.12,1.44,-0.63
19:20:22:266,2.04,-3.08,-1.53
19:20:22:283,2.28,-0.64,0.00
19:20:22:301,3.13,0.43,0.33
19:20:22:319,4.61,1.00,-0.40
19:20:22:319,3.81,0.64,-0.34
19:20:22:336,3.79,0.33,-0.79
19:20:22:372,3.65,0.07,-1.02
19:20:22:389,3.80,0.36,-0.73
19:20:22:407,4.08,0.79,-0.45
19:20:22:424,4.02,0.02,-0.73
19:20:22:475,4.10,0.02,-0.77
19:20:22:475,3.94,0.38,-0.45
19:20:22:527,3.97,-0.15,-0.29
19:20:22:595,4.23,-0.78,-0.63
19:20:22:595,3.97,-0.16,-0.44
19:20:22:613,4.99,0.26,-0.09
19:20:22:631,4.92,0.16,0.02
19:20:22:631,5.38,0.46,0.24
19:20:22:649,5.67,-0.43,-0.80
19:20:22:769,6.74,0.15,-0.68
19:20:22:787,8.00,1.11,-0.40
19:20:22:803,8.00,3.38,-1.80
19:20:22:804,7.61,3.41,-3.18
19:20:22:805,8.00,1.97,-2.95
19:20:22:820,5.26,0.48,-1.70
19:20:22:822,1.63,-0.87,-1.41
19:20:22:842,1.63,4.57,-0.07
19:20:22:877,-0.66,4.53,0.51
19:20:22:929,0.30,1.10,-0.92
19:20:22:946,1.04,1.60,-0.90
19:20:22:964,1.56,1.96,0.15
19:20:22:964,2.60,1.29,0.24
19:20:22:982,3.84,1.15,0.23
19:20:22:999,5.14,1.38,0.38
19:20:23:34,6.63,1.26,0.13
19:20:23:52,8.00,0.43,0.04
19:20:23:104,8.00,-2.34,-0.28
19:20:23:137,8.00,-4.84,0.57
19:20:23:138,8.00,-8.00,0.10
19:20:23:138,3.09,-8.00,1.60
19:20:23:157,7.53,-6.61,3.18
19:20:23:191,8.00,-1.46,-1.07
19:20:23:227,3.34,8.00,-5.11
19:20:23:297,8.00,-6.92,2.51
19:20:23:297,2.54,2.13,-1.35
19:20:23:314,3.06,-3.26,0.77
19:20:23:314,2.81,0.28,-0.91
19:20:23:365,3.34,-2.35,-1.87
19:20:23:382,4.23,0.60,-0.12
19:20:23:382,3.76,0.59,-0.29
19:20:23:401,3.92,-0.15,-1.02
19:20:23:503,4.03,0.17,-1.03
19:20:23:519,4.03,-0.06,-0.75
19:20:23:519,4.05,0.52,-0.48
19:20:23:519,3.90,0.06,-0.64
19:20:23:534,4.03,-0.15,-0.87
19:20:23:551,4.14,0.03,-0.54
19:20:23:572,4.14,0.06,-0.13
19:20:23:658,4.04,-0.31,-0.40
19:20:23:693,4.17,-0.17,-0.50
19:20:23:693,4.26,-0.81,-0.76
19:20:23:711,4.64,-0.59,-0.23
19:20:23:729,4.83,-0.89,-0.58
19:20:23:729,5.42,0.77,0.41
19:20:23:765,6.48,0.49,-0.59
19:20:23:800,7.04,0.45,-0.67
19:20:23:836,8.00,1.49,0.13
19:20:23:853,8.00,3.41,-1.14
19:20:23:853,6.29,3.66,-1.79
19:20:23:870,7.64,0.77,-0.96
19:20:23:888,4.96,0.01,-1.19
19:20:23:923,1.28,-1.22,-1.48
19:20:24:10,2.18,2.00,-1.92
19:20:24:27,0.23,4.17,0.36
19:20:24:27,0.05,1.05,-0.41
19:20:24:27,0.91,1.75,-0.41
19:20:24:45,1.38,1.75,0.07
19:20:24:61,2.37,1.13,-0.05
19:20:24:96,3.48,0.91,0.12
19:20:24:114,4.42,0.33,0.16
19:20:24:131,6.08,0.91,0.32
19:20:24:166,7.96,-0.08,0.76
19:20:24:218,8.00,-2.62,1.19
19:20:24:236,8.00,-4.02,0.76
19:20:24:289,8.00,-7.92,0.85
19:20:24:306,6.72,-8.00,2.93
19:20:24:377,6.51,-8.00,0.77
19:20:24:427,4.16,5.77,-3.51
19:20:24:445,8.00,1.71,1.81
19:20:24:461,3.73,1.05,-5.91
19:20:24:462,6.00,-4.84,2.75
19:20:24:481,4.75,2.04,0.66
19:20:24:481,3.80,-2.81,-2.89
19:20:24:497,4.08,0.60,-0.20
19:20:24:497,3.34,-0.40,-0.44
19:20:24:533,3.96,0.13,-0.67
19:20:24:551,3.97,0.75,-0.69
19:20:24:568,3.84,0.57,-0.63
19:20:24:568,4.04,0.38,-0.59
19:20:24:587,3.86,0.45,-0.58
19:20:24:623,4.02,0.30,-0.78
19:20:24:656,4.01,0.25,-0.64
19:20:24:722,3.90,0.13,-0.48
19:20:24:739,3.90,0.17,-0.62
19:20:24:755,3.88,0.18,-0.44
19:20:24:772,3.76,0.02,-0.64
19:20:24:773,4.06,0.14,-0.62
19:20:24:773,3.94,0.14,-0.59
19:20:24:807,4.02,0.14,-0.58
19:20:24:845,4.00,0.01,-0.62
19:20:24:845,3.88,0.00,-0.51
19:20:24:880,3.99,-0.05,-0.55
19:20:24:915,4.02,-0.24,-0.57
19:20:24:934,4.23,-0.02,-0.54
19:20:24:950,3.92,-0.18,-0.46
19:20:24:984,3.86,-0.16,-0.30
19:20:25:2,3.86,-0.09,-0.48
19:20:25:18,3.94,0.23,-0.44
19:20:25:70,3.95,0.01,-0.34
19:20:25:88,3.94,-0.04,-0.29
19:20:25:103,4.03,-0.01,-0.31
19:20:25:120,4.08,0.29,-0.28
19:20:25:157,4.02,0.33,-0.40
19:20:25:175,4.01,-0.54,-0.15
19:20:25:175,3.99,-0.60,-0.12
19:20:25:210,4.11,-0.26,0.10
19:20:25:280,4.06,-0.17,-0.00
19:20:25:280,3.90,-0.70,-0.36
19:20:25:297,4.23,-1.63,-0.84
19:20:25:335,3.59,-0.94,-1.22
19:20:25:353,3.74,-0.42,-0.62
19:20:25:370,3.87,0.14,0.47
19:20:25:439,3.93,0.65,1.78
19:20:25:456,3.92,0.52,2.15
19:20:25:490,4.10,-0.43,-0.27
19:20:25:509,4.27,-0.23,-0.40
19:20:25:557,4.19,-0.27,-0.48
19:20:25:557,4.14,-0.14,-0.01
19:20:25:557,4.05,-0.44,0.15
19:20:25:574,4.05,-0.11,0.08
19:20:25:625,3.98,-0.14,-0.08
19:20:25:712,4.01,-0.04,-0.13
19:20:25:730,3.94,0.32,-0.08
19:20:25:767,4.07,0.42,-0.08
19:20:25:784,4.03,0.25,-0.05
19:20:25:836,4.02,0.19,0.02
19:20:25:854,3.98,0.09,0.05
19:20:25:871,3.97,0.10,0.10
19:20:25:906,3.93,0.07,0.05
19:20:25:939,4.04,-0.00,-0.18
19:20:26:8,4.04,-0.23,0.01
19:20:26:26,3.94,-0.16,0.08
19:20:26:26,4.01,-0.19,0.03
19:20:26:26,4.00,-0.13,-0.03
19:20:26:43,4.01,-0.07,0.01
19:20:26:43,4.02,0.07,-0.01
19:20:26:61,3.99,0.06,-0.01
19:20:26:79,3.97,-0.01,-0.09
19:20:26:96,3.99,-0.05,-0.06
19:20:26:98,4.00,-0.03,-0.05
19:20:26:187,4.00,-0.02,-0.10
19:20:26:203,4.01,-0.04,-0.06
19:20:26:205,3.95,-0.09,-0.04
19:20:26:205,3.98,-0.13,-0.04
19:20:26:240,3.97,-0.12,0.01
19:20:26:258,4.01,-0.02,-0.03
19:20:26:258,3.99,-0.05,-0.04
19:20:26:309,4.00,-0.08,-0.09
19:20:26:362,4.00,-0.03,-0.09
19:20:26:364,3.97,-0.03,-0.09
19:20:26:364,4.01,-0.03,-0.04
19:20:26:398,4.00,-0.08,-0.13
19:20:26:398,3.98,-0.08,-0.11
19:20:26:429,3.98,-0.06,-0.09
19:20:26:429,3.97,-0.14,-0.05
19:20:26:447,3.99,-0.11,-0.10
19:20:26:481,4.02,-0.05,-0.07
19:20:26:537,4.00,-0.10,-0.09
19:20:26:571,3.99,-0.07,-0.04
19:20:26:609,4.00,-0.06,-0.09
19:20:26:610,3.99,-0.23,-0.08
19:20:26:643,4.00,-0.14,-0.08
19:20:26:747,4.00,-0.11,-0.07
19:20:26:747,4.02,-0.08,-0.08
19:20:26:765,4.04,-0.04,-0.08
19:20:26:765,4.01,-0.07,-0.05
19:20:26:796,3.95,-0.07,-0.12
19:20:26:897,3.98,0.03,-0.08
19:20:26:949,3.84,-0.21,0.06
19:20:26:966,3.84,-0.21,-0.06
19:20:26:966,3.92,-0.21,0.11
19:20:26:987,3.96,-0.29,-0.11
19:20:26:987,3.82,-0.09,-0.06
19:20:27:5,3.85,-0.43,-0.10
19:20:27:40,3.84,-0.19,-0.23
19:20:27:75,3.90,0.10,-0.22
19:20:27:108,3.92,-0.08,-0.37
19:20:27:108,4.26,0.12,-0.56
19:20:27:143,4.19,0.05,-0.52
19:20:27:143,4.13,0.10,-0.58
19:20:27:179,4.12,0.11,-0.69
19:20:27:286,4.05,-0.17,-0.50
19:20:27:338,4.02,0.17,-0.49
19:20:27:357,3.88,0.12,-0.45
19:20:27:357,3.85,0.03,-0.44
19:20:27:374,3.84,0.34,-0.45
19:20:27:374,3.98,0.40,-0.49
19:20:27:374,4.04,0.34,-0.54
19:20:27:445,3.98,0.39,-0.25
19:20:27:445,3.94,0.32,-0.40
19:20:27:463,3.90,0.43,-0.21
19:20:27:463,4.17,0.24,-0.17
19:20:27:463,4.32,-0.05,-0.30
19:20:27:480,4.41,-0.36,-0.37
19:20:27:480,4.33,-0.49,-0.44
19:20:27:500,4.23,-0.38,-0.69
19:20:27:501,4.47,-0.65,-0.72
19:20:27:501,4.55,-1.45,-1.42
19:20:27:518,4.67,-2.09,-2.36
19:20:27:518,4.01,-2.04,-1.49
19:20:27:518,4.13,-2.01,-1.59
19:20:27:536,4.25,-1.54,-1.49
19:20:27:554,4.14,-0.54,-1.05
19:20:27:554,3.92,0.16,-0.53
19:20:27:589,3.74,0.63,-0.23
19:20:27:607,3.67,0.82,-0.09
19:20:27:641,3.62,0.72,-0.09
19:20:27:658,3.56,0.68,-0.20
19:20:27:676,3.57,0.52,-0.45
19:20:27:712,3.63,0.35,-1.03
19:20:27:730,3.53,-0.03,-1.41
19:20:27:799,3.62,0.16,-1.29
19:20:27:801,3.82,0.40,-0.84
19:20:27:818,4.07,-0.29,-0.17
19:20:27:854,4.26,0.31,-0.75
19:20:27:855,3.55,0.20,-1.20
19:20:27:873,3.07,1.07,-2.61
19:20:27:909,4.37,4.33,0.72
19:20:27:924,4.58,-0.16,1.34
19:20:27:978,5.38,2.42,2.82
19:20:28:28,4.82,0.70,-0.50
19:20:28:45,4.50,0.13,0.53
19:20:28:47,4.44,-0.73,-1.12
19:20:28:65,3.90,-0.15,-0.61
19:20:28:65,4.09,0.49,0.15
19:20:28:82,4.17,0.13,0.04
19:20:28:167,4.12,0.14,-0.32
19:20:28:167,4.02,-0.01,-0.29
19:20:28:184,4.19,0.01,-0.47
19:20:28:184,4.06,0.31,-0.57
19:20:28:234,3.98,-0.02,-0.62
19:20:28:267,4.07,0.15,-0.45
19:20:28:287,4.01,0.29,-0.50
19:20:28:304,3.95,0.29,-0.46
19:20:28:338,3.94,0.17,-0.50
19:20:28:338,3.85,0.17,-0.42
19:20:28:354,3.91,0.08,-0.45
19:20:28:391,3.90,0.12,-0.37
19:20:28:445,3.89,0.08,-0.45
19:20:28:445,4.01,0.21,-0.46
19:20:28:445,3.96,0.24,-0.48
19:20:28:514,3.96,0.17,-0.49
19:20:28:530,3.98,0.14,-0.45
19:20:28:530,3.99,0.22,-0.44
19:20:28:547,3.95,0.17,-0.49
19:20:28:565,4.00,0.37,-0.53
19:20:28:600,4.00,0.45,-0.52
19:20:28:619,4.02,0.04,-0.45
19:20:28:637,4.00,0.04,-0.39
19:20:28:674,4.05,0.14,-0.30
19:20:28:693,4.03,0.11,-0.23
19:20:28:727,4.13,0.50,-0.19
19:20:28:745,4.10,0.13,-0.21
19:20:28:763,4.07,-0.17,-0.06
19:20:28:779,4.07,0.12,-0.22
19:20:28:897,3.96,-0.39,-0.29
19:20:28:897,3.94,-2.21,-1.31
19:20:28:915,4.07,-1.13,-0.93
19:20:28:915,3.69,-0.47,-0.17
19:20:28:933,3.53,-0.22,-0.33
19:20:28:949,3.36,0.53,0.13
19:20:28:950,3.28,1.13,0.49
19:20:29:21,4.19,2.94,1.85
19:20:29:74,4.77,0.12,0.67
19:20:29:74,4.63,-0.32,-0.01
19:20:29:91,4.14,-0.38,-0.37
19:20:29:107,3.85,-0.40,-0.36
19:20:29:107,4.05,0.11,0.10
19:20:29:123,4.01,0.05,0.25
19:20:29:157,4.04,-0.03,0.01
19:20:29:174,3.92,-0.06,-0.23
19:20:29:208,3.93,0.08,-0.31
19:20:29:243,3.97,0.04,-0.23
19:20:29:261,4.01,0.06,-0.24
19:20:29:278,4.05,0.16,-0.27
19:20:29:278,4.04,0.11,-0.30
19:20:29:315,4.00,0.09,-0.30
19:20:29:333,4.00,0.04,-0.32
19:20:29:368,3.97,-0.03,-0.27
19:20:29:418,3.98,-0.03,-0.30
19:20:29:435,4.00,0.07,-0.33
19:20:29:435,3.99,0.04,-0.38
19:20:29:454,3.96,0.01,-0.36
19:20:29:471,3.96,0.07,-0.33
19:20:29:507,3.96,0.04,-0.36
19:20:29:524,3.97,0.04,-0.33
19:20:29:574,3.98,0.00,-0.34
19:20:29:611,3.99,0.05,-0.32
19:20:29:611,3.95,0.05,-0.32
19:20:29:628,3.98,0.02,-0.35
19:20:29:646,4.00,0.07,-0.34
19:20:29:699,3.97,0.06,-0.31
19:20:29:699,3.99,0.02,-0.34
19:20:29:716,3.98,0.03,-0.34
19:20:29:783,3.97,0.00,-0.34
19:20:29:783,3.97,0.06,-0.33
19:20:29:783,3.97,0.05,-0.34
19:20:29:837,3.99,0.04,-0.39
19:20:29:854,4.00,0.04,-0.37
19:20:29:870,4.01,0.11,-0.30
19:20:29:891,4.05,0.08,-0.34
19:20:29:961,4.00,0.08,-0.33
19:20:29:977,4.00,0.11,-0.29
19:20:29:978,4.03,0.13,-0.30
19:20:29:978,4.09,0.14,-0.25
19:20:30:14,4.07,0.10,-0.31
19:20:30:29,4.17,0.16,-0.26
19:20:30:62,4.29,0.32,-0.27
19:20:30:79,4.45,0.56,-0.35
19:20:30:149,4.79,1.11,-0.22
19:20:30:150,5.37,0.91,0.07
19:20:30:150,5.24,0.89,0.46
19:20:30:185,4.33,0.79,-0.61
19:20:30:202,3.43,1.87,-1.05
19:20:30:222,2.46,2.05,-0.72
19:20:30:256,2.10,1.76,-0.48
19:20:30:309,2.49,1.89,-0.15
19:20:30:309,2.90,1.72,0.21
19:20:30:342,3.35,0.80,0.36
19:20:30:395,4.12,-0.86,0.46
19:20:30:395,4.66,-1.97,0.28
19:20:30:413,4.64,-2.90,-0.06
19:20:30:431,4.42,-2.97,-0.19
19:20:30:466,3.98,-4.07,-0.62
19:20:30:501,5.06,-4.40,0.38
19:20:30:518,4.39,3.22,0.92
19:20:30:535,4.44,1.62,0.20
19:20:30:552,4.25,-0.39,0.60
19:20:30:553,3.88,0.12,-0.33
19:20:30:571,3.89,-0.42,-0.67
19:20:30:608,4.19,-0.45,-0.20
19:20:30:643,4.17,0.11,-0.07
19:20:30:675,3.97,-0.13,-0.05
19:20:30:692,3.96,-0.18,-0.34
19:20:30:708,3.91,-0.15,-0.48
19:20:30:741,4.02,0.12,-0.49
19:20:30:760,4.02,0.14,-0.47
19:20:30:778,4.05,0.16,-0.47
19:20:30:796,3.96,-0.07,-0.58
19:20:30:830,3.99,-0.01,-0.51
19:20:30:902,3.98,0.08,-0.49
19:20:30:919,3.94,0.10,-0.51
19:20:30:919,4.00,-0.05,-0.34
19:20:30:935,4.08,-0.06,-0.43
19:20:30:954,4.02,0.28,-0.42
19:20:30:970,4.10,0.03,-0.55
19:20:31:24,4.31,0.15,-0.35
19:20:31:77,4.22,0.13,-0.24
19:20:31:77,4.21,0.09,-0.18
19:20:31:77,4.59,0.06,-0.48
19:20:31:95,4.96,0.22,-0.41
19:20:31:112,6.86,0.57,-1.10
19:20:31:130,8.00,1.39,0.19
19:20:31:148,8.00,2.18,0.76
19:20:31:215,8.00,5.79,-1.12
19:20:31:216,7.68,2.86,-1.35
19:20:31:233,5.55,-1.19,-2.91
19:20:31:251,0.26,1.30,-1.09
19:20:31:286,0.49,5.21,-1.30
19:20:31:304,-0.19,3.83,-0.26
19:20:31:322,0.85,3.43,-0.18
19:20:31:407,1.55,2.04,0.03
19:20:31:407,2.43,1.65,0.15
19:20:31:407,3.33,1.54,0.30
19:20:31:425,4.32,1.22,0.44
19:20:31:440,5.71,1.30,0.26
19:20:31:493,7.13,0.83,0.20
19:20:31:493,8.00,-0.71,-0.05
19:20:31:528,8.00,-1.99,0.14
19:20:31:578,8.00,-5.12,0.95
19:20:31:613,7.61,-6.69,0.89
19:20:31:613,4.39,-8.00,0.51
19:20:31:632,7.47,-3.47,3.83
19:20:31:632,0.72,5.54,-7.70
19:20:31:667,4.12,3.45,5.29
19:20:31:687,5.06,1.35,2.46
19:20:31:757,3.97,-1.84,0.46
19:20:31:757,7.59,-2.17,0.27
19:20:31:757,4.80,-1.02,-0.67
19:20:31:775,3.22,-0.28,-1.13
19:20:31:808,4.25,1.46,-0.26
19:20:31:843,3.78,0.68,-0.52
19:20:31:860,3.96,-0.03,-0.89
19:20:31:910,4.09,1.05,-0.93
19:20:31:930,3.74,0.26,-0.95
19:20:31:930,3.90,0.82,-0.39
19:20:31:947,3.97,0.26,-0.57
19:20:31:965,3.94,0.39,-0.61
19:20:31:996,4.00,0.14,-0.59
19:20:32:13,3.96,0.11,-0.47
19:20:32:81,3.99,0.22,-0.30
19:20:32:116,4.07,0.07,-0.45
19:20:32:133,4.15,0.20,-0.44
19:20:32:133,4.38,0.05,-0.47
19:20:32:151,4.19,0.50,-0.33
19:20:32:170,4.84,0.23,0.16
19:20:32:187,4.93,-0.26,0.08
19:20:32:225,5.60,-0.06,-0.47
19:20:32:242,6.90,0.93,-0.38
19:20:32:260,8.00,1.89,0.19
19:20:32:295,8.00,2.38,-0.50
19:20:32:313,8.00,5.03,-1.72
19:20:32:331,8.00,1.71,-1.19
19:20:32:364,7.52,0.37,-3.35
19:20:32:383,1.03,0.04,-1.95
19:20:32:401,2.13,2.06,-2.64
19:20:32:450,-0.50,4.73,-0.93
19:20:32:485,0.14,2.21,-1.01
19:20:32:485,1.19,1.98,-0.78
19:20:32:503,1.49,1.78,-0.17
19:20:32:521,2.44,1.84,-0.26
19:20:32:555,3.58,0.93,0.02
19:20:32:607,4.88,0.97,0.04
19:20:32:624,6.30,1.56,0.32
19:20:32:658,8.00,0.95,0.37
19:20:32:695,8.00,-1.22,0.54
19:20:32:695,8.00,-4.07,2.11
19:20:32:695,8.00,-7.70,1.83
19:20:32:732,3.41,-8.00,-0.59
19:20:32:732,8.00,-7.49,3.28
19:20:32:767,1.85,3.50,-4.58
19:20:32:784,1.20,8.00,8.00
19:20:32:855,6.88,-3.19,-2.70
19:20:32:871,3.49,-1.84,-2.24
19:20:32:874,2.02,-0.70,-0.76
19:20:32:891,4.17,-2.10,-1.65
19:20:32:909,3.96,0.39,0.56
19:20:32:944,4.06,1.27,0.02
19:20:32:944,3.97,0.27,-0.17
19:20:33:14,4.03,-0.27,-0.52
19:20:33:31,4.02,0.22,-0.78
19:20:33:31,4.06,0.25,-0.37
19:20:33:49,3.91,0.00,-0.48
19:20:33:82,4.19,-0.03,-0.89
19:20:33:98,4.07,-0.40,-0.63
19:20:33:131,4.15,-0.09,-0.57
19:20:33:201,4.24,-0.30,-0.67
19:20:33:204,4.16,-0.15,-0.60
19:20:33:204,4.18,0.91,-0.01
19:20:33:222,4.91,0.16,-0.17
19:20:33:239,5.26,0.06,-0.22
19:20:33:257,5.67,0.15,-0.32
19:20:33:292,5.93,0.28,-0.64
19:20:33:311,7.40,0.77,-1.15
19:20:33:365,8.00,3.43,-1.64
19:20:33:398,7.70,4.35,-1.98
19:20:33:415,8.00,0.32,-0.36
19:20:33:432,6.92,0.85,-1.60
19:20:33:432,1.90,-0.24,-2.33
19:20:33:450,2.67,2.40,-2.20
19:20:33:483,0.30,3.37,-0.43
19:20:33:606,0.16,1.59,-0.76
19:20:33:607,1.08,2.04,-0.29
19:20:33:607,1.46,1.15,-0.12
19:20:33:623,2.49,1.85,0.52
19:20:33:623,3.69,0.76,0.11
19:20:33:639,5.00,1.24,0.36
19:20:33:674,6.75,2.08,0.48
19:20:33:674,8.00,1.29,0.63
19:20:33:708,8.00,-2.69,1.01
19:20:33:740,8.00,-4.77,1.63
19:20:33:758,7.48,-8.00,-0.87
19:20:33:776,6.39,-8.00,1.34
19:20:33:794,8.00,-7.50,-1.12
19:20:33:830,6.73,8.00,-0.82
19:20:33:847,8.00,-3.78,-0.19
19:20:33:882,7.63,0.67,0.88
19:20:33:917,6.95,-4.90,-1.07
19:20:33:936,3.68,0.30,-0.15
19:20:33:953,2.81,-0.77,-1.41
19:20:33:953,4.25,1.31,0.31
19:20:33:988,3.39,0.38,-0.38
19:20:34:6,4.22,-0.02,-0.49
19:20:34:90,4.02,0.28,-0.83
19:20:34:90,3.88,-0.04,-0.78
19:20:34:107,4.05,0.42,-0.40
19:20:34:107,3.98,0.22,-0.45
19:20:34:125,4.01,0.09,-0.69
19:20:34:160,4.08,0.13,-0.66
19:20:34:194,3.98,0.24,-0.32
19:20:34:198,4.11,0.01,-0.47
19:20:34:215,4.22,0.20,-0.49
19:20:34:286,4.90,-0.65,-0.11
19:20:34:304,4.66,-0.22,-0.16
19:20:34:304,4.71,0.03,0.91
19:20:34:340,5.58,0.23,-0.15
19:20:34:357,5.66,0.24,-0.90
19:20:34:393,7.22,0.79,-0.68
19:20:34:461,8.00,2.63,-0.20
19:20:34:479,8.00,5.31,-1.90
19:20:34:498,8.00,4.78,-1.58
19:20:34:498,8.00,-2.02,-3.85
19:20:34:516,2.45,-0.04,-2.27
19:20:34:516,1.56,-0.43,-2.60
19:20:34:533,-0.34,4.89,-1.17
19:20:34:568,-0.38,0.83,-0.45
19:20:34:606,0.46,1.42,-0.79
19:20:34:639,0.74,1.74,-0.04
19:20:34:658,1.58,1.78,0.17
19:20:34:692,2.59,2.80,0.46
19:20:34:693,3.70,1.20,0.21
19:20:34:709,5.01,1.14,0.05
19:20:34:729,6.77,1.13,0.20
19:20:34:818,8.00,-0.22,0.10
19:20:34:835,8.00,-4.08,-0.46
19:20:34:835,8.00,-7.59,0.91
19:20:34:853,7.16,-8.00,0.54
19:20:34:870,5.49,-8.00,2.21
19:20:34:871,3.61,1.06,1.37
19:20:34:887,6.99,8.00,0.26
19:20:34:922,4.64,-3.83,-2.62
19:20:34:938,5.54,-2.58,-1.55
19:20:34:972,2.45,-0.04,0.46
19:20:34:990,3.81,0.58,-0.72
19:20:35:26,3.31,1.65,-0.26
19:20:35:46,4.20,0.72,-0.08
19:20:35:63,3.49,0.22,-0.39
19:20:35:99,4.03,-0.08,-1.08
19:20:35:116,3.87,-0.03,-0.96
19:20:35:133,4.10,0.28,-0.76
19:20:35:185,4.03,0.47,-0.34
19:20:35:188,4.01,-0.11,-0.57
19:20:35:205,4.10,-0.21,-0.74
19:20:35:240,4.08,-0.17,-0.48
19:20:35:257,4.12,-0.28,-0.30
19:20:35:292,4.45,0.06,-0.34
19:20:35:294,4.16,-0.41,-0.61
19:20:35:329,3.91,0.17,-0.14
19:20:35:453,4.85,0.52,0.28
19:20:35:453,5.69,0.17,0.33
19:20:35:453,5.68,0.64,-1.14
19:20:35:473,7.04,0.70,-0.30
19:20:35:473,8.00,1.73,-0.34
19:20:35:509,8.00,4.92,-1.62
19:20:35:526,8.00,3.76,-2.31
19:20:35:561,7.82,0.10,-2.17
19:20:35:561,3.65,-0.32,-2.21
19:20:35:578,-1.50,-3.10,-2.02
19:20:35:595,0.57,2.28,-2.27
19:20:35:631,-0.09,4.09,0.79
19:20:35:631,0.63,1.33,-0.22
19:20:35:725,1.47,1.81,0.17
19:20:35:728,2.32,1.68,0.65
19:20:35:745,2.86,1.93,0.62
19:20:35:746,3.92,0.71,0.53
19:20:35:763,5.25,1.09,0.37
19:20:35:780,6.76,1.03,0.53
19:20:35:828,8.00,-0.20,0.73
19:20:35:828,8.00,-3.93,0.79
19:20:35:872,8.00,-6.92,0.65
19:20:35:890,6.96,-8.00,1.75
19:20:35:908,6.20,-8.00,3.78
19:20:35:929,2.68,-2.32,-5.56
19:20:35:965,6.40,8.00,3.66
19:20:35:984,3.74,-2.88,-3.11
19:20:36:3,7.18,-3.64,-1.26
19:20:36:72,2.89,0.75,-0.15
19:20:36:72,3.28,0.21,-1.30
19:20:36:89,3.83,0.94,-1.08
19:20:36:109,4.66,0.38,-0.16
19:20:36:126,3.73,0.37,-0.65
19:20:36:144,4.20,0.16,-0.96
19:20:36:194,3.82,0.39,-0.99
19:20:36:211,3.84,0.44,-0.75
19:20:36:247,3.95,0.91,-0.53
19:20:36:263,3.90,0.41,-0.69
19:20:36:264,4.00,0.48,-0.89
19:20:36:298,3.92,0.45,-0.74
19:20:36:316,4.01,0.42,-0.27
19:20:36:331,4.18,-0.06,-0.29
19:20:36:366,4.39,-0.12,-0.33
19:20:36:435,4.43,-0.08,-0.46
19:20:36:452,4.29,0.30,-0.21
19:20:36:452,4.83,-0.38,0.34
19:20:36:470,5.38,0.03,0.15
19:20:36:522,5.51,-0.17,-0.58
19:20:36:522,5.93,0.58,0.19
19:20:36:522,7.14,1.03,-0.29
19:20:36:557,8.00,2.22,-1.17
19:20:36:591,7.75,3.42,-2.68
19:20:36:609,8.00,1.91,-1.12
19:20:36:679,7.75,0.13,-2.88
19:20:36:679,2.88,0.24,-2.69
19:20:36:696,2.08,-2.12,-1.43
19:20:36:696,0.13,4.20,-1.37
19:20:36:731,-0.04,0.75,-0.72
19:20:36:766,0.62,1.59,-1.02
19:20:36:799,1.17,1.66,-0.02
19:20:36:816,2.21,0.80,-0.16
19:20:36:816,3.13,1.46,0.08
19:20:36:833,4.20,0.72,0.14
19:20:36:866,5.50,1.00,0.06
19:20:36:904,7.31,1.46,0.46
19:20:36:941,8.00,0.25,0.40
19:20:36:977,8.00,-3.17,0.61
19:20:36:977,8.00,-6.47,0.70
19:20:36:996,6.70,-8.00,-0.21
19:20:37:14,7.67,-8.00,3.25
19:20:37:33,8.00,-3.41,-1.33
19:20:37:102,2.20,8.00,-1.42
19:20:37:102,8.00,-8.00,2.46
19:20:37:119,5.27,0.37,-0.14
19:20:37:171,4.93,-2.69,-0.25
19:20:37:188,4.47,0.28,-0.47
19:20:37:189,3.67,-1.57,-1.36
19:20:37:189,3.84,0.95,-0.37
19:20:37:256,4.14,0.74,-0.18
19:20:37:256,3.71,0.16,-0.54
19:20:37:274,4.11,-0.22,-0.86
19:20:37:327,3.93,0.09,-0.84
19:20:37:345,4.05,0.44,-0.37
19:20:37:345,4.06,0.31,-0.42
19:20:37:360,3.99,-0.29,-0.75
19:20:37:396,3.93,-0.17,-0.51
19:20:37:414,3.94,-0.16,-0.18
19:20:37:449,3.99,-0.31,-0.27
19:20:37:467,4.26,-0.36,-0.50
19:20:37:522,4.28,-0.48,-0.53
19:20:37:522,4.45,0.27,-0.23
19:20:37:540,4.71,0.18,-0.43
19:20:37:557,5.91,-0.12,-0.20
19:20:37:592,5.88,-0.35,-0.27
19:20:37:612,6.25,0.84,-0.36
19:20:37:661,8.00,0.49,-1.06
19:20:37:696,8.00,3.47,-0.91
19:20:37:696,6.74,5.70,-1.84
19:20:37:713,6.15,-1.38,-1.46
19:20:37:734,2.67,-2.34,-2.30
19:20:37:784,0.81,0.46,-1.15
19:20:37:784,-0.70,2.51,-1.40
19:20:37:801,-0.33,1.59,0.55
19:20:37:853,0.56,2.38,0.02
19:20:37:873,0.93,1.06,0.33
19:20:37:890,1.91,0.94,-0.11
19:20:37:890,2.60,0.06,0.37
19:20:37:924,3.47,-0.32,0.79
19:20:37:960,5.39,-0.37,1.06
19:20:37:977,7.25,-2.29,1.03
19:20:37:998,8.00,-5.11,1.41
19:20:38:33,8.00,-4.94,1.93
19:20:38:50,6.67,-5.98,0.63
19:20:38:84,5.62,-6.29,1.81
19:20:38:85,7.88,-4.59,3.33
19:20:38:120,5.72,3.09,-2.65
19:20:38:137,5.30,3.87,2.42
19:20:38:153,5.37,-1.72,-1.23
19:20:38:188,4.69,-0.70,0.34
19:20:38:241,3.11,0.90,-0.53
19:20:38:296,3.84,-0.31,-0.78
19:20:38:313,3.83,0.34,-0.62
19:20:38:332,3.93,0.39,-0.40
19:20:38:332,3.89,0.63,-0.60
19:20:38:332,3.88,0.56,-0.86
19:20:38:367,3.95,0.64,-0.76
19:20:38:421,3.87,0.30,-0.86
19:20:38:439,4.00,0.47,-1.18
19:20:38:439,3.83,0.36,-0.89
19:20:38:456,3.91,0.48,-0.79
19:20:38:474,3.88,0.43,-0.87
19:20:38:511,3.85,0.47,-0.93
19:20:38:511,3.83,0.48,-0.86
19:20:38:528,3.88,0.58,-0.55
19:20:38:597,3.87,0.55,-0.59
19:20:38:598,3.99,0.53,-0.85
19:20:38:615,3.84,0.40,-0.88
19:20:38:649,3.91,0.30,-0.85
19:20:38:667,3.86,0.19,-0.82
19:20:38:701,3.89,0.26,-0.84
19:20:38:701,3.89,0.34,-0.80
19:20:38:773,3.80,0.26,-0.79
19:20:38:823,3.81,0.30,-0.74
19:20:38:823,3.85,0.20,-0.69
19:20:38:839,3.87,0.23,-0.77
19:20:38:856,3.86,0.23,-0.78
19:20:38:874,3.88,0.31,-0.77
19:20:38:874,3.91,0.25,-0.70
19:20:38:925,3.89,0.27,-0.72
19:20:38:960,3.86,0.18,-0.74
19:20:38:977,3.87,0.14,-0.74
19:20:38:978,3.86,0.20,-0.73
19:20:39:47,3.86,0.21,-0.71
19:20:39:47,3.88,0.21,-0.72
19:20:39:47,3.87,0.16,-0.74
19:20:39:80,3.92,0.16,-0.74
19:20:39:133,3.89,0.17,-0.69
19:20:39:150,3.87,0.09,-0.68
19:20:39:150,3.89,0.13,-0.69
19:20:39:172,3.88,0.12,-0.68
19:20:39:205,3.92,0.09,-0.68
19:20:39:222,3.87,0.12,-0.64
19:20:39:241,3.88,0.11,-0.68
