17:6:21:953,3.89,0.42,-0.61
17:6:22:22,3.90,0.39,-0.62
17:6:22:73,3.89,0.41,-0.58
17:6:22:73,3.89,0.41,-0.61
17:6:22:73,3.90,0.40,-0.63
17:6:22:89,3.91,0.40,-0.64
17:6:22:120,3.89,0.38,-0.62
17:6:22:120,3.90,0.41,-0.63
17:6:22:120,3.90,0.41,-0.60
17:6:22:214,3.92,0.38,-0.59
17:6:22:245,3.90,0.39,-0.62
17:6:22:261,3.88,0.44,-0.63
17:6:22:261,3.90,0.45,-0.61
17:6:22:261,3.89,0.45,-0.61
17:6:22:277,3.90,0.42,-0.63
17:6:22:355,3.89,0.44,-0.66
17:6:22:355,3.88,0.46,-0.61
17:6:22:374,3.89,0.46,-0.59
17:6:22:374,3.89,0.45,-0.60
17:6:22:374,3.89,0.43,-0.60
17:6:22:406,3.91,0.42,-0.62
17:6:22:422,3.82,0.46,-0.61
17:6:22:422,3.89,0.46,-0.61
17:6:22:437,3.90,0.45,-0.63
17:6:22:437,3.91,0.43,-0.64
17:6:22:552,3.90,0.43,-0.61
17:6:22:587,3.90,0.48,-0.61
17:6:22:603,3.88,0.44,-0.63
17:6:22:603,3.90,0.45,-0.61
17:6:22:618,3.89,0.46,-0.57
17:6:22:618,3.89,0.45,-0.68
17:6:22:618,3.89,0.47,-0.69
17:6:22:694,3.88,0.46,-0.60
17:6:22:729,3.88,0.45,-0.63
17:6:22:729,3.89,0.44,-0.62
17:6:22:729,3.90,0.44,-0.62
17:6:22:734,3.90,0.46,-0.61
17:6:22:734,3.88,0.45,-0.60
17:6:22:734,3.90,0.44,-0.64
17:6:22:734,3.89,0.44,-0.61
17:6:22:827,3.89,0.45,-0.62
17:6:22:827,3.91,0.43,-0.61
17:6:22:887,3.90,0.47,-0.63
17:6:22:887,3.91,0.46,-0.65
17:6:22:957,3.89,0.46,-0.60
17:6:22:988,3.90,0.46,-0.63
17:6:23:18,3.90,0.45,-0.62
17:6:23:78,3.90,0.45,-0.63
17:6:23:78,3.89,0.46,-0.60
17:6:23:87,3.89,0.46,-0.61
17:6:23:87,3.90,0.49,-0.59
17:6:23:87,3.90,0.45,-0.63
17:6:23:115,3.88,0.46,-0.61
17:6:23:127,3.89,0.45,-0.65
17:6:23:167,3.88,0.46,-0.60
17:6:23:178,3.89,0.47,-0.61
17:6:23:178,3.89,0.49,-0.61
17:6:23:197,3.89,0.45,-0.63
17:6:23:257,3.90,0.44,-0.61
17:6:23:268,3.89,0.45,-0.63
17:6:23:278,3.89,0.46,-0.61
17:6:23:278,3.87,0.45,-0.61
17:6:23:427,3.88,0.44,-0.60
17:6:23:427,3.89,0.45,-0.62
17:6:23:427,3.91,0.43,-0.65
17:6:23:457,3.89,0.46,-0.59
17:6:23:457,3.88,0.46,-0.64
17:6:23:457,3.90,0.44,-0.62
17:6:23:489,3.89,0.43,-0.61
17:6:23:530,3.90,0.47,-0.61
17:6:23:537,3.88,0.48,-0.63
17:6:23:537,3.90,0.47,-0.60
17:6:23:577,3.89,0.48,-0.61
17:6:23:638,3.87,0.46,-0.63
17:6:23:698,3.89,0.48,-0.60
17:6:23:792,3.89,0.45,-0.60
17:6:23:810,3.90,0.48,-0.61
17:6:23:810,3.88,0.46,-0.59
17:6:23:829,3.90,0.46,-0.60
17:6:23:829,3.90,0.48,-0.62
17:6:24:17,3.88,0.47,-0.60
17:6:24:17,3.88,0.46,-0.60
17:6:24:17,3.90,0.46,-0.61
17:6:24:249,3.88,0.46,-0.59
17:6:24:249,3.89,0.46,-0.62
17:6:24:249,3.90,0.46,-0.61
17:6:24:249,3.89,0.46,-0.59
17:6:24:269,3.90,0.45,-0.59
17:6:24:269,3.89,0.43,-0.61
17:6:24:370,3.88,0.44,-0.62
17:6:24:370,3.89,0.43,-0.60
17:6:24:377,3.89,0.44,-0.60
17:6:24:377,3.89,0.45,-0.61
17:6:24:389,3.90,0.46,-0.57
17:6:24:409,3.88,0.45,-0.60
17:6:24:409,3.89,0.43,-0.61
17:6:24:409,3.92,0.45,-0.61
17:6:24:457,3.90,0.45,-0.61
17:6:24:457,3.89,0.44,-0.63
17:6:24:581,3.90,0.43,-0.61
17:6:24:592,3.89,0.45,-0.60
17:6:24:592,3.92,0.43,-0.57
17:6:24:629,3.88,0.43,-0.62
17:6:24:741,3.89,0.42,-0.62
17:6:24:793,3.90,0.43,-0.60
17:6:24:899,3.89,0.43,-0.60
17:6:24:959,3.90,0.42,-0.61
17:6:24:959,3.89,0.43,-0.59
17:6:24:959,3.91,0.42,-0.61
17:6:24:959,3.90,0.42,-0.58
17:6:24:959,3.91,0.42,-0.62
17:6:24:959,3.89,0.42,-0.62
17:6:25:80,3.90,0.42,-0.61
17:6:25:80,3.89,0.43,-0.62
17:6:25:80,3.88,0.42,-0.60
17:6:25:80,3.90,0.41,-0.59
17:6:25:80,3.90,0.41,-0.62
17:6:25:80,3.89,0.42,-0.61
17:6:25:80,3.90,0.39,-0.61
17:6:25:139,3.88,0.42,-0.62
17:6:25:139,3.90,0.41,-0.61
17:6:25:139,3.88,0.43,-0.62
17:6:25:162,3.89,0.40,-0.60
17:6:25:162,3.89,0.40,-0.59
17:6:25:162,3.90,0.40,-0.64
17:6:25:162,3.91,0.41,-0.62
17:6:25:173,3.90,0.40,-0.60
17:6:25:294,3.90,0.40,-0.61
17:6:25:332,3.88,0.43,-0.60
17:6:25:424,3.91,0.41,-0.61
17:6:25:424,3.88,0.41,-0.61
17:6:25:424,3.90,0.41,-0.61
17:6:25:424,3.91,0.39,-0.63
17:6:25:455,3.88,0.38,-0.58
17:6:25:455,3.90,0.40,-0.62
17:6:25:460,3.92,0.39,-0.60
17:6:25:480,3.92,0.38,-0.63
17:6:25:531,3.91,0.39,-0.61
17:6:25:531,3.91,0.40,-0.59
17:6:25:531,3.89,0.39,-0.62
17:6:25:597,3.90,0.39,-0.61
17:6:25:597,3.91,0.38,-0.63
17:6:25:622,3.90,0.39,-0.59
17:6:25:627,3.89,0.38,-0.61
17:6:25:639,3.90,0.39,-0.60
17:6:25:639,3.89,0.39,-0.65
17:6:25:639,3.89,0.40,-0.62
17:6:25:639,3.91,0.41,-0.63
17:6:25:677,3.91,0.39,-0.62
17:6:25:677,3.91,0.38,-0.62
17:6:25:677,3.89,0.38,-0.64
17:6:25:683,3.90,0.37,-0.62
17:6:25:683,3.89,0.40,-0.64
17:6:25:683,3.91,0.35,-0.63
17:6:25:683,3.88,0.36,-0.63
17:6:25:683,3.88,0.36,-0.62
17:6:25:707,3.88,0.35,-0.61
17:6:25:707,3.89,0.36,-0.64
17:6:25:718,3.89,0.37,-0.62
17:6:25:832,3.90,0.36,-0.64
17:6:25:837,3.91,0.36,-0.64
17:6:25:848,3.91,0.36,-0.63
17:6:25:848,3.88,0.36,-0.66
17:6:25:848,3.88,0.34,-0.65
17:6:25:848,3.89,0.35,-0.66
17:6:25:863,3.87,0.38,-0.64
17:6:25:873,3.85,0.41,-0.63
17:6:25:889,3.90,0.31,-0.63
17:6:25:889,3.90,0.30,-0.72
17:6:25:889,3.85,0.31,-0.64
17:6:26:0,3.87,0.35,-0.60
17:6:26:14,3.88,0.35,-0.66
17:6:26:26,3.89,0.23,-0.70
17:6:26:26,3.87,0.11,-0.74
17:6:26:26,3.89,0.28,-0.75
17:6:26:53,3.87,0.20,-0.74
17:6:26:53,3.93,0.05,-0.69
17:6:26:73,3.85,0.12,-0.71
17:6:26:99,3.95,0.14,-0.83
17:6:26:152,3.90,0.08,-0.98
17:6:26:152,3.87,0.19,-0.91
17:6:26:183,3.90,0.25,-0.79
17:6:26:187,3.92,0.24,-0.84
17:6:26:240,3.89,0.20,-0.97
17:6:26:240,3.91,0.18,-0.93
17:6:26:240,3.94,0.20,-0.84
17:6:26:240,3.88,0.19,-0.81
17:6:26:363,3.88,0.26,-0.91
17:6:26:386,3.85,0.30,-0.91
17:6:26:396,3.84,0.17,-0.79
17:6:26:401,3.85,0.23,-0.78
17:6:26:421,3.87,0.23,-0.84
17:6:26:451,3.84,0.14,-0.86
17:6:26:451,3.85,0.19,-0.82
17:6:26:502,3.93,0.22,-0.83
17:6:26:521,3.93,0.16,-0.86
17:6:26:538,4.01,0.08,-0.84
17:6:26:557,3.98,0.01,-0.85
17:6:26:557,3.83,-0.27,-0.84
17:6:26:557,4.22,-0.29,-0.83
17:6:26:597,4.86,0.64,-0.64
17:6:26:597,5.36,0.42,-0.20
17:6:26:607,5.89,0.51,-0.81
17:6:26:617,6.49,0.74,-0.90
17:6:26:617,6.70,1.10,-0.82
17:6:26:655,6.43,1.50,-0.93
17:6:26:655,5.41,0.46,-1.20
17:6:26:655,2.84,-0.65,-0.78
17:6:26:655,1.66,1.39,-1.60
17:6:26:655,1.19,1.37,-0.16
17:6:26:689,0.86,1.72,0.27
17:6:26:706,1.12,1.35,0.17
17:6:26:722,1.66,0.98,-0.01
17:6:26:722,2.28,0.21,-0.13
17:6:26:722,3.13,-0.02,-0.03
17:6:26:724,4.03,-0.44,-0.17
17:6:26:724,4.78,-0.41,-0.05
17:6:26:741,5.99,-1.39,-0.38
17:6:26:759,6.33,-3.58,-0.79
17:6:26:759,6.36,-5.36,-1.59
17:6:26:810,5.89,-4.82,-1.31
17:6:26:863,4.92,-5.77,-2.64
17:6:26:881,4.31,-5.68,-2.79
17:6:26:881,4.84,-2.77,-2.14
17:6:26:898,3.58,2.39,-0.39
17:6:26:915,5.13,2.85,1.91
17:6:26:933,4.45,-0.06,-0.35
17:6:26:933,3.97,-0.84,-0.32
17:6:26:958,4.07,0.37,-0.46
17:6:26:958,4.07,-0.16,-1.42
17:6:26:994,4.08,-0.08,-0.11
17:6:27:28,4.12,0.56,-0.61
17:6:27:28,4.07,1.17,-0.88
17:6:27:46,3.94,0.01,-0.99
17:6:27:46,3.95,-0.17,-0.64
17:6:27:77,4.08,0.30,-0.74
17:6:27:96,3.85,0.26,-0.87
17:6:27:113,3.95,0.19,-0.80
17:6:27:132,3.83,0.21,-0.89
17:6:27:132,3.74,0.42,-0.87
17:6:27:150,3.88,0.59,-0.83
17:6:27:251,3.95,0.42,-0.83
17:6:27:266,4.28,0.36,-0.89
17:6:27:266,4.00,0.38,-0.67
17:6:27:284,3.89,0.20,-0.86
17:6:27:302,3.67,0.10,-0.97
17:6:27:319,4.08,0.37,-1.19
17:6:27:371,4.53,0.32,-0.94
17:6:27:452,4.29,-0.15,-0.64
17:6:27:487,4.35,-0.01,-0.88
17:6:27:504,4.70,0.15,-0.99
17:6:27:504,5.21,0.46,-0.78
17:6:27:573,5.40,0.56,-0.28
17:6:27:644,5.40,1.18,-0.66
17:6:27:662,5.33,1.36,-1.37
17:6:27:768,5.92,0.57,-1.46
17:6:27:802,6.66,0.59,-0.93
17:6:27:802,6.54,0.35,-0.71
17:6:27:802,2.44,1.29,-0.31
17:6:27:820,3.74,1.53,-0.06
17:6:27:820,1.29,2.00,0.73
17:6:27:837,1.58,2.26,0.63
17:6:27:839,1.78,1.15,0.16
17:6:27:857,1.91,0.83,-0.43
17:6:27:857,2.55,0.79,-0.53
17:6:27:875,3.59,0.35,-0.58
17:6:27:926,4.55,-0.05,-0.80
17:6:27:926,5.46,-0.31,-1.20
17:6:27:944,6.39,-1.15,-1.18
17:6:27:961,6.59,-1.66,-0.80
17:6:27:978,6.54,-1.41,-0.75
17:6:27:995,7.11,-1.81,-0.64
17:6:27:995,6.74,-1.94,-1.60
17:6:27:995,5.96,-2.69,-1.50
17:6:28:31,6.36,-5.15,-3.00
17:6:28:31,4.58,-7.91,-2.01
17:6:28:48,4.91,-7.03,-2.71
17:6:28:171,3.40,8.00,2.57
17:6:28:171,6.42,-5.40,1.03
17:6:28:188,6.58,-2.30,0.42
17:6:28:205,4.31,1.68,-0.95
17:6:28:205,4.55,0.14,-0.65
17:6:28:205,4.60,-0.19,-1.84
17:6:28:224,3.64,0.45,-0.79
17:6:28:294,3.72,1.79,-0.41
17:6:28:311,3.67,2.62,-0.51
17:6:28:311,3.69,1.60,-1.29
17:6:28:346,3.54,0.87,-0.70
17:6:28:347,3.86,0.83,-0.29
17:6:28:364,3.72,1.88,-0.70
17:6:28:364,3.52,1.28,-1.15
17:6:28:382,4.10,-0.21,-0.30
17:6:28:400,4.25,-0.73,-0.06
17:6:28:435,3.87,0.22,-0.82
17:6:28:486,4.11,0.19,-1.01
17:6:28:503,4.09,0.33,-1.29
17:6:28:503,4.48,0.06,-0.67
17:6:28:538,4.75,0.17,-0.62
17:6:28:555,5.23,0.70,-0.76
17:6:28:555,5.14,0.06,-0.55
17:6:28:555,5.13,0.09,-0.57
17:6:28:589,5.43,0.50,-0.78
17:6:28:659,6.49,1.58,-0.87
17:6:28:680,6.60,2.72,0.00
17:6:28:697,5.88,1.72,-0.81
17:6:28:714,7.79,1.40,-1.83
17:6:28:731,7.22,1.35,-0.80
17:6:28:731,1.66,1.44,-0.05
17:6:28:766,0.48,4.24,0.56
17:6:28:835,0.17,1.95,0.68
17:6:28:835,0.88,1.86,0.54
17:6:28:853,1.38,0.95,-0.33
17:6:28:855,2.17,0.58,-0.67
17:6:28:906,3.14,0.88,-0.69
17:6:28:906,4.30,-0.27,-0.70
17:6:28:924,4.97,-0.20,-0.77
17:6:28:958,5.92,-1.23,-0.89
17:6:28:977,6.73,-1.63,-0.87
17:6:29:48,7.26,-2.07,-0.61
17:6:29:64,7.70,-2.72,-1.14
17:6:29:81,7.25,-3.51,-2.00
17:6:29:99,6.38,-5.06,-2.01
17:6:29:115,6.09,-7.96,-3.52
17:6:29:116,6.91,-7.69,-3.45
17:6:29:202,4.15,7.99,4.69
17:6:29:219,7.44,-6.00,-0.54
17:6:29:237,6.30,-1.77,-0.05
17:6:29:237,4.04,1.79,-1.74
17:6:29:254,4.08,0.08,-1.39
17:6:29:272,4.73,-0.41,-2.03
17:6:29:289,4.26,-0.69,-0.66
17:6:29:378,4.01,0.91,-0.11
17:6:29:396,3.86,1.42,-0.41
17:6:29:436,3.86,0.97,-0.86
17:6:29:437,3.56,0.54,-1.36
17:6:29:437,4.02,0.89,-0.18
17:6:29:471,4.11,0.95,-0.33
17:6:29:471,3.65,0.90,-0.76
17:6:29:489,3.80,0.50,-1.05
17:6:29:524,3.71,0.44,-0.68
17:6:29:541,4.00,0.68,-0.62
17:6:29:559,4.04,0.29,-0.90
17:6:29:576,4.20,-0.34,-1.34
17:6:29:594,4.21,-0.50,-1.33
17:6:29:647,5.29,-0.03,-1.06
17:6:29:647,5.29,-0.00,-0.42
17:6:29:664,5.30,0.32,-0.43
17:6:29:782,5.52,0.71,-1.13
17:6:29:782,7.35,0.27,-1.66
17:6:29:798,7.13,1.85,-0.63
17:6:29:798,6.91,2.84,-0.60
17:6:29:850,6.68,0.10,-0.14
17:6:29:850,6.70,4.22,-1.27
17:6:29:902,0.73,0.68,-0.08
17:6:29:920,-1.58,5.17,1.06
17:6:29:955,0.44,1.15,-0.19
17:6:29:964,0.95,1.71,0.22
17:6:29:981,1.89,0.64,-0.05
17:6:29:981,2.94,0.42,-0.35
17:6:29:999,3.79,0.27,-0.00
17:6:29:999,4.97,-0.38,-0.31
17:6:30:85,5.67,-0.50,-0.79
17:6:30:102,6.07,-1.44,-0.83
17:6:30:102,6.77,-2.00,-0.47
17:6:30:118,7.45,-1.68,-0.56
17:6:30:136,7.43,-2.42,-1.24
17:6:30:152,5.90,-4.80,-2.29
17:6:30:171,5.72,-5.50,-1.88
17:6:30:274,4.43,-8.00,-2.98
17:6:30:291,4.30,-6.75,-2.70
17:6:30:292,2.04,8.00,4.10
17:6:30:309,5.96,0.13,0.32
17:6:30:326,4.63,-0.72,-1.05
17:6:30:326,3.91,1.50,-1.89
17:6:30:343,4.30,0.82,-2.77
17:6:30:360,4.42,-0.73,-1.05
17:6:30:396,3.90,0.21,-0.33
17:6:30:412,3.65,2.10,-0.05
17:6:30:447,3.49,2.61,-0.64
17:6:30:466,3.80,0.21,-1.44
17:6:30:484,3.93,0.32,-0.32
17:6:30:502,3.99,1.07,-0.28
17:6:30:537,3.68,1.32,-0.84
17:6:30:576,4.03,-0.14,-0.87
17:6:30:628,3.98,0.14,-1.14
17:6:30:645,4.04,0.35,-1.30
17:6:30:662,4.12,0.38,-0.68
17:6:30:662,4.39,0.20,-0.37
17:6:30:662,4.92,-0.20,-0.45
17:6:30:715,4.65,0.18,-0.86
17:6:30:732,4.88,0.54,-1.30
17:6:30:766,5.08,0.25,-1.11
17:6:30:801,5.44,0.45,-0.97
17:6:30:820,6.56,1.11,-0.12
17:6:30:836,7.67,2.45,0.40
17:6:30:836,7.42,1.23,-1.13
17:6:30:889,7.70,4.04,-1.63
17:6:30:906,5.62,3.36,-0.87
17:6:30:922,5.58,-0.31,-3.22
17:6:30:992,0.27,4.65,1.23
17:6:31:9,0.73,0.97,-0.01
17:6:31:9,1.09,0.85,0.15
17:6:31:9,2.27,1.15,-0.11
17:6:31:44,3.06,0.90,-0.61
17:6:31:62,4.35,0.22,-0.36
17:6:31:80,5.57,-0.42,-0.81
17:6:31:131,6.11,-1.46,-0.97
17:6:31:166,6.59,-1.60,-0.84
17:6:31:183,7.22,-2.27,-0.67
17:6:31:201,7.21,-2.97,-1.28
17:6:31:201,6.76,-3.63,-1.56
17:6:31:234,6.67,-3.06,-1.68
17:6:31:251,6.11,-6.05,-3.05
17:6:31:303,4.20,-8.00,-2.98
17:6:31:357,5.88,-4.14,-3.27
17:6:31:357,2.19,8.00,4.66
17:6:31:357,6.26,-2.77,0.91
17:6:31:375,5.49,-1.34,0.27
17:6:31:392,3.84,2.06,-1.65
17:6:31:426,4.15,0.33,-1.38
17:6:31:445,4.06,0.17,-1.43
17:6:31:496,4.00,-0.57,-0.54
17:6:31:532,4.29,0.40,-0.66
17:6:31:532,3.95,1.63,-0.38
17:6:31:550,3.56,1.82,-1.02
17:6:31:566,3.74,0.58,-0.91
17:6:31:636,3.92,0.51,-0.18
17:6:31:636,4.00,0.77,-0.51
17:6:31:654,3.81,0.85,-0.84
17:6:31:672,3.96,0.35,-0.79
17:6:31:707,3.84,0.02,-0.83
17:6:31:707,3.80,0.16,-0.98
17:6:31:741,4.21,0.23,-0.88
17:6:31:760,4.76,0.29,-0.67
17:6:31:793,4.52,0.18,-0.45
17:6:31:830,4.54,0.20,-0.91
17:6:31:830,4.94,0.05,-1.01
17:6:31:900,4.96,0.23,-0.72
17:6:31:900,4.94,0.76,-0.80
17:6:31:918,5.56,0.98,-0.68
17:6:31:918,5.95,1.61,-0.54
17:6:31:936,5.68,1.66,-0.42
17:6:31:989,7.91,0.42,-1.68
17:6:32:7,6.92,2.18,-0.93
17:6:32:43,5.98,2.00,-0.71
17:6:32:113,5.30,0.68,-3.57
17:6:32:130,1.57,2.73,0.67
17:6:32:130,0.50,1.60,0.12
17:6:32:130,1.18,0.70,0.24
17:6:32:147,1.87,0.80,-0.48
17:6:32:164,2.60,0.67,-0.69
17:6:32:182,3.39,0.64,-0.49
17:6:32:285,4.42,-0.67,-0.89
17:6:32:304,5.36,-1.18,-1.00
17:6:32:320,5.94,-1.22,-0.93
17:6:32:322,6.58,-0.92,-0.82
17:6:32:357,7.12,-1.86,-1.15
17:6:32:374,6.77,-4.21,-1.84
17:6:32:374,8.00,-1.92,-1.03
17:6:32:428,6.15,-3.18,-1.47
17:6:32:445,5.73,-4.30,-0.68
17:6:32:463,4.46,-6.37,-2.92
17:6:32:463,5.59,-5.06,-0.86
17:6:32:480,5.62,3.20,3.49
17:6:32:498,6.80,-3.53,-0.20
17:6:32:550,5.71,-0.27,-0.05
17:6:32:603,4.16,1.68,-1.39
17:6:32:620,4.01,0.54,-1.25
17:6:32:673,4.20,0.41,-2.03
17:6:32:690,4.16,-0.21,-0.97
17:6:32:795,4.43,0.40,-0.42
17:6:32:813,3.68,1.49,-0.49
17:6:32:813,3.48,1.79,-0.95
17:6:32:830,3.99,0.63,-0.46
17:6:32:848,4.03,0.61,-0.31
17:6:32:866,3.80,0.94,-0.76
17:6:32:866,3.65,0.77,-1.06
17:6:32:900,3.94,0.18,-0.77
17:6:32:988,3.83,0.21,-0.84
17:6:33:6,3.79,0.63,-0.78
17:6:33:74,3.92,0.41,-0.91
17:6:33:75,4.08,-0.16,-0.89
17:6:33:94,3.99,-0.20,-0.70
17:6:33:146,4.48,0.04,-0.71
17:6:33:163,4.85,-0.46,-0.93
17:6:33:198,4.60,-0.48,-0.75
17:6:33:198,4.28,-0.57,-1.32
17:6:33:215,4.47,-0.27,-1.21
17:6:33:234,4.76,-0.40,-0.84
17:6:33:234,5.08,-0.25,-0.52
17:6:33:252,5.58,0.07,-0.57
17:6:33:252,5.74,0.67,-0.08
17:6:33:270,5.67,0.79,-0.91
17:6:33:270,6.28,0.30,-2.09
17:6:33:339,5.82,1.14,-1.13
17:6:33:356,4.82,-0.46,-0.68
17:6:33:356,4.36,0.15,-3.88
17:6:33:373,1.78,2.36,0.90
17:6:33:408,1.46,0.76,0.54
17:6:33:425,1.59,1.56,0.26
17:6:33:444,1.83,0.17,-0.67
17:6:33:478,2.68,0.15,-0.73
17:6:33:531,3.41,0.03,-0.46
17:6:33:531,3.98,-0.79,-0.74
17:6:33:548,4.71,-1.48,-0.86
17:6:33:736,5.40,-1.38,-0.65
17:6:33:736,5.77,-1.15,-0.41
17:6:33:772,6.22,-1.35,-0.53
17:6:33:790,6.42,-1.83,-0.21
17:6:33:842,6.23,-1.48,-0.49
17:6:33:895,5.53,-1.38,-0.74
17:6:33:932,5.30,-0.97,-0.60
17:6:33:932,5.46,-1.13,-0.10
17:6:33:968,4.73,-3.05,-1.68
17:6:33:968,4.29,-2.34,-0.64
17:6:34:55,4.52,-1.82,-0.16
17:6:34:160,4.26,-1.26,-0.35
17:6:34:177,4.12,-1.79,-0.56
17:6:34:246,2.48,-1.28,-1.27
17:6:34:280,4.47,3.44,0.30
17:6:34:332,4.73,0.04,-0.51
17:6:34:401,5.15,0.94,-0.30
17:6:34:455,4.04,1.92,0.05
17:6:34:455,3.56,1.75,-0.34
17:6:34:472,4.17,1.19,-0.63
17:6:34:472,4.05,1.34,-2.00
17:6:34:489,4.16,0.81,-1.04
17:6:34:507,3.93,1.09,-0.32
17:6:34:507,3.85,1.42,-0.27
17:6:34:560,4.04,0.53,-0.40
17:6:34:629,4.05,0.31,-0.53
17:6:34:629,3.60,0.69,-0.45
17:6:34:629,3.69,1.09,-0.54
17:6:34:629,3.79,1.04,-0.97
17:6:34:646,3.83,0.40,-0.49
17:6:34:646,4.00,0.27,-0.38
17:6:34:646,3.82,0.53,-0.61
17:6:34:646,3.91,0.58,-0.71
17:6:34:682,3.86,0.47,-0.68
17:6:34:753,3.85,0.67,-0.92
17:6:34:753,3.85,0.60,-0.59
17:6:34:753,3.93,0.79,-0.56
17:6:34:805,3.96,0.38,-0.67
17:6:34:805,3.82,0.08,-1.01
17:6:34:805,3.96,0.23,-0.88
17:6:34:822,3.83,0.24,-0.71
17:6:34:867,3.93,0.54,-0.74
17:6:34:952,4.10,0.30,-0.76
17:6:34:970,3.94,-0.04,-0.89
17:6:35:5,3.99,0.21,-0.99
17:6:35:58,3.68,0.43,-0.92
17:6:35:58,4.19,0.62,-0.65
17:6:35:127,4.19,0.12,-0.75
17:6:35:179,4.20,0.12,-0.62
17:6:35:213,4.28,0.05,-0.48
17:6:35:230,4.99,0.62,-0.56
17:6:35:247,5.21,0.53,-0.34
17:6:35:247,5.50,0.33,-0.64
17:6:35:247,4.32,-0.28,-0.91
17:6:35:247,3.76,-1.21,-1.24
17:6:35:310,3.19,-0.90,-1.36
17:6:35:328,2.37,0.63,-0.22
17:6:35:328,1.99,1.23,0.22
17:6:35:328,2.03,1.06,0.07
17:6:35:345,2.63,0.50,-0.19
17:6:35:363,3.31,0.04,-0.35
17:6:35:363,3.77,-0.76,-0.44
17:6:35:363,5.84,-2.80,-1.61
17:6:35:363,5.27,-3.04,-1.40
17:6:35:380,4.67,-2.81,-1.35
17:6:35:415,4.39,-2.82,-1.30
17:6:35:535,4.57,-4.17,-1.32
17:6:35:605,3.67,-1.44,-0.79
17:6:35:605,3.66,-0.44,-0.93
17:6:35:605,3.87,-0.63,-0.69
17:6:35:692,4.23,-0.20,-0.62
17:6:35:692,4.02,0.28,-0.28
17:6:35:692,3.95,0.42,-0.56
17:6:35:709,3.96,0.22,-0.39
17:6:35:743,4.00,0.06,-0.41
17:6:35:779,3.88,0.13,-0.58
17:6:35:779,3.87,0.25,-0.53
17:6:35:797,3.95,0.62,-0.54
17:6:35:866,3.97,0.42,-0.49
17:6:35:901,3.98,0.38,-0.48
17:6:35:918,3.97,0.40,-0.51
17:6:35:936,3.88,0.44,-0.63
17:6:35:936,3.83,0.62,-0.49
17:6:35:936,3.92,0.72,-0.45
17:6:35:954,3.96,0.56,-0.51
17:6:35:954,3.91,0.46,-0.55
17:6:35:954,3.90,0.56,-0.58
17:6:35:972,3.90,0.52,-0.52
17:6:35:972,3.93,0.52,-0.54
17:6:35:972,3.89,0.44,-0.54
17:6:36:75,3.91,0.47,-0.55
17:6:36:75,3.93,0.50,-0.53
17:6:36:75,3.89,0.49,-0.53
17:6:36:127,3.90,0.49,-0.53
17:6:36:127,3.89,0.46,-0.54
17:6:36:144,3.91,0.48,-0.52
17:6:36:145,3.91,0.48,-0.53
17:6:36:145,3.90,0.44,-0.54
17:6:36:145,3.91,0.43,-0.53
17:6:36:180,3.92,0.45,-0.57
17:6:36:180,3.91,0.45,-0.50
17:6:36:197,3.91,0.42,-0.53
17:6:36:214,3.91,0.46,-0.53
17:6:36:231,3.92,0.48,-0.53
17:6:36:231,3.90,0.46,-0.54
17:6:36:248,3.88,0.43,-0.52
17:6:36:248,3.91,0.44,-0.50
17:6:36:265,3.89,0.47,-0.51
17:6:36:301,3.89,0.48,-0.51
17:6:36:387,3.92,0.42,-0.53
17:6:36:387,3.90,0.43,-0.53
17:6:36:387,3.91,0.45,-0.53
17:6:36:422,3.88,0.46,-0.55
17:6:36:476,3.91,0.49,-0.53
17:6:36:492,3.91,0.48,-0.53
17:6:36:493,3.91,0.44,-0.56
17:6:36:510,3.92,0.44,-0.57
17:6:36:598,3.91,0.48,-0.54
17:6:36:615,3.91,0.50,-0.54
17:6:36:615,3.91,0.49,-0.51
17:6:36:634,3.91,0.46,-0.52
17:6:36:651,3.92,0.45,-0.56
17:6:36:703,3.91,0.46,-0.54
17:6:36:823,3.92,0.48,-0.52
17:6:36:839,3.90,0.46,-0.52
17:6:36:839,3.90,0.44,-0.50
17:6:36:874,3.91,0.41,-0.52
17:6:36:909,3.91,0.46,-0.50
17:6:36:926,3.93,0.45,-0.54
17:6:36:943,3.90,0.47,-0.52
17:6:36:945,3.90,0.48,-0.49
17:6:36:962,3.89,0.45,-0.48
17:6:36:998,3.92,0.47,-0.53
17:6:37:15,3.92,0.49,-0.52
17:6:37:50,3.92,0.48,-0.50
17:6:37:85,3.91,0.44,-0.54
17:6:37:137,3.92,0.47,-0.53
17:6:37:137,3.91,0.47,-0.49
17:6:37:137,3.89,0.49,-0.53
17:6:37:154,3.88,0.47,-0.54
17:6:37:154,3.91,0.50,-0.52
17:6:37:172,3.91,0.52,-0.52
17:6:37:172,3.91,0.47,-0.50
17:6:37:189,3.89,0.48,-0.51
17:6:37:189,3.90,0.47,-0.50
17:6:37:258,3.90,0.48,-0.55
17:6:37:293,3.91,0.49,-0.55
17:6:37:293,3.90,0.47,-0.52
17:6:37:344,3.88,0.49,-0.54
17:6:37:378,3.89,0.49,-0.50
17:6:37:378,3.90,0.46,-0.54
17:6:37:395,3.91,0.48,-0.54
17:6:37:397,3.91,0.48,-0.55
17:6:37:397,3.91,0.49,-0.52
17:6:37:466,3.90,0.47,-0.52
17:6:37:518,3.89,0.49,-0.50
17:6:37:553,3.90,0.47,-0.53
17:6:37:571,3.90,0.48,-0.54
17:6:37:571,3.91,0.49,-0.50
17:6:37:588,3.90,0.49,-0.50
17:6:37:588,3.92,0.50,-0.53
17:6:37:649,3.90,0.50,-0.52
17:6:37:666,3.90,0.50,-0.53
17:6:37:683,3.91,0.50,-0.53
17:6:37:701,3.90,0.49,-0.53
17:6:37:718,3.91,0.51,-0.52
17:6:37:736,3.93,0.52,-0.50
17:6:37:736,3.87,0.52,-0.54
17:6:37:770,3.92,0.54,-0.52
17:6:37:909,3.88,0.50,-0.48
17:6:37:909,3.91,0.47,-0.54
17:6:37:910,3.91,0.62,-0.58
17:6:37:910,3.98,0.83,-0.57
17:6:37:926,3.85,0.48,-0.42
17:6:37:944,3.89,0.40,-0.53
17:6:37:963,3.97,0.23,-0.52
17:6:38:33,3.96,0.31,-0.51
17:6:38:50,3.94,0.47,-0.47
17:6:38:67,3.98,0.31,-0.35
17:6:38:68,3.98,0.08,-0.31
17:6:38:85,3.96,0.16,-0.42
17:6:38:85,4.01,0.02,-0.49
17:6:38:85,4.03,-0.30,-0.61
17:6:38:85,4.10,-0.70,-0.54
17:6:38:102,3.90,-0.48,-0.62
17:6:38:102,3.95,-0.28,-0.80
17:6:38:102,4.01,-0.41,-0.65
17:6:38:119,3.92,-0.50,-0.84
17:6:38:135,3.84,-0.28,-1.11
17:6:38:154,3.77,0.22,-1.37
17:6:38:275,3.89,0.39,-1.11
17:6:38:292,3.73,0.73,-1.56
17:6:38:292,3.66,1.14,-1.58
17:6:38:310,3.62,1.65,-1.19
17:6:38:380,3.54,1.61,-0.92
17:6:38:380,3.72,1.67,-0.86
17:6:38:380,3.79,1.13,-0.76
17:6:38:414,3.88,0.95,-0.67
17:6:38:414,3.77,1.10,-0.38
17:6:38:431,3.64,1.55,-0.20
17:6:38:449,3.88,0.56,0.14
17:6:38:464,3.99,0.59,-0.31
17:6:38:466,3.86,0.24,-0.49
17:6:38:466,4.21,-0.31,-0.95
17:6:38:548,3.94,0.02,-0.44
17:6:38:568,3.87,0.32,-0.53
17:6:38:573,4.09,0.39,-0.82
17:6:38:595,3.98,0.38,-0.80
17:6:38:612,3.95,0.50,-0.58
17:6:38:678,3.90,0.21,-0.49
17:6:38:694,3.98,0.31,-0.64
17:6:38:788,3.84,0.62,-0.59
17:6:38:801,3.76,0.42,-0.54
17:6:38:821,3.89,0.13,-0.66
17:6:38:855,4.04,0.17,-0.80
17:6:38:948,4.04,0.49,-0.71
17:6:38:963,3.90,0.92,-0.78
17:6:39:10,3.84,0.95,-0.56
17:6:39:23,3.85,0.72,-0.51
17:6:39:88,4.01,0.57,-0.46
17:6:39:96,3.92,0.66,-0.51
17:6:39:101,3.85,0.51,-0.42
17:6:39:106,3.74,0.82,-0.37
17:6:39:123,3.86,1.17,-0.49
17:6:39:133,4.08,0.93,-0.47
17:6:39:138,4.15,0.47,-0.50
17:6:39:148,3.88,0.64,-0.28
17:6:39:148,3.82,0.59,-0.19
17:6:39:163,3.93,0.52,-0.15
17:6:39:177,3.94,0.30,-0.42
17:6:39:183,4.13,0.24,-0.63
17:6:39:195,3.66,0.42,-0.55
17:6:39:206,3.88,0.06,-0.63
17:6:39:218,4.11,-0.42,-0.67
17:6:39:219,4.38,-1.20,-0.53
17:6:39:241,4.41,-1.40,-0.64
17:6:39:340,4.34,-0.48,-0.46
17:6:39:372,4.38,-0.39,-0.48
17:6:39:388,4.35,1.01,-1.18
17:6:39:389,3.84,1.00,-0.69
17:6:39:456,3.19,1.65,-0.64
17:6:39:456,3.12,2.00,-0.54
17:6:39:474,3.40,2.34,-0.82
17:6:39:489,3.54,2.48,-1.00
17:6:39:525,3.51,2.58,-0.81
17:6:39:543,3.77,1.27,-1.26
17:6:39:543,4.16,1.05,-0.35
17:6:39:576,4.28,0.19,-0.19
17:6:39:627,3.71,0.21,-0.01
17:6:39:627,3.84,0.73,-0.45
17:6:39:644,4.02,0.75,-0.61
17:6:39:644,3.98,0.52,-0.58
17:6:39:660,3.77,0.64,-0.47
17:6:39:660,3.81,1.21,-0.50
17:6:39:677,3.88,0.97,-0.52
17:6:39:694,3.96,0.39,-0.69
17:6:39:714,3.95,0.40,-0.73
17:6:39:724,3.82,0.81,-0.51
17:6:39:724,3.89,0.87,-0.50
17:6:39:724,3.88,0.85,-0.74
17:6:39:741,3.85,0.75,-0.70
17:6:39:775,3.83,0.73,-0.60
17:6:39:811,3.88,0.70,-0.67
17:6:39:827,3.86,0.63,-0.73
17:6:39:843,3.85,0.78,-0.73
17:6:39:877,3.82,0.75,-0.71
17:6:39:894,3.60,0.83,-0.66
17:6:39:894,3.85,0.87,-0.73
17:6:39:927,3.84,0.83,-0.78
17:6:39:977,3.91,0.75,-0.77
17:6:39:994,3.88,0.68,-0.66
17:6:39:994,3.87,0.71,-0.66
17:6:40:10,3.85,0.61,-0.76
17:6:40:27,3.82,0.63,-0.70
17:6:40:76,3.80,0.67,-0.64
17:6:40:93,3.82,0.69,-0.52
17:6:40:109,3.88,0.59,-0.66
17:6:40:143,3.85,0.63,-0.77
17:6:40:209,3.83,0.63,-0.70
17:6:40:226,3.82,0.78,-0.56
17:6:40:242,3.83,0.73,-0.58
17:6:40:242,3.84,0.66,-0.66
17:6:40:259,3.83,0.63,-0.64
17:6:40:276,3.85,0.71,-0.64
17:6:40:294,3.85,0.66,-0.62
17:6:40:345,3.88,0.59,-0.61
17:6:40:378,3.82,0.72,-0.65
17:6:40:413,3.96,0.31,-0.57
17:6:40:429,3.85,0.65,-0.64
17:6:40:445,3.83,0.60,-0.66
17:6:40:462,3.87,0.51,-0.61
17:6:40:479,3.81,0.76,-0.64
17:6:40:529,3.85,0.71,-0.64
17:6:40:545,3.84,0.68,-0.64
17:6:40:545,3.85,0.67,-0.67
17:6:40:561,3.87,0.66,-0.67
17:6:40:580,3.85,0.66,-0.63
17:6:40:614,3.86,0.67,-0.68
17:6:40:630,3.83,0.66,-0.62
17:6:40:646,3.84,0.66,-0.65
17:6:40:712,3.85,0.69,-0.69
17:6:40:746,3.84,0.64,-0.66
17:6:40:746,3.85,0.63,-0.63
17:6:40:746,3.86,0.69,-0.66
17:6:40:797,3.86,0.66,-0.62
17:6:40:797,3.85,0.62,-0.62
17:6:40:830,3.88,0.62,-0.66
17:6:40:879,3.87,0.64,-0.63
17:6:40:962,3.87,0.64,-0.66
17:6:40:979,3.85,0.64,-0.62
17:6:40:979,3.87,0.61,-0.65
17:6:41:29,3.87,0.62,-0.65
17:6:41:29,3.88,0.62,-0.66
17:6:41:47,3.86,0.62,-0.60
17:6:41:98,3.86,0.63,-0.64
17:6:41:115,3.86,0.64,-0.62
17:6:41:130,3.87,0.65,-0.62
17:6:41:130,3.86,0.63,-0.63
17:6:41:163,3.85,0.64,-0.63
17:6:41:165,3.85,0.63,-0.63
17:6:41:165,3.87,0.62,-0.62
17:6:41:180,3.88,0.56,-0.60
17:6:41:246,3.87,0.61,-0.63
17:6:41:264,3.86,0.64,-0.63
17:6:41:264,3.87,0.57,-0.61
17:6:41:298,3.86,0.58,-0.59
17:6:41:316,3.87,0.59,-0.62
17:6:41:332,3.86,0.56,-0.62
17:6:41:347,3.88,0.61,-0.61
17:6:41:431,3.87,0.60,-0.57
17:6:41:448,3.88,0.63,-0.63
17:6:41:448,3.85,0.59,-0.62
17:6:41:466,3.88,0.60,-0.61
17:6:41:498,3.88,0.58,-0.60
17:6:41:498,3.91,0.63,-0.63
17:6:41:530,3.89,0.61,-0.60
17:6:41:595,3.87,0.57,-0.62
17:6:41:629,3.90,0.59,-0.62
17:6:41:629,3.87,0.59,-0.60
17:6:41:629,3.86,0.62,-0.60
17:6:41:678,3.86,0.59,-0.59
17:6:41:678,3.88,0.58,-0.58
17:6:41:696,3.87,0.63,-0.59
17:6:41:713,3.89,0.64,-0.57
17:6:41:784,3.89,0.59,-0.58
17:6:41:802,3.87,0.57,-0.59
17:6:41:802,3.87,0.60,-0.57
17:6:41:819,3.88,0.60,-0.56
17:6:41:837,3.87,0.60,-0.56
17:6:41:853,3.88,0.58,-0.58
17:6:41:887,3.89,0.57,-0.59
17:6:41:937,3.88,0.58,-0.58
17:6:41:970,3.87,0.61,-0.59
17:6:41:987,3.89,0.59,-0.55
17:6:41:987,3.89,0.59,-0.55
17:6:42:4,3.88,0.63,-0.50
17:6:42:21,3.88,0.67,-0.49
17:6:42:54,3.95,0.77,-0.53
17:6:42:88,3.92,0.46,-0.51
17:6:42:139,3.89,0.62,-0.50
17:6:42:189,3.90,0.58,-0.48
17:6:42:204,3.91,0.55,-0.45
17:6:42:220,3.91,0.51,-0.43
17:6:42:220,3.92,0.56,-0.43
17:6:42:271,3.98,0.58,-0.42
17:6:42:271,4.09,0.64,-0.42
17:6:42:338,4.35,0.83,-0.51
17:6:42:339,4.32,0.66,-0.65
17:6:42:371,5.14,0.62,-0.53
17:6:42:371,4.87,0.35,-0.54
17:6:42:387,4.43,0.04,-0.49
17:6:42:387,4.03,0.80,-0.57
17:6:42:422,3.12,2.01,0.38
17:6:42:440,2.83,2.74,0.24
17:6:42:440,2.98,2.25,0.21
17:6:42:524,3.63,1.68,0.31
17:6:42:524,4.17,1.08,0.21
17:6:42:524,4.41,0.82,-0.17
17:6:42:556,4.36,0.94,-0.29
17:6:42:572,4.40,-0.27,-0.28
17:6:42:603,4.64,0.01,-0.05
17:6:42:620,4.82,-0.40,-0.40
17:6:42:704,4.32,-0.37,-0.59
17:6:42:721,4.18,-0.98,-0.78
17:6:42:721,4.18,-1.43,-0.49
17:6:42:755,4.02,-0.82,-0.42
17:6:42:756,3.88,-0.60,-0.58
17:6:42:774,3.80,-0.48,-0.70
17:6:42:790,4.17,0.73,-0.68
17:6:42:807,3.65,2.13,-0.08
17:6:42:871,4.30,1.23,-0.87
17:6:42:903,4.56,0.16,-0.17
17:6:42:940,3.96,0.56,0.12
17:6:42:956,3.78,0.52,-0.19
17:6:42:956,3.91,0.69,-0.86
17:6:42:972,3.93,0.73,-0.87
17:6:42:989,3.92,0.63,-0.57
17:6:43:22,3.98,0.66,-0.35
17:6:43:121,3.98,1.03,-0.66
17:6:43:137,3.82,1.18,-0.92
17:6:43:154,3.95,0.90,-0.87
17:6:43:170,3.85,0.85,-0.57
17:6:43:170,3.78,0.91,-0.54
17:6:43:239,3.81,0.86,-0.66
17:6:43:239,3.77,0.68,-0.78
17:6:43:255,3.87,0.44,-0.64
17:6:43:255,3.84,0.83,-0.74
17:6:43:290,3.93,0.45,-0.68
17:6:43:290,3.96,0.40,-0.82
17:6:43:307,3.87,0.36,-0.87
17:6:43:325,3.99,0.45,-0.70
17:6:43:360,4.11,0.51,-0.88
17:6:43:376,4.16,-0.00,-0.83
17:6:43:426,4.39,0.10,-0.68
17:6:43:444,4.73,0.40,-0.30
17:6:43:461,5.62,0.74,-0.21
17:6:43:478,5.72,0.94,-1.19
17:6:43:478,5.92,0.94,-1.18
17:6:43:510,6.36,1.32,-0.67
17:6:43:560,6.52,2.17,-0.57
17:6:43:596,6.86,0.47,-1.95
17:6:43:612,6.21,1.25,-1.33
17:6:43:612,3.24,2.46,-2.07
17:6:43:629,1.20,2.71,0.11
17:6:43:662,1.10,3.74,0.31
17:6:43:677,1.36,2.43,0.19
17:6:43:693,2.08,2.12,0.07
17:6:43:757,2.75,1.47,-0.38
17:6:43:774,4.18,0.22,-0.68
17:6:43:774,5.49,-0.39,-0.30
17:6:43:790,6.07,-1.15,-0.41
17:6:43:821,6.47,-1.55,-0.23
17:6:43:871,6.46,-2.20,-0.18
17:6:43:871,6.57,-2.03,-0.08
17:6:43:887,6.56,-1.19,-0.19
17:6:43:951,6.20,-1.88,-1.55
17:6:43:969,5.25,-5.42,-2.42
17:6:43:969,4.57,-6.61,-1.73
17:6:43:984,4.76,-5.01,-2.07
17:6:44:36,3.33,3.36,-2.35
17:6:44:52,5.97,-0.46,-0.22
17:6:44:52,5.82,4.21,-0.13
17:6:44:121,5.63,-1.11,0.01
17:6:44:138,4.05,0.37,-0.35
17:6:44:138,3.87,1.08,-0.84
17:6:44:155,4.11,1.21,-2.00
17:6:44:188,3.72,1.07,-0.55
17:6:44:205,3.74,0.57,-0.17
17:6:44:221,4.13,0.71,-0.41
17:6:44:253,3.92,0.69,-0.77
17:6:44:306,3.60,1.37,-1.08
17:6:44:306,4.04,0.75,-0.84
17:6:44:323,3.98,0.59,-0.28
17:6:44:357,3.86,0.72,-0.42
17:6:44:374,3.87,0.98,-0.90
17:6:44:424,4.01,0.48,-0.91
17:6:44:427,3.92,0.26,-0.70
17:6:44:477,3.89,0.42,-0.81
17:6:44:494,3.88,0.82,-1.09
17:6:44:495,4.03,0.54,-0.97
17:6:44:512,4.48,0.17,-0.64
17:6:44:530,4.53,0.28,-0.65
17:6:44:565,4.68,0.38,-0.72
17:6:44:614,5.26,0.34,-0.48
17:6:44:699,5.16,0.37,-0.64
17:6:44:731,5.47,1.04,-1.17
17:6:44:731,6.11,2.00,-1.21
17:6:44:766,5.73,2.15,-0.29
17:6:44:783,7.16,1.09,-1.98
17:6:44:783,8.00,0.30,-1.57
17:6:44:853,7.02,0.88,-1.32
17:6:44:869,8.00,2.43,-2.39
17:6:44:870,2.50,3.28,0.42
17:6:44:870,1.35,2.75,0.55
17:6:44:887,1.16,1.20,0.49
17:6:44:906,1.83,0.76,0.03
17:6:44:922,2.74,0.70,-0.25
17:6:44:957,3.16,0.69,-0.24
17:6:44:957,4.20,-0.31,-0.61
17:6:44:974,5.24,-0.37,-0.49
17:6:44:990,6.36,-1.37,-0.59
17:6:45:42,6.69,-1.66,-0.60
17:6:45:50,6.84,-2.05,-0.78
17:6:45:84,7.35,-2.89,-1.61
17:6:45:90,7.07,-2.86,-1.84
17:6:45:137,6.43,-3.83,-2.19
17:6:45:142,6.54,-5.80,-2.50
17:6:45:218,4.25,-8.00,-3.86
17:6:45:228,2.63,-4.22,-1.08
17:6:45:233,8.00,4.21,2.37
17:6:45:239,6.59,2.55,1.08
17:6:45:288,4.78,0.60,-1.66
17:6:45:309,3.74,0.76,-1.31
17:6:45:329,4.50,-0.77,-1.98
17:6:45:340,4.35,0.15,-1.06
17:6:45:402,4.26,-0.22,-0.19
17:6:45:407,3.83,1.42,-0.34
17:6:45:412,3.76,1.23,-0.43
17:6:45:442,3.72,0.60,-1.43
17:6:45:462,3.83,0.45,-0.87
17:6:45:482,4.19,0.56,-0.31
17:6:45:499,4.07,0.47,-0.05
17:6:45:586,4.08,0.48,-0.77
17:6:45:613,4.00,1.31,-0.71
17:6:45:623,4.16,-0.08,-1.23
17:6:45:648,4.05,0.45,-1.21
17:6:45:651,4.95,0.07,-0.49
17:6:45:661,5.07,0.00,-0.54
17:6:45:680,5.08,0.49,-0.79
17:6:45:765,5.18,0.53,-0.76
17:6:45:771,5.69,0.48,-0.79
17:6:45:781,6.86,0.50,-0.51
17:6:45:785,7.80,2.67,0.09
17:6:45:809,7.63,2.41,-1.31
17:6:45:825,7.17,3.94,-1.47
17:6:45:844,4.31,1.09,-1.13
17:6:45:874,8.00,0.50,-4.51
17:6:45:904,1.63,4.27,0.70
17:6:45:928,2.47,1.60,-0.01
17:6:45:951,0.40,2.53,0.20
17:6:45:970,2.14,0.53,-0.45
17:6:46:13,2.99,1.41,-0.04
17:6:46:24,4.17,0.56,-0.07
17:6:46:39,5.16,0.11,-0.22
17:6:46:103,6.27,-0.80,-0.74
17:6:46:137,7.19,-0.96,-0.37
17:6:46:147,7.88,-1.70,-0.06
17:6:46:160,8.00,-2.81,-1.01
17:6:46:165,7.90,-3.08,-1.92
17:6:46:175,7.79,-5.05,-0.84
17:6:46:205,6.04,-8.00,-5.22
17:6:46:233,4.99,-8.00,-3.83
17:6:46:317,6.63,-3.26,-4.55
17:6:46:350,1.55,8.00,3.49
17:6:46:365,6.63,6.67,0.19
17:6:46:370,5.30,-2.53,-1.46
17:6:46:375,4.00,1.26,-1.17
17:6:46:395,4.96,0.20,-2.05
17:6:46:405,4.61,-0.95,-1.10
17:6:46:419,4.18,0.29,-0.99
17:6:46:444,4.08,0.58,-0.21
17:6:46:482,3.77,1.21,-0.43
17:6:46:499,3.88,0.81,-0.76
17:6:46:499,3.98,0.37,-0.82
17:6:46:552,4.07,0.61,-0.49
17:6:46:567,3.94,0.54,-0.65
17:6:46:567,3.95,0.35,-0.93
17:6:46:618,4.05,0.49,-1.30
17:6:46:683,4.39,0.44,-0.60
17:6:46:683,4.47,0.35,-0.58
17:6:46:683,4.53,0.47,-0.66
17:6:46:699,4.92,0.49,-0.66
17:6:46:732,5.17,0.63,-0.62
17:6:46:749,4.77,0.53,-0.69
17:6:46:817,5.23,0.90,-0.77
17:6:46:833,6.17,1.67,-0.29
17:6:46:849,5.84,1.74,0.61
17:6:46:849,8.00,1.36,-1.58
17:6:46:865,8.00,2.42,-1.53
17:6:46:897,6.31,1.77,-1.24
17:6:46:914,8.00,-0.08,-3.90
17:6:46:930,2.91,2.98,0.01
17:6:46:998,0.90,1.79,0.40
17:6:47:16,0.66,1.63,0.38
17:6:47:31,1.46,0.80,-0.41
17:6:47:31,2.24,0.71,-0.65
17:6:47:64,3.38,0.40,-0.58
17:6:47:80,4.67,-0.36,-0.71
17:6:47:97,5.67,-0.39,-0.56
17:6:47:198,6.48,-1.47,-0.66
17:6:47:198,7.23,-1.96,-0.71
17:6:47:214,7.38,-2.75,-1.03
17:6:47:214,7.32,-3.07,-1.47
17:6:47:231,7.15,-4.37,-2.25
17:6:47:247,6.44,-5.00,-0.41
17:6:47:264,4.53,-8.00,-3.81
17:6:47:395,5.37,-8.00,-3.26
17:6:47:395,4.88,7.43,2.58
17:6:47:395,6.84,-5.09,0.29
17:6:47:410,6.66,-2.04,0.86
17:6:47:427,3.99,1.73,-1.34
17:6:47:427,3.97,0.65,-1.02
17:6:47:443,4.23,0.28,-2.01
17:6:47:477,4.17,-0.47,-0.84
17:6:47:495,4.27,-0.58,-0.11
17:6:47:527,3.88,0.93,-0.40
17:6:47:546,3.99,0.86,-0.53
17:6:47:580,3.89,0.21,-0.75
17:6:47:580,3.94,0.04,-0.34
17:6:47:613,3.91,0.73,-0.59
17:6:47:634,3.86,0.61,-0.96
17:6:47:668,3.99,0.03,-0.75
17:6:47:719,3.89,0.47,-0.63
17:6:47:752,3.92,0.32,-0.81
17:6:47:785,4.11,-0.13,-1.18
17:6:47:785,4.07,0.09,-1.06
17:6:47:785,5.21,-0.26,-0.54
17:6:47:822,5.14,0.16,-0.39
17:6:47:822,5.09,0.28,-0.75
17:6:47:840,5.47,0.60,-0.70
17:6:47:907,5.95,0.85,-0.74
17:6:48:22,6.74,1.92,-1.11
17:6:48:39,6.27,2.51,-0.85
17:6:48:58,5.82,1.35,-1.21
17:6:48:109,6.90,2.31,-0.69
17:6:48:109,7.02,1.21,-1.50
17:6:48:125,6.38,1.00,-4.53
17:6:48:125,1.88,4.42,1.31
17:6:48:141,0.74,2.16,0.73
17:6:48:156,0.71,1.99,0.47
17:6:48:156,1.67,0.21,-0.48
17:6:48:156,2.55,0.61,-0.18
17:6:48:173,3.91,0.39,0.17
17:6:48:189,4.90,-0.23,0.38
17:6:48:205,6.19,-0.32,0.12
17:6:48:271,7.08,-1.78,-0.81
17:6:48:288,7.80,-1.96,-1.05
17:6:48:288,7.95,-2.53,-1.00
17:6:48:320,7.96,-3.89,-2.22
17:6:48:337,6.94,-5.86,-2.50
17:6:48:356,4.76,-8.00,-4.11
17:6:48:387,5.09,-8.00,-3.09
17:6:48:454,3.31,-2.95,-0.31
17:6:48:469,5.88,7.61,3.42
17:6:48:469,4.46,4.61,2.94
17:6:48:485,3.80,-0.62,-1.72
17:6:48:522,3.69,1.18,-2.08
17:6:48:555,4.00,0.26,-1.94
17:6:48:556,4.25,-0.81,-0.52
17:6:48:591,4.02,0.06,-0.39
17:6:48:623,3.76,1.34,-0.16
17:6:48:623,3.89,1.69,-0.49
17:6:48:656,3.84,-0.27,-1.20
17:6:48:673,3.95,0.06,-0.39
17:6:48:689,3.86,0.99,-0.13
17:6:48:724,3.80,0.68,-0.91
17:6:48:741,3.92,0.20,-0.89
17:6:48:773,3.96,0.31,-0.85
17:6:48:821,4.24,0.20,-0.97
17:6:48:838,4.17,0.35,-1.09
17:6:48:838,4.74,0.04,-0.78
17:6:48:855,4.71,0.07,-0.49
17:6:48:907,4.73,0.26,-0.91
17:6:48:907,4.83,-0.08,-0.83
17:6:48:955,4.78,-0.20,-0.80
17:6:49:3,5.67,0.01,-0.34
17:6:49:3,6.62,0.55,0.30
17:6:49:19,7.04,2.01,-0.02
17:6:49:19,6.79,0.33,-1.64
17:6:49:54,6.58,3.56,-1.83
17:6:49:103,6.17,0.37,-1.80
17:6:49:103,8.00,0.12,-3.61
17:6:49:119,2.14,2.81,0.66
17:6:49:166,0.98,2.28,0.57
17:6:49:182,0.86,1.49,0.10
17:6:49:197,1.90,0.29,-0.72
17:6:49:214,2.67,0.71,-0.41
17:6:49:261,3.49,0.28,-0.46
17:6:49:261,4.50,-0.23,-0.37
17:6:49:347,5.48,-1.09,-0.46
17:6:49:363,6.33,-1.13,-0.30
17:6:49:380,6.71,-1.55,-0.32
17:6:49:398,6.84,-1.66,-0.21
17:6:49:398,6.89,-1.43,-0.33
17:6:49:433,7.03,-2.01,-0.92
17:6:49:551,6.14,-2.04,-0.58
17:6:49:553,5.59,-3.65,-2.23
17:6:49:589,4.66,-5.81,-1.80
17:6:49:623,4.52,-4.21,-1.32
17:6:49:623,4.01,1.20,-2.04
17:6:49:641,4.50,3.56,0.08
17:6:49:693,6.94,0.66,-1.15
17:6:49:797,6.76,-0.29,-0.16
17:6:49:813,4.33,0.31,0.22
17:6:49:863,3.64,1.11,-0.64
17:6:49:899,4.29,0.94,-1.09
17:6:49:933,4.04,1.29,-2.55
17:6:49:964,3.96,0.90,-0.93
17:6:49:980,3.96,0.92,-0.40
17:6:50:13,3.75,0.74,-0.38
17:6:50:13,4.08,0.57,-0.41
17:6:50:44,4.05,0.89,-0.53
17:6:50:75,3.92,0.57,-0.45
17:6:50:92,3.72,0.64,-0.52
17:6:50:108,3.98,0.13,-0.76
17:6:50:126,3.98,0.11,-0.64
17:6:50:126,3.86,0.11,-0.59
17:6:50:142,3.88,0.19,-0.51
17:6:50:142,3.93,0.48,-0.81
17:6:50:159,4.00,0.32,-1.02
17:6:50:174,3.95,0.29,-0.75
17:6:50:209,4.05,0.49,-0.46
17:6:50:261,4.35,-0.28,-0.60
17:6:50:331,4.14,-0.58,-0.76
17:6:50:331,4.02,-0.38,-1.12
17:6:50:348,4.25,0.15,-0.85
17:6:50:365,4.37,-0.16,-0.76
17:6:50:365,4.33,-0.44,-0.36
17:6:50:365,4.39,-0.62,-0.76
17:6:50:417,4.60,-0.41,-1.31
17:6:50:433,4.83,-0.14,-1.33
17:6:50:452,5.26,0.19,-1.05
17:6:50:452,5.34,0.24,-1.02
17:6:50:469,5.27,0.57,-0.96
17:6:50:469,5.66,-0.54,-1.25
17:6:50:486,5.36,0.12,-0.75
17:6:50:486,4.83,-0.92,-1.23
17:6:50:504,1.52,0.44,-1.24
17:6:50:504,1.68,2.66,1.11
17:6:50:522,1.29,2.05,1.04
17:6:50:539,1.85,1.47,0.13
17:6:50:607,2.30,-0.03,-0.51
17:6:50:640,3.01,0.06,-0.41
17:6:50:672,3.51,-0.26,-0.21
17:6:50:719,4.41,-0.90,-0.45
17:6:50:719,4.99,-1.23,-0.65
17:6:50:817,5.78,-1.27,-0.60
17:6:50:850,6.08,-0.87,-0.49
17:6:50:870,6.47,-0.79,-0.73
17:6:50:903,6.43,-0.93,-0.67
17:6:50:985,6.07,-1.95,-1.19
17:6:51:17,5.52,-1.63,-1.87
17:6:51:32,5.19,-2.25,-1.85
17:6:51:50,4.21,-4.12,-1.38
17:6:51:67,4.44,-3.30,-1.06
17:6:51:67,4.26,-2.56,-0.95
17:6:51:163,3.94,-1.00,-0.59
17:6:51:163,4.00,0.17,-0.94
17:6:51:180,4.42,3.15,0.49
17:6:51:199,4.02,1.86,0.41
17:6:51:232,4.77,0.65,0.21
17:6:51:232,4.34,1.49,-0.30
17:6:51:248,4.08,1.24,-0.51
17:6:51:281,3.75,1.43,-0.33
17:6:51:412,3.96,1.36,-1.42
17:6:51:445,3.85,1.05,-0.34
17:6:51:445,3.84,0.55,0.02
17:6:51:527,4.14,0.81,-0.59
17:6:51:592,3.71,1.04,-0.31
17:6:51:608,3.55,1.54,-0.85
17:6:51:642,4.04,0.82,-0.46
17:6:51:706,4.02,0.75,-0.61
17:6:51:723,3.75,1.02,-0.57
17:6:51:723,3.81,0.81,-0.63
17:6:51:773,3.86,0.82,-0.79
17:6:51:788,3.77,0.69,-0.70
17:6:51:856,3.86,0.87,-0.65
17:6:51:856,3.77,0.87,-0.69
17:6:51:856,3.80,0.69,-0.77
17:6:51:872,3.85,0.66,-0.72
17:6:51:888,3.80,0.70,-0.76
17:6:51:904,3.83,0.84,-0.86
17:6:51:904,3.80,0.73,-0.78
17:6:51:938,3.82,0.66,-0.77
17:6:51:953,3.73,0.72,-0.83
17:6:51:953,3.86,0.61,-0.82
17:6:51:953,3.91,0.46,-0.94
17:6:51:953,3.82,0.52,-0.98
17:6:51:986,3.69,0.68,-0.86
17:6:51:986,3.82,0.95,-0.78
17:6:51:986,3.86,0.82,-0.84
17:6:52:50,3.78,0.62,-0.85
17:6:52:83,3.81,0.52,-0.83
17:6:52:99,3.75,0.51,-0.79
17:6:52:99,3.74,0.56,-0.76
17:6:52:116,3.88,0.60,-0.70
17:6:52:132,3.80,0.54,-0.74
17:6:52:132,3.76,0.54,-0.74
17:6:52:149,3.85,0.57,-0.79
17:6:52:232,3.84,0.62,-0.76
17:6:52:279,3.90,0.62,-0.79
17:6:52:279,3.82,0.59,-0.68
17:6:52:295,3.84,0.62,-0.74
17:6:52:295,3.84,0.54,-0.74
17:6:52:327,3.85,0.45,-0.73
17:6:52:344,3.83,0.51,-0.73
17:6:52:431,3.89,0.49,-0.71
17:6:52:449,3.87,0.42,-0.76
17:6:52:480,3.87,0.41,-0.71
17:6:52:497,3.85,0.47,-0.69
17:6:52:530,3.84,0.54,-0.72
17:6:52:612,3.83,0.50,-0.71
17:6:52:661,3.88,0.44,-0.74
17:6:52:661,3.90,0.41,-0.74
17:6:52:726,3.86,0.37,-0.71
17:6:52:776,3.83,0.47,-0.63
17:6:52:792,3.81,0.42,-0.67
17:6:52:792,3.89,0.41,-0.72
17:6:52:824,3.86,0.38,-0.74
17:6:52:824,3.89,0.38,-0.69
17:6:52:840,3.85,0.43,-0.68
17:6:52:872,3.86,0.41,-0.71
17:6:52:941,3.89,0.41,-0.71
17:6:52:958,3.86,0.39,-0.67
17:6:52:974,3.90,0.40,-0.70
17:6:53:23,3.89,0.36,-0.69
17:6:53:40,3.85,0.41,-0.68
17:6:53:40,3.88,0.50,-0.71
17:6:53:40,3.89,0.46,-0.71
17:6:53:55,3.86,0.40,-0.69
17:6:53:55,3.91,0.43,-0.68
17:6:53:55,3.85,0.45,-0.70
17:6:53:72,3.89,0.43,-0.71
17:6:53:72,3.88,0.43,-0.71
17:6:53:72,3.87,0.43,-0.71
17:6:53:105,3.89,0.43,-0.68
17:6:53:121,3.86,0.44,-0.71
17:6:53:138,3.87,0.46,-0.70
17:6:53:154,3.89,0.45,-0.70
17:6:53:188,3.88,0.44,-0.68
17:6:53:188,3.90,0.44,-0.74
17:6:53:188,3.87,0.44,-0.69
17:6:53:188,3.88,0.42,-0.73
17:6:53:205,3.89,0.41,-0.74
17:6:53:205,3.86,0.45,-0.66
17:6:53:223,3.86,0.46,-0.74
17:6:53:240,3.87,0.44,-0.75
17:6:53:360,3.86,0.45,-0.71
17:6:53:393,3.85,0.45,-0.72
17:6:53:393,3.86,0.49,-0.68
17:6:53:410,3.87,0.46,-0.71
17:6:53:539,3.90,0.42,-0.70
17:6:53:572,3.87,0.45,-0.74
17:6:53:588,3.83,0.48,-0.69
17:6:53:589,3.88,0.49,-0.69
17:6:53:589,3.90,0.44,-0.69
17:6:53:605,3.83,0.46,-0.70
17:6:53:605,3.87,0.47,-0.69
17:6:53:622,3.88,0.50,-0.66
17:6:53:704,3.88,0.43,-0.72
17:6:53:720,3.88,0.44,-0.73
17:6:53:720,3.87,0.47,-0.67
17:6:53:735,3.87,0.48,-0.66
17:6:53:768,3.87,0.44,-0.69
17:6:53:785,3.89,0.43,-0.72
17:6:53:785,3.86,0.45,-0.66
17:6:53:785,3.85,0.51,-0.64
17:6:53:785,3.85,0.47,-0.65
17:6:53:802,3.87,0.45,-0.69
17:6:53:850,3.88,0.47,-0.73
17:6:53:883,3.88,0.47,-0.62
17:6:53:900,3.86,0.48,-0.66
17:6:53:900,3.88,0.46,-0.67
17:6:53:900,3.88,0.46,-0.67
17:6:53:933,3.87,0.46,-0.65
17:6:53:951,3.86,0.50,-0.67
17:6:53:968,3.88,0.47,-0.69
17:6:54:46,3.89,0.47,-0.68
17:6:54:46,3.88,0.46,-0.67
17:6:54:63,3.86,0.47,-0.67
17:6:54:95,3.86,0.52,-0.64
17:6:54:127,3.87,0.48,-0.63
17:6:54:143,3.88,0.48,-0.65
17:6:54:207,3.88,0.48,-0.65
17:6:54:225,3.91,0.47,-0.68
17:6:54:240,3.88,0.47,-0.68
17:6:54:273,3.86,0.49,-0.65
17:6:54:277,3.88,0.51,-0.66
17:6:54:293,3.91,0.50,-0.69
17:6:54:293,3.84,0.57,-0.73
17:6:54:309,3.85,0.60,-0.70
17:6:54:326,3.86,0.55,-0.67
17:6:54:411,3.85,0.42,-0.67
17:6:54:411,3.89,0.42,-0.62
17:6:54:428,3.90,0.38,-0.66
17:6:54:444,3.96,0.28,-0.79
17:6:54:444,3.86,0.30,-0.58
17:6:54:461,3.83,0.43,-0.53
17:6:54:461,3.92,0.32,-0.67
17:6:54:495,3.84,0.34,-0.74
17:6:54:511,3.94,0.31,-0.62
17:6:54:565,3.92,0.41,-0.61
17:6:54:597,3.88,0.48,-0.61
17:6:54:630,3.96,0.34,-0.67
17:6:54:646,3.88,0.38,-0.81
17:6:54:661,3.79,0.46,-0.66
17:6:54:680,3.86,0.52,-0.57
17:6:54:698,3.91,0.38,-0.60
17:6:54:715,4.02,0.19,-0.61
17:6:54:781,3.91,0.48,-0.75
17:6:54:814,3.85,0.52,-0.59
17:6:54:831,4.17,-0.24,-0.71
17:6:54:831,3.92,0.27,-0.40
17:6:54:862,4.04,0.20,-0.53
17:6:54:945,4.02,-0.53,-0.81
17:6:54:961,4.04,0.15,-0.68
17:6:54:961,4.04,-0.09,-0.47
17:6:54:976,4.23,-0.51,-0.40
17:6:54:993,4.21,-0.11,-0.54
17:6:54:993,4.17,-0.26,-0.24
17:6:54:993,4.38,-0.19,0.14
17:6:55:9,4.78,0.89,0.31
17:6:55:25,4.76,-0.12,0.12
17:6:55:41,4.59,0.08,-0.17
17:6:55:107,4.52,-0.53,-0.07
17:6:55:125,4.35,0.12,0.47
17:6:55:125,4.56,1.10,0.82
17:6:55:141,3.35,1.06,0.41
17:6:55:173,2.21,4.19,-0.07
17:6:55:190,2.36,3.07,-1.50
17:6:55:222,3.66,3.33,-1.36
17:6:55:348,4.59,2.20,-2.10
17:6:55:548,4.89,1.55,-3.03
17:6:55:583,4.42,0.96,-3.34
17:6:55:682,4.24,-0.60,-3.51
17:6:55:715,4.30,-2.19,-3.78
17:6:55:782,3.91,-2.59,-3.95
17:6:55:896,3.02,-2.20,-3.19
17:6:55:944,2.90,-1.42,-3.07
17:6:56:11,2.79,-0.87,-3.84
17:6:56:94,3.03,0.16,-4.86
17:6:56:111,4.60,-0.73,-0.13
17:6:56:127,4.61,-0.10,0.78
17:6:56:177,3.87,0.59,-0.18
17:6:56:210,3.71,0.59,-0.89
17:6:56:210,3.98,-0.81,-0.80
17:6:56:210,3.95,-0.17,-0.58
17:6:56:210,4.02,0.15,-0.48
17:6:56:210,4.01,0.03,-0.94
17:6:56:210,4.01,-0.19,-0.62
17:6:56:210,3.93,-0.08,-0.78
17:6:56:229,4.20,0.14,-0.77
17:6:56:229,3.98,-0.21,-0.61
17:6:56:229,3.91,-0.05,-0.60
17:6:56:229,3.87,0.36,-0.74
17:6:56:279,3.83,0.20,-0.67
17:6:56:279,3.92,0.16,-0.47
17:6:56:279,4.02,0.25,-0.67
17:6:56:297,4.01,0.25,-0.66
17:6:56:297,3.89,0.17,-0.52
17:6:56:297,3.94,0.28,-0.67
17:6:56:297,3.84,0.32,-0.61
17:6:56:416,3.94,0.16,-0.49
17:6:56:416,3.93,0.11,-0.57
17:6:56:416,3.93,0.32,-0.50
17:6:56:416,3.97,0.27,-0.48
17:6:56:416,3.99,-0.00,-0.49
17:6:56:433,4.03,0.09,-0.59
17:6:56:466,4.04,0.09,-0.53
17:6:56:466,4.08,0.21,-0.40
17:6:56:466,4.03,0.28,-0.40
17:6:56:466,3.97,0.21,-0.32
17:6:56:481,4.02,0.18,-0.24
17:6:56:481,4.16,0.12,-0.20
17:6:56:481,4.22,0.10,-0.07
17:6:56:481,4.22,1.31,0.49
17:6:56:564,3.63,1.44,-0.29
17:6:56:564,3.79,1.32,-0.91
17:6:56:596,4.31,1.25,-1.56
17:6:56:612,3.63,0.59,-1.55
17:6:56:628,3.76,0.36,-1.02
17:6:56:628,3.74,-0.27,-0.62
17:6:56:628,3.64,-0.14,-0.55
17:6:56:661,3.74,-0.18,-0.52
17:6:56:661,4.41,-0.88,-0.53
17:6:56:661,4.07,-2.70,-1.04
17:6:56:661,3.79,-3.00,-0.87
17:6:56:661,4.04,-3.72,-1.11
17:6:56:678,3.72,0.80,-0.23
17:6:56:779,3.83,0.58,-0.41
17:6:56:812,4.00,0.65,-0.73
17:6:56:812,3.90,0.27,-0.53
17:6:56:828,4.01,0.12,-0.60
17:6:56:828,3.96,0.42,-0.55
17:6:56:845,3.88,0.52,-0.51
17:6:56:877,3.99,0.37,-0.56
17:6:56:910,3.92,0.58,-0.51
17:6:56:945,4.03,0.47,-0.49
17:6:56:978,3.90,0.45,-0.55
17:6:56:993,3.86,0.65,-0.59
17:6:57:10,3.89,0.59,-0.52
17:6:57:59,3.94,0.43,-0.49
17:6:57:110,3.93,0.40,-0.51
17:6:57:126,3.88,0.46,-0.55
17:6:57:126,3.88,0.45,-0.53
17:6:57:143,3.92,0.40,-0.56
17:6:57:143,3.94,0.46,-0.54
17:6:57:158,3.96,0.49,-0.48
17:6:57:208,3.87,0.54,-0.57
17:6:57:272,3.89,0.49,-0.57
17:6:57:272,3.94,0.50,-0.59
17:6:57:288,3.89,0.54,-0.71
17:6:57:321,3.92,0.38,-0.70
17:6:57:369,3.92,0.41,-0.57
17:6:57:369,3.92,0.54,-0.51
17:6:57:384,3.89,0.54,-0.53
17:6:57:451,3.84,0.47,-0.45
17:6:57:451,3.90,0.44,-0.48
17:6:57:484,3.92,0.53,-0.38
17:6:57:500,4.01,0.42,-0.42
17:6:57:516,3.90,0.49,-0.56
17:6:57:516,3.87,0.41,-0.56
17:6:57:531,3.89,0.46,-0.51
17:6:57:531,3.89,0.51,-0.49
17:6:57:531,3.86,0.48,-0.55
17:6:57:548,3.89,0.47,-0.58
17:6:57:579,3.87,0.50,-0.56
17:6:57:597,3.89,0.56,-0.54
17:6:57:631,3.87,0.52,-0.53
17:6:57:648,3.90,0.51,-0.52
17:6:57:648,3.89,0.46,-0.56
17:6:57:664,3.92,0.42,-0.57
17:6:57:664,3.92,0.41,-0.57
17:6:57:680,3.93,0.41,-0.56
17:6:57:697,3.92,0.44,-0.54
17:6:57:700,3.88,0.49,-0.55
17:6:57:700,3.91,0.47,-0.52
17:6:57:732,3.92,0.41,-0.57
17:6:57:732,3.92,0.45,-0.57
17:6:57:781,3.89,0.47,-0.58
17:6:57:813,3.89,0.48,-0.53
17:6:57:829,3.92,0.47,-0.53
17:6:57:829,3.92,0.46,-0.55
17:6:57:847,3.92,0.44,-0.56
17:6:57:864,3.92,0.42,-0.52
17:6:57:881,3.93,0.45,-0.56
17:6:57:881,3.91,0.45,-0.56
17:6:57:898,3.91,0.44,-0.54
17:6:57:898,3.89,0.44,-0.52
17:6:57:916,3.91,0.48,-0.53
17:6:57:999,3.90,0.43,-0.56
17:6:58:14,3.90,0.45,-0.51
17:6:58:32,3.88,0.45,-0.56
17:6:58:32,3.95,0.46,-0.51
17:6:58:79,3.90,0.43,-0.52
17:6:58:161,3.91,0.44,-0.56
17:6:58:193,3.91,0.41,-0.53
17:6:58:193,3.94,0.38,-0.52
17:6:58:226,3.91,0.40,-0.54
17:6:58:226,3.90,0.40,-0.51
17:6:58:242,3.90,0.40,-0.54
17:6:58:258,3.90,0.37,-0.54
17:6:58:273,3.93,0.38,-0.54
17:6:58:273,3.90,0.37,-0.53
17:6:58:290,3.90,0.41,-0.53
17:6:58:355,3.93,0.36,-0.51
17:6:58:371,3.91,0.36,-0.54
17:6:58:387,3.91,0.39,-0.54
17:6:58:404,3.91,0.36,-0.52
17:6:58:420,3.91,0.36,-0.53
17:6:58:437,3.93,0.35,-0.55
17:6:58:453,3.91,0.36,-0.55
17:6:58:502,3.91,0.32,-0.55
17:6:58:533,3.93,0.36,-0.57
17:6:58:533,3.92,0.34,-0.54
17:6:58:555,3.95,0.35,-0.55
17:6:58:589,3.92,0.31,-0.54
17:6:58:589,3.92,0.34,-0.57
17:6:58:623,3.91,0.35,-0.54
17:6:58:658,3.89,0.34,-0.52
17:6:58:711,3.94,0.37,-0.53
17:6:58:759,3.96,0.36,-0.53
17:6:58:793,3.89,0.33,-0.57
17:6:58:809,3.91,0.34,-0.54
17:6:58:824,3.91,0.35,-0.58
17:6:58:824,3.91,0.36,-0.56
17:6:58:895,3.92,0.30,-0.56
17:6:58:927,3.89,0.28,-0.58
17:6:58:944,3.91,0.29,-0.57
17:6:58:975,3.87,0.33,-0.54
17:6:58:975,3.92,0.31,-0.53
17:6:58:991,3.95,0.57,-0.73
17:6:58:991,3.96,0.28,-0.52
17:6:59:7,3.94,0.31,-0.45
17:6:59:55,3.93,0.14,-0.55
17:6:59:71,3.92,0.11,-0.60
17:6:59:87,3.91,0.04,-0.63
17:6:59:136,3.96,0.05,-0.67
17:6:59:136,3.84,0.11,-0.62
17:6:59:152,3.85,0.05,-0.55
17:6:59:168,3.85,0.07,-0.56
17:6:59:168,3.99,0.21,-0.67
17:6:59:221,3.90,0.32,-0.79
17:6:59:272,3.77,0.39,-0.70
17:6:59:287,3.91,-0.30,-0.54
17:6:59:287,4.12,-0.08,-0.77
17:6:59:304,3.98,0.31,-0.94
17:6:59:320,3.88,0.06,-1.01
17:6:59:337,3.98,0.06,-0.86
17:6:59:354,3.94,0.42,-0.91
17:6:59:403,3.78,0.48,-1.05
17:6:59:501,3.86,0.28,-0.91
17:6:59:501,3.87,0.23,-0.74
17:6:59:517,3.90,0.30,-0.77
17:6:59:582,3.95,0.03,-0.92
17:6:59:616,3.83,0.11,-0.90
17:6:59:633,3.84,0.18,-0.80
17:6:59:682,3.92,0.11,-0.86
17:6:59:734,3.95,-0.04,-0.91
17:6:59:784,3.98,-0.22,-0.97
17:6:59:883,3.97,-0.13,-0.83
17:6:59:983,4.05,-0.01,-0.87
17:6:59:998,4.13,-0.20,-1.02
17:7:0:17,4.30,-0.52,-0.98
17:7:0:50,4.82,-0.34,-0.73
17:7:0:82,4.66,-0.16,-0.74
17:7:0:98,4.72,-0.22,-0.76
17:7:0:115,5.02,-0.08,-0.72
17:7:0:154,5.28,0.18,-0.95
17:7:0:182,5.50,0.51,-0.99
17:7:0:203,5.66,0.87,-0.83
17:7:0:213,5.76,0.98,-1.00
17:7:0:229,6.59,0.44,-0.92
17:7:0:229,6.19,0.12,-0.83
17:7:0:229,4.94,-0.77,-2.01
17:7:0:232,4.22,1.42,-1.51
17:7:0:232,1.50,3.07,0.63
17:7:0:244,1.04,2.80,0.50
17:7:0:249,1.68,1.64,-0.06
17:7:0:270,2.42,0.85,-0.29
17:7:0:330,3.14,0.61,-0.14
17:7:0:330,4.18,-0.02,0.17
17:7:0:330,5.41,-0.57,0.22
17:7:0:346,6.11,-1.24,-0.07
17:7:0:363,6.65,-1.59,-0.23
17:7:0:381,6.71,-1.46,-0.50
17:7:0:381,7.16,-2.00,-0.90
17:7:0:398,7.21,-2.83,-2.38
17:7:0:398,5.80,-4.81,-1.82
17:7:0:415,5.53,-6.03,-2.93
17:7:0:433,4.87,-7.64,-2.75
17:7:0:449,3.65,-2.64,-2.63
17:7:0:481,4.00,6.11,2.53
17:7:0:516,3.98,4.50,1.21
17:7:0:534,4.63,-0.15,-0.35
17:7:0:534,3.83,1.27,-1.01
17:7:0:554,4.57,0.81,-1.72
17:7:0:554,4.21,0.11,-0.81
17:7:0:571,4.20,0.08,-0.61
17:7:0:571,3.90,1.19,-0.56
17:7:0:588,3.76,1.40,-0.68
17:7:0:621,3.93,0.63,-1.21
17:7:0:721,3.70,0.52,-0.72
17:7:0:754,3.91,0.79,-0.35
17:7:0:772,3.85,0.96,-0.43
17:7:0:806,3.89,0.52,-0.99
17:7:0:838,3.89,0.22,-1.00
17:7:0:904,4.02,0.08,-0.64
17:7:0:938,3.80,0.28,-0.80
17:7:0:956,3.99,0.41,-1.42
17:7:0:957,4.17,0.10,-0.67
17:7:0:972,4.71,-0.12,-0.20
17:7:0:991,4.83,0.07,-0.51
17:7:1:72,4.80,0.11,-0.89
17:7:1:88,4.77,0.24,-1.01
17:7:1:119,4.70,0.33,-0.96
17:7:1:137,5.14,0.55,-0.73
17:7:1:137,5.79,1.30,-1.01
17:7:1:170,5.32,1.87,-0.44
17:7:1:170,6.18,1.64,-1.47
17:7:1:201,7.66,1.71,-2.11
17:7:1:300,7.81,0.27,-1.31
17:7:1:334,2.28,1.02,-1.34
17:7:1:334,2.84,3.45,0.61
17:7:1:349,1.21,2.87,1.40
17:7:1:351,1.46,2.35,0.98
17:7:1:417,1.46,0.29,0.09
17:7:1:417,1.96,1.11,-0.13
17:7:1:452,2.84,0.14,-0.22
17:7:1:452,3.44,0.37,-0.33
17:7:1:468,4.74,-0.69,-0.60
17:7:1:501,5.52,-0.51,-0.73
17:7:1:517,6.21,-1.19,-0.88
17:7:1:567,7.09,-1.08,-0.67
17:7:1:602,7.45,-2.43,-0.65
17:7:1:602,7.97,-2.27,-1.99
17:7:1:619,6.86,-3.24,-2.01
17:7:1:619,6.63,-3.69,-2.24
17:7:1:619,6.05,-8.00,-4.00
17:7:1:653,4.55,-8.00,-3.10
17:7:1:669,5.49,2.76,1.38
17:7:1:669,8.00,-3.77,-1.44
17:7:1:686,6.63,-1.03,0.35
17:7:1:702,4.25,1.40,-1.34
17:7:1:719,3.96,0.40,-1.45
17:7:1:786,4.10,-0.12,-1.63
17:7:1:803,4.03,-0.64,-0.50
17:7:1:838,3.83,0.68,-0.28
17:7:1:890,3.74,1.73,-0.36
17:7:1:941,3.63,1.73,-0.81
17:7:1:990,3.62,0.37,-1.14
17:7:2:6,4.04,0.55,-0.31
17:7:2:21,3.80,1.14,-0.38
17:7:2:54,3.75,0.84,-0.64
17:7:2:103,3.94,0.04,-0.84
17:7:2:137,3.96,0.12,-0.90
17:7:2:156,4.02,0.23,-0.92
17:7:2:156,4.12,0.44,-1.15
17:7:2:171,4.52,0.46,-1.28
17:7:2:171,5.02,0.22,-0.54
17:7:2:204,5.23,0.63,-0.47
17:7:2:221,5.18,0.16,-0.65
17:7:2:221,5.49,0.52,-0.97
17:7:2:238,6.22,0.67,-1.11
17:7:2:271,6.66,1.78,-1.08
17:7:2:271,6.26,2.70,-0.45
17:7:2:287,7.26,-0.54,-1.67
17:7:2:338,7.04,3.78,-1.27
17:7:2:338,6.72,0.17,-1.22
17:7:2:355,5.33,2.63,-1.20
17:7:2:391,1.32,2.73,0.61
17:7:2:391,1.20,2.79,0.39
17:7:2:408,1.07,1.06,0.14
17:7:2:408,1.64,0.62,-0.45
17:7:2:425,2.45,0.88,-0.27
17:7:2:425,3.54,0.38,-0.37
17:7:2:458,4.73,-0.28,-0.43
17:7:2:490,5.76,-0.49,-0.78
17:7:2:506,6.58,-0.92,-1.26
17:7:2:522,7.18,-1.51,-1.14
17:7:2:522,7.70,-2.27,-1.47
17:7:2:537,7.97,-2.39,-1.55
17:7:2:570,7.31,-3.04,-2.76
17:7:2:587,5.89,-6.65,-1.80
17:7:2:603,5.10,-8.00,-2.53
17:7:2:637,4.56,-8.00,-2.96
17:7:2:665,2.19,8.00,5.42
17:7:2:690,7.27,-7.91,1.75
17:7:2:707,6.68,-3.23,-0.47
17:7:2:723,4.73,1.15,-1.95
17:7:2:740,4.19,-0.05,-1.42
17:7:2:773,4.66,0.53,-2.56
17:7:2:808,3.89,0.17,-0.55
17:7:2:868,3.68,1.55,-0.18
17:7:2:868,3.85,1.18,-0.42
17:7:2:885,3.60,1.01,-1.16
17:7:2:885,3.87,0.53,-0.78
17:7:2:918,3.90,0.90,-0.24
17:7:2:935,3.59,1.11,-0.50
17:7:2:986,3.79,0.65,-1.01
17:7:3:2,4.07,-0.15,-0.76
17:7:3:35,4.20,-0.61,-0.68
17:7:3:52,3.79,0.33,-1.15
17:7:3:52,4.17,0.14,-1.25
17:7:3:83,5.02,0.12,-0.88
17:7:3:116,5.06,0.21,-0.53
17:7:3:133,5.09,0.27,-0.66
17:7:3:149,5.35,0.51,-0.93
17:7:3:182,5.73,0.77,-1.21
17:7:3:247,6.45,1.47,-0.93
17:7:3:247,6.87,2.75,-0.06
17:7:3:263,6.12,2.09,-0.26
17:7:3:296,8.00,2.33,-1.45
17:7:3:313,6.90,1.14,-2.23
17:7:3:329,2.48,-0.22,-3.22
17:7:3:361,1.83,4.85,0.72
17:7:3:410,0.56,2.25,0.44
17:7:3:410,0.54,1.91,0.55
17:7:3:426,1.47,0.50,-0.42
17:7:3:474,2.09,0.51,-0.57
17:7:3:490,1.61,2.46,-0.34
17:7:3:490,4.32,0.11,-0.31
17:7:3:507,5.79,-0.62,-0.49
17:7:3:573,6.72,-1.18,-0.62
17:7:3:588,7.30,-1.93,-0.83
17:7:3:588,7.89,-2.20,-0.84
17:7:3:621,8.00,-3.19,-2.17
17:7:3:637,7.06,-7.11,-3.36
17:7:3:670,5.78,-5.90,-1.10
17:7:3:685,4.60,-8.00,-4.26
17:7:3:750,5.73,-6.91,-1.98
17:7:3:750,8.00,1.09,0.59
17:7:3:750,6.08,1.95,0.52
17:7:3:766,4.41,0.92,-1.19
17:7:3:815,3.43,1.74,-1.51
17:7:3:831,3.90,0.48,-1.68
17:7:3:849,3.95,-0.14,-0.81
17:7:3:900,4.27,0.27,-0.07
17:7:3:969,3.88,1.08,-0.38
17:7:4:19,3.76,1.18,-1.26
17:7:4:19,4.12,0.29,-0.79
17:7:4:35,4.09,0.71,0.00
17:7:4:51,4.06,1.09,-0.37
17:7:4:120,3.78,0.92,-1.18
17:7:4:215,4.04,-0.40,-0.97
17:7:4:233,3.92,-0.00,-0.84
17:7:4:233,4.15,0.74,-0.70
17:7:4:266,4.47,0.49,-0.59
17:7:4:334,4.68,0.11,-0.60
17:7:4:334,4.80,0.17,-0.61
17:7:4:352,4.72,0.41,-0.90
17:7:4:367,4.80,0.69,-1.04
17:7:4:383,5.34,0.39,-0.71
17:7:4:400,5.92,0.92,-1.04
17:7:4:400,6.38,2.07,-1.03
17:7:4:473,6.56,2.81,-0.79
17:7:4:525,7.80,0.20,-1.86
17:7:4:541,7.44,3.57,-1.81
17:7:4:552,4.07,0.31,-0.86
17:7:4:579,2.18,4.04,0.62
17:7:4:594,1.59,2.13,-0.16
17:7:4:594,1.37,2.03,0.39
17:7:4:648,1.66,0.66,0.18
17:7:4:706,2.39,0.51,-0.14
17:7:4:709,0.89,3.29,-0.41
17:7:4:709,4.42,-0.59,0.18
17:7:4:726,5.44,-0.86,-0.39
17:7:4:730,5.84,-1.24,-0.80
17:7:4:736,6.11,-1.41,-0.91
17:7:4:746,6.69,-1.77,-0.50
17:7:4:752,7.50,-1.94,-0.38
17:7:4:752,7.10,-3.03,-1.93
17:7:4:770,6.27,-3.90,-2.37
17:7:4:819,5.89,-5.00,-1.09
17:7:4:835,4.28,-8.00,-3.52
17:7:4:851,4.77,-7.86,-2.78
17:7:4:851,4.90,3.10,1.42
17:7:4:868,8.00,-2.42,1.43
17:7:4:886,7.11,-0.57,0.24
17:7:4:902,4.55,0.91,-0.70
17:7:4:921,4.07,0.77,-1.04
17:7:4:938,4.35,0.21,-3.11
17:7:4:956,3.71,0.73,-1.00
17:7:5:7,3.78,0.85,-0.87
17:7:5:23,4.29,0.54,0.05
17:7:5:39,3.76,0.57,-0.47
17:7:5:103,3.80,0.72,-0.84
17:7:5:120,4.02,0.89,-0.50
17:7:5:120,3.91,0.87,-0.56
17:7:5:120,3.77,0.57,-0.94
17:7:5:240,3.88,0.50,-0.94
17:7:5:240,3.91,0.49,-1.29
17:7:5:257,4.05,0.34,-0.67
17:7:5:257,4.49,0.31,-0.39
17:7:5:275,4.63,0.30,-0.52
17:7:5:275,4.70,0.32,-0.71
17:7:5:292,4.87,-0.01,-0.79
17:7:5:309,5.08,0.46,-0.98
17:7:5:361,5.45,0.42,-0.62
17:7:5:377,6.31,1.11,0.12
17:7:5:395,7.55,2.29,0.41
17:7:5:428,5.51,1.25,-1.57
17:7:5:445,8.00,4.87,-2.10
17:7:5:465,6.75,-0.19,-0.95
17:7:5:483,5.60,3.08,-4.11
17:7:5:551,1.91,3.78,0.98
17:7:5:586,0.81,2.22,0.60
17:7:5:604,0.60,2.08,0.17
17:7:5:637,1.80,0.59,-0.69
17:7:5:638,2.66,0.85,-0.69
17:7:5:657,3.94,-0.14,-0.95
17:7:5:743,5.03,-0.82,-0.97
17:7:5:776,5.54,-0.92,-0.70
17:7:5:777,6.78,-1.72,-0.75
17:7:5:796,7.59,-3.14,-1.45
17:7:5:814,7.37,-5.00,-1.61
17:7:5:814,7.51,-5.67,-1.91
17:7:5:831,5.47,-7.89,-3.93
17:7:5:831,6.07,-8.00,-2.62
17:7:5:848,5.25,-6.21,-0.99
17:7:5:882,7.05,4.38,1.54
17:7:5:931,4.96,2.68,0.94
17:7:5:950,4.06,0.51,-1.69
17:7:6:1,4.36,1.03,-3.00
17:7:6:1,3.67,0.55,-1.38
17:7:6:52,4.15,-0.86,-0.29
17:7:6:103,3.88,0.17,-0.55
17:7:6:119,3.77,1.40,-0.67
17:7:6:119,3.79,1.11,-0.93
17:7:6:152,4.02,-0.00,-0.48
17:7:6:152,4.06,0.19,-0.35
17:7:6:169,3.78,0.61,-0.89
17:7:6:170,3.95,-0.22,-0.85
17:7:6:170,3.98,-0.10,-0.73
17:7:6:256,3.94,-0.08,-0.87
17:7:6:274,3.96,0.07,-0.72
17:7:6:323,4.32,0.29,-0.89
17:7:6:338,4.55,-0.11,-0.75
17:7:6:354,4.31,-0.21,-0.63
17:7:6:371,4.25,0.11,-1.03
17:7:6:389,4.48,-0.35,-1.06
17:7:6:389,4.59,-0.57,-0.92
17:7:6:389,4.75,-0.32,-1.02
17:7:6:471,5.11,0.17,-1.09
17:7:6:487,5.63,0.50,-1.32
17:7:6:504,5.81,1.02,-0.72
17:7:6:519,5.65,1.55,-1.24
17:7:6:536,5.75,-0.79,-1.75
17:7:6:553,5.80,0.51,-0.92
17:7:6:651,6.63,-1.14,-1.01
17:7:6:670,3.66,0.62,-1.57
17:7:6:670,1.95,2.75,0.57
17:7:6:688,1.28,2.17,0.20
17:7:6:688,1.46,1.24,0.33
17:7:6:705,1.97,-0.23,-0.37
17:7:6:705,2.32,0.14,0.04
17:7:6:736,3.27,0.03,0.22
17:7:6:753,3.84,-0.89,-0.36
17:7:6:820,4.66,-1.33,-0.96
17:7:6:835,5.52,-2.03,-0.95
17:7:6:835,5.63,-1.91,-0.77
17:7:6:885,5.74,-1.92,-1.06
17:7:6:901,5.85,-2.57,-1.22
17:7:6:917,5.73,-1.48,-0.81
17:7:6:917,5.51,-1.22,-0.95
17:7:7:13,5.34,-1.16,-0.81
17:7:7:29,5.76,-3.74,-1.69
17:7:7:62,4.46,-2.40,-1.27
17:7:7:80,4.43,-2.59,-1.15
17:7:7:89,4.14,-2.78,-0.87
17:7:7:106,3.44,-2.76,-1.17
17:7:7:209,4.78,0.74,0.82
17:7:7:221,5.91,0.66,0.09
17:7:7:348,5.26,0.59,-0.23
17:7:7:399,4.48,0.75,-0.86
17:7:7:399,4.00,1.03,-0.65
17:7:7:416,3.95,0.99,-1.05
17:7:7:416,3.86,1.16,-1.53
17:7:7:435,3.92,0.78,-0.30
17:7:7:452,4.11,0.92,-0.52
17:7:7:468,3.76,1.40,-0.95
17:7:7:519,3.55,0.76,-0.70
17:7:7:553,4.09,0.39,-0.25
17:7:7:553,3.87,0.68,-0.49
17:7:7:553,3.88,0.76,-0.87
17:7:7:586,3.73,0.53,-0.75
17:7:7:586,3.91,0.52,-0.61
17:7:7:603,3.89,0.63,-0.57
17:7:7:620,3.76,0.36,-0.68
17:7:7:653,3.94,0.43,-0.82
17:7:7:686,3.76,0.77,-0.90
17:7:7:720,3.77,0.56,-0.73
17:7:7:725,3.85,0.57,-0.76
17:7:7:725,3.91,0.57,-0.72
17:7:7:743,3.86,0.38,-0.80
17:7:7:760,3.70,0.55,-0.92
17:7:7:776,4.01,0.01,-0.76
17:7:7:776,3.96,0.32,-0.90
17:7:7:793,4.15,0.24,-0.94
17:7:7:809,3.79,0.27,-0.97
17:7:7:809,4.06,-0.35,-0.95
17:7:7:826,4.09,-0.44,-1.02
17:7:7:878,4.27,0.30,-0.85
17:7:7:982,4.67,0.27,-0.57
17:7:7:998,4.54,0.15,-0.77
17:7:7:998,4.61,0.11,-0.80
17:7:8:80,4.58,0.03,-0.66
17:7:8:115,5.06,-0.19,-0.24
17:7:8:132,4.50,0.02,-0.50
17:7:8:166,4.30,-0.42,-0.90
17:7:8:184,4.36,-0.96,-1.36
17:7:8:245,4.44,-0.85,-1.47
17:7:8:277,4.61,-1.04,-1.85
17:7:8:292,3.40,-1.96,-1.83
17:7:8:292,3.05,0.28,-1.58
17:7:8:309,2.25,0.97,0.24
17:7:8:324,1.49,1.33,0.89
17:7:8:374,1.88,0.48,0.22
17:7:8:422,2.32,-0.24,-0.33
17:7:8:455,3.00,-0.70,-0.47
17:7:8:471,3.67,-1.57,-0.01
17:7:8:471,4.40,-2.20,-0.11
17:7:8:526,4.79,-2.47,-0.66
17:7:8:526,4.81,-2.86,-1.26
17:7:8:526,4.61,-2.76,-1.35
17:7:8:542,4.65,-2.85,-1.28
17:7:8:579,4.41,-2.68,-1.33
17:7:8:648,4.19,-2.41,-1.46
17:7:8:649,4.36,-3.99,-2.41
17:7:8:649,3.92,-0.53,-1.47
17:7:8:666,3.28,0.38,-0.83
17:7:8:683,4.47,0.02,-0.07
17:7:8:683,4.37,0.42,-0.02
17:7:8:683,3.95,0.04,0.06
17:7:8:700,3.97,0.12,-0.55
17:7:8:719,3.94,0.36,-0.78
17:7:8:734,3.94,0.49,-0.54
17:7:8:799,3.96,0.51,-0.36
17:7:8:799,3.93,0.66,-0.33
17:7:8:815,3.87,0.59,-0.49
17:7:8:830,3.98,0.79,-0.42
17:7:8:846,3.85,1.25,-0.54
17:7:8:846,3.92,1.28,-0.55
17:7:8:862,3.94,0.63,-0.47
17:7:8:862,3.90,0.43,-0.51
17:7:8:879,3.87,0.46,-0.62
17:7:8:895,3.91,0.50,-0.63
17:7:8:944,3.90,0.55,-0.56
17:7:8:977,3.89,0.52,-0.51
17:7:9:10,3.88,0.64,-0.58
17:7:9:10,3.88,0.65,-0.57
17:7:9:41,3.89,0.62,-0.54
17:7:9:50,3.89,0.57,-0.58
17:7:9:68,3.89,0.50,-0.61
17:7:9:84,3.90,0.49,-0.56
17:7:9:156,3.89,0.53,-0.56
17:7:9:171,3.91,0.57,-0.59
17:7:9:171,3.88,0.57,-0.57
17:7:9:204,3.90,0.55,-0.60
17:7:9:251,3.87,0.56,-0.57
17:7:9:269,3.88,0.63,-0.53
17:7:9:269,3.88,0.57,-0.56
17:7:9:324,3.87,0.58,-0.59
17:7:9:341,3.87,0.50,-0.58
17:7:9:342,3.88,0.50,-0.56
17:7:9:342,3.92,0.45,-0.54
17:7:9:376,3.89,0.45,-0.57
17:7:9:392,3.89,0.53,-0.58
17:7:9:409,3.88,0.52,-0.54
17:7:9:443,3.90,0.52,-0.50
17:7:9:512,3.89,0.49,-0.53
17:7:9:531,3.92,0.46,-0.58
17:7:9:531,3.90,0.52,-0.54
17:7:9:579,3.90,0.53,-0.57
17:7:9:579,3.89,0.54,-0.57
17:7:9:595,3.90,0.52,-0.52
17:7:9:612,3.88,0.53,-0.56
17:7:9:679,3.88,0.57,-0.55
17:7:9:697,3.91,0.53,-0.55
17:7:9:714,3.89,0.52,-0.54
17:7:9:714,3.91,0.51,-0.58
17:7:9:732,3.88,0.54,-0.54
17:7:9:748,3.89,0.57,-0.52
17:7:9:781,3.90,0.53,-0.53
17:7:9:814,3.90,0.54,-0.53
17:7:9:870,3.91,0.50,-0.54
17:7:9:887,3.88,0.51,-0.54
17:7:9:902,3.89,0.50,-0.54
17:7:9:902,3.88,0.50,-0.54
17:7:9:919,3.89,0.50,-0.49
17:7:9:967,3.88,0.50,-0.53
17:7:10:51,3.88,0.53,-0.53
17:7:10:68,3.89,0.52,-0.54
17:7:10:68,3.89,0.51,-0.54
17:7:10:105,3.89,0.53,-0.53
17:7:10:121,3.90,0.49,-0.53
17:7:10:121,3.91,0.51,-0.55
17:7:10:121,3.91,0.52,-0.53
17:7:10:138,3.89,0.52,-0.53
17:7:10:156,3.92,0.52,-0.55
17:7:10:207,3.90,0.52,-0.53
17:7:10:242,3.89,0.53,-0.51
17:7:10:259,3.92,0.53,-0.55
17:7:10:259,3.90,0.54,-0.52
17:7:10:276,3.90,0.55,-0.55
17:7:10:310,3.89,0.54,-0.52
17:7:10:329,3.93,0.49,-0.55
17:7:10:345,3.92,0.50,-0.54
17:7:10:426,3.90,0.56,-0.54
17:7:10:442,3.91,0.55,-0.53
17:7:10:442,3.90,0.52,-0.51
17:7:10:459,3.90,0.53,-0.53
17:7:10:475,3.90,0.55,-0.53
17:7:10:491,3.89,0.56,-0.53
17:7:10:524,3.91,0.55,-0.54
17:7:10:608,3.90,0.52,-0.50
17:7:10:632,3.89,0.56,-0.52
17:7:10:648,3.89,0.57,-0.55
17:7:10:648,3.92,0.56,-0.53
17:7:10:697,3.89,0.56,-0.52
17:7:10:766,3.94,0.57,-0.54
17:7:10:766,3.82,0.70,-0.55
17:7:10:798,3.89,0.54,-0.50
17:7:10:813,3.96,0.51,-0.49
17:7:10:829,3.95,0.43,-0.50
17:7:10:845,3.96,0.38,-0.50
17:7:10:863,3.89,0.45,-0.52
17:7:10:863,3.92,0.48,-0.48
17:7:10:880,3.92,0.54,-0.52
17:7:10:880,3.89,0.57,-0.46
17:7:10:916,3.92,0.53,-0.42
17:7:10:964,3.87,0.60,-0.46
17:7:10:964,3.93,0.60,-0.44
17:7:10:981,3.90,0.57,-0.46
17:7:11:14,3.92,0.58,-0.42
17:7:11:30,3.89,0.59,-0.41
17:7:11:47,3.90,0.58,-0.42
17:7:11:115,3.94,0.61,-0.41
17:7:11:151,3.90,0.67,-0.41
17:7:11:151,3.86,0.69,-0.39
17:7:11:169,3.90,0.61,-0.38
17:7:11:185,3.95,0.59,-0.41
17:7:11:201,3.88,0.59,-0.43
17:7:11:218,3.90,0.49,-0.36
17:7:11:251,3.96,0.39,-0.41
17:7:11:317,3.95,0.45,-0.36
17:7:11:398,3.92,0.46,-0.35
17:7:11:416,3.93,0.44,-0.37
17:7:11:423,3.98,0.27,-0.38
17:7:11:440,4.06,-0.10,-0.40
17:7:11:440,4.07,-0.63,-0.43
17:7:11:519,4.29,-0.79,-0.48
17:7:11:551,4.09,-0.97,-0.80
17:7:11:567,4.00,-0.71,-0.99
17:7:11:584,4.05,-0.89,-1.32
17:7:11:584,3.93,-0.80,-1.47
17:7:11:600,3.80,-0.42,-1.61
17:7:11:600,3.76,0.33,-1.63
17:7:11:616,3.69,1.10,-1.54
17:7:11:634,3.44,2.06,-1.63
17:7:11:669,3.35,2.32,-2.14
17:7:11:689,3.57,1.54,-2.14
17:7:11:689,3.52,1.04,-1.64
17:7:11:706,3.66,1.41,-0.82
17:7:11:721,3.70,1.44,-0.47
17:7:11:738,3.81,1.08,-0.62
17:7:11:821,3.86,1.35,-0.40
17:7:11:870,3.92,0.79,-0.05
17:7:11:870,3.76,1.25,-0.33
17:7:11:903,4.00,0.34,-0.50
17:7:11:905,4.07,0.21,-0.94
17:7:11:958,3.94,0.66,-0.85
17:7:12:24,3.84,1.07,-0.76
17:7:12:39,3.86,0.44,-0.51
17:7:12:39,4.07,0.33,-0.64
17:7:12:56,3.81,0.41,-0.65
17:7:12:90,3.95,0.52,-0.71
17:7:12:90,3.82,0.84,-0.46
17:7:12:106,3.96,0.64,-0.48
17:7:12:106,3.95,0.54,-0.65
17:7:12:122,3.96,0.64,-0.62
17:7:12:138,3.96,0.61,-0.64
17:7:12:156,3.89,0.80,-0.74
17:7:12:233,3.98,0.26,-0.26
17:7:12:250,4.14,0.04,-0.48
17:7:12:250,3.70,1.13,-0.83
17:7:12:267,3.86,0.82,-0.73
17:7:12:283,3.93,0.36,-0.41
17:7:12:300,3.89,0.62,-0.46
17:7:12:319,3.77,1.11,-0.58
17:7:12:386,3.69,1.38,-0.60
17:7:12:419,3.93,1.01,-0.71
17:7:12:450,4.08,0.63,-0.41
17:7:12:450,4.03,0.37,-0.39
17:7:12:466,3.88,0.71,-0.39
17:7:12:466,3.90,0.74,-0.43
17:7:12:486,3.87,0.55,-0.57
17:7:12:518,4.09,0.24,-0.55
17:7:12:549,3.88,0.61,-0.47
17:7:12:582,3.87,0.92,-0.35
17:7:12:632,3.70,0.79,-0.30
17:7:12:632,3.90,0.14,-0.51
17:7:12:648,4.28,-0.18,-0.12
17:7:12:648,4.26,-0.65,-0.28
17:7:12:682,4.05,0.39,-0.27
17:7:12:752,3.95,0.55,0.07
17:7:12:787,4.02,0.32,-0.05
17:7:12:803,4.00,0.46,-0.25
17:7:12:838,3.71,0.77,-0.36
17:7:12:853,3.71,0.99,-0.35
17:7:12:853,3.80,1.85,-0.89
17:7:12:870,3.87,1.38,-0.77
17:7:12:870,3.39,1.36,-0.72
17:7:12:935,3.15,1.58,-1.00
17:7:12:953,3.09,2.86,-1.68
17:7:12:969,4.03,-0.16,-0.56
17:7:12:986,3.91,0.45,-0.17
17:7:12:986,4.03,0.32,0.09
17:7:13:12,4.19,0.35,-0.08
17:7:13:44,4.02,0.64,-0.83
17:7:13:113,3.91,0.76,-0.61
17:7:13:129,3.91,0.56,-0.37
17:7:13:178,3.80,0.83,-0.42
17:7:13:280,3.82,0.96,-0.71
17:7:13:298,3.93,0.73,-0.78
17:7:13:314,3.95,0.55,-0.65
17:7:13:331,3.90,0.57,-0.68
17:7:13:349,3.83,0.87,-0.73
17:7:13:349,3.69,0.84,-0.81
17:7:13:366,3.75,0.70,-0.69
17:7:13:385,3.87,0.60,-0.68
17:7:13:385,3.84,0.71,-0.79
17:7:13:402,4.00,0.95,-0.77
17:7:13:418,3.88,0.56,-0.73
17:7:13:420,3.81,0.67,-0.65
17:7:13:472,3.78,0.80,-0.72
17:7:13:488,3.87,0.76,-0.78
17:7:13:505,3.81,0.65,-0.74
17:7:13:505,3.86,0.71,-0.71
17:7:13:523,3.85,0.74,-0.75
17:7:13:541,3.86,0.71,-0.78
17:7:13:574,3.87,0.69,-0.79
17:7:13:590,3.84,0.72,-0.71
17:7:13:639,3.81,0.74,-0.67
17:7:13:655,3.83,0.69,-0.69
17:7:13:655,3.83,0.66,-0.66
17:7:13:686,3.83,0.63,-0.67
17:7:13:736,3.86,0.67,-0.66
17:7:13:736,3.85,0.59,-0.68
17:7:13:752,3.83,0.51,-0.52
17:7:13:824,3.89,0.56,-0.64
17:7:13:843,3.88,0.51,-0.69
17:7:13:843,3.85,0.41,-0.69
17:7:13:878,3.89,0.45,-0.74
17:7:13:895,3.85,0.60,-0.59
17:7:13:895,3.87,0.66,-0.58
17:7:13:911,3.86,0.60,-0.59
17:7:13:961,3.88,0.51,-0.71
17:7:13:976,3.87,0.51,-0.69
17:7:14:8,3.89,0.47,-0.62
17:7:14:25,3.85,0.45,-0.60
17:7:14:78,3.90,0.41,-0.67
17:7:14:78,3.88,0.43,-0.65
17:7:14:95,3.90,0.52,-0.70
17:7:14:113,3.85,0.50,-0.58
17:7:14:165,3.93,0.42,-0.62
17:7:14:199,3.86,0.47,-0.67
17:7:14:217,3.87,0.52,-0.65
17:7:14:235,3.86,0.51,-0.62
17:7:14:235,3.88,0.46,-0.59
17:7:14:251,3.90,0.42,-0.68
17:7:14:286,3.89,0.51,-0.62
17:7:14:318,3.87,0.55,-0.67
17:7:14:365,3.88,0.50,-0.62
17:7:14:382,3.91,0.49,-0.63
17:7:14:430,3.87,0.51,-0.64
17:7:14:447,3.92,0.40,-0.63
17:7:14:465,3.88,0.50,-0.67
17:7:14:482,3.86,0.57,-0.69
17:7:14:515,3.90,0.47,-0.59
17:7:14:563,3.89,0.46,-0.64
17:7:14:563,3.92,0.39,-0.64
17:7:14:586,3.86,0.43,-0.65
17:7:14:635,3.88,0.50,-0.67
17:7:14:635,3.88,0.58,-0.68
17:7:14:651,3.90,0.49,-0.64
17:7:14:668,3.89,0.46,-0.62
17:7:14:720,3.88,0.55,-0.69
17:7:14:737,3.86,0.58,-0.69
17:7:14:755,3.92,0.45,-0.60
17:7:14:755,3.92,0.41,-0.65
17:7:14:773,3.88,0.47,-0.65
17:7:14:805,3.91,0.51,-0.64
17:7:14:822,3.90,0.46,-0.63
17:7:14:838,3.88,0.44,-0.65
17:7:14:858,3.89,0.44,-0.66
17:7:14:928,3.89,0.43,-0.63
17:7:14:946,3.87,0.45,-0.63
17:7:14:946,3.88,0.48,-0.57
17:7:14:962,3.89,0.49,-0.62
17:7:14:997,3.87,0.46,-0.64
17:7:15:32,3.87,0.44,-0.65
17:7:15:80,3.89,0.47,-0.60
17:7:15:130,3.88,0.51,-0.63
17:7:15:147,3.89,0.45,-0.64
17:7:15:164,3.88,0.46,-0.66
17:7:15:164,3.87,0.49,-0.64
17:7:15:199,3.89,0.47,-0.60
17:7:15:216,3.88,0.47,-0.66
17:7:15:265,3.89,0.45,-0.66
17:7:15:314,3.89,0.48,-0.60
17:7:15:329,3.89,0.43,-0.60
17:7:15:329,3.89,0.43,-0.65
17:7:15:345,3.87,0.52,-0.65
17:7:15:362,3.87,0.47,-0.68
17:7:15:384,3.89,0.39,-0.60
17:7:15:388,3.89,0.46,-0.61
17:7:15:394,3.90,0.50,-0.66
17:7:15:461,3.89,0.43,-0.67
17:7:15:461,3.91,0.40,-0.63
17:7:15:477,3.92,0.43,-0.63
17:7:15:494,3.92,0.46,-0.65
17:7:15:510,3.91,0.46,-0.62
17:7:15:526,3.89,0.44,-0.65
17:7:15:543,3.89,0.45,-0.59
17:7:15:627,3.91,0.50,-0.60
17:7:15:677,3.92,0.49,-0.61
17:7:15:726,3.91,0.47,-0.61
17:7:15:742,3.95,0.44,-0.58
17:7:15:807,3.98,0.46,-0.57
17:7:15:824,3.96,0.55,-0.54
17:7:15:841,3.98,0.54,-0.47
17:7:15:858,4.07,0.58,-0.44
17:7:15:858,4.08,0.68,-0.47
17:7:15:876,4.17,1.00,-0.62
17:7:15:893,4.89,-0.29,-0.34
17:7:15:910,4.81,0.37,-0.44
17:7:15:911,4.64,0.13,-0.88
17:7:15:928,3.93,1.34,-0.11
17:7:15:928,3.71,2.06,-0.26
17:7:15:981,2.75,2.63,-0.24
17:7:15:996,2.79,2.12,-0.17
17:7:16:15,3.18,1.72,0.18
17:7:16:31,3.77,1.22,0.15
17:7:16:31,4.33,0.64,-0.29
17:7:16:47,4.35,0.56,-0.50
17:7:16:97,4.47,0.40,-0.28
17:7:16:113,4.93,0.06,0.18
17:7:16:145,4.79,-0.47,-0.38
17:7:16:177,4.38,-0.69,-0.43
17:7:16:195,4.19,-0.77,-0.87
17:7:16:210,4.28,-0.64,-0.48
17:7:16:210,4.12,-1.26,-0.61
17:7:16:257,3.86,-0.66,-0.62
17:7:16:274,4.00,-0.88,-0.98
17:7:16:354,4.15,-0.74,-0.68
17:7:16:354,4.08,2.00,-0.80
17:7:16:370,4.49,1.42,0.14
17:7:16:370,4.02,0.43,0.38
17:7:16:401,4.09,0.42,-0.41
17:7:16:434,3.89,1.28,-0.92
17:7:16:452,3.97,0.72,-1.22
17:7:16:468,4.12,0.19,-0.49
17:7:16:501,3.96,0.79,-0.26
17:7:16:534,3.90,1.08,-0.57
17:7:16:534,3.97,0.75,-0.96
17:7:16:568,3.81,0.62,-0.97
17:7:16:600,3.86,0.80,-0.68
17:7:16:617,3.94,0.89,-0.47
17:7:16:635,3.84,0.65,-0.44
17:7:16:719,3.88,0.56,-0.59
17:7:16:719,3.84,0.76,-0.74
17:7:16:736,3.83,0.52,-0.84
17:7:16:736,3.84,0.66,-0.82
17:7:16:752,3.98,0.26,-0.59
17:7:16:785,3.94,0.44,-0.78
17:7:16:821,3.95,0.34,-0.93
17:7:16:821,4.13,0.42,-0.68
17:7:16:872,4.33,0.14,-1.01
17:7:16:887,4.18,0.14,-1.02
17:7:16:887,5.24,0.40,-0.50
17:7:16:922,5.02,0.51,-0.56
17:7:16:955,5.47,0.45,-0.59
17:7:16:973,5.85,0.42,-0.88
17:7:16:989,6.43,0.88,-1.17
17:7:17:67,6.38,1.80,-1.48
17:7:17:67,6.27,2.22,-1.07
17:7:17:82,6.74,1.64,-0.21
17:7:17:99,6.74,-0.08,-1.26
17:7:17:117,1.36,2.93,-0.62
17:7:17:167,1.47,3.43,0.51
17:7:17:167,1.28,3.38,0.42
17:7:17:247,1.42,2.07,-0.37
17:7:17:300,2.17,1.35,-0.54
17:7:17:315,2.84,0.88,-0.61
17:7:17:331,4.20,0.28,-0.56
17:7:17:348,5.24,-0.82,-0.68
17:7:17:348,5.31,-0.99,-0.79
17:7:17:348,5.92,-1.61,-0.31
17:7:17:364,6.71,-1.17,0.39
17:7:17:381,6.89,-2.12,0.10
17:7:17:397,6.23,-1.74,-0.57
17:7:17:431,6.28,-2.45,-1.09
17:7:17:448,5.77,-3.36,-1.19
17:7:17:464,5.19,-5.44,-2.83
17:7:17:496,4.88,-6.68,-1.94
17:7:17:530,5.09,-4.50,-2.09
17:7:17:562,2.83,8.00,2.47
17:7:17:579,5.03,1.81,0.27
17:7:17:615,5.90,-1.63,0.39
17:7:17:615,4.20,1.75,-0.30
17:7:17:631,3.58,1.34,-0.92
17:7:17:662,4.10,0.33,-1.18
17:7:17:710,4.56,0.73,-1.98
17:7:17:712,4.13,1.10,-0.43
17:7:17:746,4.01,1.19,-0.51
17:7:17:831,4.01,0.75,-0.75
17:7:17:849,3.68,0.86,-1.20
17:7:17:864,3.85,1.10,-0.98
17:7:17:864,3.86,0.92,-0.27
17:7:17:864,3.90,0.63,-0.46
17:7:17:880,3.84,0.57,-1.01
17:7:17:896,3.68,1.23,-1.10
17:7:17:948,3.79,0.04,-0.65
17:7:17:982,4.05,-0.19,-0.57
17:7:17:982,3.97,0.17,-0.88
17:7:18:0,4.11,0.25,-1.23
17:7:18:35,4.79,0.71,-0.90
17:7:18:52,4.92,0.12,-0.81
17:7:18:68,4.70,0.50,-0.86
17:7:18:182,5.16,0.29,-0.67
17:7:18:182,5.24,0.56,-0.53
17:7:18:198,5.46,0.52,-1.12
17:7:18:198,5.97,1.42,-0.89
17:7:18:215,5.69,1.98,-0.25
17:7:18:215,6.61,1.53,-1.36
17:7:18:264,6.73,1.50,-0.86
17:7:18:281,7.57,1.48,-1.56
17:7:18:334,4.24,0.18,-2.73
17:7:18:351,2.89,3.80,0.39
17:7:18:368,1.32,3.18,0.34
17:7:18:385,1.01,2.10,0.36
17:7:18:403,1.37,1.20,-0.32
17:7:18:420,2.49,1.21,-0.32
17:7:18:420,3.82,1.28,0.04
17:7:18:483,5.00,0.07,-0.38
17:7:18:516,6.05,-0.34,-1.09
17:7:18:532,6.83,-2.05,-1.16
17:7:18:532,7.51,-1.83,-0.46
17:7:18:549,7.76,-2.32,-0.53
17:7:18:582,7.61,-2.78,-1.53
17:7:18:597,6.63,-5.10,-2.71
17:7:18:632,6.00,-4.80,-1.01
17:7:18:663,6.29,-8.00,-4.09
17:7:18:680,5.19,-8.00,-3.95
17:7:18:697,5.18,-0.70,-4.42
17:7:18:728,0.32,8.00,5.39
17:7:18:761,4.68,7.53,1.78
17:7:18:778,4.51,-1.27,-1.37
17:7:18:794,3.66,1.66,-1.46
17:7:18:810,4.17,0.54,-1.85
17:7:18:859,3.75,0.51,-1.36
17:7:18:891,4.10,-0.26,-0.55
17:7:18:892,3.98,0.26,0.29
17:7:18:910,3.90,0.83,-0.25
17:7:18:927,3.74,0.76,-0.91
17:7:18:979,3.93,0.63,-1.16
17:7:19:14,3.86,0.35,-0.35
17:7:19:49,4.03,0.64,-0.21
17:7:19:49,3.90,0.52,-0.78
17:7:19:66,3.82,1.32,-0.58
17:7:19:84,4.00,-0.14,-0.92
17:7:19:149,3.99,0.79,-1.15
17:7:19:167,4.46,0.25,-1.21
17:7:19:200,5.38,0.00,-0.59
17:7:19:247,5.21,-0.28,-0.50
17:7:19:247,5.11,0.31,-0.62
17:7:19:264,5.38,0.71,-1.28
17:7:19:264,6.04,0.72,-1.15
17:7:19:281,6.75,1.68,-1.15
17:7:19:314,6.38,3.00,-0.46
17:7:19:314,7.89,0.02,-1.43
17:7:19:348,8.00,4.40,-1.97
17:7:19:400,3.81,1.39,-1.42
17:7:19:417,1.72,4.58,-0.30
17:7:19:433,0.59,3.49,0.62
17:7:19:434,1.40,2.98,0.95
17:7:19:467,1.82,0.60,0.22
17:7:19:483,2.88,1.21,0.09
17:7:19:515,3.73,0.36,0.13
17:7:19:532,4.67,-0.21,-0.18
17:7:19:598,5.88,-0.78,-0.37
17:7:19:598,6.73,-0.38,-0.27
17:7:19:614,7.65,-1.28,-0.57
17:7:19:632,7.78,-2.40,-1.28
17:7:19:667,7.88,-3.43,-2.02
17:7:19:683,7.19,-4.15,-2.50
17:7:19:701,6.56,-5.98,-1.87
17:7:19:766,3.95,-8.00,-4.46
17:7:19:783,5.08,-8.00,-2.88
17:7:19:783,4.90,8.00,3.17
17:7:19:799,6.82,-4.46,0.25
17:7:19:848,6.20,-2.11,0.05
17:7:19:864,4.65,1.00,-1.24
17:7:19:881,4.33,0.01,-1.20
17:7:19:897,3.70,0.83,-1.50
17:7:19:914,4.09,0.40,-1.42
17:7:19:949,3.97,0.95,-0.11
17:7:19:981,4.01,1.02,-0.40
17:7:19:998,3.96,0.23,-0.65
17:7:20:17,3.90,0.44,-0.50
17:7:20:35,3.83,0.74,-0.49
17:7:20:138,3.74,0.83,-0.81
17:7:20:138,3.91,0.55,-0.80
17:7:20:138,4.06,0.62,-0.78
17:7:20:155,3.92,0.17,-0.85
17:7:20:175,4.24,0.23,-0.35
17:7:20:191,4.62,0.47,-0.61
17:7:20:208,4.57,0.40,-0.67
17:7:20:243,4.68,0.43,-1.08
17:7:20:260,5.00,0.37,-0.81
17:7:20:313,5.21,0.56,-0.42
17:7:20:330,5.43,0.90,-0.30
17:7:20:346,6.36,1.67,-0.65
17:7:20:382,5.76,1.73,-0.04
17:7:20:382,8.00,1.83,-2.00
17:7:20:467,7.64,2.18,-0.79
17:7:20:487,7.18,0.45,-1.92
17:7:20:487,8.00,-0.03,-4.13
17:7:20:503,2.77,3.34,0.40
17:7:20:504,1.45,2.24,0.76
17:7:20:520,0.67,1.86,0.29
17:7:20:569,1.23,0.77,-0.64
17:7:20:585,2.25,0.70,-0.71
17:7:20:601,2.99,0.24,-0.70
17:7:20:618,4.10,-0.26,-0.77
17:7:20:668,5.27,-0.93,-0.77
17:7:20:716,6.21,-1.19,-0.89
17:7:20:716,6.92,-1.68,-0.80
17:7:20:716,7.53,-2.89,-0.65
17:7:20:747,7.58,-2.75,-0.67
17:7:20:763,7.17,-3.97,-2.06
17:7:20:798,6.46,-4.86,-2.04
17:7:20:865,6.51,-6.49,-3.06
17:7:20:865,4.13,-8.00,-2.68
17:7:20:882,4.58,0.31,0.14
17:7:20:883,8.00,-3.86,-0.06
17:7:20:916,7.42,-0.30,0.14
17:7:20:931,4.98,0.61,-1.19
17:7:20:947,3.97,0.67,-0.81
17:7:20:978,4.86,-0.07,-2.54
17:7:21:28,3.92,0.45,-0.84
17:7:21:28,4.04,0.49,-0.59
17:7:21:46,3.85,1.30,-0.35
17:7:21:96,3.83,1.34,-1.20
17:7:21:112,3.82,1.02,-1.17
17:7:21:112,3.83,0.89,-0.29
17:7:21:180,3.89,0.93,-0.33
17:7:21:250,3.73,0.98,-0.70
17:7:21:259,3.85,0.76,-0.92
17:7:21:259,3.80,0.57,-0.69
17:7:21:276,3.98,0.39,-0.44
17:7:21:292,4.01,0.08,-0.76
17:7:21:295,4.11,0.16,-0.88
17:7:21:312,4.09,0.25,-1.07
17:7:21:396,4.83,0.17,-0.78
17:7:21:396,5.01,0.29,-0.36
17:7:21:396,5.25,0.26,-0.41
17:7:21:413,5.39,0.83,-0.65
17:7:21:430,6.04,1.58,-0.97
17:7:21:446,6.58,2.51,-0.70
17:7:21:481,6.38,2.59,-1.04
17:7:21:517,8.00,0.83,-2.35
17:7:21:534,7.50,2.31,-1.55
17:7:21:569,6.41,0.76,-1.85
17:7:21:585,6.38,2.43,-1.04
17:7:21:604,1.13,2.59,0.72
17:7:21:621,1.05,2.15,0.70
17:7:21:639,1.00,1.32,0.29
17:7:21:673,1.78,0.53,-0.32
17:7:21:691,2.42,0.82,-0.39
17:7:21:760,3.33,0.47,-0.47
17:7:21:778,4.61,-0.22,-0.75
17:7:21:795,5.77,-1.77,-1.22
17:7:21:813,6.47,-1.65,-1.11
17:7:21:814,7.43,-1.54,-1.32
17:7:21:862,7.79,-2.15,-1.23
17:7:21:862,7.16,-6.08,-1.75
17:7:21:896,6.78,-4.53,-0.39
17:7:21:944,6.77,-6.24,-2.92
17:7:21:944,3.96,-8.00,-3.29
17:7:21:960,4.29,-6.56,-2.10
17:7:22:13,2.20,8.00,5.48
17:7:22:29,6.16,2.07,0.18
17:7:22:29,4.91,-2.47,-0.18
17:7:22:61,4.40,1.23,-1.12
17:7:22:125,4.32,0.26,-2.93
17:7:22:164,3.71,1.09,-1.02
17:7:22:164,3.92,0.76,-0.76
17:7:22:214,3.73,1.19,-0.36
17:7:22:231,3.79,1.20,-0.56
17:7:22:301,3.73,1.07,-0.80
17:7:22:301,3.62,1.17,-0.83
17:7:22:301,3.76,0.96,-0.72
17:7:22:317,4.00,0.65,-0.37
17:7:22:317,3.86,0.40,-0.41
17:7:22:333,3.81,0.57,-0.74
17:7:22:348,3.86,0.53,-0.74
17:7:22:381,3.87,0.24,-0.80
17:7:22:468,3.91,0.42,-0.83
17:7:22:486,4.20,0.81,-1.10
17:7:22:503,4.56,-0.71,-1.63
17:7:22:520,5.61,-0.16,0.04
17:7:22:537,5.46,0.29,0.14
17:7:22:555,5.75,0.95,-0.67
17:7:22:555,6.39,0.99,-1.29
17:7:22:571,7.79,1.43,-1.04
17:7:22:604,6.95,3.13,-0.84
17:7:22:654,7.33,1.36,-1.30
17:7:22:654,5.25,0.22,-0.29
17:7:22:670,2.25,1.92,-2.23
17:7:22:670,1.21,3.54,0.69
17:7:22:721,0.70,3.19,0.80
17:7:22:721,0.89,2.30,0.36
17:7:22:756,1.95,0.96,-0.88
17:7:22:876,2.75,0.80,-0.84
17:7:22:876,3.84,0.43,-0.96
17:7:22:893,4.86,-0.07,-0.81
17:7:22:909,5.57,-0.80,-1.00
17:7:22:942,6.19,-1.58,-1.05
17:7:22:958,6.75,-1.35,-0.72
17:7:23:23,6.99,-1.79,-0.66
17:7:23:39,6.93,-1.48,-0.51
17:7:23:70,6.68,-2.37,-1.18
17:7:23:103,5.63,-3.00,-1.12
17:7:23:121,4.99,-5.50,-2.18
17:7:23:121,5.12,-6.29,-1.29
17:7:23:121,8.00,-0.89,-3.03
17:7:23:137,3.33,7.59,2.96
17:7:23:189,5.74,2.63,-0.47
17:7:23:221,5.96,-1.30,-1.14
17:7:23:239,4.12,1.23,-0.89
17:7:23:271,4.01,0.90,-0.97
17:7:23:287,3.93,0.91,-1.27
17:7:23:287,4.01,1.30,-1.69
17:7:23:302,3.79,1.18,-0.20
17:7:23:384,3.79,1.13,-0.74
17:7:23:385,3.91,1.24,-0.96
17:7:23:385,3.21,1.55,-1.15
17:7:23:402,4.33,0.50,0.00
17:7:23:419,3.92,0.79,-0.03
17:7:23:419,3.81,1.30,-0.66
17:7:23:419,3.85,0.57,-1.11
17:7:23:452,3.88,0.40,-0.74
17:7:23:520,3.80,0.78,-0.47
17:7:23:584,3.75,0.69,-0.72
17:7:23:584,3.89,0.53,-0.97
17:7:23:601,4.00,0.30,-0.83
17:7:23:601,4.12,0.32,-0.53
17:7:23:617,4.28,0.30,-0.56
17:7:23:648,3.97,0.30,-0.96
17:7:23:665,4.00,0.13,-1.06
17:7:23:665,4.23,-0.12,-0.92
17:7:23:731,4.16,-0.13,-0.60
17:7:23:746,3.83,0.14,-0.72
17:7:23:746,4.08,-0.30,-0.84
17:7:23:763,3.93,-0.50,-0.72
17:7:23:797,4.12,-0.69,0.01
17:7:23:832,4.86,0.03,-1.44
17:7:23:832,4.73,0.73,-1.54
17:7:23:918,4.96,-0.18,-0.73
17:7:23:937,4.96,-0.30,-0.47
17:7:23:937,4.71,-0.11,-0.29
17:7:23:937,4.84,-0.70,-0.47
17:7:23:954,4.59,-1.15,-0.81
17:7:23:987,4.52,-0.95,-0.92
17:7:24:5,3.26,-2.23,-1.03
17:7:24:38,2.92,-0.80,-2.08
17:7:24:70,1.07,0.71,0.73
17:7:24:86,1.04,0.29,0.56
17:7:24:133,1.52,-0.01,-0.11
17:7:24:152,1.70,-1.07,-0.84
17:7:24:168,2.50,-0.86,-0.70
17:7:24:183,3.27,-1.50,-0.49
17:7:24:200,3.71,-2.14,-0.55
17:7:24:216,4.02,-2.04,-0.70
17:7:24:249,4.26,-1.71,-1.03
17:7:24:282,4.66,-1.24,-1.02
17:7:24:282,4.69,-0.81,-0.60
17:7:24:331,5.17,-2.19,-0.78
17:7:24:347,5.03,-1.60,-0.29
17:7:24:363,4.80,-1.21,-0.31
17:7:24:445,5.10,-0.33,-0.08
17:7:24:460,4.05,-2.80,-0.51
17:7:24:493,3.84,-2.72,-0.92
17:7:24:508,4.32,-2.99,-0.99
17:7:24:508,3.97,-3.06,-1.41
17:7:24:540,3.28,1.78,0.14
17:7:24:557,4.09,0.62,-0.05
17:7:24:557,4.11,1.09,0.02
17:7:24:573,3.84,1.35,-0.21
17:7:24:638,3.97,1.27,-0.39
17:7:24:655,4.02,1.14,-0.60
17:7:24:655,3.95,0.82,-0.47
17:7:24:672,3.90,0.93,-0.55
17:7:24:707,3.80,1.24,-0.34
17:7:24:776,3.67,1.08,-0.36
17:7:24:861,3.70,0.82,-0.49
17:7:24:926,3.85,0.77,-0.58
17:7:25:13,3.91,0.62,-0.49
17:7:25:13,3.90,0.72,-0.42
17:7:25:13,3.94,0.65,-0.51
17:7:25:29,4.09,0.61,-0.71
17:7:25:44,3.83,0.84,-0.68
17:7:25:61,3.91,0.72,-0.60
17:7:25:61,3.82,0.77,-0.68
17:7:25:77,3.88,0.54,-0.73
17:7:25:94,3.95,0.35,-0.83
17:7:25:94,3.84,0.46,-0.89
17:7:25:110,3.79,0.64,-0.82
17:7:25:174,3.97,0.59,-0.64
17:7:25:191,3.97,0.50,-0.74
17:7:25:225,3.82,0.71,-0.81
17:7:25:257,3.85,0.69,-0.83
17:7:25:257,3.91,0.54,-0.86
17:7:25:292,3.90,0.61,-0.90
17:7:25:394,3.86,0.52,-0.89
17:7:25:410,3.78,0.60,-0.87
17:7:25:410,3.84,0.54,-0.79
17:7:25:410,3.88,0.45,-0.82
17:7:25:444,3.90,0.42,-0.84
17:7:25:461,3.90,0.34,-0.81
17:7:25:494,3.79,0.42,-0.84
17:7:25:542,3.81,0.34,-0.77
17:7:25:558,3.83,0.32,-0.73
17:7:25:574,3.82,0.39,-0.65
17:7:25:605,3.84,0.29,-0.75
17:7:25:638,3.88,0.31,-0.80
17:7:25:638,3.83,0.32,-0.75
17:7:25:703,3.89,0.36,-0.72
17:7:25:719,3.90,0.36,-0.71
17:7:25:755,3.86,0.31,-0.71
17:7:25:755,3.86,0.29,-0.73
17:7:25:771,3.85,0.39,-0.74
17:7:25:820,3.86,0.41,-0.70
17:7:25:837,3.93,0.31,-0.62
17:7:25:853,3.92,0.32,-0.74
17:7:25:901,3.87,0.33,-0.75
17:7:25:952,3.88,0.38,-0.66
17:7:25:952,3.92,0.37,-0.65
17:7:25:984,3.93,0.19,-0.75
17:7:26:98,3.89,0.22,-0.72
