14:32:23:743,3.94,0.26,-0.38
14:32:23:759,3.92,0.24,-0.43
14:32:23:841,3.93,0.23,-0.45
14:32:23:841,3.94,0.26,-0.41
14:32:23:841,3.93,0.24,-0.44
14:32:23:857,3.94,0.26,-0.42
14:32:23:954,3.95,0.29,-0.40
14:32:24:4,3.93,0.28,-0.42
14:32:24:55,3.94,0.26,-0.45
14:32:24:124,3.94,0.27,-0.44
14:32:24:213,3.94,0.27,-0.42
14:32:24:229,4.00,0.27,-0.42
14:32:24:229,4.08,0.15,-0.62
14:32:24:229,4.07,0.27,-0.58
14:32:24:229,4.16,0.34,-0.64
14:32:24:229,3.99,0.28,-0.65
14:32:24:229,3.78,0.42,-0.29
14:32:24:319,3.90,0.51,0.25
14:32:24:319,3.71,0.44,0.01
14:32:24:319,3.69,0.06,0.08
14:32:24:319,3.78,-0.01,-0.18
14:32:24:319,3.91,0.06,-0.25
14:32:24:319,3.98,0.04,-0.30
14:32:24:319,3.99,0.16,-0.43
14:32:24:537,3.98,0.25,-0.43
14:32:24:537,3.96,0.34,-0.41
14:32:24:537,3.98,0.38,-0.42
14:32:24:537,3.99,0.25,-0.54
14:32:24:537,3.91,0.19,-0.54
14:32:24:537,3.87,0.19,-0.42
14:32:24:537,3.92,0.28,-0.46
14:32:24:578,3.91,0.17,-0.51
14:32:24:578,3.90,0.07,-0.49
14:32:24:578,3.89,0.13,-0.57
14:32:24:587,4.05,0.32,-0.64
14:32:24:587,4.04,0.34,-0.56
14:32:24:647,3.98,0.25,-0.60
14:32:24:719,4.02,0.32,-0.64
14:32:24:719,3.93,0.44,-0.67
14:32:24:779,3.93,0.34,-0.58
14:32:24:779,3.96,0.37,-0.58
14:32:24:779,3.94,0.40,-0.60
14:32:24:779,3.90,0.31,-0.59
14:32:24:867,3.92,0.32,-0.53
14:32:24:867,3.88,0.29,-0.56
14:32:24:897,3.89,0.34,-0.54
14:32:24:897,3.86,0.36,-0.53
14:32:25:207,3.87,0.31,-0.52
14:32:25:207,3.88,0.34,-0.52
14:32:25:207,3.91,0.32,-0.51
14:32:25:207,3.89,0.28,-0.49
14:32:25:327,3.87,0.40,-0.53
14:32:25:419,3.92,0.39,-0.51
14:32:25:419,3.94,0.34,-0.51
14:32:25:419,3.89,0.32,-0.54
14:32:25:427,3.89,0.37,-0.51
14:32:25:427,3.91,0.40,-0.48
14:32:25:467,3.89,0.41,-0.46
14:32:25:467,3.88,0.35,-0.54
14:32:25:507,3.90,0.34,-0.52
14:32:25:507,3.91,0.33,-0.51
14:32:25:507,3.92,0.33,-0.49
14:32:25:582,3.91,0.35,-0.49
14:32:25:647,3.91,0.30,-0.49
14:32:25:947,3.89,0.34,-0.51
14:32:25:947,3.91,0.33,-0.49
14:32:25:947,3.92,0.30,-0.50
14:32:26:102,3.91,0.33,-0.47
14:32:26:102,3.93,0.34,-0.47
14:32:26:107,3.92,0.36,-0.48
14:32:26:107,3.92,0.34,-0.48
14:32:26:107,3.93,0.32,-0.47
14:32:26:107,3.92,0.34,-0.45
14:32:26:107,3.94,0.34,-0.45
14:32:26:107,3.91,0.34,-0.48
14:32:26:139,3.90,0.36,-0.48
14:32:26:139,3.94,0.31,-0.49
14:32:26:139,3.92,0.34,-0.46
14:32:26:139,3.93,0.33,-0.43
14:32:26:217,3.93,0.36,-0.45
14:32:26:217,3.92,0.31,-0.45
14:32:26:217,3.92,0.31,-0.43
14:32:26:397,3.91,0.34,-0.44
14:32:26:397,3.94,0.35,-0.44
14:32:26:467,3.92,0.33,-0.46
14:32:26:467,3.89,0.32,-0.46
14:32:26:467,3.92,0.33,-0.46
14:32:26:467,3.94,0.36,-0.45
14:32:26:467,3.91,0.35,-0.40
14:32:26:517,3.90,0.32,-0.43
14:32:26:540,3.93,0.32,-0.44
14:32:26:557,3.94,0.34,-0.45
14:32:26:557,3.95,0.34,-0.47
14:32:26:557,3.94,0.30,-0.45
14:32:26:557,3.93,0.34,-0.44
14:32:26:557,3.93,0.34,-0.43
14:32:26:557,3.93,0.33,-0.43
14:32:26:557,3.93,0.33,-0.43
14:32:26:569,3.93,0.32,-0.42
14:32:26:569,3.93,0.35,-0.41
14:32:26:569,3.92,0.35,-0.40
14:32:26:569,3.92,0.33,-0.44
14:32:26:569,3.92,0.34,-0.44
14:32:26:569,3.91,0.34,-0.45
14:32:26:569,3.92,0.36,-0.45
14:32:26:629,3.93,0.34,-0.46
14:32:26:629,3.91,0.35,-0.44
14:32:26:629,3.93,0.35,-0.46
14:32:26:629,3.95,0.33,-0.46
14:32:26:629,3.93,0.38,-0.41
14:32:26:629,3.91,0.38,-0.46
14:32:26:629,3.95,0.35,-0.47
14:32:26:641,3.92,0.34,-0.44
14:32:26:707,3.95,0.36,-0.41
14:32:26:707,3.92,0.36,-0.44
14:32:27:56,3.94,0.35,-0.43
14:32:27:56,3.92,0.33,-0.46
14:32:27:210,3.90,0.34,-0.45
14:32:27:210,3.93,0.37,-0.41
14:32:27:257,3.93,0.36,-0.43
14:32:27:257,3.92,0.35,-0.45
14:32:27:257,3.93,0.33,-0.45
14:32:27:257,3.92,0.34,-0.43
14:32:27:568,3.93,0.35,-0.44
14:32:27:568,3.92,0.35,-0.45
14:32:27:568,3.91,0.35,-0.43
14:32:27:568,3.92,0.37,-0.45
14:32:27:568,3.91,0.33,-0.43
14:32:27:568,3.92,0.34,-0.46
14:32:27:568,3.92,0.34,-0.43
14:32:27:824,3.93,0.36,-0.45
14:32:27:824,3.93,0.34,-0.45
14:32:27:824,3.93,0.33,-0.46
14:32:27:824,3.91,0.32,-0.43
14:32:27:824,3.92,0.34,-0.43
14:32:27:824,3.92,0.35,-0.47
14:32:27:824,3.94,0.36,-0.45
14:32:27:842,3.94,0.35,-0.45
14:32:27:842,3.91,0.35,-0.43
14:32:27:842,3.91,0.33,-0.44
14:32:27:842,3.92,0.34,-0.42
14:32:27:842,3.93,0.35,-0.43
14:32:27:842,3.93,0.34,-0.45
14:32:28:296,3.92,0.34,-0.44
14:32:28:296,3.93,0.34,-0.46
14:32:28:296,3.94,0.36,-0.46
14:32:28:315,3.91,0.33,-0.45
14:32:28:315,3.92,0.34,-0.46
14:32:28:315,3.92,0.35,-0.44
14:32:28:315,3.94,0.36,-0.42
14:32:28:315,3.92,0.34,-0.44
14:32:28:315,3.91,0.33,-0.45
14:32:28:315,3.94,0.33,-0.43
14:32:28:333,3.93,0.34,-0.42
14:32:28:333,3.92,0.33,-0.43
14:32:28:333,3.93,0.33,-0.46
14:32:28:333,3.93,0.33,-0.44
14:32:28:368,3.94,0.33,-0.42
14:32:28:486,3.92,0.33,-0.43
14:32:28:486,3.94,0.34,-0.46
14:32:28:486,3.94,0.34,-0.44
14:32:28:555,3.92,0.34,-0.43
14:32:28:555,3.93,0.35,-0.42
14:32:28:555,3.92,0.35,-0.41
14:32:28:659,3.93,0.34,-0.45
14:32:28:659,3.94,0.34,-0.43
14:32:28:659,3.92,0.36,-0.43
14:32:28:676,3.94,0.34,-0.44
14:32:28:676,3.91,0.31,-0.45
14:32:28:676,3.96,0.31,-0.40
14:32:28:676,3.94,0.33,-0.40
14:32:28:676,3.95,0.33,-0.38
14:32:28:676,3.93,0.32,-0.41
14:32:28:676,3.99,0.29,-0.43
14:32:28:677,4.01,0.34,-0.40
14:32:28:677,3.97,0.34,-0.38
14:32:28:677,3.92,0.32,-0.39
14:32:28:677,3.93,0.34,-0.37
14:32:28:677,3.90,0.33,-0.37
14:32:28:677,3.93,0.32,-0.40
14:32:28:677,3.96,0.32,-0.36
14:32:28:838,3.99,0.31,-0.39
14:32:28:838,3.93,0.31,-0.37
14:32:28:838,3.94,0.24,-0.41
14:32:28:838,3.99,0.25,-0.39
14:32:28:838,3.98,0.26,-0.43
14:32:28:838,4.00,0.30,-0.44
14:32:28:838,3.98,0.38,-0.37
14:32:28:855,4.09,0.25,-0.43
14:32:28:855,4.08,0.15,-0.53
14:32:28:855,3.97,0.11,-0.37
14:32:28:855,4.07,0.34,-0.12
14:32:28:855,3.55,0.08,-0.42
14:32:28:855,3.91,-0.31,-0.32
14:32:28:855,4.14,-0.47,-0.15
14:32:28:892,3.89,-0.22,-0.01
14:32:28:892,3.87,0.30,0.79
14:32:28:892,4.12,0.22,0.43
14:32:28:892,3.91,0.18,0.06
14:32:28:892,3.84,-0.30,-0.19
14:32:28:892,3.90,-0.83,-0.63
14:32:28:892,3.96,-0.36,-0.41
14:32:28:909,3.96,-0.16,-0.10
14:32:28:909,4.00,0.20,0.15
14:32:28:909,3.99,-0.02,-0.31
14:32:28:909,3.83,-0.37,-0.54
14:32:28:909,3.91,-0.26,-0.72
14:32:28:909,4.12,0.17,-0.50
14:32:28:909,4.19,0.24,-0.49
14:32:28:909,4.03,0.05,-0.62
14:32:28:909,4.03,0.18,-0.75
14:32:28:909,4.00,0.45,-0.76
14:32:28:909,3.93,0.19,-0.72
14:32:28:909,3.94,0.02,-0.53
14:32:28:909,3.92,-0.11,-0.54
14:32:28:909,3.93,-0.14,-0.46
14:32:28:927,3.86,-0.09,-0.43
14:32:28:927,3.87,-0.11,-0.40
14:32:28:927,3.96,-0.06,-0.44
14:32:28:927,4.09,-0.15,-0.39
14:32:28:927,4.06,-0.17,-0.49
14:32:28:927,4.14,-0.38,-0.40
14:32:29:30,3.94,-0.24,-0.50
14:32:29:30,4.14,-0.36,-0.37
14:32:29:30,4.22,-0.73,-0.49
14:32:29:30,4.23,-0.90,-0.38
14:32:29:30,3.86,-0.85,-0.45
14:32:29:30,4.55,-0.48,-0.12
14:32:29:30,4.58,-0.64,-0.15
14:32:29:47,4.86,-0.25,-0.14
14:32:29:47,5.04,-0.20,-0.42
14:32:29:47,5.23,-0.27,-0.56
14:32:29:47,5.15,-0.17,-1.11
14:32:29:47,5.51,0.28,-1.03
14:32:29:47,5.93,0.12,-1.04
14:32:29:63,4.12,0.59,-1.77
14:32:29:100,5.90,-0.67,-0.38
14:32:29:100,6.22,-0.63,-0.50
14:32:29:100,4.94,-0.23,-0.16
14:32:29:100,3.39,-0.97,-1.20
14:32:29:100,0.51,0.54,-1.86
14:32:29:168,1.42,3.97,-0.80
14:32:29:169,1.30,3.10,-0.36
14:32:29:169,1.24,1.74,-0.58
14:32:29:169,2.41,0.75,-0.56
14:32:29:185,3.25,0.74,-0.33
14:32:29:185,3.76,0.48,-0.27
14:32:29:185,4.46,0.54,0.06
14:32:29:204,5.38,0.53,0.01
14:32:29:204,5.96,0.55,0.03
14:32:29:204,6.96,0.37,0.38
14:32:29:204,7.89,-1.10,0.26
14:32:29:204,7.61,-3.32,0.43
14:32:29:204,7.56,-3.99,-0.05
14:32:29:204,6.63,-3.88,0.64
14:32:29:204,6.23,-5.28,1.67
14:32:29:221,5.53,-6.00,1.53
14:32:29:221,4.40,-3.57,0.56
14:32:29:239,4.52,2.72,-1.25
14:32:29:239,4.67,2.77,-0.13
14:32:29:273,5.26,-0.96,0.04
14:32:29:273,5.38,1.48,-0.09
14:32:29:273,6.12,1.06,1.49
14:32:29:273,2.61,0.49,-1.53
14:32:29:326,3.05,-0.25,-1.46
14:32:29:359,3.97,0.34,-0.84
14:32:29:359,3.94,1.02,-0.46
14:32:29:361,4.24,1.28,-0.29
14:32:29:361,3.91,0.92,-0.97
14:32:29:413,3.60,0.37,-1.33
14:32:29:413,3.83,-0.13,-1.14
14:32:29:430,3.81,0.61,-0.60
14:32:29:430,4.17,1.16,-0.40
14:32:29:465,4.01,0.47,-0.43
14:32:29:516,3.91,-0.22,-0.76
14:32:29:517,4.10,-0.15,-1.00
14:32:29:534,3.84,0.04,-0.63
14:32:29:534,4.00,0.11,-0.16
14:32:29:551,4.26,-0.42,-0.40
14:32:29:551,4.21,-0.60,-0.61
14:32:29:569,4.74,-0.44,-0.25
14:32:29:587,4.26,-1.06,-0.78
14:32:29:587,5.20,0.17,0.03
14:32:29:624,5.03,0.14,-0.09
14:32:29:640,4.69,0.01,-0.56
14:32:29:691,5.45,-0.02,-0.81
14:32:29:708,5.72,0.55,-1.16
14:32:29:742,6.32,0.90,-1.32
14:32:29:759,6.80,1.13,-3.28
14:32:29:776,7.08,1.69,-2.47
14:32:29:933,7.81,0.92,-0.49
14:32:29:950,7.37,0.15,-0.88
14:32:29:968,3.04,-0.05,-1.58
14:32:29:968,1.38,0.45,-1.80
14:32:30:0,-0.39,2.38,-1.20
14:32:30:2,-0.08,2.34,-0.17
14:32:30:19,0.67,2.75,-0.31
14:32:30:54,1.95,1.22,-0.67
14:32:30:72,1.81,1.06,-0.43
14:32:30:72,3.29,0.71,-1.13
14:32:30:89,5.42,-0.72,-0.65
14:32:30:89,5.44,0.08,-0.59
14:32:30:123,6.61,-0.59,-0.27
14:32:30:158,7.14,-0.18,-0.12
14:32:30:175,8.00,-3.13,0.63
14:32:30:225,8.00,-5.09,1.99
14:32:30:244,8.00,-4.39,2.48
14:32:30:261,7.84,-6.25,3.01
14:32:30:279,7.27,-8.00,4.40
14:32:30:280,2.11,-6.54,1.49
14:32:30:280,4.92,8.00,-4.67
14:32:30:297,7.24,0.41,2.27
14:32:30:297,6.56,-0.98,-0.37
14:32:30:314,8.00,0.48,2.87
14:32:30:331,2.29,0.53,-1.49
14:32:30:349,2.50,0.77,-1.00
14:32:30:365,4.04,0.68,-1.28
14:32:30:383,3.56,1.15,-1.14
14:32:30:416,4.14,1.65,-1.17
14:32:30:434,3.48,0.49,-1.52
14:32:30:453,3.67,0.44,-1.05
14:32:30:453,3.98,1.29,-0.16
14:32:30:470,3.88,0.88,-0.48
14:32:30:505,3.81,0.45,-0.95
14:32:30:505,4.32,-0.42,-0.37
14:32:30:594,3.71,-0.87,-1.28
14:32:30:610,4.11,0.25,-0.39
14:32:30:611,4.22,-0.32,-0.38
14:32:30:628,4.27,-0.10,-0.40
14:32:30:669,4.75,0.49,-0.07
14:32:30:683,4.72,0.23,-0.08
14:32:30:688,5.08,-0.09,-0.50
14:32:30:713,5.34,0.02,-0.10
14:32:30:786,5.14,0.27,-0.62
14:32:30:792,5.39,-0.00,-1.21
14:32:30:807,6.48,0.57,-1.71
14:32:30:824,7.09,1.56,-2.31
14:32:30:826,6.25,2.24,-2.41
14:32:30:845,7.22,0.51,0.98
14:32:30:890,8.00,-0.24,-1.27
14:32:30:901,3.76,0.13,-1.08
14:32:30:934,0.49,-1.59,-2.44
14:32:30:950,0.03,1.62,-1.66
14:32:30:968,0.33,2.23,-0.27
14:32:31:5,0.72,2.25,0.15
14:32:31:5,1.33,1.15,-0.43
14:32:31:40,1.82,1.25,-0.22
14:32:31:127,2.58,1.18,-0.16
14:32:31:144,3.73,0.43,-0.43
14:32:31:144,4.64,0.32,-0.17
14:32:31:161,5.31,0.23,-0.64
14:32:31:161,6.29,0.17,-0.91
14:32:31:179,7.91,-1.24,-1.17
14:32:31:197,8.00,-2.60,-0.70
14:32:31:232,8.00,-4.70,0.01
14:32:31:267,8.00,-6.03,0.98
14:32:31:301,7.40,-8.00,4.71
14:32:31:336,7.83,-8.00,4.59
14:32:31:336,8.00,-0.25,0.78
14:32:31:352,3.50,8.00,-1.06
14:32:31:369,8.00,2.71,3.16
14:32:31:421,6.03,-2.90,-5.09
14:32:31:439,7.75,-2.27,2.85
14:32:31:440,3.29,1.04,-0.37
14:32:31:508,3.97,-0.85,-2.25
14:32:31:525,4.24,0.89,-0.61
14:32:31:542,3.70,0.76,-1.03
14:32:31:568,4.17,1.08,-1.11
14:32:31:587,3.38,1.38,-1.25
14:32:31:608,3.59,0.73,-1.32
14:32:31:679,3.92,0.70,-0.61
14:32:31:696,3.92,0.82,-0.39
14:32:31:731,3.74,0.57,-0.73
14:32:31:732,3.98,0.02,-0.77
14:32:31:732,3.89,0.07,-0.88
14:32:31:749,4.11,0.38,-0.53
14:32:31:766,4.20,0.14,-0.50
14:32:31:783,4.68,-0.50,-0.37
14:32:31:891,4.26,-0.17,-0.93
14:32:31:908,4.21,-0.08,-0.76
14:32:31:925,4.91,-0.29,-0.66
14:32:31:926,5.26,-0.53,-0.64
14:32:31:943,5.09,-0.22,-0.46
14:32:31:943,5.42,0.08,-0.66
14:32:32:30,6.24,0.35,-1.51
14:32:32:83,6.30,0.99,-1.65
14:32:32:117,7.35,1.61,-3.14
14:32:32:117,5.90,2.76,-2.53
14:32:32:134,7.15,-0.28,0.90
14:32:32:152,8.00,0.19,-0.66
14:32:32:152,3.38,0.08,-0.46
14:32:32:152,1.50,-2.23,-3.12
14:32:32:220,0.98,2.92,-1.33
14:32:32:220,0.31,3.13,0.05
14:32:32:220,0.14,3.17,0.29
14:32:32:253,1.18,1.45,-0.41
14:32:32:272,2.17,1.28,-0.24
14:32:32:272,2.88,0.40,-0.62
14:32:32:272,3.87,0.15,-0.98
14:32:32:328,4.60,-0.06,-0.92
14:32:32:328,5.36,-0.36,-1.64
14:32:32:397,6.43,-1.12,-1.86
14:32:32:414,7.83,-1.22,-1.48
14:32:32:414,8.00,-4.11,-1.25
14:32:32:432,8.00,-4.35,-0.29
14:32:32:467,8.00,-5.83,1.33
14:32:32:501,7.85,-8.00,5.38
14:32:32:501,7.27,-6.58,5.44
14:32:32:571,1.88,2.49,0.29
14:32:32:571,4.21,5.88,3.02
14:32:32:589,7.03,-1.61,-0.07
14:32:32:589,2.58,-1.00,-4.62
14:32:32:648,7.18,-1.75,3.57
14:32:32:656,0.61,-0.04,-2.08
14:32:32:672,2.68,-0.98,-2.10
14:32:32:690,4.37,1.48,-0.44
14:32:32:743,3.37,0.93,-0.67
14:32:32:761,4.28,1.02,-0.71
14:32:32:761,3.44,0.73,-1.38
14:32:32:778,3.74,0.39,-1.01
14:32:32:814,3.90,0.00,-0.72
14:32:32:847,4.01,1.01,-0.26
14:32:32:866,4.00,0.16,-0.66
14:32:32:884,4.09,-0.29,-0.35
14:32:32:936,3.31,-0.33,-1.72
14:32:32:954,4.12,0.55,-0.60
14:32:32:954,3.79,-0.46,-0.91
14:32:32:987,4.19,-0.69,-0.58
14:32:33:4,4.42,-0.34,-0.45
14:32:33:20,4.72,-0.44,-0.25
14:32:33:124,6.97,0.58,1.19
14:32:33:160,5.05,0.94,-0.37
14:32:33:160,5.75,0.27,-0.96
14:32:33:160,6.24,0.09,-1.89
14:32:33:177,6.62,1.17,-1.67
14:32:33:194,7.65,2.39,-2.64
14:32:33:230,7.11,3.01,-2.97
14:32:33:230,8.00,0.96,-0.40
14:32:33:300,7.68,0.06,-0.53
14:32:33:316,3.18,0.06,-1.08
14:32:33:316,0.94,-0.65,-0.89
14:32:33:333,-0.71,2.60,-1.28
14:32:33:351,-0.44,2.25,0.12
14:32:33:368,0.34,2.25,-0.18
14:32:33:386,0.75,1.17,-0.39
14:32:33:439,1.85,0.74,-0.58
14:32:33:474,2.75,0.30,-0.83
14:32:33:474,4.10,0.35,-0.52
14:32:33:490,4.69,-0.67,-0.55
14:32:33:508,5.54,0.10,-0.92
14:32:33:524,7.34,-0.69,-0.57
14:32:33:576,8.00,-1.96,0.18
14:32:33:593,8.00,-4.22,1.29
14:32:33:609,8.00,-6.22,1.35
14:32:33:645,7.89,-8.00,2.47
14:32:33:694,7.60,-8.00,4.93
14:32:33:696,2.49,-1.57,0.93
14:32:33:696,3.93,5.33,0.96
14:32:33:714,6.34,-1.58,0.41
14:32:33:747,4.83,0.26,-1.00
14:32:33:766,6.62,-1.07,2.98
14:32:33:800,1.31,-0.38,-1.21
14:32:33:852,2.06,-0.10,-1.59
14:32:33:852,5.10,1.74,-0.69
14:32:33:885,3.57,1.84,-1.41
14:32:33:918,4.06,1.26,-0.98
14:32:33:936,3.57,0.64,-1.51
14:32:33:953,3.64,0.64,-0.98
14:32:33:954,4.13,0.68,-0.31
14:32:34:4,3.91,0.78,-0.73
14:32:34:21,4.15,-0.26,-0.36
14:32:34:38,4.13,-0.63,-0.83
14:32:34:71,3.73,-0.05,-0.93
14:32:34:105,4.32,0.20,-0.41
14:32:34:105,4.02,-0.44,-0.83
14:32:34:142,4.16,-0.42,-0.55
14:32:34:193,4.25,-0.00,-0.28
14:32:34:209,3.98,1.34,-0.32
14:32:34:209,4.74,-0.13,-0.37
14:32:34:225,4.93,-0.29,-0.37
14:32:34:260,6.09,-0.14,0.16
14:32:34:279,5.00,0.01,-0.84
14:32:34:313,6.03,0.09,-1.47
14:32:34:348,6.32,0.64,-1.42
14:32:34:384,7.03,2.07,-3.71
14:32:34:385,6.52,2.67,-2.33
14:32:34:402,8.00,0.08,-0.17
14:32:34:452,8.00,0.41,-0.25
14:32:34:452,3.08,0.92,-0.65
14:32:34:470,-0.06,-2.69,-2.74
14:32:34:556,0.24,1.84,-1.32
14:32:34:608,-0.14,2.76,-0.16
14:32:34:608,0.28,2.86,0.37
14:32:34:624,1.10,0.66,-0.49
14:32:34:626,2.16,0.52,-0.21
14:32:34:626,3.04,0.09,-0.37
14:32:34:643,3.88,0.41,-0.10
14:32:34:661,5.00,-0.44,-0.08
14:32:34:696,5.80,-0.65,-0.62
14:32:34:782,6.85,-1.07,-0.42
14:32:34:817,8.00,-2.73,0.17
14:32:34:834,8.00,-3.73,0.56
14:32:34:851,8.00,-4.04,0.81
14:32:34:851,7.62,-6.11,2.06
14:32:34:885,7.21,-8.00,4.86
14:32:34:903,4.61,-3.55,2.55
14:32:34:920,2.62,4.56,-2.68
14:32:34:938,4.35,3.36,2.22
14:32:34:939,5.22,-1.71,-1.37
14:32:34:939,5.23,-0.25,-0.82
14:32:34:973,7.75,-0.47,2.96
14:32:34:991,1.40,-0.43,-2.14
14:32:35:43,2.44,-0.02,-1.59
14:32:35:59,4.06,1.77,-0.87
14:32:35:127,3.62,1.71,-0.36
14:32:35:145,4.17,1.30,-0.49
14:32:35:145,3.52,0.43,-1.76
14:32:35:160,3.79,-0.07,-1.13
14:32:35:177,3.92,0.67,-0.14
14:32:35:195,4.10,0.75,-0.17
14:32:35:243,3.95,0.16,-0.50
14:32:35:259,3.93,-0.16,-0.91
14:32:35:292,4.05,0.12,-0.50
14:32:35:293,3.96,0.33,-0.18
14:32:35:310,4.16,-0.13,-0.22
14:32:35:345,4.00,-0.28,-0.55
14:32:35:362,3.87,-1.14,-1.21
14:32:35:379,4.15,0.13,-0.17
14:32:35:447,4.31,-0.20,-0.21
14:32:35:482,4.43,-0.28,-0.22
14:32:35:482,4.53,-0.12,0.05
14:32:35:498,3.39,-1.27,-1.54
14:32:35:519,4.44,-0.26,-1.62
14:32:35:519,5.59,-0.47,-1.25
14:32:35:552,6.01,0.20,-0.92
14:32:35:604,7.13,0.57,-0.48
14:32:35:639,7.24,0.53,-2.64
14:32:35:658,6.02,1.75,-2.18
14:32:35:675,5.82,0.80,-0.33
14:32:35:675,5.17,-1.20,-0.03
14:32:35:744,3.29,-1.74,-0.66
14:32:35:744,1.53,1.27,-1.63
14:32:35:744,0.09,2.60,0.24
14:32:35:778,0.79,2.66,0.60
14:32:35:795,0.40,1.96,0.74
14:32:35:812,0.78,0.91,0.38
14:32:35:846,1.31,0.07,0.18
14:32:35:882,2.24,-0.37,0.22
14:32:35:882,3.40,-1.10,0.80
14:32:35:933,4.29,-1.98,1.15
14:32:35:968,4.99,-2.08,1.54
14:32:36:1,5.60,-2.61,1.12
14:32:36:18,5.92,-2.92,1.06
14:32:36:36,6.23,-3.51,1.38
14:32:36:53,6.35,-4.15,0.45
14:32:36:53,5.57,-4.61,0.10
14:32:36:70,4.94,-4.80,-0.15
14:32:36:141,5.87,-4.98,0.02
14:32:36:191,3.62,-3.97,2.69
14:32:36:191,2.50,4.86,0.19
14:32:36:213,6.02,2.66,-0.52
14:32:36:213,4.59,0.44,0.88
14:32:36:213,3.37,0.39,-0.79
14:32:36:250,3.69,-0.62,-1.46
14:32:36:267,3.52,0.34,-1.14
14:32:36:303,4.07,0.87,-0.52
14:32:36:336,3.99,1.17,-0.56
14:32:36:371,3.96,0.92,-0.88
14:32:36:398,3.62,0.33,-0.67
14:32:36:403,3.85,0.13,-0.55
14:32:36:454,3.89,0.38,-0.56
14:32:36:472,3.95,0.38,-0.53
14:32:36:472,4.05,0.34,-0.70
14:32:36:507,3.91,0.23,-0.84
14:32:36:541,3.96,0.27,-0.74
14:32:36:558,3.95,0.33,-0.70
14:32:36:558,3.89,0.24,-0.60
14:32:36:577,3.86,0.21,-0.63
14:32:36:611,3.94,0.28,-0.67
14:32:36:629,3.91,0.26,-0.68
14:32:36:718,3.90,0.19,-0.64
14:32:36:734,3.92,0.27,-0.71
14:32:36:735,3.92,0.24,-0.67
14:32:36:735,3.88,0.22,-0.71
14:32:36:754,3.98,0.29,-0.66
14:32:36:804,3.93,0.25,-0.59
14:32:36:822,3.85,0.15,-0.63
14:32:36:892,3.90,0.09,-0.62
14:32:36:909,3.90,0.22,-0.67
14:32:36:944,3.97,0.25,-0.61
14:32:36:963,3.83,0.22,-0.53
14:32:36:980,3.95,0.16,-0.60
14:32:36:997,3.89,0.13,-0.66
14:32:36:997,3.93,0.38,-0.69
14:32:36:997,3.93,-0.03,-0.48
14:32:37:15,3.89,0.12,-0.46
14:32:37:70,3.87,0.12,-0.53
14:32:37:104,3.90,0.11,-0.64
14:32:37:104,3.89,0.21,-0.62
14:32:37:139,3.91,0.25,-0.62
14:32:37:191,3.93,0.27,-0.58
14:32:37:191,3.94,0.25,-0.53
14:32:37:226,3.92,0.26,-0.58
14:32:37:279,3.92,0.30,-0.52
14:32:37:279,3.98,0.39,-0.53
14:32:37:279,3.92,0.37,-0.57
14:32:37:296,3.89,0.42,-0.60
14:32:37:296,3.91,0.36,-0.56
14:32:37:331,3.91,0.36,-0.56
14:32:37:349,4.01,0.40,-0.53
14:32:37:420,3.85,0.37,-0.59
14:32:37:456,3.89,0.42,-0.47
14:32:37:456,3.89,0.42,-0.43
14:32:37:473,3.90,0.41,-0.51
14:32:37:508,3.90,0.39,-0.55
14:32:37:525,3.89,0.34,-0.50
14:32:37:575,3.91,0.39,-0.51
14:32:37:610,3.91,0.39,-0.46
14:32:37:696,3.92,0.42,-0.50
14:32:37:713,3.89,0.39,-0.56
14:32:37:714,3.88,0.38,-0.54
14:32:37:731,3.90,0.40,-0.55
14:32:37:731,3.90,0.39,-0.48
14:32:37:731,3.91,0.43,-0.52
14:32:37:782,3.97,0.35,-0.51
14:32:37:838,3.89,0.32,-0.51
14:32:37:871,3.89,0.38,-0.50
14:32:37:871,3.99,0.42,-0.44
14:32:37:904,3.92,0.36,-0.49
14:32:37:904,3.90,0.37,-0.52
14:32:37:991,3.82,0.24,-0.54
14:32:38:10,3.84,0.32,-0.55
14:32:38:11,3.93,0.41,-0.51
14:32:38:11,3.91,0.38,-0.47
14:32:38:28,3.82,0.32,-0.52
14:32:38:43,3.82,0.50,-0.49
14:32:38:47,3.92,0.43,-0.42
14:32:38:47,3.90,0.43,-0.48
14:32:38:63,3.89,0.40,-0.51
14:32:38:79,3.92,0.39,-0.48
14:32:38:97,3.93,0.39,-0.42
14:32:38:167,3.94,0.38,-0.49
14:32:38:202,3.92,0.37,-0.54
14:32:38:219,3.93,0.37,-0.52
14:32:38:236,3.88,0.37,-0.50
14:32:38:236,3.88,0.37,-0.53
14:32:38:326,3.89,0.41,-0.54
14:32:38:343,3.88,0.42,-0.50
14:32:38:343,3.92,0.45,-0.51
14:32:38:363,3.90,0.40,-0.54
14:32:38:363,3.92,0.45,-0.56
14:32:38:380,3.93,0.39,-0.52
14:32:38:414,3.84,0.40,-0.52
14:32:38:414,3.87,0.40,-0.49
14:32:38:432,3.89,0.43,-0.48
14:32:38:449,3.95,0.37,-0.47
14:32:38:535,3.89,0.44,-0.58
14:32:38:535,3.87,0.49,-0.52
14:32:38:553,3.98,0.45,-0.50
14:32:38:553,3.98,0.45,-0.49
14:32:38:571,3.94,0.38,-0.56
14:32:38:606,3.89,0.39,-0.55
14:32:38:623,3.96,0.40,-0.41
14:32:38:642,3.91,0.36,-0.47
14:32:38:694,3.91,0.48,-0.46
14:32:38:694,3.97,0.53,-0.52
14:32:38:711,3.89,0.49,-0.34
14:32:38:746,3.95,0.37,-0.34
14:32:38:799,3.95,0.27,-0.41
14:32:38:799,3.90,0.27,-0.32
14:32:38:816,3.98,0.15,-0.34
14:32:38:867,3.88,0.25,-0.43
14:32:38:886,3.86,0.29,-0.22
14:32:38:903,3.99,-0.00,-0.22
14:32:38:920,4.01,0.04,-0.34
14:32:38:937,4.04,-0.16,-0.23
14:32:38:954,3.92,0.03,-0.23
14:32:38:971,3.79,0.03,-0.25
14:32:39:23,3.97,-0.20,-0.29
14:32:39:41,4.00,0.05,-0.44
14:32:39:58,4.01,0.13,-0.64
14:32:39:75,4.00,0.12,-0.61
14:32:39:95,3.95,0.15,-0.67
14:32:39:147,3.96,0.24,-0.69
14:32:39:163,3.89,0.29,-0.54
14:32:39:215,3.92,0.35,-0.54
14:32:39:249,4.10,0.10,-0.55
14:32:39:249,4.03,0.01,-0.69
14:32:39:282,3.91,0.20,-0.81
14:32:39:284,3.87,0.17,-0.83
14:32:39:300,3.85,0.14,-1.03
14:32:39:335,4.09,-0.05,-0.55
14:32:39:352,4.07,0.03,-0.27
14:32:39:370,3.89,-0.17,-0.45
14:32:39:406,3.62,-0.01,-0.19
14:32:39:440,3.25,0.68,-0.22
14:32:39:458,3.08,1.99,-1.50
14:32:39:474,3.02,1.23,-2.46
14:32:39:492,4.54,-0.54,0.16
14:32:39:511,3.63,-0.03,-0.50
14:32:39:563,3.78,-0.20,-0.75
14:32:39:579,3.67,-0.04,-0.04
14:32:39:596,3.91,-0.44,-0.22
14:32:39:614,4.00,-0.48,-0.67
14:32:39:614,4.13,-0.19,-0.67
14:32:39:647,4.06,0.16,-0.71
14:32:39:681,3.97,0.17,-0.62
14:32:39:699,3.95,0.15,-0.65
14:32:39:716,3.97,0.19,-0.58
14:32:39:768,3.94,0.12,-0.77
14:32:39:786,3.88,0.31,-0.76
14:32:39:820,3.98,0.16,-0.78
14:32:39:820,3.85,0.41,-0.73
14:32:39:855,3.73,0.37,-0.84
14:32:39:892,3.89,0.26,-0.59
14:32:39:892,3.81,0.06,-0.80
14:32:39:959,3.86,0.24,-0.70
14:32:39:960,3.85,0.27,-0.82
14:32:39:960,4.04,0.54,-0.59
14:32:39:993,3.94,0.65,-0.58
14:32:40:11,3.86,0.52,-0.72
14:32:40:29,3.87,0.38,-0.71
14:32:40:46,3.76,0.35,-0.73
14:32:40:80,3.94,0.48,-0.71
14:32:40:132,3.87,0.39,-0.74
14:32:40:132,3.84,0.62,-0.76
14:32:40:166,3.77,0.83,-0.77
14:32:40:216,3.75,0.78,-0.69
14:32:40:217,3.84,0.75,-0.81
14:32:40:217,3.87,0.60,-0.94
14:32:40:253,3.85,0.42,-0.88
14:32:40:288,4.09,0.18,-0.39
14:32:40:323,3.94,-0.14,-0.48
14:32:40:323,4.18,-0.18,-0.61
14:32:40:341,4.06,-0.33,-0.78
14:32:40:375,4.03,-0.30,-0.90
14:32:40:392,3.85,-0.15,-0.83
14:32:40:410,4.03,0.24,-0.48
14:32:40:478,3.94,0.43,-0.44
14:32:40:496,3.88,0.17,-0.28
14:32:40:496,3.94,0.22,-0.21
14:32:40:531,3.95,0.53,-0.35
14:32:40:548,3.89,0.59,-0.08
14:32:40:565,3.97,0.56,-0.08
14:32:40:585,4.05,0.86,0.43
14:32:40:602,4.52,-0.66,-0.29
14:32:40:637,3.99,1.28,0.90
14:32:40:671,3.86,1.38,0.30
14:32:40:688,3.74,1.21,0.41
14:32:40:722,4.46,0.65,1.00
14:32:40:757,3.90,0.69,-0.22
14:32:40:774,3.59,0.27,-0.86
14:32:40:774,3.49,-0.76,-1.90
14:32:40:792,3.46,-1.68,-3.21
14:32:40:827,3.85,-0.87,-1.72
14:32:40:896,4.51,-0.36,0.21
14:32:40:913,5.32,1.41,0.49
14:32:40:930,4.27,2.02,0.34
14:32:40:946,4.10,0.76,-0.39
14:32:40:947,3.78,-0.40,-0.98
14:32:40:964,3.76,-0.52,-0.93
14:32:41:0,4.03,0.29,-0.50
14:32:41:34,3.99,0.73,-0.31
14:32:41:34,4.01,0.67,-0.52
14:32:41:51,3.95,0.48,-0.69
14:32:41:86,3.88,0.49,-0.82
14:32:41:122,3.92,0.56,-0.85
14:32:41:139,3.95,0.50,-0.53
14:32:41:156,3.86,0.33,-0.55
14:32:41:208,3.83,0.28,-0.61
14:32:41:226,3.88,0.34,-0.61
14:32:41:226,3.98,0.43,-0.58
14:32:41:260,3.89,0.37,-0.68
14:32:41:294,3.85,0.39,-0.66
14:32:41:312,3.97,0.50,-0.61
14:32:41:329,3.93,0.38,-0.65
14:32:41:364,3.83,0.26,-0.74
14:32:41:399,3.89,0.36,-0.78
14:32:41:399,3.88,0.62,-0.58
14:32:41:433,3.94,0.47,-0.60
14:32:41:449,4.06,0.47,-0.60
14:32:41:467,3.79,0.45,-0.66
14:32:41:485,3.91,0.44,-0.64
14:32:41:519,3.94,0.36,-0.63
14:32:41:572,4.00,0.25,-0.75
14:32:41:572,3.89,0.31,-0.67
14:32:41:591,3.87,0.39,-0.54
14:32:41:625,3.92,0.28,-0.42
14:32:41:660,3.92,0.23,-0.49
14:32:41:660,4.08,-0.01,-0.51
14:32:41:694,3.92,-0.16,-0.57
14:32:41:763,3.89,0.12,-0.55
14:32:41:763,3.94,0.37,-0.38
14:32:41:763,4.02,0.22,-0.28
14:32:41:780,3.88,0.20,-0.51
14:32:41:813,3.90,0.05,-0.58
14:32:41:832,3.89,0.12,-0.54
14:32:41:866,3.96,-0.03,-0.58
14:32:41:885,4.01,0.31,-0.24
14:32:41:903,3.95,0.18,-0.36
14:32:41:920,3.88,0.34,-0.51
14:32:41:956,3.96,0.23,-0.52
14:32:41:973,3.85,0.19,-0.58
14:32:42:7,3.99,0.23,-0.37
14:32:42:25,4.03,0.25,-0.44
14:32:42:42,3.96,0.43,-0.36
14:32:42:92,3.81,1.01,-0.18
14:32:42:112,3.82,0.87,0.21
14:32:42:129,4.18,-0.17,-0.31
14:32:42:147,4.58,0.36,1.04
14:32:42:163,4.14,0.33,0.73
14:32:42:215,3.46,0.87,-0.20
14:32:42:223,3.40,0.53,-1.55
14:32:42:235,3.19,-0.66,-2.73
14:32:42:273,3.80,-0.84,-1.96
14:32:42:291,4.33,-0.19,-0.93
14:32:42:307,4.69,1.20,0.50
14:32:42:325,4.14,1.10,0.36
14:32:42:360,3.89,0.57,-0.40
14:32:42:394,3.99,-0.24,-0.90
14:32:42:411,3.81,-0.31,-0.81
14:32:42:446,3.93,0.27,-0.41
14:32:42:481,4.00,0.71,-0.30
14:32:42:498,3.90,0.61,-0.44
14:32:42:498,3.94,0.29,-0.66
14:32:42:516,3.87,0.21,-0.67
14:32:42:569,3.93,0.27,-0.55
14:32:42:569,3.92,0.41,-0.44
14:32:42:586,3.91,0.40,-0.51
14:32:42:654,3.90,0.36,-0.58
14:32:42:672,3.91,0.22,-0.62
14:32:42:688,3.90,0.33,-0.59
14:32:42:688,3.88,0.41,-0.55
14:32:42:724,3.90,0.39,-0.62
14:32:42:741,3.91,0.24,-0.53
14:32:42:776,3.90,0.30,-0.61
14:32:42:828,3.85,0.41,-0.59
14:32:42:847,3.88,0.33,-0.58
14:32:42:847,3.90,0.36,-0.56
14:32:42:863,3.87,0.27,-0.57
14:32:42:881,3.90,0.24,-0.62
14:32:42:915,3.89,0.29,-0.59
14:32:42:952,3.88,0.38,-0.57
14:32:42:952,3.90,0.26,-0.59
14:32:43:56,3.87,0.27,-0.60
14:32:43:73,3.89,0.28,-0.59
14:32:43:73,3.90,0.32,-0.57
14:32:43:89,3.90,0.32,-0.55
14:32:43:106,3.92,0.26,-0.56
14:32:43:106,3.90,0.27,-0.60
14:32:43:124,3.90,0.30,-0.59
14:32:43:221,3.92,0.34,-0.59
14:32:43:239,3.89,0.30,-0.64
14:32:43:239,3.91,0.30,-0.59
14:32:43:248,3.89,0.31,-0.61
14:32:43:282,3.89,0.35,-0.58
14:32:43:299,3.91,0.28,-0.61
14:32:43:316,3.91,0.30,-0.62
14:32:43:369,3.91,0.31,-0.61
14:32:43:369,3.92,0.31,-0.60
14:32:43:369,3.89,0.31,-0.61
14:32:43:387,3.91,0.33,-0.61
14:32:43:422,3.89,0.35,-0.62
14:32:43:439,3.91,0.33,-0.59
14:32:43:456,3.91,0.33,-0.62
14:32:43:506,3.91,0.29,-0.61
14:32:43:523,3.90,0.30,-0.61
14:32:43:544,3.91,0.32,-0.59
14:32:43:561,3.92,0.34,-0.61
14:32:43:595,3.89,0.33,-0.61
14:32:43:612,3.88,0.28,-0.62
14:32:43:646,3.91,0.28,-0.60
14:32:43:661,3.91,0.33,-0.61
14:32:43:706,3.91,0.34,-0.63
14:32:43:723,3.91,0.32,-0.58
14:32:43:763,3.90,0.28,-0.61
14:32:43:788,3.89,0.32,-0.62
14:32:43:798,3.91,0.34,-0.58
14:32:43:798,3.90,0.32,-0.54
14:32:43:815,3.92,0.31,-0.58
14:32:43:849,3.91,0.32,-0.59
14:32:43:886,3.91,0.26,-0.58
14:32:43:903,3.92,0.29,-0.60
14:32:43:938,3.93,0.32,-0.56
14:32:43:938,3.92,0.32,-0.59
14:32:43:956,3.91,0.31,-0.58
14:32:43:990,3.92,0.28,-0.60
14:32:44:6,3.90,0.34,-0.58
14:32:44:41,3.89,0.33,-0.58
14:32:44:59,3.89,0.33,-0.55
14:32:44:107,3.90,0.29,-0.59
14:32:44:107,3.92,0.30,-0.60
14:32:44:125,3.88,0.35,-0.56
14:32:44:177,3.92,0.33,-0.54
14:32:44:177,3.90,0.33,-0.54
14:32:44:195,3.92,0.37,-0.56
14:32:44:246,3.91,0.32,-0.57
14:32:44:280,3.93,0.34,-0.58
14:32:44:280,3.95,0.38,-0.58
14:32:44:297,3.92,0.35,-0.57
14:32:44:331,3.90,0.37,-0.54
14:32:44:349,3.92,0.35,-0.54
14:32:44:367,3.91,0.36,-0.55
14:32:44:419,4.00,0.37,-0.59
14:32:44:453,3.96,0.39,-0.51
14:32:44:489,3.94,0.31,-0.52
14:32:44:489,3.90,0.32,-0.49
14:32:44:489,3.97,0.40,-0.52
14:32:44:523,4.00,0.41,-0.51
14:32:44:541,3.91,0.37,-0.45
14:32:44:558,3.90,0.44,-0.54
14:32:44:612,3.98,0.37,-0.52
14:32:44:630,4.00,0.32,-0.50
14:32:44:645,4.01,0.32,-0.48
14:32:44:662,3.99,0.33,-0.36
14:32:44:680,4.25,0.10,-0.38
14:32:44:715,4.06,0.19,-0.30
14:32:44:732,4.15,0.09,-0.32
14:32:44:750,4.61,-0.17,-0.33
14:32:44:820,4.48,-0.00,-0.31
14:32:44:820,4.70,-0.00,-0.22
14:32:44:820,4.38,-0.99,-0.41
14:32:44:854,4.30,-1.39,0.15
14:32:44:871,5.39,-0.37,0.51
14:32:44:889,5.16,-1.17,-0.20
14:32:44:922,4.61,-1.66,-0.48
14:32:44:993,4.36,-1.26,0.12
14:32:45:10,4.90,-0.80,0.49
14:32:45:10,4.53,-0.88,0.13
14:32:45:27,3.75,-0.62,-0.01
14:32:45:44,2.61,0.42,0.06
14:32:45:62,1.39,0.78,0.32
14:32:45:96,1.04,1.02,0.31
14:32:45:113,0.89,0.68,0.23
14:32:45:146,1.07,-0.01,0.18
14:32:45:181,1.73,-0.31,0.43
14:32:45:199,1.73,-2.20,1.01
14:32:45:215,3.10,-1.31,1.35
14:32:45:234,4.28,-1.43,1.47
14:32:45:251,4.56,-1.74,0.98
14:32:45:285,4.14,-1.31,0.74
14:32:45:320,0.46,-7.16,-3.60
14:32:45:354,0.31,1.07,1.98
14:32:45:373,2.49,-1.10,-1.99
14:32:45:376,7.34,0.59,-2.82
14:32:45:428,6.25,2.38,0.27
14:32:45:428,3.43,0.10,0.11
14:32:45:446,3.79,0.17,-0.12
14:32:45:498,3.52,-0.39,-0.59
14:32:45:532,4.00,-0.27,-0.84
14:32:45:549,3.86,0.22,-0.61
14:32:45:550,3.93,-0.15,0.01
14:32:45:601,4.31,-0.08,-0.08
14:32:45:618,3.83,0.53,-0.83
14:32:45:635,4.01,1.41,-1.67
14:32:45:685,4.27,0.44,-0.82
14:32:45:721,3.81,-0.12,-0.57
14:32:45:772,4.05,-0.06,-0.46
14:32:45:791,4.04,-0.28,-0.38
14:32:45:791,3.86,0.07,-0.49
14:32:45:809,4.01,0.66,-0.67
14:32:45:826,3.87,0.33,-0.85
14:32:45:826,3.89,0.23,-1.34
14:32:45:826,4.04,0.27,-0.72
14:32:45:931,4.24,0.03,-0.27
14:32:45:966,4.17,-0.11,-0.29
14:32:45:975,3.89,-0.19,-0.54
14:32:45:980,4.03,0.21,-0.62
14:32:45:989,4.15,0.33,-0.24
14:32:46:6,4.05,-0.27,-0.48
14:32:46:6,4.00,-0.03,-0.56
14:32:46:92,3.93,-0.26,-0.46
14:32:46:92,4.01,-0.18,-0.22
14:32:46:92,4.12,0.04,-0.05
14:32:46:109,4.27,-0.23,-0.28
14:32:46:128,4.05,-0.45,-0.20
14:32:46:144,3.81,-0.00,-0.16
14:32:46:161,5.03,0.17,-0.21
14:32:46:195,4.02,-0.23,-1.65
14:32:46:231,5.63,0.38,-0.87
14:32:46:249,5.94,0.06,-0.60
14:32:46:303,5.80,0.55,0.03
14:32:46:337,6.81,0.87,-0.52
14:32:46:337,6.85,1.54,-1.05
14:32:46:355,5.88,1.29,-0.88
14:32:46:372,5.23,-1.27,-0.86
14:32:46:424,4.85,-1.76,-0.65
14:32:46:495,1.80,-0.65,-1.63
14:32:46:513,0.42,1.36,-0.73
14:32:46:548,0.53,2.23,-0.70
14:32:46:565,1.11,2.04,-0.83
14:32:46:566,1.39,1.33,-0.98
14:32:46:619,1.94,0.65,-1.24
14:32:46:636,3.37,0.62,-1.06
14:32:46:636,4.31,0.31,-0.90
14:32:46:653,4.92,0.40,-0.50
14:32:46:654,5.60,0.46,-0.40
14:32:46:654,6.31,0.46,-0.51
14:32:46:671,6.65,0.60,-0.35
14:32:46:723,7.15,0.27,-0.12
14:32:46:723,6.82,-0.21,0.23
14:32:46:739,6.15,-1.62,0.11
14:32:46:810,5.89,-2.52,0.28
14:32:46:827,5.64,-2.78,1.11
14:32:46:827,5.24,-3.22,1.15
14:32:46:879,4.55,-5.25,1.44
14:32:46:896,4.72,-4.10,1.09
14:32:46:896,4.97,-3.50,1.18
14:32:46:913,1.87,6.78,-5.88
14:32:46:965,5.59,1.43,2.34
14:32:47:13,4.62,-0.29,-2.23
14:32:47:30,4.84,0.47,-1.52
14:32:47:30,3.62,-0.28,-0.60
14:32:47:30,2.36,0.92,-1.31
14:32:47:63,3.91,-0.46,-1.21
14:32:47:80,3.84,0.90,-0.32
14:32:47:97,4.18,1.12,-0.48
14:32:47:150,4.20,0.98,-0.40
14:32:47:150,3.74,0.36,-1.17
14:32:47:183,3.42,0.44,-1.64
14:32:47:200,3.84,0.26,-0.95
14:32:47:235,4.17,0.64,-0.65
14:32:47:271,3.84,0.87,-0.27
14:32:47:271,3.91,0.40,-0.71
14:32:47:340,4.01,0.01,-0.88
14:32:47:340,3.93,-0.01,-0.83
14:32:47:357,4.13,-0.02,-0.58
14:32:47:375,4.24,-0.03,-0.55
14:32:47:394,3.88,0.36,-0.84
14:32:47:409,4.31,-0.61,-0.07
14:32:47:443,4.48,-0.37,-0.32
14:32:47:479,4.65,-0.36,-0.50
14:32:47:513,4.82,-0.12,-0.47
14:32:47:526,4.94,-0.30,-0.45
14:32:47:544,5.10,-0.08,-0.63
14:32:47:562,5.59,0.20,-1.13
14:32:47:613,6.10,0.46,-1.81
14:32:47:618,6.50,0.97,-2.52
14:32:47:643,6.87,1.88,-3.57
14:32:47:674,7.85,0.03,0.72
14:32:47:696,8.00,0.61,-1.06
14:32:47:717,5.10,1.16,-1.37
14:32:47:737,1.61,-0.69,-2.50
14:32:47:759,1.42,1.90,-1.36
14:32:47:787,0.08,2.79,-0.12
14:32:47:818,0.11,2.78,-0.19
14:32:47:875,1.11,1.74,-0.23
14:32:47:896,1.72,1.34,-0.35
14:32:47:915,2.52,1.34,-0.52
14:32:47:931,3.47,2.08,0.15
14:32:47:936,5.06,-0.35,-0.79
14:32:47:945,5.68,1.37,-0.43
14:32:47:978,7.34,0.55,-0.17
14:32:48:21,8.00,-0.93,0.18
14:32:48:46,8.00,-4.07,1.14
14:32:48:68,8.00,-5.71,1.42
14:32:48:77,8.00,-8.00,1.57
14:32:48:98,7.25,-8.00,3.85
14:32:48:126,-0.00,-6.69,-0.25
14:32:48:151,2.42,7.01,-0.95
14:32:48:186,6.20,-1.69,-0.14
14:32:48:211,6.25,-1.38,-1.65
14:32:48:253,7.10,-0.27,2.56
14:32:48:263,1.32,0.96,-1.27
14:32:48:268,3.00,0.00,-1.62
14:32:48:293,4.28,-0.09,-1.12
14:32:48:341,3.72,0.79,-0.66
14:32:48:351,4.16,1.41,-0.18
14:32:48:366,3.62,1.46,0.08
14:32:48:390,3.68,0.63,-1.36
14:32:48:435,3.72,-0.35,-1.43
14:32:48:440,3.97,-0.18,-0.63
14:32:48:456,4.13,0.45,-0.26
14:32:48:486,3.91,0.46,-0.38
14:32:48:506,3.84,-0.12,-0.63
14:32:48:540,3.94,-0.07,-0.45
14:32:48:597,4.25,0.31,-0.42
14:32:48:614,4.25,0.03,-0.40
14:32:48:620,4.33,0.19,-0.64
14:32:48:625,4.43,-0.03,-0.37
14:32:48:654,4.95,-0.66,-0.76
14:32:48:672,4.94,-0.40,-0.85
14:32:48:704,5.29,-0.13,-0.62
14:32:48:721,5.42,0.23,-0.70
14:32:48:776,6.07,0.47,-0.98
14:32:48:800,6.12,0.89,-1.38
14:32:48:804,6.63,2.25,-2.85
14:32:48:824,6.56,1.91,-1.20
14:32:48:859,8.00,0.71,-1.23
14:32:48:878,6.82,0.64,-1.06
14:32:48:898,1.99,-0.04,-0.86
14:32:48:928,2.23,-0.15,-0.90
14:32:48:953,-0.68,1.91,-1.03
14:32:48:969,-0.38,3.06,0.04
14:32:48:990,0.71,2.26,-0.05
14:32:49:9,1.79,1.05,-0.09
14:32:49:32,2.32,0.82,-0.18
14:32:49:59,3.38,0.68,-0.42
14:32:49:82,4.48,0.72,-0.45
14:32:49:113,5.63,-0.01,-0.77
14:32:49:139,6.42,-0.28,-1.05
14:32:49:159,8.00,-1.29,-1.31
14:32:49:177,8.00,-2.62,-0.40
14:32:49:197,8.00,-4.14,-0.11
14:32:49:241,8.00,-5.68,0.97
14:32:49:254,7.63,-8.00,4.18
14:32:49:269,8.00,-8.00,4.41
14:32:49:322,5.84,-6.00,2.61
14:32:49:337,-0.33,4.92,-2.98
14:32:49:346,5.56,8.00,4.63
14:32:49:370,8.00,-3.74,-2.69
14:32:49:407,2.81,0.44,-0.34
14:32:49:417,8.00,-1.57,1.49
14:32:49:437,1.24,-0.91,-2.21
14:32:49:496,2.99,-0.02,-1.60
14:32:49:546,3.84,1.12,-1.14
14:32:49:570,3.85,0.54,-1.35
14:32:49:586,4.03,1.05,-0.86
14:32:49:595,3.57,1.25,-1.03
14:32:49:606,3.81,0.19,-0.88
14:32:49:610,3.88,0.67,-0.64
14:32:49:665,3.91,0.19,-0.66
14:32:49:716,4.04,0.16,-0.52
14:32:49:716,3.96,-0.09,-0.82
14:32:49:734,4.44,0.36,-0.28
14:32:49:751,4.14,0.34,-0.55
14:32:49:752,4.83,0.24,-0.49
14:32:49:769,4.80,-0.31,-0.68
14:32:49:785,4.65,-0.01,-0.49
14:32:49:855,5.02,-0.36,-0.55
14:32:49:855,5.02,-0.36,-0.63
14:32:49:855,4.77,0.10,-0.45
14:32:49:892,5.08,0.20,-0.72
14:32:49:944,5.78,0.41,-1.04
14:32:49:944,6.30,1.06,-1.46
14:32:49:962,6.51,1.57,-3.33
14:32:50:30,6.07,2.82,-1.92
14:32:50:65,7.32,-0.02,0.81
14:32:50:65,8.00,-0.76,-0.68
14:32:50:102,3.26,-0.40,-0.61
14:32:50:102,1.08,-2.19,-2.46
14:32:50:102,0.61,1.76,-1.19
14:32:50:135,0.14,2.47,-0.06
14:32:50:185,0.49,2.70,0.14
14:32:50:204,1.34,1.17,-0.03
14:32:50:217,1.54,1.01,-0.24
14:32:50:233,2.55,1.12,-0.17
14:32:50:251,3.45,0.58,-0.51
14:32:50:268,4.63,0.27,-0.50
14:32:50:303,4.97,0.90,-0.71
14:32:50:323,6.94,-0.32,-0.75
14:32:50:374,8.00,-0.98,-0.47
14:32:50:391,8.00,-3.67,0.73
14:32:50:408,8.00,-5.90,0.62
14:32:50:426,8.00,-7.05,0.98
14:32:50:461,6.99,-8.00,5.21
14:32:50:478,7.48,-7.95,3.81
14:32:50:495,2.05,5.78,-3.27
14:32:50:512,5.82,3.36,2.97
14:32:50:548,7.72,-3.75,-2.12
14:32:50:600,6.22,0.07,-0.48
14:32:50:617,5.92,-1.01,1.16
14:32:50:634,3.06,-0.86,-1.27
14:32:50:634,2.40,-0.40,-1.60
14:32:50:670,4.52,1.58,-0.75
14:32:50:706,3.84,1.14,-0.98
14:32:50:723,4.04,1.04,-0.33
14:32:50:757,3.47,0.83,-1.28
14:32:50:793,3.87,0.31,-1.13
14:32:50:793,3.91,0.72,-0.54
14:32:50:811,4.11,0.49,-0.42
14:32:50:828,3.99,0.10,-0.44
14:32:50:846,3.93,-0.37,-0.96
14:32:50:863,3.96,0.08,-0.89
14:32:50:914,4.21,0.51,-0.44
14:32:50:932,4.37,-0.02,-0.69
14:32:50:950,4.24,-0.29,-0.85
14:32:50:965,5.06,-0.37,0.01
14:32:50:999,4.76,-0.40,-0.26
14:32:51:16,4.73,0.04,-0.33
14:32:51:34,5.23,-0.09,-0.38
14:32:51:103,4.86,-0.05,-0.38
14:32:51:120,5.20,0.13,-0.80
14:32:51:120,5.98,0.50,-1.47
14:32:51:138,6.83,0.92,-1.87
14:32:51:156,7.56,1.37,-4.90
14:32:51:190,7.07,1.20,-0.20
14:32:51:207,7.99,-0.20,-0.68
14:32:51:242,3.90,0.22,-1.58
14:32:51:260,2.18,-1.08,-1.84
14:32:51:296,1.76,0.60,-1.69
14:32:51:313,-0.32,3.05,-0.17
14:32:51:331,0.39,3.19,0.43
14:32:51:382,0.61,2.13,-0.19
14:32:51:400,1.75,0.52,-0.79
14:32:51:400,2.32,0.94,-0.13
14:32:51:468,3.23,0.74,-0.46
14:32:51:502,4.51,0.77,-0.32
14:32:51:519,5.38,0.70,-0.32
14:32:51:537,6.97,0.31,-0.34
14:32:51:537,8.00,-1.48,-0.57
14:32:51:554,8.00,-2.64,0.24
14:32:51:573,8.00,-5.24,0.64
14:32:51:607,8.00,-6.42,1.16
14:32:51:643,7.16,-8.00,4.34
14:32:51:643,7.46,-8.00,2.80
14:32:51:677,2.18,0.63,-1.18
14:32:51:694,3.52,5.82,2.71
14:32:51:711,6.31,-0.84,0.40
14:32:51:762,5.75,-0.82,-2.67
14:32:51:762,7.28,-1.14,4.71
14:32:51:797,0.53,-0.33,-1.87
14:32:51:832,2.00,-0.17,-1.75
14:32:51:849,4.70,1.74,-0.68
14:32:51:866,4.29,2.06,-0.03
14:32:51:884,4.35,0.50,-1.08
14:32:51:921,3.52,0.05,-1.74
14:32:51:961,4.03,0.64,-0.64
14:32:51:979,4.05,0.56,-0.30
14:32:52:32,3.96,-0.06,-0.71
14:32:52:66,3.99,-0.36,-0.79
14:32:52:82,4.01,0.14,-0.70
14:32:52:82,4.42,0.50,-0.26
14:32:52:100,4.11,0.14,-0.34
14:32:52:117,4.06,-0.24,-0.48
14:32:52:117,4.10,-0.21,-0.05
14:32:52:136,4.28,-0.45,-0.45
14:32:52:186,4.13,-0.55,-0.76
14:32:52:204,4.37,-0.20,-0.42
14:32:52:220,4.71,-0.19,-0.24
14:32:52:291,4.75,-0.06,0.04
14:32:52:291,5.11,-0.21,-0.67
14:32:52:291,5.90,-0.14,-1.47
14:32:52:325,6.36,0.29,-2.08
14:32:52:376,7.63,1.30,-4.25
14:32:52:376,6.38,1.45,-1.57
14:32:52:376,7.20,-0.73,0.05
14:32:52:410,6.64,-0.73,-1.08
14:32:52:444,3.03,-1.42,-1.03
14:32:52:460,2.09,0.44,-1.07
14:32:52:547,-0.15,3.40,-0.37
14:32:52:564,0.77,3.12,0.28
14:32:52:564,0.90,2.09,0.10
14:32:52:564,1.48,1.03,-0.51
14:32:52:581,2.05,0.76,-0.33
14:32:52:598,2.80,0.87,-0.39
14:32:52:632,3.70,0.32,-0.33
14:32:52:651,4.66,0.69,-0.41
14:32:52:686,6.04,0.18,-0.88
14:32:52:703,7.23,-1.06,-0.80
14:32:52:736,8.00,-1.01,-0.11
14:32:52:753,8.00,-4.41,1.16
14:32:52:771,8.00,-6.62,2.05
14:32:52:789,6.98,-8.00,3.38
14:32:52:909,7.29,-8.00,5.26
14:32:52:962,1.67,0.20,-0.08
14:32:52:977,4.51,5.06,-0.20
14:32:52:979,6.84,-2.15,0.57
14:32:52:995,6.00,1.10,0.72
14:32:52:995,7.84,-1.27,2.38
14:32:53:12,0.91,0.34,-1.44
14:32:53:12,2.18,0.30,-1.63
14:32:53:30,4.58,1.34,-1.17
14:32:53:30,3.56,1.36,-0.82
14:32:53:65,3.98,1.03,-0.74
14:32:53:134,3.66,0.86,-1.20
14:32:53:134,3.86,0.46,-1.36
14:32:53:151,4.03,0.71,-0.54
14:32:53:151,4.00,0.67,-0.59
14:32:53:202,4.02,0.36,-0.81
14:32:53:204,3.92,0.03,-0.81
14:32:53:221,4.02,0.46,-0.66
14:32:53:289,4.02,0.30,-0.63
14:32:53:308,3.83,0.02,-0.39
14:32:53:326,3.70,-0.46,-0.51
14:32:53:343,3.81,-0.13,-0.69
14:32:53:361,3.94,0.00,-0.45
14:32:53:395,3.85,-0.67,-0.32
14:32:53:395,4.16,0.49,-0.22
14:32:53:482,4.19,-0.41,-0.65
14:32:53:500,4.31,-0.49,-0.55
14:32:53:518,4.35,-0.42,-0.29
14:32:53:518,4.30,-0.58,-0.75
14:32:53:535,4.42,-0.72,-0.76
14:32:53:535,4.82,-0.61,-1.29
14:32:53:552,5.50,-0.40,-1.19
14:32:53:585,5.99,0.60,-0.29
14:32:53:637,6.33,0.44,-1.50
14:32:53:655,5.45,0.02,-2.28
14:32:53:656,5.32,0.07,-1.02
14:32:53:690,5.63,-0.13,0.35
14:32:53:707,5.24,-1.55,-0.25
14:32:53:724,2.75,-1.38,-0.49
14:32:53:757,1.88,0.64,-1.12
14:32:53:810,0.65,1.68,0.57
14:32:53:828,1.17,1.31,0.85
14:32:53:864,0.94,0.51,1.00
14:32:53:935,1.62,0.31,0.96
14:32:53:953,1.81,-0.63,0.82
14:32:53:988,2.41,-0.43,0.67
14:32:53:988,2.93,-0.80,0.95
14:32:54:5,3.50,-1.92,1.29
14:32:54:22,3.76,-1.96,1.48
14:32:54:22,4.44,-2.38,1.37
14:32:54:39,4.65,-3.16,1.02
14:32:54:56,4.92,-3.40,0.62
14:32:54:56,5.17,-4.07,0.62
14:32:54:92,5.17,-5.02,0.37
14:32:54:109,4.72,-4.80,0.02
14:32:54:161,5.82,-4.96,-0.81
14:32:54:178,3.98,-6.48,3.35
14:32:54:178,3.10,2.52,1.29
14:32:54:229,5.40,1.98,0.31
14:32:54:229,6.86,0.59,0.22
14:32:54:263,4.54,0.98,-0.42
14:32:54:299,3.98,-0.70,-0.53
14:32:54:351,3.70,-0.45,-0.54
14:32:54:369,3.86,-0.24,-0.58
14:32:54:369,3.94,0.31,-0.14
14:32:54:403,3.93,0.29,-0.23
14:32:54:403,3.79,-0.18,-0.48
14:32:54:421,3.92,-0.12,-0.36
14:32:54:458,3.89,0.03,-0.49
14:32:54:475,3.95,0.14,-0.41
14:32:54:508,3.93,0.08,-0.39
14:32:54:560,3.94,0.18,-0.55
14:32:54:596,3.99,0.26,-0.60
14:32:54:596,3.97,0.10,-0.66
14:32:54:613,3.88,0.00,-0.64
14:32:54:628,3.85,0.15,-0.49
14:32:54:645,3.99,0.03,-0.61
14:32:54:663,3.98,-0.02,-0.88
14:32:54:713,3.92,0.11,-0.89
14:32:54:730,3.88,0.21,-0.70
14:32:54:730,3.91,0.10,-0.62
14:32:54:766,3.83,-0.01,-0.69
14:32:54:783,3.84,-0.00,-0.83
14:32:54:835,3.90,-0.09,-0.78
14:32:54:870,4.00,0.06,-0.83
14:32:54:905,4.01,0.15,-0.85
14:32:54:922,3.91,0.02,-0.96
14:32:54:922,3.92,0.14,-0.96
14:32:54:939,3.92,0.13,-0.80
14:32:54:957,3.85,0.04,-0.80
14:32:54:973,3.87,0.18,-0.82
14:32:54:991,3.83,0.19,-0.82
14:32:55:43,3.79,0.12,-0.86
14:32:55:79,3.82,0.16,-0.81
14:32:55:97,3.90,0.27,-0.83
14:32:55:97,3.89,0.12,-0.86
14:32:55:132,3.80,0.15,-0.85
14:32:55:148,3.84,0.19,-0.82
14:32:55:166,3.89,0.19,-0.76
14:32:55:218,3.88,0.20,-0.80
14:32:55:252,3.88,0.27,-0.81
14:32:55:252,3.87,0.24,-0.79
14:32:55:285,3.84,0.23,-0.81
14:32:55:322,3.87,0.22,-0.75
14:32:55:322,3.88,0.23,-0.75
14:32:55:337,3.86,0.20,-0.81
14:32:55:373,3.84,0.18,-0.86
14:32:55:440,3.86,0.21,-0.81
14:32:55:440,3.83,0.21,-0.80
14:32:55:458,3.82,0.17,-0.82
14:32:55:475,3.86,0.15,-0.82
14:32:55:475,3.85,0.17,-0.81
14:32:55:511,3.86,0.23,-0.79
14:32:55:546,3.87,0.21,-0.77
14:32:55:581,3.85,0.21,-0.84
14:32:55:616,3.89,0.25,-0.80
14:32:55:616,3.88,0.26,-0.83
14:32:55:634,3.88,0.24,-0.81
14:32:55:651,3.86,0.25,-0.78
14:32:55:685,3.87,0.24,-0.79
14:32:55:704,3.86,0.22,-0.83
14:32:55:720,3.88,0.22,-0.81
14:32:55:771,3.87,0.23,-0.82
14:32:55:789,3.86,0.26,-0.85
14:32:55:823,3.86,0.21,-0.82
14:32:55:841,3.90,0.23,-0.82
14:32:55:841,3.86,0.22,-0.82
14:32:55:858,3.87,0.27,-0.80
14:32:55:911,3.86,0.24,-0.83
14:32:55:965,3.87,0.23,-0.80
14:32:55:981,3.86,0.21,-0.85
14:32:55:983,3.86,0.21,-0.82
14:32:56:0,3.82,0.28,-0.82
14:32:56:19,3.84,0.27,-0.85
14:32:56:19,3.85,0.24,-0.81
14:32:56:70,3.85,0.29,-0.82
14:32:56:86,3.86,0.25,-0.84
14:32:56:139,3.85,0.23,-0.84
14:32:56:173,3.84,0.26,-0.80
14:32:56:190,3.85,0.27,-0.82
14:32:56:190,3.86,0.27,-0.81
14:32:56:207,3.86,0.25,-0.82
14:32:56:241,3.83,0.27,-0.85
14:32:56:257,3.82,0.25,-0.82
14:32:56:275,3.83,0.22,-0.91
14:32:56:292,3.98,0.41,-0.77
14:32:56:344,3.87,0.23,-0.83
14:32:56:345,3.82,0.20,-0.77
14:32:56:362,3.88,0.14,-0.84
14:32:56:379,3.83,0.32,-0.80
14:32:56:414,3.90,0.38,-0.80
14:32:56:484,3.80,0.24,-0.81
14:32:56:517,3.73,0.26,-0.92
14:32:56:552,4.03,0.22,-0.92
14:32:56:552,3.81,0.31,-1.03
14:32:56:570,3.90,0.54,-0.41
14:32:56:570,4.35,1.15,0.03
14:32:56:587,3.88,0.15,-0.75
14:32:56:605,3.80,0.28,-0.78
14:32:56:622,3.87,0.27,-0.67
14:32:56:692,3.93,0.21,-0.70
14:32:56:710,3.85,0.18,-0.70
14:32:56:710,3.92,0.38,-0.61
14:32:56:726,3.93,0.56,-0.50
14:32:56:745,3.99,0.20,-0.60
14:32:56:779,3.88,-0.26,-0.80
14:32:56:798,3.99,-0.19,-0.76
14:32:56:885,3.95,0.33,-0.54
14:32:56:887,3.95,0.22,-0.50
14:32:56:904,3.96,0.18,-0.57
14:32:56:904,3.79,0.02,-0.64
14:32:56:920,3.68,-0.22,-0.49
14:32:56:955,4.20,-0.22,0.10
14:32:56:973,3.81,0.28,-0.33
14:32:56:990,4.00,0.00,-0.69
14:32:57:24,3.99,0.05,-0.99
14:32:57:57,4.20,0.32,-0.33
14:32:57:76,5.05,1.00,1.96
14:32:57:110,4.86,2.35,3.17
14:32:57:126,4.62,3.35,2.61
14:32:57:127,4.33,3.49,1.96
14:32:57:178,4.44,3.62,0.55
14:32:57:211,3.44,3.17,-2.55
14:32:57:228,3.07,0.10,-5.38
14:32:57:228,3.07,-3.50,-6.67
14:32:57:263,2.93,-4.44,-7.01
14:32:57:280,3.57,-2.06,-2.52
14:32:57:317,4.32,0.18,1.52
14:32:57:334,5.46,1.86,1.83
14:32:57:352,4.40,0.01,-0.35
14:32:57:386,3.96,-0.87,-0.79
14:32:57:421,3.98,-0.44,-0.11
14:32:57:438,4.16,0.45,0.37
14:32:57:454,3.97,0.04,-0.01
14:32:57:488,3.90,-0.14,-0.07
14:32:57:507,4.04,0.20,-0.12
14:32:57:525,3.89,0.21,-0.27
14:32:57:594,3.97,0.10,-0.50
14:32:57:611,4.13,-0.62,-0.46
14:32:57:612,4.17,-0.34,0.09
14:32:57:629,4.05,-0.02,0.33
14:32:57:629,3.92,-0.30,-0.32
14:32:57:681,4.63,0.44,0.91
14:32:57:734,5.42,0.62,2.62
14:32:57:821,4.56,1.33,1.96
14:32:57:821,4.16,1.16,1.39
14:32:57:839,3.87,0.75,0.52
14:32:57:855,3.96,0.34,-0.00
14:32:57:855,4.26,-0.24,-0.38
14:32:57:873,4.07,-0.56,-0.77
14:32:57:890,4.04,-0.69,-0.52
14:32:57:890,3.99,-0.50,-0.16
14:32:57:925,3.93,-0.44,0.10
14:32:57:996,3.84,-0.40,0.35
14:32:57:996,3.99,-0.12,0.36
14:32:57:996,4.19,-0.41,0.50
14:32:58:13,4.21,-0.19,0.64
14:32:58:31,3.84,-0.02,0.57
14:32:58:48,4.04,-0.16,0.62
14:32:58:65,4.12,0.23,0.57
14:32:58:134,3.81,0.48,0.51
14:32:58:151,3.83,-0.17,0.60
14:32:58:151,3.01,1.38,-0.22
14:32:58:168,3.06,1.53,-0.96
14:32:58:204,3.14,1.07,-1.19
14:32:58:220,3.72,0.80,-1.33
14:32:58:255,4.17,-0.19,-1.18
14:32:58:307,4.26,-0.66,-0.82
14:32:58:392,4.61,-0.92,-0.75
14:32:58:392,4.65,-0.91,-1.03
14:32:58:410,4.38,-0.49,-1.23
14:32:58:427,3.74,-0.08,-1.43
14:32:58:427,3.06,-0.33,-1.85
14:32:58:427,3.50,-0.66,-1.77
14:32:58:515,6.22,-3.90,-1.05
14:32:58:567,7.79,-8.00,0.98
14:32:58:601,1.10,-4.95,2.16
14:32:58:622,3.52,-0.84,-0.49
14:32:58:675,4.84,0.20,-1.46
14:32:58:675,4.67,1.61,0.15
14:32:58:708,3.90,-0.19,0.02
14:32:58:726,4.02,-0.30,-0.31
14:32:58:743,3.89,-0.23,-0.50
14:32:58:744,3.95,-0.08,-0.35
14:32:58:744,3.88,0.33,0.04
14:32:58:762,3.97,0.12,-0.44
14:32:58:777,3.98,0.15,-0.61
14:32:58:777,3.95,0.27,-0.49
14:32:58:794,3.98,0.33,-0.72
14:32:58:829,4.06,0.50,-0.56
14:32:58:846,3.94,0.57,-0.55
14:32:58:880,3.97,0.60,-0.53
14:32:58:897,3.89,0.63,-0.66
14:32:58:914,4.01,0.46,-0.54
14:32:58:915,3.95,0.22,-0.58
14:32:58:931,3.91,0.19,-0.54
14:32:58:966,3.89,0.37,-0.55
14:32:59:1,3.88,0.27,-0.51
14:32:59:36,3.88,0.15,-0.49
14:32:59:53,3.85,0.21,-0.57
14:32:59:53,3.91,0.31,-0.51
14:32:59:74,3.92,0.24,-0.55
14:32:59:108,3.92,0.26,-0.58
14:32:59:145,3.90,0.25,-0.58
14:32:59:145,3.92,0.29,-0.44
14:32:59:179,3.88,0.33,-0.46
14:32:59:231,3.89,0.21,-0.57
14:32:59:231,3.90,0.21,-0.56
14:32:59:249,3.93,0.22,-0.55
14:32:59:282,3.92,0.29,-0.50
14:32:59:300,3.94,0.23,-0.52
14:32:59:442,3.91,0.21,-0.56
14:32:59:442,3.91,0.25,-0.53
14:32:59:460,3.92,0.23,-0.51
14:32:59:477,3.90,0.23,-0.52
14:32:59:496,3.94,0.23,-0.53
14:32:59:514,3.92,0.20,-0.50
14:32:59:547,3.90,0.22,-0.53
14:32:59:566,3.94,0.24,-0.54
14:32:59:583,3.92,0.18,-0.54
14:32:59:583,3.91,0.20,-0.49
14:32:59:600,3.91,0.21,-0.51
14:32:59:630,3.94,0.23,-0.48
14:32:59:630,3.91,0.24,-0.51
14:32:59:647,3.93,0.25,-0.54
14:32:59:663,3.91,0.22,-0.51
14:32:59:673,3.90,0.22,-0.54
14:32:59:707,3.92,0.26,-0.52
14:32:59:747,3.92,0.23,-0.50
14:32:59:765,3.90,0.23,-0.48
14:32:59:773,3.92,0.23,-0.49
14:32:59:820,3.90,0.21,-0.51
14:32:59:820,3.89,0.24,-0.47
14:32:59:837,3.94,0.27,-0.46
14:32:59:872,3.93,0.22,-0.50
14:32:59:958,3.93,0.23,-0.53
14:32:59:975,3.96,0.30,-0.48
14:32:59:992,3.91,0.28,-0.52
14:33:0:11,3.90,0.32,-0.50
14:33:0:29,3.91,0.26,-0.48
14:33:0:46,3.92,0.28,-0.49
14:33:0:46,3.91,0.31,-0.47
14:33:0:132,3.96,0.28,-0.48
14:33:0:149,3.96,0.24,-0.51
14:33:0:168,3.97,0.29,-0.47
14:33:0:185,3.91,0.24,-0.51
14:33:0:219,3.92,0.31,-0.48
14:33:0:219,3.97,0.33,-0.51
14:33:0:219,4.00,0.31,-0.54
14:33:0:272,3.99,0.30,-0.45
14:33:0:307,4.00,0.24,-0.47
14:33:0:342,3.98,0.20,-0.46
14:33:0:342,3.97,0.13,-0.43
14:33:0:357,4.04,-0.02,-0.40
14:33:0:359,3.96,0.08,-0.49
14:33:0:377,4.00,-0.08,-0.34
14:33:0:412,4.04,-0.03,-0.39
14:33:0:429,3.98,-0.04,-0.83
14:33:0:447,4.11,-0.19,-0.17
14:33:0:517,3.71,-1.05,-1.23
14:33:0:535,3.16,-0.18,0.26
14:33:0:553,3.74,0.06,1.61
14:33:0:570,4.08,-0.09,0.58
14:33:0:656,4.02,0.18,-0.16
14:33:0:656,4.25,-0.31,-0.26
14:33:0:673,3.95,-0.86,-0.59
14:33:0:673,3.96,-1.11,-0.70
14:33:0:673,3.89,-0.11,-0.22
14:33:0:708,4.12,0.43,-0.18
14:33:0:742,4.07,0.00,-0.16
14:33:0:759,3.84,-0.07,-0.34
14:33:0:760,3.70,-0.22,-0.35
14:33:0:777,3.89,-0.23,-0.45
14:33:0:849,4.20,0.22,-0.48
14:33:0:849,4.07,0.27,-0.53
14:33:0:866,4.10,-0.02,-0.61
14:33:0:884,4.05,-0.22,-0.77
14:33:0:901,4.00,0.06,-0.74
14:33:0:970,3.85,0.69,-0.82
14:33:1:21,4.03,0.46,-0.60
14:33:1:56,4.09,0.08,-0.64
14:33:1:56,4.02,-0.13,-0.52
14:33:1:74,3.86,-0.08,-0.50
14:33:1:74,3.93,0.06,-0.38
14:33:1:126,3.94,0.14,-0.38
14:33:1:197,3.96,0.04,-0.48
14:33:1:231,3.96,-0.18,-0.46
14:33:1:389,4.04,-0.13,-0.30
14:33:1:405,4.15,-0.53,-0.50
14:33:1:407,3.96,-0.25,-0.28
14:33:1:407,4.03,-0.43,-0.16
14:33:1:475,4.11,-0.25,-0.23
14:33:1:494,4.10,-0.17,-0.54
14:33:1:494,4.66,-0.30,-0.28
14:33:1:561,4.24,-0.76,-0.65
14:33:1:563,4.11,-0.71,-0.98
14:33:1:598,6.00,0.40,-0.03
14:33:1:615,5.44,0.42,-0.14
14:33:1:650,5.67,0.65,-0.00
14:33:1:667,5.63,0.87,-0.45
14:33:1:737,5.40,1.20,-1.13
14:33:1:788,4.54,0.78,-1.23
14:33:1:788,5.26,-0.50,-0.46
14:33:1:788,5.84,-1.55,-0.18
14:33:1:822,4.14,-1.37,-0.71
14:33:1:839,1.24,0.27,-1.94
14:33:1:856,0.93,3.17,-1.85
14:33:1:874,0.40,2.88,-1.24
14:33:1:925,1.41,1.90,-1.47
14:33:1:943,1.84,1.12,-1.51
14:33:1:960,2.49,0.77,-1.29
14:33:1:979,3.52,0.62,-1.03
14:33:1:979,4.49,0.27,-0.65
14:33:1:995,5.44,0.60,-0.52
14:33:1:995,6.34,0.40,-0.15
14:33:1:996,7.36,0.37,0.08
14:33:2:16,7.55,0.11,1.15
14:33:2:16,8.00,-1.95,1.66
14:33:2:32,8.00,-4.53,2.13
14:33:2:33,6.62,-4.57,2.93
14:33:2:33,7.05,-5.29,3.78
14:33:2:120,6.06,-6.55,1.96
14:33:2:136,4.68,1.31,-4.86
14:33:2:153,5.47,0.03,1.63
14:33:2:153,6.26,-0.94,0.59
14:33:2:170,6.01,1.45,0.81
14:33:2:170,2.76,1.38,-0.61
14:33:2:187,3.68,0.97,-1.60
14:33:2:187,3.49,-0.28,-1.66
14:33:2:205,3.54,-0.14,-0.99
14:33:2:222,4.00,1.45,-0.71
14:33:2:222,3.99,1.97,-0.64
14:33:2:255,3.84,0.93,-1.03
14:33:2:272,3.57,0.26,-0.81
14:33:2:291,4.04,0.26,-0.77
14:33:2:307,3.90,0.81,-0.44
14:33:2:326,3.96,0.95,-0.50
14:33:2:359,4.08,-0.00,-0.74
14:33:2:376,3.93,-0.24,-0.91
14:33:2:395,4.00,-0.10,-0.89
14:33:2:412,4.10,0.43,-1.11
14:33:2:447,3.23,0.47,-0.80
14:33:2:465,4.97,-0.56,0.34
14:33:2:499,4.77,0.23,0.18
14:33:2:499,4.93,0.68,-0.13
14:33:2:551,5.22,0.10,0.08
14:33:2:551,4.99,-0.33,-0.27
14:33:2:638,4.99,0.04,-0.45
14:33:2:638,5.43,-0.01,-1.09
14:33:2:656,5.89,0.33,-1.45
14:33:2:673,6.39,1.10,-1.76
14:33:2:690,6.92,1.40,-4.42
14:33:2:707,7.38,0.76,-1.50
14:33:2:724,7.96,0.13,-0.90
14:33:2:794,5.32,-0.05,-1.95
14:33:2:828,2.21,0.43,-1.37
14:33:2:880,2.07,1.10,-1.97
14:33:2:896,-0.24,2.80,-0.73
14:33:2:897,0.58,2.61,-0.37
14:33:2:897,1.00,1.95,-0.63
14:33:2:915,1.64,1.09,-0.69
14:33:2:932,1.98,1.25,-0.63
14:33:2:932,3.09,0.90,-0.66
14:33:2:985,4.74,0.32,-0.57
14:33:3:3,6.21,-0.19,-1.45
14:33:3:20,7.13,0.17,-0.72
14:33:3:55,8.00,-1.52,-0.92
14:33:3:55,8.00,-4.08,0.35
14:33:3:107,8.00,-7.12,1.41
14:33:3:107,8.00,-7.53,3.33
14:33:3:141,7.47,-8.00,6.31
14:33:3:175,3.24,-0.06,2.38
14:33:3:193,5.14,5.82,-1.86
14:33:3:193,8.00,-2.81,-0.68
14:33:3:246,8.00,-2.07,1.83
14:33:3:298,8.00,-0.04,1.45
14:33:3:298,3.08,-0.71,-3.90
14:33:3:298,4.30,0.83,-0.50
14:33:3:349,3.72,0.35,-0.92
14:33:3:400,4.17,0.51,-0.57
14:33:3:417,4.41,1.03,-0.26
14:33:3:435,3.34,1.42,-1.48
14:33:3:452,3.94,0.89,-0.87
14:33:3:558,3.99,-0.23,-0.94
14:33:3:575,3.78,0.07,-0.45
14:33:3:593,3.90,0.15,-0.32
14:33:3:609,4.27,0.18,-0.43
14:33:3:610,4.41,-0.90,-0.71
14:33:3:610,4.25,0.03,-0.45
14:33:3:627,4.54,-0.57,-0.71
14:33:3:645,4.87,-0.28,-0.25
14:33:3:662,4.84,-0.12,-0.46
14:33:3:714,4.87,-0.08,-0.48
14:33:3:731,5.10,0.20,-0.02
14:33:3:749,5.31,0.26,-0.14
14:33:3:766,6.07,0.46,-0.95
14:33:3:783,6.20,1.05,-1.88
14:33:3:783,7.54,1.35,-3.75
14:33:3:818,6.47,2.40,-3.47
14:33:3:818,8.00,0.36,0.31
14:33:3:870,8.00,1.71,-1.47
14:33:3:888,2.94,0.38,-0.92
14:33:3:905,0.35,-0.22,-0.33
14:33:3:940,0.67,3.26,-0.52
14:33:3:940,0.42,2.67,0.04
14:33:3:992,0.60,2.67,-0.38
14:33:3:995,1.54,1.01,-0.47
14:33:4:82,2.14,1.22,-0.54
14:33:4:99,3.05,0.89,-0.50
14:33:4:116,4.44,0.55,-0.20
14:33:4:135,5.30,0.50,-0.47
14:33:4:135,6.48,0.25,-1.24
14:33:4:135,7.70,-0.91,-0.95
14:33:4:170,8.00,-2.34,0.40
14:33:4:188,8.00,-5.66,1.15
14:33:4:293,8.00,-7.21,0.86
14:33:4:293,7.17,-8.00,3.88
14:33:4:328,7.42,-8.00,4.90
14:33:4:328,0.69,-4.40,-2.43
14:33:4:346,4.29,7.87,0.11
14:33:4:346,6.33,0.90,1.89
14:33:4:362,3.00,-1.17,-4.04
14:33:4:398,8.00,-1.79,5.62
14:33:4:416,-2.00,0.01,-1.48
14:33:4:432,2.19,0.53,-1.88
14:33:4:451,4.96,1.13,-1.26
14:33:4:485,3.82,0.87,-1.04
14:33:4:502,3.97,1.63,-0.92
14:33:4:520,3.73,1.30,-1.33
14:33:4:555,3.80,0.45,-1.02
14:33:4:556,3.84,0.55,-0.63
14:33:4:626,3.93,-0.36,-0.62
14:33:4:642,4.04,-0.40,-0.53
14:33:4:642,4.27,-0.44,-0.68
14:33:4:676,4.44,0.20,-0.29
14:33:4:693,4.20,-0.14,-0.67
14:33:4:727,4.75,0.21,0.30
14:33:4:745,4.79,-0.10,0.05
14:33:4:813,4.40,-0.01,-0.09
14:33:4:813,4.82,-0.08,-0.44
14:33:4:813,4.94,-0.10,-0.54
14:33:4:830,5.04,-0.06,-0.25
14:33:4:866,5.39,-0.20,-0.87
14:33:4:884,6.14,0.28,-1.72
14:33:4:901,6.71,0.92,-1.53
14:33:4:970,7.33,2.03,-3.91
14:33:5:5,6.37,2.81,-0.75
14:33:5:5,8.00,0.42,-1.23
14:33:5:5,7.22,0.72,-0.81
14:33:5:22,2.61,-0.21,-0.48
14:33:5:58,1.16,0.12,-1.39
14:33:5:75,-0.06,2.82,-0.63
14:33:5:162,0.27,2.45,0.15
14:33:5:162,0.72,2.11,-0.38
14:33:5:180,1.52,1.00,-0.47
14:33:5:180,1.88,0.92,-0.50
14:33:5:196,2.80,0.97,-0.61
14:33:5:231,3.61,0.71,-0.20
14:33:5:249,5.29,-0.29,-1.09
14:33:5:266,6.28,1.18,-0.93
14:33:5:300,8.00,-0.47,-1.05
14:33:5:334,8.00,-3.05,0.11
14:33:5:334,8.00,-5.60,2.78
14:33:5:386,8.00,-7.21,2.49
14:33:5:388,6.21,-8.00,6.17
14:33:5:404,6.72,-8.00,3.34
14:33:5:439,0.71,7.99,-5.43
14:33:5:508,6.63,1.70,3.81
14:33:5:526,6.27,-2.38,-2.70
14:33:5:560,4.94,-0.39,-1.27
14:33:5:577,7.37,-1.04,2.32
14:33:5:577,0.51,-0.75,-1.73
14:33:5:593,2.13,0.28,-1.58
14:33:5:595,4.53,1.82,-0.96
14:33:5:630,3.68,0.49,-1.14
14:33:5:700,4.06,0.83,-0.81
14:33:5:700,3.49,1.03,-1.14
14:33:5:718,3.92,0.39,-0.68
14:33:5:718,4.14,1.06,-0.73
14:33:5:752,3.91,0.24,-0.61
14:33:5:770,3.92,0.02,-0.55
14:33:5:787,3.75,-0.31,-0.96
14:33:5:839,3.66,0.58,-0.83
14:33:5:874,4.25,-0.30,-0.42
14:33:5:891,4.33,-0.43,-0.44
14:33:5:891,4.16,-0.73,-0.88
14:33:5:908,4.70,-0.01,-0.31
14:33:5:960,4.89,0.14,-0.32
14:33:5:960,5.07,-0.08,-0.39
14:33:5:995,5.14,0.03,-0.44
14:33:6:13,5.38,-0.01,-0.98
14:33:6:65,6.06,0.21,-1.68
14:33:6:82,6.37,1.09,-1.23
14:33:6:116,6.71,2.28,-3.96
14:33:6:168,7.13,2.68,-2.10
14:33:6:168,7.77,0.65,0.06
14:33:6:184,7.69,0.62,-1.40
14:33:6:186,2.58,0.37,-0.88
14:33:6:235,0.15,-1.03,-0.69
14:33:6:235,0.12,2.95,-1.50
14:33:6:253,-0.21,2.47,-0.10
14:33:6:270,0.17,2.34,-0.52
14:33:6:305,1.42,0.42,-1.12
14:33:6:322,2.18,1.18,-0.36
14:33:6:338,3.41,0.94,-0.63
14:33:6:441,4.80,0.22,-0.41
14:33:6:441,5.21,0.79,-0.10
14:33:6:459,6.96,0.20,0.12
14:33:6:459,8.00,-1.72,0.12
14:33:6:475,8.00,-3.64,1.27
14:33:6:510,8.00,-5.42,1.53
14:33:6:527,8.00,-7.39,2.09
14:33:6:562,7.45,-8.00,5.66
14:33:6:579,8.00,-4.72,3.54
14:33:6:597,2.47,8.00,-7.07
14:33:6:631,8.00,3.95,2.85
14:33:6:648,6.14,-1.41,-4.20
14:33:6:648,8.00,-2.33,1.44
14:33:6:700,5.35,0.10,0.70
14:33:6:702,4.20,-0.46,-2.39
14:33:6:772,4.13,1.17,-0.63
14:33:6:772,3.26,1.05,-1.32
14:33:6:789,3.69,0.36,-1.13
14:33:6:808,4.04,0.75,-0.82
14:33:6:859,3.32,1.19,-1.50
14:33:6:877,3.96,0.69,-0.91
14:33:6:965,3.90,0.46,-0.46
14:33:6:965,3.99,0.49,-0.62
14:33:6:965,4.01,0.49,-0.76
14:33:6:983,4.03,0.23,-0.94
14:33:7:19,3.97,-0.06,-0.79
14:33:7:19,4.21,0.20,-0.66
14:33:7:35,4.27,0.02,-0.50
14:33:7:69,3.84,-0.47,-0.94
14:33:7:139,4.29,0.95,-0.32
14:33:7:139,4.71,-0.14,-0.62
14:33:7:157,4.83,-0.43,-0.85
14:33:7:157,5.02,-0.10,-0.49
14:33:7:174,5.39,-0.01,-0.79
14:33:7:191,6.18,0.34,-1.54
14:33:7:227,6.93,0.98,-2.03
14:33:7:244,7.96,1.12,-4.07
14:33:7:261,7.08,3.01,-2.73
14:33:7:313,7.69,0.70,0.52
14:33:7:314,8.00,0.08,-0.41
14:33:7:331,2.23,-0.98,-1.20
14:33:7:383,0.55,1.04,-0.04
14:33:7:400,-0.56,2.11,-0.71
14:33:7:417,-0.41,2.28,0.31
14:33:7:417,0.25,2.19,-0.07
14:33:7:435,1.20,1.39,-0.00
14:33:7:487,1.99,0.87,-0.24
14:33:7:504,2.97,-0.23,-0.88
14:33:7:521,3.57,1.29,-0.19
14:33:7:540,4.85,0.66,-0.22
14:33:7:589,6.16,0.05,-0.72
14:33:7:589,7.97,-0.78,-0.50
14:33:7:625,8.00,-2.82,0.36
14:33:7:695,8.00,-5.21,1.89
14:33:7:696,8.00,-7.49,1.55
14:33:7:696,6.83,-8.00,5.11
14:33:7:730,6.31,-1.95,4.13
14:33:7:730,4.71,5.83,-3.89
14:33:7:764,4.55,3.69,2.54
14:33:7:785,6.19,-3.65,-6.27
14:33:7:854,7.74,-1.69,2.47
14:33:7:906,8.00,0.66,1.20
14:33:7:906,4.29,0.12,-2.15
14:33:7:924,3.91,1.58,-0.91
14:33:7:924,3.47,1.63,-1.45
14:33:7:942,3.64,0.22,-1.04
14:33:7:942,3.97,0.49,-1.36
14:33:8:28,4.10,1.04,-1.19
14:33:8:45,3.88,0.74,-0.36
14:33:8:45,3.85,0.37,-0.47
14:33:8:96,3.88,0.31,-0.93
14:33:8:114,3.95,0.37,-0.83
14:33:8:114,3.89,0.12,-0.76
14:33:8:131,4.04,-0.04,-0.58
14:33:8:217,3.97,-0.30,-0.60
14:33:8:251,4.20,0.08,-0.36
14:33:8:251,3.73,-0.21,-0.59
14:33:8:269,4.30,-0.17,-0.60
14:33:8:269,4.32,-0.28,-0.40
14:33:8:269,4.54,-0.21,-0.13
14:33:8:304,4.44,-0.21,-0.11
14:33:8:320,4.61,-0.15,-0.61
14:33:8:355,5.48,-0.73,-0.75
14:33:8:389,5.47,-0.52,-1.15
14:33:8:407,6.36,0.07,-0.77
14:33:8:441,7.90,0.83,-1.42
14:33:8:458,5.90,1.54,-2.71
14:33:8:458,5.51,1.36,-1.38
14:33:8:493,6.28,0.07,0.29
14:33:8:512,5.11,-1.24,0.20
14:33:8:564,3.08,-1.81,-1.57
14:33:8:582,0.58,0.95,-0.76
14:33:8:582,-0.25,2.20,0.10
14:33:8:600,0.69,2.15,0.62
14:33:8:617,0.56,1.28,0.44
14:33:8:653,1.59,0.46,-0.21
14:33:8:670,2.06,0.03,0.17
14:33:8:705,2.03,0.41,0.08
14:33:8:757,3.29,0.19,-0.17
14:33:8:757,4.03,-0.03,-0.04
14:33:8:774,5.74,-0.73,-0.44
14:33:8:792,6.99,-1.16,-0.31
14:33:8:830,8.00,-2.01,0.02
14:33:8:830,8.00,-3.15,1.28
14:33:8:935,8.00,-4.55,2.21
14:33:8:952,6.66,-6.82,3.18
14:33:8:985,6.17,-6.39,3.89
14:33:8:986,3.03,1.78,-4.31
14:33:8:986,7.11,2.79,2.13
14:33:9:5,8.00,0.02,0.93
14:33:9:22,2.98,0.91,-0.13
14:33:9:22,2.99,1.12,-0.83
14:33:9:57,3.69,1.47,-1.54
14:33:9:125,3.70,0.14,-1.97
14:33:9:160,3.63,-1.03,-1.17
14:33:9:160,3.08,0.54,-0.95
14:33:9:177,4.13,1.95,-0.42
14:33:9:194,3.73,1.67,-0.50
14:33:9:212,3.99,0.29,-0.83
14:33:9:229,4.05,-0.43,-1.28
14:33:9:299,4.01,0.34,-1.21
14:33:9:316,4.05,1.04,-0.77
14:33:9:333,4.01,0.60,-0.84
14:33:9:385,3.81,0.15,-0.88
14:33:9:402,3.72,0.05,-0.86
14:33:9:437,3.83,0.24,-0.55
14:33:9:473,3.77,0.28,-0.60
14:33:9:490,3.89,0.29,-0.55
14:33:9:507,3.90,0.31,-0.59
14:33:9:507,3.91,0.26,-0.58
14:33:9:523,3.92,0.31,-0.56
14:33:9:524,4.00,0.38,-0.56
14:33:9:541,4.12,0.23,-0.62
14:33:9:560,3.85,0.04,-0.62
14:33:9:592,3.97,0.12,-0.57
14:33:9:642,3.73,0.12,-0.54
14:33:9:678,3.92,0.24,-0.58
14:33:9:678,3.92,-0.02,-0.48
14:33:9:678,3.85,0.01,-0.49
14:33:9:712,3.81,0.04,-0.57
14:33:9:713,3.83,0.11,-0.58
14:33:9:785,4.05,0.14,-0.37
14:33:9:837,3.89,0.07,-0.41
14:33:9:837,3.84,0.07,-0.52
14:33:9:854,3.90,0.17,-0.60
14:33:9:872,3.99,0.07,-0.44
14:33:9:872,3.95,0.04,-0.45
14:33:9:924,3.88,0.01,-0.57
14:33:9:958,3.92,0.14,-0.48
14:33:10:12,3.95,0.14,-0.44
14:33:10:47,3.89,0.14,-0.44
14:33:10:65,3.88,0.08,-0.49
14:33:10:84,3.90,0.05,-0.56
14:33:10:101,3.94,0.14,-0.50
14:33:10:119,3.91,0.16,-0.44
14:33:10:136,3.96,0.13,-0.47
14:33:10:224,3.91,0.09,-0.54
14:33:10:241,3.92,0.24,-0.49
14:33:10:241,3.96,0.22,-0.44
14:33:10:274,3.91,0.15,-0.47
14:33:10:275,3.91,0.13,-0.48
14:33:10:292,3.90,0.22,-0.51
14:33:10:292,3.94,0.22,-0.47
14:33:10:310,3.95,0.22,-0.49
14:33:10:326,3.91,0.26,-0.54
14:33:10:414,3.91,0.19,-0.52
14:33:10:432,3.90,0.23,-0.48
14:33:10:449,3.94,0.25,-0.48
14:33:10:484,3.95,0.22,-0.50
14:33:10:538,3.91,0.24,-0.52
14:33:10:590,3.88,0.27,-0.53
14:33:10:624,3.93,0.24,-0.50
14:33:10:625,3.94,0.21,-0.52
14:33:10:642,3.92,0.25,-0.52
14:33:10:660,3.90,0.18,-0.57
14:33:10:678,3.92,0.15,-0.53
14:33:10:679,3.90,0.18,-0.51
14:33:10:730,3.92,0.21,-0.57
14:33:10:748,3.90,0.22,-0.52
14:33:10:748,3.88,0.15,-0.51
14:33:10:782,3.87,0.08,-0.57
14:33:10:782,3.96,0.18,-0.61
14:33:10:799,3.96,0.18,-0.52
14:33:10:817,3.94,0.15,-0.50
14:33:10:834,3.95,0.20,-0.57
14:33:10:834,3.97,0.24,-0.51
14:33:10:852,3.93,0.22,-0.49
14:33:10:869,3.92,0.24,-0.50
14:33:10:924,3.93,0.25,-0.48
14:33:10:924,3.92,0.21,-0.48
14:33:10:942,3.92,0.23,-0.47
14:33:10:959,3.94,0.28,-0.45
14:33:10:976,3.91,0.26,-0.43
14:33:10:996,3.92,0.21,-0.46
14:33:11:30,3.92,0.21,-0.46
14:33:11:98,3.93,0.22,-0.45
14:33:11:98,3.91,0.22,-0.47
14:33:11:152,3.92,0.23,-0.46
14:33:11:169,3.91,0.22,-0.46
14:33:11:187,3.91,0.25,-0.43
14:33:11:207,3.93,0.28,-0.44
14:33:11:224,3.93,0.27,-0.44
14:33:11:259,3.92,0.25,-0.46
14:33:11:275,3.92,0.23,-0.43
14:33:11:292,3.94,0.24,-0.44
14:33:11:308,3.92,0.24,-0.44
14:33:11:327,3.92,0.27,-0.43
14:33:11:327,3.97,0.33,-0.40
14:33:11:362,3.91,0.24,-0.46
14:33:11:380,3.92,0.17,-0.47
14:33:11:397,3.94,0.23,-0.48
14:33:11:430,3.93,0.33,-0.41
14:33:11:482,3.94,0.33,-0.40
14:33:11:499,3.96,0.28,-0.43
14:33:11:499,3.92,0.25,-0.45
14:33:11:534,3.95,0.26,-0.42
14:33:11:551,3.94,0.28,-0.42
14:33:11:568,3.91,0.27,-0.41
14:33:11:621,3.91,0.30,-0.35
14:33:11:673,3.94,0.29,-0.41
14:33:11:674,3.94,0.27,-0.40
14:33:11:691,3.90,0.25,-0.37
14:33:11:691,3.93,0.26,-0.39
14:33:11:743,3.93,0.24,-0.33
14:33:11:759,3.95,0.24,-0.38
14:33:11:777,3.97,0.27,-0.38
14:33:11:828,3.93,0.26,-0.37
14:33:11:865,3.95,0.23,-0.37
14:33:11:865,3.94,0.27,-0.35
14:33:11:881,3.97,0.27,-0.35
14:33:11:881,3.92,0.29,-0.34
14:33:11:916,3.94,0.28,-0.34
14:33:11:934,3.95,0.31,-0.31
14:33:12:3,3.95,0.31,-0.32
14:33:12:21,3.92,0.34,-0.26
14:33:12:38,3.94,0.48,-0.19
14:33:12:55,4.13,0.54,-0.05
14:33:12:90,4.00,0.47,-0.20
14:33:12:106,4.07,-0.32,-0.72
14:33:12:106,3.81,-0.08,-0.63
14:33:12:177,3.96,-0.17,-0.58
14:33:12:193,3.97,0.07,-0.57
14:33:12:193,3.94,0.10,-0.43
14:33:12:211,3.86,0.19,-0.39
14:33:12:263,4.02,0.53,-0.14
14:33:12:283,4.05,0.58,-0.30
14:33:12:283,4.09,0.30,-0.46
14:33:12:318,4.03,0.30,-0.42
14:33:12:369,3.99,0.41,-0.32
14:33:12:370,4.02,0.49,-0.16
14:33:12:370,4.01,0.48,-0.15
14:33:12:404,4.05,0.44,-0.02
14:33:12:422,3.93,0.36,-0.19
14:33:12:439,3.95,0.29,-0.21
14:33:12:474,3.99,0.27,-0.04
14:33:12:527,4.06,0.49,0.11
14:33:12:544,3.83,0.79,0.01
14:33:12:544,3.96,0.47,-0.06
14:33:12:560,4.33,-0.17,-0.50
14:33:12:595,4.04,-0.59,-0.79
14:33:12:612,3.88,-0.81,-0.66
14:33:12:630,3.87,-0.69,-0.62
14:33:12:680,3.96,-0.44,-0.57
14:33:12:698,4.01,-0.19,-0.52
14:33:12:730,4.12,0.05,-0.58
14:33:12:749,3.85,0.29,-0.55
14:33:12:749,4.16,0.44,-0.93
14:33:12:767,3.92,0.42,-0.94
14:33:12:801,3.95,0.40,-1.01
14:33:12:835,3.94,0.34,-1.11
14:33:12:836,3.88,0.75,-1.09
14:33:12:871,3.81,-0.13,-1.53
14:33:12:905,3.86,0.11,-1.37
14:33:12:921,3.82,0.00,-1.43
14:33:12:940,3.83,0.65,-1.53
14:33:12:957,3.69,1.06,-1.18
14:33:12:991,3.45,2.14,-0.95
14:33:13:25,3.43,3.80,-1.06
14:33:13:43,3.77,1.69,0.48
14:33:13:80,4.62,-0.74,-0.40
14:33:13:80,3.56,-0.21,-0.42
14:33:13:114,3.75,-1.22,-1.03
14:33:13:149,3.75,-0.40,-1.11
14:33:13:166,4.00,-0.15,-0.43
14:33:13:184,4.24,0.58,-0.61
14:33:13:201,4.26,0.41,-0.49
14:33:13:271,3.98,0.25,-0.53
14:33:13:271,3.91,0.09,-0.63
14:33:13:271,4.00,0.20,-0.58
14:33:13:322,3.93,0.20,-0.62
14:33:13:339,3.91,0.18,-0.65
14:33:13:339,3.85,0.34,-0.78
14:33:13:374,3.85,0.28,-0.77
14:33:13:426,3.73,0.49,-0.90
14:33:13:443,3.93,0.69,-0.65
14:33:13:460,3.83,0.67,-0.68
14:33:13:461,4.04,0.41,-0.71
14:33:13:495,3.92,0.34,-0.74
14:33:13:512,3.95,0.46,-0.70
14:33:13:548,3.95,0.66,-0.56
14:33:13:583,3.71,1.32,-0.76
14:33:13:618,3.97,0.69,-0.49
14:33:13:634,4.00,0.53,-0.55
14:33:13:636,3.84,0.56,-0.65
14:33:13:668,4.00,0.89,-0.41
14:33:13:686,3.90,0.78,-0.45
14:33:13:704,3.88,0.65,-0.58
14:33:13:739,4.07,0.78,-0.53
14:33:13:790,4.01,0.66,-0.57
14:33:13:790,4.02,0.51,-0.54
14:33:13:808,4.04,0.40,-0.50
14:33:13:841,3.96,0.31,-0.37
14:33:13:877,4.17,-0.30,-0.36
14:33:13:877,4.17,-1.13,-0.14
14:33:13:894,3.90,-1.02,-0.21
14:33:13:946,3.96,-0.17,-0.44
14:33:13:964,4.12,-0.80,-0.34
14:33:13:981,4.57,-0.55,0.44
14:33:14:16,4.66,-1.75,0.29
14:33:14:16,4.30,-1.66,0.04
14:33:14:33,4.34,-1.08,-0.52
14:33:14:68,4.01,-0.63,-0.50
14:33:14:102,3.93,-0.44,-0.52
14:33:14:155,3.83,0.40,-0.47
14:33:14:173,3.49,1.08,-0.82
14:33:14:189,3.18,2.20,-1.21
14:33:14:189,2.23,4.15,-1.72
14:33:14:207,2.30,5.13,-1.61
14:33:14:241,6.48,-2.89,1.02
14:33:14:260,2.63,1.37,0.61
14:33:14:363,4.81,-0.39,-0.44
14:33:14:363,4.42,0.34,-0.57
14:33:14:380,4.36,-0.29,-0.11
14:33:14:398,4.00,-0.39,-0.24
14:33:14:398,4.01,-0.07,-0.33
14:33:14:414,4.05,0.00,-0.38
14:33:14:450,4.00,-0.11,-0.37
14:33:14:450,4.05,0.12,-0.45
14:33:14:486,4.03,0.17,-0.52
14:33:14:521,3.90,0.42,-0.75
14:33:14:521,3.92,0.72,-0.79
14:33:14:555,4.07,0.32,-0.58
14:33:14:573,3.97,0.08,-0.63
14:33:14:589,4.02,0.08,-0.63
14:33:14:624,3.97,0.25,-0.54
14:33:14:658,3.94,0.25,-0.59
14:33:14:692,3.96,0.28,-0.66
14:33:14:710,3.95,0.30,-0.71
14:33:14:710,3.88,0.40,-0.64
14:33:14:744,3.93,0.23,-0.65
14:33:14:776,3.92,0.18,-0.70
14:33:14:797,3.96,0.31,-0.69
14:33:14:815,3.93,0.39,-0.69
14:33:14:884,3.89,0.34,-0.65
14:33:14:901,3.91,0.36,-0.69
14:33:14:902,3.90,0.28,-0.63
14:33:14:920,3.86,0.30,-0.60
14:33:14:937,3.92,0.27,-0.57
14:33:14:954,3.86,0.28,-0.58
14:33:14:971,3.90,0.26,-0.58
14:33:15:44,3.89,0.30,-0.60
14:33:15:61,3.96,0.46,-0.68
14:33:15:78,3.95,0.35,-0.59
14:33:15:78,3.91,0.33,-0.59
14:33:15:111,3.90,0.26,-0.62
14:33:15:130,3.90,0.26,-0.61
14:33:15:165,3.88,0.34,-0.61
14:33:15:240,3.90,0.33,-0.54
14:33:15:257,3.91,0.28,-0.55
14:33:15:274,3.89,0.35,-0.58
14:33:15:309,3.93,0.35,-0.61
14:33:15:326,3.90,0.33,-0.59
14:33:15:326,3.91,0.31,-0.58
14:33:15:344,3.92,0.33,-0.62
14:33:15:361,3.93,0.34,-0.58
14:33:15:413,3.90,0.37,-0.58
14:33:15:413,3.90,0.39,-0.56
14:33:15:430,3.90,0.39,-0.55
14:33:15:449,3.90,0.36,-0.55
14:33:15:449,3.92,0.34,-0.55
14:33:15:500,3.89,0.33,-0.55
14:33:15:517,3.89,0.36,-0.55
14:33:15:571,3.88,0.38,-0.60
14:33:15:588,3.88,0.40,-0.57
14:33:15:604,3.88,0.39,-0.59
14:33:15:621,3.89,0.37,-0.62
14:33:15:622,3.92,0.37,-0.55
14:33:15:673,3.92,0.37,-0.58
14:33:15:673,3.91,0.40,-0.58
14:33:15:698,3.91,0.39,-0.59
14:33:15:715,3.92,0.40,-0.55
14:33:15:750,3.88,0.38,-0.56
14:33:15:774,3.91,0.35,-0.56
14:33:15:799,3.91,0.38,-0.53
14:33:15:827,3.91,0.35,-0.52
14:33:15:845,3.90,0.33,-0.54
14:33:15:879,3.92,0.35,-0.57
14:33:15:896,3.90,0.34,-0.56
14:33:15:950,3.92,0.33,-0.54
14:33:15:966,3.92,0.33,-0.55
14:33:15:985,3.87,0.37,-0.56
14:33:15:985,3.90,0.37,-0.53
14:33:16:2,3.91,0.36,-0.53
14:33:16:37,3.89,0.32,-0.53
14:33:16:71,3.90,0.35,-0.53
14:33:16:89,3.91,0.37,-0.56
14:33:16:124,3.90,0.35,-0.55
14:33:16:158,3.90,0.34,-0.51
14:33:16:176,3.92,0.34,-0.53
14:33:16:176,3.91,0.35,-0.50
14:33:16:210,3.89,0.37,-0.53
14:33:16:228,3.89,0.39,-0.53
14:33:16:263,3.90,0.40,-0.53
14:33:16:316,3.92,0.38,-0.54
14:33:16:335,3.93,0.39,-0.55
14:33:16:351,3.90,0.38,-0.53
14:33:16:386,3.90,0.36,-0.56
14:33:16:404,3.90,0.40,-0.55
14:33:16:422,3.92,0.40,-0.53
14:33:16:422,3.92,0.39,-0.58
14:33:16:439,3.92,0.40,-0.53
14:33:16:490,3.90,0.39,-0.52
14:33:16:525,3.91,0.40,-0.52
14:33:16:543,3.92,0.39,-0.54
14:33:16:560,3.92,0.41,-0.55
14:33:16:678,3.91,0.39,-0.54
14:33:16:713,3.90,0.36,-0.54
14:33:16:730,3.89,0.40,-0.54
14:33:16:730,3.90,0.40,-0.55
14:33:16:748,3.92,0.42,-0.57
14:33:16:748,3.91,0.43,-0.52
14:33:16:748,3.90,0.39,-0.54
14:33:16:766,3.89,0.36,-0.55
14:33:16:781,3.89,0.40,-0.53
14:33:16:798,3.91,0.38,-0.54
14:33:16:851,3.91,0.36,-0.53
14:33:16:869,3.91,0.37,-0.54
14:33:16:885,3.89,0.36,-0.53
14:33:16:903,3.90,0.34,-0.51
14:33:16:920,3.90,0.36,-0.50
14:33:16:939,3.90,0.39,-0.49
14:33:16:939,3.91,0.37,-0.48
14:33:16:974,3.91,0.44,-0.52
14:33:17:44,3.91,0.39,-0.50
14:33:17:98,3.90,0.38,-0.49
14:33:17:115,3.92,0.39,-0.45
14:33:17:115,3.92,0.38,-0.47
14:33:17:133,3.91,0.39,-0.46
14:33:17:150,3.90,0.42,-0.50
14:33:17:184,3.91,0.39,-0.48
14:33:17:220,3.92,0.42,-0.49
14:33:17:254,3.92,0.40,-0.50
14:33:17:289,3.90,0.42,-0.49
14:33:17:324,3.90,0.41,-0.46
14:33:17:343,3.90,0.41,-0.49
14:33:17:395,3.91,0.43,-0.48
14:33:17:429,3.89,0.42,-0.49
14:33:17:479,3.86,0.44,-0.45
14:33:17:515,3.92,0.42,-0.47
14:33:17:515,3.90,0.39,-0.47
14:33:17:584,3.91,0.41,-0.47
14:33:17:584,3.90,0.43,-0.45
14:33:17:602,3.91,0.45,-0.46
14:33:17:620,3.94,0.45,-0.49
14:33:17:674,3.91,0.48,-0.50
14:33:17:674,3.94,0.45,-0.46
14:33:17:708,3.89,0.42,-0.47
14:33:17:761,3.91,0.47,-0.46
14:33:17:761,3.93,0.48,-0.46
14:33:17:779,3.88,0.47,-0.46
14:33:17:796,3.87,0.42,-0.42
14:33:17:848,3.87,0.44,-0.48
14:33:17:864,3.90,0.42,-0.45
14:33:17:883,3.92,0.42,-0.39
14:33:17:969,3.90,0.44,-0.42
14:33:17:969,3.94,0.46,-0.49
14:33:17:987,3.97,0.49,-0.44
14:33:18:4,3.90,0.48,-0.47
14:33:18:22,3.93,0.56,-0.49
14:33:18:39,3.96,0.52,-0.46
14:33:18:40,3.89,0.53,-0.39
14:33:18:56,3.97,0.58,-0.44
14:33:18:108,3.99,0.52,-0.41
14:33:18:126,4.05,0.44,-0.45
14:33:18:143,4.05,0.39,-0.52
14:33:18:159,4.11,0.43,-0.45
14:33:18:159,4.12,0.60,-0.43
14:33:18:176,4.40,0.08,-0.43
14:33:18:194,4.61,1.21,-0.14
14:33:18:243,4.96,-0.09,-1.20
14:33:18:294,4.46,0.76,-1.30
14:33:18:294,3.89,0.75,-1.16
14:33:18:311,3.14,1.52,-1.18
14:33:18:311,2.79,1.89,-1.15
14:33:18:328,2.73,2.13,-0.93
14:33:18:328,2.97,2.14,-0.71
14:33:18:345,3.31,1.86,-0.45
14:33:18:345,3.71,1.64,-0.39
14:33:18:363,4.01,1.35,-0.36
14:33:18:380,4.20,0.84,-0.11
14:33:18:380,4.72,-0.10,-0.18
14:33:18:398,4.68,-0.41,-0.37
14:33:18:415,4.52,-0.22,0.00
14:33:18:466,4.80,-0.50,-0.00
14:33:18:483,4.38,-0.85,0.19
14:33:18:483,4.33,-1.31,0.46
14:33:18:518,4.34,-1.01,0.43
14:33:18:536,4.20,-0.82,0.70
14:33:18:553,4.27,-1.69,0.49
14:33:18:588,4.00,-1.82,-1.80
14:33:18:622,4.84,2.20,-0.72
14:33:18:656,6.32,1.65,0.70
14:33:18:656,3.40,0.62,-0.27
14:33:18:673,3.07,0.94,-0.01
14:33:18:706,3.39,0.07,-0.03
14:33:18:708,4.66,-1.37,-1.21
14:33:18:743,3.85,-0.59,-0.90
14:33:18:760,3.91,0.17,-0.49
14:33:18:813,3.98,0.45,-0.33
14:33:18:847,4.06,0.60,-0.39
14:33:18:865,4.04,-0.01,-0.91
14:33:18:865,3.81,-0.49,-1.05
14:33:18:883,3.89,0.01,-0.87
14:33:18:914,3.89,0.78,-0.31
14:33:18:932,3.80,0.55,-0.55
14:33:18:950,4.05,-0.50,-0.05
14:33:18:984,3.88,-0.77,-0.62
14:33:19:18,4.41,0.40,-0.48
14:33:19:35,4.25,0.69,-0.63
14:33:19:53,4.00,0.33,-0.88
14:33:19:107,4.25,0.25,-0.52
14:33:19:126,4.33,0.10,-0.73
14:33:19:142,4.40,-0.43,-0.51
14:33:19:194,4.26,-1.50,-1.22
14:33:19:194,5.00,0.07,-0.77
14:33:19:210,5.32,0.32,-0.53
14:33:19:227,5.25,-0.42,-0.37
14:33:19:263,5.61,0.13,-0.40
14:33:19:264,5.60,0.38,-1.25
14:33:19:300,6.48,0.48,-2.50
14:33:19:317,6.77,0.78,-2.64
14:33:19:385,5.72,1.37,-2.13
14:33:19:385,6.22,-0.06,0.75
14:33:19:385,5.91,0.37,-0.45
14:33:19:438,3.52,-0.44,-2.16
14:33:19:454,1.85,3.38,-1.91
14:33:19:473,1.13,5.18,-0.89
14:33:19:490,0.95,3.81,-1.28
14:33:19:525,1.29,2.41,-1.39
14:33:19:559,2.73,0.86,-1.47
14:33:19:560,3.90,0.67,-1.42
14:33:19:594,4.48,0.47,-1.25
14:33:19:612,5.27,0.24,-1.21
14:33:19:646,6.39,-0.07,-0.99
14:33:19:680,7.21,-0.21,-0.77
14:33:19:716,7.77,-0.86,-0.01
14:33:19:733,7.95,-1.41,0.05
14:33:19:750,8.00,-2.05,1.11
14:33:19:767,8.00,-4.55,0.81
14:33:19:785,7.23,-8.00,2.06
14:33:19:802,6.90,-8.00,3.37
14:33:19:819,5.60,-5.36,1.27
14:33:19:888,3.46,1.64,-2.05
14:33:19:905,3.78,6.72,2.96
14:33:19:923,8.00,-0.01,1.09
14:33:19:924,3.89,0.73,-1.58
14:33:19:942,8.00,-0.74,0.56
14:33:19:959,3.15,0.54,-0.54
14:33:19:993,4.09,-1.36,-2.41
14:33:20:10,4.16,1.17,-0.63
14:33:20:44,4.11,1.53,-1.17
14:33:20:63,3.98,0.87,-0.77
14:33:20:97,3.47,0.93,-0.87
14:33:20:114,3.81,0.83,-1.24
14:33:20:132,3.78,0.65,-0.65
14:33:20:184,3.99,0.57,-0.74
14:33:20:203,3.98,0.38,-0.69
14:33:20:203,4.07,0.33,-0.81
14:33:20:254,3.97,0.51,-1.15
14:33:20:272,4.28,0.29,-0.58
14:33:20:322,4.58,-0.33,-0.49
14:33:20:323,3.57,-0.61,-1.31
14:33:20:323,5.07,0.22,0.47
14:33:20:358,4.58,-0.91,-0.74
14:33:20:375,4.93,0.13,-0.86
14:33:20:392,5.10,0.10,-0.82
14:33:20:445,5.30,-0.08,-0.94
14:33:20:462,6.18,0.32,-1.57
14:33:20:462,7.39,1.08,-1.69
14:33:20:497,6.24,2.58,-4.92
14:33:20:532,7.18,2.52,-2.53
14:33:20:549,8.00,0.32,-1.29
14:33:20:565,5.83,0.41,-2.46
14:33:20:599,3.69,-0.19,-1.73
14:33:20:652,2.02,2.61,-2.17
14:33:20:656,-0.64,4.14,-0.56
14:33:20:671,-0.27,3.15,-0.44
14:33:20:690,0.59,1.72,-0.63
14:33:20:707,1.67,1.34,-0.96
14:33:20:725,2.58,1.66,-0.89
14:33:20:760,3.55,2.35,-0.34
14:33:20:812,5.63,-0.25,-0.78
14:33:20:812,6.88,-0.13,-0.94
14:33:20:830,8.00,-0.78,-0.71
14:33:20:865,8.00,-1.90,0.66
14:33:20:883,8.00,-5.15,1.41
14:33:20:916,8.00,-7.67,2.32
14:33:20:933,7.93,-8.00,4.91
14:33:20:984,7.61,-8.00,4.26
14:33:20:984,3.34,4.49,-2.42
14:33:21:1,8.00,2.89,2.97
14:33:21:19,7.75,-4.15,-6.18
14:33:21:51,7.59,-2.69,3.70
14:33:21:70,8.00,1.78,-0.27
14:33:21:103,5.35,-2.74,-3.62
14:33:21:121,5.55,0.68,-0.89
14:33:21:139,2.79,0.35,-1.33
14:33:21:189,4.72,1.14,-0.32
14:33:21:224,3.45,2.35,-0.88
14:33:21:240,3.97,0.92,-0.76
14:33:21:241,3.59,0.45,-0.21
14:33:21:275,4.01,-0.25,-0.43
14:33:21:293,4.08,1.23,0.21
14:33:21:327,4.29,-0.55,-0.28
14:33:21:360,4.13,-0.27,-0.57
14:33:21:362,4.60,0.06,-0.22
14:33:21:379,5.02,0.23,0.35
14:33:21:397,4.79,-0.05,-0.06
14:33:21:448,4.96,0.19,-0.78
14:33:21:464,5.17,-0.12,-0.67
14:33:21:500,5.37,0.06,-0.36
14:33:21:517,5.52,0.66,-0.89
14:33:21:569,6.83,1.37,-2.05
14:33:21:621,6.01,2.67,-3.87
14:33:21:638,7.18,2.67,-2.82
14:33:21:655,8.00,0.87,-0.63
14:33:21:689,8.00,-0.00,-2.15
14:33:21:707,2.63,0.33,-1.07
14:33:21:722,-0.03,-0.81,-1.58
14:33:21:725,0.08,2.74,-1.04
14:33:21:742,-0.39,2.75,0.28
14:33:21:758,0.63,2.42,0.21
14:33:21:759,1.63,1.63,-0.14
14:33:21:793,2.24,1.46,-0.18
14:33:21:810,3.09,0.32,-1.15
14:33:21:844,3.64,1.56,0.56
14:33:21:896,5.38,-0.48,-0.36
14:33:21:896,5.98,1.41,-0.84
14:33:21:913,8.00,-1.27,-1.45
14:33:21:930,8.00,-3.50,-0.83
14:33:21:964,8.00,-6.28,0.63
14:33:21:982,8.00,-7.14,1.50
14:33:22:0,7.10,-8.00,6.16
14:33:22:52,7.16,-7.18,4.99
14:33:22:69,8.00,4.11,1.19
14:33:22:86,1.35,8.00,-1.13
14:33:22:105,7.81,-0.15,3.58
14:33:22:138,3.73,-1.94,-3.99
14:33:22:172,8.00,-2.88,4.79
14:33:22:172,-2.88,-0.57,-3.79
14:33:22:206,0.50,0.78,-1.34
14:33:22:241,3.25,1.88,-0.91
14:33:22:260,3.87,1.48,-0.85
14:33:22:260,4.02,1.23,-0.54
14:33:22:307,3.29,0.21,-1.25
14:33:22:358,3.85,0.51,-0.01
14:33:22:358,4.27,-0.14,-0.11
14:33:22:374,4.01,0.03,-0.57
14:33:22:410,4.08,0.40,-0.51
14:33:22:428,4.32,0.29,-0.50
14:33:22:462,4.46,-0.01,-0.62
14:33:22:514,4.46,-1.68,-1.22
14:33:22:532,4.91,-0.10,-0.27
14:33:22:532,4.62,-0.04,-0.42
14:33:22:532,4.86,-0.21,-0.63
14:33:22:566,5.09,-0.33,-0.60
14:33:22:583,5.05,0.20,-0.38
14:33:22:618,5.33,0.44,-0.53
14:33:22:635,6.55,0.77,-1.37
14:33:22:668,6.73,2.08,-2.33
14:33:22:688,7.64,2.67,-3.62
14:33:22:704,8.00,1.75,1.00
14:33:22:722,8.00,1.37,-1.12
14:33:22:773,4.56,1.43,-0.96
14:33:22:792,0.12,-3.13,-3.57
14:33:22:809,2.69,1.99,-2.17
14:33:22:828,-0.07,2.59,-0.15
14:33:22:845,0.25,2.79,-0.41
14:33:22:863,1.20,2.45,-0.13
14:33:22:897,1.97,0.66,-0.49
14:33:22:914,2.66,0.93,-0.52
14:33:22:966,4.24,0.61,-0.42
14:33:22:982,4.64,1.27,0.08
14:33:22:999,5.59,0.46,-0.63
14:33:23:17,7.57,-1.16,-1.33
14:33:23:69,8.00,-2.37,-0.58
14:33:23:87,8.00,-5.06,0.29
14:33:23:104,8.00,-5.84,1.71
14:33:23:104,7.70,-8.00,4.28
14:33:23:156,8.00,-8.00,6.37
14:33:23:156,7.98,2.01,3.14
14:33:23:173,3.30,8.00,-2.76
14:33:23:224,8.00,1.02,2.49
14:33:23:225,4.04,-4.65,-7.03
14:33:23:244,7.44,-2.59,5.96
14:33:23:278,-4.58,-0.54,-2.12
14:33:23:331,2.45,0.31,-1.77
14:33:23:348,4.64,1.83,-1.94
14:33:23:348,3.53,0.76,-1.75
14:33:23:380,4.30,1.12,-0.73
14:33:23:398,3.53,1.13,-0.62
14:33:23:433,3.82,0.81,-0.68
14:33:23:451,3.94,0.31,-0.45
14:33:23:518,3.96,-0.27,-0.93
14:33:23:519,4.00,0.00,-0.77
14:33:23:519,3.90,0.17,-0.49
14:33:23:554,4.46,0.41,-0.46
14:33:23:573,4.56,-0.06,-0.69
14:33:23:590,4.53,-0.32,-0.61
14:33:23:625,4.54,-0.12,-0.61
14:33:23:677,4.45,-0.25,-0.80
14:33:23:694,4.82,-0.38,-0.54
14:33:23:694,4.83,-0.34,-0.65
14:33:23:711,4.99,0.15,0.02
14:33:23:728,4.86,0.57,0.23
14:33:23:781,5.56,0.68,-0.65
14:33:23:781,6.50,1.05,-1.85
14:33:23:850,7.33,1.59,-4.75
14:33:23:937,7.96,2.15,-3.58
14:33:23:937,8.00,0.11,-0.60
14:33:23:937,5.79,-0.01,-2.33
14:33:23:954,1.99,0.90,-1.34
14:33:23:954,1.75,1.77,-1.17
14:33:23:972,-0.03,3.61,-0.84
14:33:23:988,0.32,2.69,-0.46
14:33:23:989,1.12,0.88,-1.46
14:33:24:24,1.56,1.53,-0.56
14:33:24:60,2.60,1.50,-0.86
14:33:24:79,3.82,1.78,0.94
14:33:24:96,4.98,0.30,-0.52
14:33:24:114,6.08,0.24,-0.75
14:33:24:149,8.00,-1.38,-0.94
14:33:24:166,8.00,-2.91,0.30
14:33:24:235,8.00,-5.63,1.59
14:33:24:235,8.00,-6.37,2.74
14:33:24:269,7.38,-8.00,5.80
14:33:24:286,8.00,-8.00,5.62
14:33:24:286,1.38,2.56,-2.13
14:33:24:320,4.92,4.89,3.25
14:33:24:355,8.00,-4.92,-6.36
14:33:24:357,6.42,-1.75,3.41
14:33:24:410,8.00,0.11,1.17
14:33:24:428,4.55,-0.48,-2.82
14:33:24:445,5.40,1.45,-0.89
14:33:24:445,2.46,1.22,-1.99
14:33:24:479,3.62,0.45,-1.64
14:33:24:497,4.22,1.56,-0.58
14:33:24:530,3.57,1.05,-0.73
14:33:24:548,3.61,0.27,-0.03
14:33:24:601,3.80,-0.14,-0.83
14:33:24:601,3.90,0.09,-0.67
14:33:24:618,3.05,0.17,-0.85
14:33:24:653,4.08,-0.12,-0.51
14:33:24:670,4.25,0.26,-0.31
14:33:24:702,4.54,0.13,-0.27
14:33:24:718,4.44,-0.23,-0.18
14:33:24:801,4.35,-0.19,-0.44
14:33:24:821,4.57,-0.05,-0.15
14:33:24:826,4.13,0.55,-0.22
14:33:24:831,4.88,-0.39,-0.42
14:33:24:846,4.53,-0.27,-0.64
14:33:24:868,5.45,-0.38,-1.25
14:33:24:893,6.22,0.24,-1.86
14:33:24:933,7.94,1.01,-2.29
14:33:24:944,6.92,2.55,-3.44
14:33:24:961,7.59,1.04,-0.69
14:33:24:995,6.84,-0.24,-1.22
14:33:25:12,3.93,-1.00,-1.00
14:33:25:29,2.20,-1.76,-1.88
14:33:25:48,-0.56,2.13,-0.52
14:33:25:99,-0.12,2.51,0.45
14:33:25:133,-0.01,2.22,0.56
14:33:25:133,0.57,1.42,0.33
14:33:25:152,1.12,1.16,-0.17
14:33:25:188,2.04,0.28,-0.91
14:33:25:204,4.17,-1.22,-0.57
14:33:25:229,4.03,0.11,0.94
14:33:25:256,6.37,-1.53,-0.71
14:33:25:316,7.06,-2.59,-0.91
14:33:25:388,6.49,-2.26,-0.46
14:33:25:413,7.63,-1.88,-0.29
14:33:25:427,8.00,-2.93,1.23
14:33:25:438,7.24,-3.69,2.68
14:33:25:447,6.39,-5.43,2.66
14:33:25:499,5.92,-6.06,3.49
14:33:25:515,7.67,-1.98,3.58
14:33:25:534,3.64,7.94,-4.20
14:33:25:550,7.02,2.10,1.23
14:33:25:584,5.94,-1.60,-1.92
14:33:25:584,6.49,-0.82,1.98
14:33:25:602,-0.74,-0.79,-1.91
14:33:25:638,2.55,1.14,-1.39
14:33:25:655,4.46,1.55,-1.98
14:33:25:673,3.20,0.22,-0.96
14:33:25:691,4.01,0.67,-0.80
14:33:25:709,4.15,1.10,-0.66
14:33:25:709,3.59,0.55,-1.55
14:33:25:725,3.90,0.57,-0.79
14:33:25:760,3.96,0.47,-0.76
14:33:25:777,3.84,0.82,-0.90
14:33:25:848,3.85,0.71,-0.87
14:33:25:883,3.82,0.35,-1.01
14:33:25:935,3.87,0.38,-0.95
14:33:25:935,3.84,0.48,-0.89
14:33:25:935,3.77,0.30,-0.83
14:33:25:969,3.88,0.49,-0.60
14:33:25:970,3.83,0.61,-0.68
14:33:26:4,3.79,0.38,-0.69
14:33:26:21,3.89,0.07,-0.81
14:33:26:101,3.86,0.35,-0.50
14:33:26:126,3.88,0.31,-0.44
14:33:26:156,3.75,0.12,-0.40
14:33:26:224,3.69,0.00,-0.57
14:33:26:239,3.77,0.18,-0.66
14:33:26:249,4.11,0.19,-0.68
14:33:26:249,4.13,-0.04,-0.87
14:33:26:265,4.06,-0.02,-0.71
14:33:26:282,3.92,0.34,-0.48
14:33:26:283,3.97,0.16,-0.37
14:33:26:333,3.86,-0.08,-0.46
14:33:26:338,3.82,-0.13,-0.62
14:33:26:356,3.80,-0.17,-0.62
14:33:26:443,3.89,-0.05,-0.50
14:33:26:460,3.87,-0.09,-0.55
14:33:26:465,3.90,0.06,-0.67
14:33:26:489,4.10,0.29,-0.37
14:33:26:507,4.12,0.13,-0.27
14:33:26:512,3.87,-0.01,-0.50
14:33:26:517,3.69,-0.40,-0.64
14:33:26:527,3.82,-0.17,-0.62
14:33:26:584,3.86,0.05,-0.34
14:33:26:589,3.87,0.17,-0.30
14:33:26:589,4.06,0.09,-0.32
14:33:26:603,3.96,0.10,-0.40
14:33:26:623,4.01,0.10,-0.41
14:33:26:661,3.98,-0.00,-0.37
14:33:26:688,3.84,-0.05,-0.39
14:33:26:762,3.96,0.20,-0.43
14:33:26:789,4.01,-0.02,-0.33
14:33:26:806,3.90,-0.07,-0.28
14:33:26:816,3.86,-0.05,-0.32
14:33:26:821,3.87,0.14,-0.39
14:33:26:828,4.08,0.07,-0.28
14:33:26:851,4.01,0.04,-0.25
14:33:26:861,3.96,0.09,-0.37
14:33:26:873,4.00,-0.03,-0.36
14:33:26:937,3.93,0.01,-0.32
14:33:26:945,3.97,-0.02,-0.26
14:33:26:961,3.93,-0.02,-0.28
14:33:27:2,3.92,-0.12,-0.33
14:33:27:22,3.94,-0.07,-0.42
14:33:27:29,3.93,-0.04,-0.42
14:33:27:52,3.91,-0.09,-0.39
14:33:27:124,3.93,-0.06,-0.40
14:33:27:130,3.99,0.00,-0.37
14:33:27:139,3.99,0.00,-0.39
14:33:27:168,4.01,-0.05,-0.39
14:33:27:203,3.97,-0.03,-0.35
14:33:27:208,3.94,-0.01,-0.42
14:33:27:221,4.03,-0.09,-0.41
14:33:27:248,4.00,-0.08,-0.40
14:33:27:299,3.95,-0.05,-0.34
14:33:27:328,3.97,-0.12,-0.38
14:33:27:348,3.93,-0.07,-0.38
14:33:27:362,3.97,-0.01,-0.36
14:33:27:378,4.02,-0.09,-0.33
14:33:27:383,3.97,-0.06,-0.40
14:33:27:415,3.94,0.00,-0.40
14:33:27:486,3.98,-0.00,-0.41
14:33:27:516,3.98,0.01,-0.36
14:33:27:551,3.92,0.06,-0.34
14:33:27:566,3.91,0.03,-0.43
14:33:27:574,3.95,0.04,-0.40
14:33:27:603,3.97,-0.01,-0.40
14:33:27:677,3.96,0.00,-0.39
14:33:27:716,3.95,0.05,-0.39
14:33:27:725,4.01,0.03,-0.37
14:33:27:751,3.98,0.01,-0.41
14:33:27:765,3.97,0.09,-0.38
14:33:27:771,3.99,0.10,-0.33
14:33:27:815,3.94,0.08,-0.34
14:33:27:890,3.99,0.07,-0.36
14:33:27:905,3.97,0.08,-0.39
14:33:27:932,3.94,0.01,-0.37
14:33:27:935,3.94,-0.01,-0.37
14:33:27:985,3.90,0.06,-0.33
14:33:28:27,3.92,0.12,-0.36
14:33:28:33,3.97,0.04,-0.33
14:33:28:40,4.01,-0.03,-0.37
14:33:28:64,3.93,-0.06,-0.44
14:33:28:87,3.96,0.07,-0.38
14:33:28:89,3.99,0.08,-0.37
14:33:28:130,3.93,0.04,-0.37
14:33:28:141,3.91,-0.01,-0.40
14:33:28:147,3.95,0.04,-0.38
14:33:28:200,3.96,-0.00,-0.40
14:33:28:232,3.94,0.03,-0.32
14:33:28:240,3.93,0.05,-0.41
14:33:28:265,3.94,0.07,-0.42
14:33:28:288,3.99,0.02,-0.39
14:33:28:293,3.97,0.03,-0.36
14:33:28:300,3.90,0.05,-0.35
14:33:28:386,3.97,0.07,-0.36
14:33:28:421,3.96,0.07,-0.36
14:33:28:449,3.93,0.04,-0.40
14:33:28:455,3.95,0.07,-0.40
14:33:28:472,3.96,0.07,-0.34
14:33:28:472,3.99,0.07,-0.39
14:33:28:622,3.98,0.06,-0.39
14:33:28:670,4.01,0.01,-0.34
14:33:28:685,3.97,0.11,-0.40
14:33:28:710,3.91,0.09,-0.34
14:33:28:735,3.97,0.10,-0.36
14:33:28:805,3.97,0.08,-0.35
14:33:28:811,3.92,0.09,-0.39
14:33:28:816,3.91,0.05,-0.39
14:33:28:826,3.90,0.09,-0.29
14:33:28:836,3.92,0.08,-0.27
14:33:28:841,3.91,0.05,-0.35
14:33:28:846,3.87,0.04,-0.37
14:33:28:865,3.93,0.04,-0.37
14:33:28:870,3.95,0.01,-0.33
14:33:28:945,3.96,0.13,-0.35
14:33:28:971,3.97,0.07,-0.25
14:33:28:977,3.97,0.02,-0.35
14:33:28:981,3.94,0.17,-0.36
14:33:28:994,4.01,0.12,-0.32
14:33:29:8,3.97,0.11,-0.28
14:33:29:13,4.00,0.17,-0.25
14:33:29:19,4.00,0.15,-0.29
14:33:29:28,4.11,0.11,-0.31
14:33:29:37,4.12,0.02,-0.12
14:33:29:42,4.10,0.05,-0.17
14:33:29:50,4.08,0.15,-0.33
14:33:29:100,4.20,-0.67,-0.58
14:33:29:112,3.93,-0.84,-1.15
14:33:29:118,4.11,-1.04,-1.25
14:33:29:131,3.71,0.01,-0.72
14:33:29:151,4.03,0.64,-0.54
14:33:29:164,3.93,1.57,-0.03
14:33:29:168,3.84,1.85,0.79
14:33:29:184,3.50,1.56,0.96
14:33:29:220,3.67,1.81,1.13
14:33:29:273,3.70,1.25,1.00
14:33:29:273,3.84,0.58,0.72
14:33:29:308,3.80,0.22,0.51
14:33:29:308,3.87,-0.11,0.64
