14:4:6:571,3.94,0.21,-0.31
14:4:6:571,3.94,0.19,-0.37
14:4:6:571,3.96,0.21,-0.38
14:4:6:571,3.94,0.19,-0.33
14:4:6:571,3.93,0.17,-0.33
14:4:6:571,3.92,0.19,-0.33
14:4:6:571,3.95,0.20,-0.36
14:4:6:621,3.93,0.17,-0.34
14:4:6:621,3.95,0.20,-0.36
14:4:6:621,3.92,0.18,-0.35
14:4:6:621,3.95,0.21,-0.34
14:4:6:621,3.94,0.18,-0.32
14:4:6:621,3.93,0.20,-0.36
14:4:6:621,3.94,0.12,-0.35
14:4:6:656,3.92,0.16,-0.36
14:4:6:656,3.94,0.19,-0.33
14:4:6:656,3.95,0.18,-0.31
14:4:6:656,3.96,0.18,-0.35
14:4:6:656,3.94,0.18,-0.37
14:4:6:769,3.95,0.16,-0.37
14:4:6:769,3.94,0.18,-0.32
14:4:6:804,3.94,0.15,-0.33
14:4:6:804,3.92,0.15,-0.34
14:4:6:804,3.95,0.20,-0.33
14:4:6:804,3.94,0.15,-0.33
14:4:6:804,3.94,0.15,-0.34
14:4:6:963,3.94,0.15,-0.34
14:4:6:963,3.92,0.15,-0.34
14:4:6:963,3.94,0.16,-0.32
14:4:6:963,3.95,0.16,-0.32
14:4:6:963,3.95,0.15,-0.33
14:4:6:963,3.94,0.16,-0.33
14:4:7:51,3.94,0.16,-0.36
14:4:7:51,3.93,0.16,-0.33
14:4:7:51,3.93,0.17,-0.30
14:4:7:134,3.93,0.14,-0.35
14:4:7:204,3.95,0.15,-0.33
14:4:7:276,3.94,0.12,-0.33
14:4:7:276,3.96,0.17,-0.33
14:4:7:276,3.95,0.17,-0.32
14:4:7:276,3.94,0.13,-0.33
14:4:7:276,3.94,0.15,-0.29
14:4:7:317,3.94,0.12,-0.29
14:4:7:317,3.93,0.13,-0.30
14:4:7:347,3.95,0.14,-0.30
14:4:7:347,3.92,0.17,-0.31
14:4:7:347,3.95,0.15,-0.29
14:4:7:377,3.94,0.16,-0.29
14:4:7:377,3.95,0.14,-0.32
14:4:7:377,3.92,0.14,-0.30
14:4:7:377,3.95,0.16,-0.31
14:4:7:467,3.95,0.16,-0.30
14:4:7:472,3.96,0.17,-0.30
14:4:7:487,3.94,0.14,-0.30
14:4:7:487,3.94,0.16,-0.26
14:4:7:487,3.95,0.15,-0.28
14:4:7:507,3.92,0.14,-0.27
14:4:7:507,3.94,0.16,-0.26
14:4:7:732,3.93,0.17,-0.26
14:4:7:732,3.95,0.15,-0.27
14:4:7:732,3.94,0.14,-0.26
14:4:7:732,3.94,0.17,-0.28
14:4:7:868,3.93,0.14,-0.29
14:4:7:868,3.95,0.19,-0.29
14:4:7:868,3.96,0.18,-0.23
14:4:7:887,3.94,0.15,-0.26
14:4:7:887,3.94,0.14,-0.27
14:4:7:887,3.93,0.14,-0.29
14:4:7:887,3.93,0.19,-0.27
14:4:7:919,3.95,0.19,-0.25
14:4:7:919,3.96,0.11,-0.25
14:4:7:919,3.93,0.16,-0.27
14:4:7:919,3.92,0.20,-0.26
14:4:8:57,3.92,0.14,-0.24
14:4:8:57,3.93,0.14,-0.27
14:4:8:57,3.95,0.16,-0.28
14:4:8:57,3.93,0.17,-0.23
14:4:8:57,3.91,0.34,-0.21
14:4:8:157,4.08,0.18,-0.31
14:4:8:157,4.02,0.06,-0.32
14:4:8:167,3.97,0.19,-0.29
14:4:8:167,3.92,0.11,-0.23
14:4:8:179,3.95,0.27,-0.23
14:4:8:227,3.93,0.11,-0.21
14:4:8:227,3.96,0.22,-0.25
14:4:8:227,4.00,0.15,-0.30
14:4:8:270,3.96,0.01,-0.30
14:4:8:277,3.95,0.10,-0.24
14:4:8:337,3.97,0.23,-0.19
14:4:8:427,3.95,0.08,-0.22
14:4:8:427,3.97,0.19,-0.27
14:4:8:427,3.97,0.20,-0.23
14:4:8:432,3.96,0.12,-0.22
14:4:8:448,3.95,0.18,-0.26
14:4:8:512,4.07,0.27,-0.25
14:4:8:579,4.05,0.18,-0.24
14:4:8:769,4.04,0.12,-0.20
14:4:8:769,4.16,0.13,-0.17
14:4:8:769,4.45,0.27,-0.22
14:4:8:769,4.46,0.76,-0.16
14:4:8:769,4.75,0.78,-0.12
14:4:8:769,5.53,0.01,-0.38
14:4:8:769,6.56,0.24,0.41
14:4:8:907,6.01,1.46,-0.04
14:4:8:907,4.79,0.26,-0.62
14:4:8:907,3.21,0.39,-2.11
14:4:8:907,1.00,4.42,-0.70
14:4:8:907,1.87,4.64,-1.26
14:4:8:907,2.04,2.67,-1.24
14:4:8:907,2.82,2.70,-0.39
14:4:8:959,3.68,2.39,-0.00
14:4:8:999,4.61,1.55,-0.07
14:4:9:78,5.29,0.75,-0.18
14:4:9:78,5.61,0.19,0.00
14:4:9:78,5.49,-0.58,0.37
14:4:9:78,5.41,-1.34,0.67
14:4:9:78,4.99,-1.93,0.88
14:4:9:78,4.54,-3.17,0.88
14:4:9:98,4.61,-3.36,0.75
14:4:9:98,4.36,-4.47,0.45
14:4:9:98,4.79,-5.29,-2.08
14:4:9:98,5.97,8.00,-1.50
14:4:9:107,6.08,2.28,2.19
14:4:9:127,4.48,1.04,0.33
14:4:9:127,4.00,-1.61,0.28
14:4:9:127,3.96,0.51,-0.16
14:4:9:152,3.94,-1.28,-0.65
14:4:9:178,3.98,-0.02,0.37
14:4:9:247,3.76,0.48,0.47
14:4:9:247,3.77,0.48,0.13
14:4:9:268,4.06,-0.54,-0.66
14:4:9:268,4.05,-0.33,-0.65
14:4:9:288,4.06,-0.05,-0.26
14:4:9:289,3.94,0.20,-0.06
14:4:9:309,3.96,0.07,-0.23
14:4:9:317,3.97,-0.36,-0.50
14:4:9:317,4.00,-0.28,-0.39
14:4:9:317,3.98,-0.10,-0.24
14:4:9:317,4.07,-0.38,-0.29
14:4:9:322,4.21,-0.38,-0.43
14:4:9:329,4.21,-0.14,-0.21
14:4:9:329,4.33,-0.68,-0.32
14:4:9:329,4.48,-0.52,-0.32
14:4:9:329,4.42,0.02,-0.50
14:4:9:329,4.83,-0.25,-0.18
14:4:9:329,5.13,0.01,0.27
14:4:9:342,5.60,-0.22,0.18
14:4:9:342,6.31,-0.12,-0.40
14:4:9:342,7.38,0.75,-0.71
14:4:9:342,7.92,1.48,-1.14
14:4:9:342,7.88,2.85,-2.37
14:4:9:342,7.70,2.75,-2.12
14:4:9:342,3.36,1.27,-3.30
14:4:9:347,4.51,0.23,-2.60
14:4:9:347,0.66,3.74,-0.15
14:4:9:347,1.38,6.57,-0.10
14:4:9:357,-0.07,1.41,-1.36
14:4:9:357,1.38,1.81,-0.67
14:4:9:419,2.28,1.31,0.03
14:4:9:419,3.48,1.28,0.66
14:4:9:419,4.81,1.14,0.79
14:4:9:438,6.06,0.91,0.99
14:4:9:447,7.67,0.43,1.11
14:4:9:459,8.00,-1.06,1.16
14:4:9:472,8.00,-3.90,0.99
14:4:9:479,8.00,-5.99,0.63
14:4:9:479,7.10,-8.00,0.64
14:4:9:479,6.78,-8.00,1.42
14:4:9:487,6.19,-8.00,1.07
14:4:9:487,8.00,-1.66,-6.75
14:4:9:499,2.25,8.00,6.60
14:4:9:507,2.89,-0.64,2.16
14:4:9:507,2.55,-0.36,-0.04
14:4:9:520,5.02,-5.25,-1.79
14:4:9:539,3.66,1.05,0.68
14:4:9:597,4.29,-0.33,-0.80
14:4:9:617,4.30,-1.96,-0.43
14:4:9:619,3.93,0.73,-0.28
14:4:9:647,3.21,-1.16,-1.22
14:4:9:677,3.78,-0.64,-1.24
14:4:9:713,3.67,1.21,0.08
14:4:9:719,3.78,0.89,-0.04
14:4:9:763,4.14,-0.84,-0.65
14:4:9:787,4.00,-0.29,-0.70
14:4:9:804,4.00,0.37,-0.40
14:4:9:847,4.17,-0.54,-0.66
14:4:9:847,4.16,-0.38,-0.64
14:4:9:865,4.24,-0.33,-0.68
14:4:9:881,4.66,-0.01,0.10
14:4:10:2,4.75,0.05,0.37
14:4:10:2,4.96,-0.55,-0.20
14:4:10:19,5.00,-0.34,-0.74
14:4:10:36,5.43,-0.56,-1.29
14:4:10:53,6.98,-0.28,-1.08
14:4:10:53,8.00,1.06,-1.28
14:4:10:53,8.00,2.17,-2.20
14:4:10:70,6.88,3.46,-0.68
14:4:10:155,7.15,1.22,-2.44
14:4:10:172,4.74,1.64,-1.50
14:4:10:189,0.88,-1.30,-1.19
14:4:10:189,1.37,3.14,-0.22
14:4:10:206,0.02,3.43,0.41
14:4:10:206,0.49,1.21,-1.01
14:4:10:224,1.32,1.87,-0.11
14:4:10:288,1.93,0.94,-0.13
14:4:10:320,2.78,1.62,0.49
14:4:10:368,3.88,1.92,0.71
14:4:10:402,5.40,1.59,0.61
14:4:10:420,7.33,1.47,0.96
14:4:10:435,8.00,0.64,1.43
14:4:10:520,8.00,-3.76,1.56
14:4:10:573,8.00,-7.11,0.67
14:4:10:590,7.10,-8.00,0.73
14:4:10:675,6.93,-8.00,1.86
14:4:10:698,5.86,-7.79,-6.29
14:4:10:708,2.13,8.00,1.55
14:4:10:713,8.00,-1.03,6.77
14:4:10:738,3.49,1.66,1.34
14:4:10:743,3.38,-4.30,-2.40
14:4:10:748,3.62,0.18,-2.55
14:4:10:778,3.61,0.29,-0.82
14:4:10:788,4.66,-1.05,-1.46
14:4:10:808,3.93,0.44,-0.18
14:4:10:833,3.93,0.77,-0.08
14:4:10:880,3.86,0.52,-0.46
14:4:10:897,4.06,0.31,-0.69
14:4:10:914,3.96,0.22,-0.42
14:4:10:930,3.97,0.33,0.11
14:4:10:948,4.03,0.76,-0.28
14:4:10:965,3.93,0.41,-0.72
14:4:10:965,3.88,0.07,-0.47
14:4:10:965,3.88,0.55,-0.19
14:4:11:50,4.22,0.18,-0.15
14:4:11:67,4.29,0.19,-0.24
14:4:11:67,4.48,-0.10,-0.23
14:4:11:85,4.75,-0.14,-0.08
14:4:11:102,5.04,0.03,0.59
14:4:11:102,5.44,-0.15,0.38
14:4:11:119,5.88,0.13,-0.26
14:4:11:152,7.02,0.47,-0.80
14:4:11:219,8.00,1.73,-0.70
14:4:11:219,8.00,2.79,-1.39
14:4:11:287,6.65,3.80,-1.45
14:4:11:304,7.41,0.44,-2.98
14:4:11:304,5.28,0.87,-2.50
14:4:11:371,2.45,2.54,0.24
14:4:11:401,1.52,4.14,-1.33
14:4:11:408,-0.25,2.67,-0.97
14:4:11:423,0.93,2.14,-0.98
14:4:11:435,1.22,1.58,-0.35
14:4:11:452,1.87,1.45,-0.35
14:4:11:452,3.03,1.29,-0.12
14:4:11:470,4.69,0.35,-0.44
14:4:11:487,6.32,0.27,0.05
14:4:11:487,8.00,-0.51,0.30
14:4:11:487,8.00,-2.51,0.20
14:4:11:504,8.00,-4.24,0.38
14:4:11:504,8.00,-6.43,0.63
14:4:11:520,7.05,-8.00,3.59
14:4:11:606,7.29,-8.00,3.52
14:4:11:623,8.00,-4.36,-4.75
14:4:11:640,2.30,8.00,3.64
14:4:11:657,5.44,-1.69,0.78
14:4:11:674,2.53,2.07,0.38
14:4:11:691,4.44,-3.84,-0.13
14:4:11:707,5.79,0.11,-0.20
14:4:11:761,4.06,-0.62,-1.17
14:4:11:778,4.22,-0.17,-0.54
14:4:11:778,3.67,0.47,-0.53
14:4:11:796,3.93,0.71,-0.46
14:4:11:813,3.83,-0.43,-1.18
14:4:11:830,4.13,0.21,-0.78
14:4:11:830,4.09,0.33,-0.11
14:4:11:865,3.70,-0.33,-0.51
14:4:11:883,4.04,-0.41,-0.53
14:4:11:900,3.94,-0.03,-0.30
14:4:11:935,4.08,-0.59,-0.42
14:4:11:954,4.04,-0.59,-0.58
14:4:11:971,4.19,-0.10,-0.44
14:4:11:971,4.36,0.12,-0.38
14:4:11:989,5.24,0.12,-0.17
14:4:12:20,5.59,-0.21,-0.23
14:4:12:20,5.51,-0.14,-0.60
14:4:12:38,6.23,-0.21,-0.16
14:4:12:139,7.58,0.02,-0.93
14:4:12:139,8.00,1.39,-1.19
14:4:12:157,8.00,3.85,-2.87
14:4:12:209,7.28,4.83,-3.08
14:4:12:226,0.60,1.91,0.98
14:4:12:242,4.09,0.98,-1.70
14:4:12:308,0.01,0.48,-0.78
14:4:12:327,0.72,6.44,0.05
14:4:12:343,-1.30,-1.30,-1.62
14:4:12:343,1.18,-0.07,-1.67
14:4:12:359,2.24,0.42,-0.24
14:4:12:360,3.27,-0.55,0.06
14:4:12:377,3.83,0.72,1.05
14:4:12:410,4.99,1.18,1.52
14:4:12:479,5.90,0.39,0.85
14:4:12:479,7.22,0.38,0.56
14:4:12:496,8.00,-1.61,0.97
14:4:12:511,8.00,-4.25,2.06
14:4:12:528,8.00,-6.44,1.31
14:4:12:528,6.69,-8.00,1.21
14:4:12:544,6.39,-8.00,2.17
14:4:12:626,8.00,-4.79,-4.66
14:4:12:661,0.98,8.00,4.79
14:4:12:661,4.33,1.24,4.56
14:4:12:677,3.73,-0.77,-0.37
14:4:12:695,2.93,-2.10,-1.28
14:4:12:746,1.07,-0.99,-0.69
14:4:12:764,3.62,0.56,-0.70
14:4:12:765,3.47,1.04,-0.11
14:4:12:782,3.73,1.82,0.07
14:4:12:831,3.72,1.01,-0.06
14:4:12:848,3.99,0.27,-0.79
14:4:12:880,4.01,0.25,-1.01
14:4:12:880,3.96,0.82,-0.34
14:4:12:898,4.01,0.98,-0.01
14:4:12:915,3.99,0.42,-0.51
14:4:12:966,3.97,0.06,-0.87
14:4:12:966,3.95,0.47,-0.25
14:4:13:15,3.99,0.08,-0.15
14:4:13:46,4.13,-0.40,-0.28
14:4:13:48,4.12,-0.15,-0.03
14:4:13:48,4.53,-0.11,-0.07
14:4:13:81,4.73,-0.46,0.29
14:4:13:99,5.28,0.04,0.19
14:4:13:133,5.47,-0.42,-0.57
14:4:13:199,6.48,-0.30,-0.44
14:4:13:216,7.91,0.91,-0.15
14:4:13:251,8.00,2.44,-1.20
14:4:13:251,8.00,3.52,-3.25
14:4:13:266,7.11,2.84,-3.50
14:4:13:282,0.63,0.24,1.27
14:4:13:299,3.80,-2.05,-2.04
14:4:13:315,0.69,1.84,-2.26
14:4:13:416,1.32,4.80,0.26
14:4:13:418,-0.34,1.68,-0.59
14:4:13:434,0.52,1.24,-0.79
14:4:13:452,0.98,1.50,-0.04
14:4:13:503,1.65,1.63,-0.05
14:4:13:586,2.42,1.62,0.08
14:4:13:586,3.98,1.00,-0.09
14:4:13:586,5.76,1.18,0.39
14:4:13:603,8.00,0.27,0.75
14:4:13:619,8.00,-3.17,0.63
14:4:13:774,8.00,-4.37,1.47
14:4:13:862,8.00,-6.24,0.88
14:4:13:930,7.05,-8.00,3.02
14:4:13:983,7.13,-8.00,3.42
14:4:13:999,8.00,-0.23,-3.31
14:4:14:1,2.18,8.00,2.50
14:4:14:18,5.71,-2.41,1.33
14:4:14:18,3.61,1.04,-1.01
14:4:14:139,3.87,-3.29,0.21
14:4:14:156,1.70,-2.26,-2.02
14:4:14:156,2.58,-0.24,-0.68
14:4:14:191,3.71,0.67,-0.80
14:4:14:283,3.93,0.63,-0.08
14:4:14:299,4.25,0.81,-0.21
14:4:14:317,4.02,-0.32,-1.00
14:4:14:317,4.05,-0.19,-1.12
14:4:14:317,3.99,0.29,-0.58
14:4:14:317,4.00,0.98,-0.35
14:4:14:365,3.79,-0.67,-1.02
14:4:14:382,3.83,-0.31,-0.61
14:4:14:470,3.99,0.10,-0.32
14:4:14:487,3.95,-0.43,-0.49
14:4:14:504,4.22,-0.55,-0.47
14:4:14:521,4.16,0.17,-0.14
14:4:14:521,4.43,0.00,-0.20
14:4:14:536,4.69,-0.23,-0.03
14:4:14:536,5.23,-0.19,-0.37
14:4:14:569,5.54,-0.21,-0.72
14:4:14:671,6.35,-0.13,-0.31
14:4:14:671,7.34,0.12,-0.25
14:4:14:673,8.00,0.92,-2.72
14:4:14:673,8.00,2.86,-3.46
14:4:14:689,6.15,4.37,-2.69
14:4:14:755,4.75,0.34,-1.32
14:4:14:821,3.79,-0.68,-1.72
14:4:14:838,-0.62,0.21,-0.01
14:4:14:838,1.27,5.06,0.51
14:4:14:838,-0.17,1.98,0.05
14:4:14:838,0.17,1.73,-0.74
14:4:14:855,1.60,1.14,-0.15
14:4:14:875,2.27,0.98,0.19
14:4:14:875,3.09,0.67,0.25
14:4:14:891,4.40,0.92,0.54
14:4:14:892,5.93,0.72,0.84
14:4:14:908,7.76,0.04,0.64
14:4:14:908,8.00,-1.12,0.48
14:4:14:990,8.00,-2.70,0.87
14:4:15:6,8.00,-5.96,0.42
14:4:15:7,7.03,-8.00,0.89
14:4:15:7,6.26,-8.00,2.68
14:4:15:7,5.92,-6.74,1.98
14:4:15:39,8.00,2.00,-3.70
14:4:15:39,2.79,8.00,1.88
14:4:15:57,5.58,-2.16,2.06
14:4:15:72,4.76,1.71,-1.81
14:4:15:74,5.83,-3.84,-0.75
14:4:15:90,0.84,0.62,0.55
14:4:15:108,3.67,0.33,-0.86
14:4:15:125,4.50,0.33,-0.81
14:4:15:142,3.89,-0.20,-0.13
14:4:15:175,3.97,0.59,-0.41
14:4:15:175,3.65,-0.18,-0.84
14:4:15:193,4.20,-0.14,-0.76
14:4:15:193,4.02,0.02,-0.52
14:4:15:210,4.09,0.29,-0.33
14:4:15:227,4.00,0.35,-0.42
14:4:15:227,4.07,-0.24,-0.57
14:4:15:227,3.99,-0.24,-0.44
14:4:15:244,3.95,0.39,-0.08
14:4:15:260,3.90,-0.49,-0.46
14:4:15:260,4.15,-0.05,-0.38
14:4:15:277,3.99,0.27,-0.13
14:4:15:293,4.07,-0.25,-0.31
14:4:15:378,4.18,-0.18,-0.29
14:4:15:394,4.22,-0.03,-0.28
14:4:15:410,4.38,-0.59,-0.31
14:4:15:426,4.48,-0.47,0.18
14:4:15:426,5.08,-0.47,0.29
14:4:15:476,5.47,-0.34,0.31
14:4:15:510,6.42,-0.26,0.10
14:4:15:526,7.64,0.42,-0.36
14:4:15:543,7.02,1.56,-0.58
14:4:15:579,5.07,2.98,-0.60
14:4:15:579,3.80,-2.08,-1.40
14:4:15:579,2.69,-2.24,-2.41
14:4:15:630,0.88,0.89,0.07
14:4:15:630,1.14,1.55,-0.01
14:4:15:730,0.74,0.57,-0.18
14:4:15:747,1.21,0.32,-0.09
14:4:15:747,1.52,-0.25,-0.11
14:4:15:766,2.09,-0.52,0.40
14:4:15:782,2.95,-0.70,0.96
14:4:15:798,3.89,-1.18,1.19
14:4:15:816,4.90,-2.31,0.84
14:4:15:833,5.82,-3.74,0.65
14:4:15:916,5.88,-4.89,0.64
14:4:15:932,5.72,-4.83,0.81
14:4:15:949,5.24,-4.38,0.67
14:4:15:949,4.60,-3.47,0.59
14:4:16:0,4.27,-2.63,0.60
14:4:16:0,4.10,-2.23,0.40
14:4:16:17,4.54,-0.79,-1.01
14:4:16:51,4.06,2.37,0.79
14:4:16:118,4.71,0.48,0.40
14:4:16:134,4.15,0.77,0.39
14:4:16:134,4.23,0.61,0.15
14:4:16:167,3.99,-0.17,-0.31
14:4:16:184,3.88,-0.36,-0.33
14:4:16:201,3.86,-0.13,-0.09
14:4:16:318,3.81,0.53,0.17
14:4:16:353,3.87,0.94,0.02
14:4:16:369,3.96,0.85,-0.44
14:4:16:369,3.95,0.34,-0.40
14:4:16:403,3.92,0.08,-0.15
14:4:16:437,4.04,-0.05,0.08
14:4:16:469,3.94,0.11,0.17
14:4:16:469,3.87,0.09,-0.11
14:4:16:486,3.95,0.13,-0.23
14:4:16:486,3.89,0.33,-0.09
14:4:16:486,4.06,0.22,-0.10
14:4:16:502,4.03,0.33,-0.12
14:4:16:519,3.98,0.28,-0.19
14:4:16:537,4.00,0.11,-0.21
14:4:16:537,3.97,0.08,-0.22
14:4:16:553,3.98,0.14,-0.14
14:4:16:634,3.95,0.17,-0.09
14:4:16:650,3.94,0.14,-0.15
14:4:16:650,3.93,0.10,-0.15
14:4:16:667,3.97,0.17,-0.18
14:4:16:701,3.97,0.16,-0.21
14:4:16:785,3.94,0.20,-0.18
14:4:16:867,3.95,0.16,-0.16
14:4:16:882,3.99,0.10,-0.24
14:4:16:914,3.94,0.18,-0.18
14:4:16:930,3.95,0.10,-0.22
14:4:17:52,3.98,0.07,-0.19
14:4:17:69,3.94,0.16,-0.18
14:4:17:86,3.96,0.11,-0.23
14:4:17:86,3.97,0.15,-0.20
14:4:17:119,3.92,0.13,-0.20
14:4:17:166,3.96,0.09,-0.23
14:4:17:166,3.95,0.13,-0.22
14:4:17:215,3.92,0.08,-0.22
14:4:17:216,3.97,0.09,-0.21
14:4:17:231,3.96,0.15,-0.24
14:4:17:247,3.96,0.18,-0.25
14:4:17:247,3.97,0.09,-0.25
14:4:17:264,3.95,0.09,-0.24
14:4:17:419,3.97,0.12,-0.22
14:4:17:513,3.99,0.14,-0.26
14:4:17:529,3.94,0.13,-0.21
14:4:17:573,3.96,0.10,-0.23
14:4:17:608,3.97,0.14,-0.25
14:4:17:641,3.96,0.16,-0.21
14:4:17:698,3.97,0.13,-0.22
14:4:17:704,3.99,0.11,-0.18
14:4:17:725,3.97,0.12,-0.19
14:4:17:760,3.97,0.14,-0.14
14:4:17:765,4.10,0.21,-0.19
14:4:17:776,4.05,-0.13,-0.18
14:4:17:781,4.24,-0.01,-0.27
14:4:17:796,4.23,0.13,-0.15
14:4:17:796,4.23,0.24,-0.17
14:4:17:801,3.95,-1.74,-1.40
14:4:17:801,3.89,-2.14,-2.12
14:4:17:810,4.17,-0.44,-1.64
14:4:17:816,3.43,-0.06,-0.97
14:4:17:846,3.12,1.37,-0.49
14:4:17:902,3.04,1.45,0.19
14:4:17:907,3.28,1.62,-0.14
14:4:17:917,3.54,1.04,1.56
14:4:17:922,4.44,1.52,2.68
14:4:17:922,4.32,-1.00,0.38
14:4:17:927,4.27,1.54,-0.61
14:4:17:949,4.05,-1.49,-0.06
14:4:17:955,3.44,-1.42,-1.16
14:4:17:962,3.92,-0.21,-0.07
14:4:17:972,4.03,0.32,0.09
14:4:17:982,4.14,-0.11,-0.48
14:4:17:987,4.02,-0.25,-0.51
14:4:18:7,4.05,-0.27,-0.46
14:4:18:57,4.06,0.13,-0.41
14:4:18:82,3.99,0.12,-0.42
14:4:18:94,3.98,-0.17,-0.75
14:4:18:99,3.88,0.13,-0.49
14:4:18:130,3.89,-0.07,-0.51
14:4:18:140,3.91,0.13,-0.53
14:4:18:155,3.92,-0.01,-0.59
14:4:18:179,3.96,-0.00,-0.42
14:4:18:184,3.96,0.22,-0.46
14:4:18:209,4.04,0.08,-0.42
14:4:18:245,3.89,0.29,-0.44
14:4:18:288,3.98,0.21,-0.37
14:4:18:299,3.98,0.01,-0.39
14:4:18:315,4.04,0.08,-0.35
14:4:18:330,4.02,0.37,-0.38
14:4:18:339,3.93,0.13,-0.34
14:4:18:365,4.01,0.09,-0.55
14:4:18:431,3.95,0.33,-0.34
14:4:18:446,3.96,0.34,-0.05
14:4:18:461,4.23,0.08,0.02
14:4:18:488,4.34,-0.24,-0.20
14:4:18:508,4.23,-0.42,-0.44
14:4:18:528,4.07,-0.38,-0.59
14:4:18:583,3.96,0.06,-0.82
14:4:18:631,4.53,-1.29,-0.92
14:4:18:643,4.32,-2.15,-2.25
14:4:18:653,4.27,-1.78,-2.06
14:4:18:658,3.87,-1.08,-1.15
14:4:18:668,3.78,-0.67,-1.38
14:4:18:674,3.88,-0.68,-1.19
14:4:18:683,4.24,0.13,-0.68
14:4:18:705,4.00,0.41,-0.54
14:4:18:709,3.87,0.82,-0.42
14:4:18:711,3.87,1.28,-0.15
14:4:18:792,3.72,1.54,-0.03
14:4:18:808,3.71,1.55,-0.13
14:4:18:808,3.63,1.53,-0.29
14:4:18:833,3.62,1.29,-0.34
14:4:18:850,3.62,1.07,-0.41
14:4:18:884,3.72,0.97,-0.52
14:4:18:904,3.75,0.85,-0.52
14:4:18:938,3.85,0.63,-0.41
14:4:18:971,3.67,0.75,-0.08
14:4:18:971,3.63,1.45,-0.17
14:4:18:988,4.51,1.15,0.34
14:4:19:23,4.55,0.50,1.01
14:4:19:39,4.27,1.68,-0.18
14:4:19:126,4.30,0.32,1.20
14:4:19:178,3.88,-0.51,-0.47
14:4:19:178,3.76,0.09,-0.38
14:4:19:178,3.92,0.25,0.01
14:4:19:196,4.00,0.14,0.15
14:4:19:196,4.01,-0.02,0.09
14:4:19:213,4.07,-0.05,0.06
14:4:19:231,3.97,-0.13,0.04
14:4:19:231,3.84,0.21,0.15
14:4:19:248,3.87,0.49,-0.07
14:4:19:336,3.89,-0.01,-0.33
14:4:19:370,3.92,0.04,-0.30
14:4:19:371,4.02,0.08,-0.09
14:4:19:404,4.07,0.21,-0.30
14:4:19:440,4.02,0.31,-0.35
14:4:19:492,3.98,-0.11,-0.34
14:4:19:526,3.83,0.30,-0.38
14:4:19:545,3.92,0.16,-0.42
14:4:19:545,4.06,0.28,-0.50
14:4:19:562,3.87,0.11,-0.47
14:4:19:617,3.92,-0.04,-0.32
14:4:19:651,4.02,0.22,-0.48
14:4:19:685,3.93,0.20,-0.40
14:4:19:702,3.96,0.03,-0.46
14:4:19:720,3.99,0.33,-0.44
14:4:19:763,3.96,0.14,-0.46
14:4:19:763,3.93,0.11,-0.45
14:4:19:781,4.06,0.23,-0.48
14:4:19:781,4.11,-0.01,-0.61
14:4:19:815,3.97,0.10,-0.56
14:4:19:900,3.97,0.19,-0.49
14:4:19:917,3.94,0.09,-0.50
14:4:19:933,3.86,0.13,-0.40
14:4:19:933,3.89,-0.06,-0.38
14:4:19:950,3.85,0.12,-0.26
14:4:19:968,3.94,0.13,-0.34
14:4:19:968,3.97,0.16,-0.35
14:4:19:968,3.97,0.14,-0.36
14:4:20:52,3.99,0.18,-0.29
14:4:20:54,3.94,0.32,-0.32
14:4:20:54,3.88,0.31,-0.28
14:4:20:89,3.94,0.16,-0.34
14:4:20:89,3.94,0.20,-0.35
14:4:20:107,3.94,0.23,-0.33
14:4:20:123,3.91,0.20,-0.34
14:4:20:157,3.93,0.20,-0.39
14:4:20:176,3.95,0.23,-0.29
14:4:20:209,3.98,0.23,-0.32
14:4:20:280,3.92,0.34,-0.35
14:4:20:280,3.90,0.19,-0.33
14:4:20:298,3.91,0.37,-0.39
14:4:20:298,3.89,0.40,-0.30
14:4:20:331,3.95,0.45,-0.25
14:4:20:331,3.98,0.07,-0.30
14:4:20:419,3.96,0.08,-0.32
14:4:20:419,3.91,0.10,-0.32
14:4:20:437,3.91,0.23,-0.27
14:4:20:452,3.93,0.18,-0.35
14:4:20:454,3.94,0.24,-0.33
14:4:20:489,3.93,0.25,-0.34
14:4:20:489,3.92,0.21,-0.32
14:4:20:506,3.94,0.22,-0.31
14:4:20:575,3.95,0.17,-0.35
14:4:20:575,3.95,0.17,-0.33
14:4:20:592,3.92,0.10,-0.31
14:4:20:609,3.95,0.15,-0.32
14:4:20:643,3.94,0.16,-0.34
14:4:20:643,3.92,0.24,-0.31
14:4:20:660,3.82,0.32,-0.18
14:4:20:695,4.07,-0.04,-0.46
14:4:20:780,3.92,0.23,-0.20
14:4:20:797,3.84,0.10,-0.28
14:4:20:797,3.91,-0.03,-0.38
14:4:20:831,3.91,0.07,-0.34
14:4:20:831,3.91,0.19,-0.31
14:4:20:849,3.94,0.06,-0.36
14:4:20:876,3.93,0.12,-0.33
14:4:20:938,3.90,0.18,-0.35
14:4:20:938,3.95,0.07,-0.41
14:4:20:956,3.98,0.19,-0.29
14:4:21:52,3.91,0.17,-0.33
14:4:21:122,3.90,0.22,-0.37
14:4:21:122,3.97,0.03,-0.38
14:4:21:158,3.89,0.06,-0.28
14:4:21:192,3.89,0.09,-0.35
14:4:21:192,3.91,0.05,-0.44
14:4:21:210,3.84,-0.06,-0.39
14:4:21:297,3.84,0.03,-0.35
14:4:21:314,3.78,0.00,-0.44
14:4:21:314,3.88,-0.09,-0.46
14:4:21:349,4.03,-0.06,-0.52
14:4:21:365,4.07,-0.17,-0.59
14:4:21:365,3.99,-0.17,-0.56
14:4:21:382,4.09,0.05,-0.54
14:4:21:417,4.00,-0.11,-0.63
14:4:21:503,3.90,-0.11,-0.50
14:4:21:503,3.89,0.18,-0.41
14:4:21:519,3.85,-0.20,-0.39
14:4:21:529,3.89,-0.08,-0.41
14:4:21:534,4.01,-0.12,-0.45
14:4:21:555,3.95,-0.25,-0.40
14:4:21:575,3.97,0.11,-0.33
14:4:21:630,4.04,-0.34,-0.56
14:4:21:675,4.06,-0.10,-0.44
14:4:21:685,4.15,-0.02,-0.40
14:4:21:691,4.42,-0.28,-0.22
14:4:21:701,4.79,-0.09,-0.31
14:4:21:736,5.34,0.28,-0.43
14:4:21:760,6.93,0.27,-0.95
14:4:21:778,7.88,0.17,0.46
14:4:21:810,7.79,1.55,0.18
14:4:21:827,5.21,3.21,-0.36
14:4:21:845,3.90,0.22,-1.54
14:4:21:861,1.67,3.40,-1.12
14:4:21:879,0.64,4.49,-0.27
14:4:21:895,0.83,3.62,0.13
14:4:21:895,1.74,3.02,0.35
14:4:21:911,2.40,2.63,0.37
14:4:21:926,3.62,1.78,0.21
14:4:21:959,4.96,1.08,0.15
14:4:21:959,6.25,-0.52,-0.06
14:4:21:977,6.88,-2.08,0.33
14:4:22:43,6.84,-3.61,0.33
14:4:22:59,6.28,-5.61,-0.36
14:4:22:60,4.73,-5.90,-0.23
14:4:22:68,5.35,-5.41,0.84
14:4:22:79,5.67,-7.14,1.08
14:4:22:94,6.54,-3.72,0.09
14:4:22:118,3.02,2.02,0.19
14:4:22:146,4.28,3.96,1.02
14:4:22:196,3.36,-2.17,-0.01
14:4:22:202,3.42,-0.05,-0.61
14:4:22:222,4.09,-0.48,0.03
14:4:22:247,3.77,0.03,0.07
14:4:22:277,3.79,-0.24,-0.07
14:4:22:287,4.04,0.30,-0.32
14:4:22:308,4.16,0.25,-0.53
14:4:22:353,4.08,-0.21,-0.61
14:4:22:450,3.96,0.41,-0.18
14:4:22:487,4.09,0.04,-0.23
14:4:22:504,4.22,-0.13,-0.47
14:4:22:528,4.12,0.33,-0.34
14:4:22:574,4.02,0.13,-0.35
14:4:22:597,4.02,-0.16,-0.37
14:4:22:602,4.04,-0.26,-0.22
14:4:22:612,4.09,-0.30,-0.20
14:4:22:622,3.99,-0.06,-0.19
14:4:22:652,4.23,-0.23,-0.09
14:4:22:663,4.61,-0.27,-0.07
14:4:22:743,4.69,-0.15,0.13
14:4:22:761,4.81,-0.17,0.14
14:4:22:766,4.90,-0.57,-0.23
14:4:22:771,5.48,-0.53,-0.21
14:4:22:786,6.13,0.59,-0.30
14:4:22:808,7.06,1.09,-1.01
14:4:22:818,8.00,1.87,-1.43
14:4:22:853,7.22,2.17,-1.32
14:4:22:892,6.42,1.93,-2.23
14:4:22:928,8.00,-0.76,-0.69
14:4:22:965,4.45,-2.37,-2.53
14:4:22:989,2.81,3.18,-2.14
14:4:22:999,-0.84,4.47,0.11
14:4:23:37,0.14,3.01,-0.65
14:4:23:43,0.79,1.95,-0.47
14:4:23:133,1.16,2.01,-0.15
14:4:23:159,2.12,1.98,0.10
14:4:23:185,3.63,1.44,-0.16
14:4:23:210,5.36,0.75,-0.20
14:4:23:225,7.29,0.48,0.08
14:4:23:249,8.00,-0.32,0.51
14:4:23:274,8.00,-3.58,0.47
14:4:23:287,8.00,-4.52,0.46
14:4:23:332,7.78,-7.77,0.46
14:4:23:337,6.95,-8.00,2.15
14:4:23:380,6.76,-8.00,1.86
14:4:23:390,6.72,-4.12,-5.59
14:4:23:395,4.36,8.00,2.56
14:4:23:400,5.86,-1.36,-0.55
14:4:23:453,3.81,-0.38,-2.50
14:4:23:471,5.09,-1.93,0.94
14:4:23:481,4.70,-0.34,-0.70
14:4:23:486,3.46,0.25,-0.48
14:4:23:522,4.52,-1.43,-0.66
14:4:23:528,3.61,1.99,0.11
14:4:23:533,4.10,0.98,-0.44
14:4:23:553,4.15,-0.23,-1.00
14:4:23:583,3.89,0.15,-0.88
14:4:23:613,4.14,1.16,-0.04
14:4:23:643,4.01,0.22,-0.46
14:4:23:654,3.96,-0.16,-0.74
14:4:23:668,3.97,0.06,-0.50
14:4:23:673,3.91,0.10,-0.07
14:4:23:683,4.16,-0.58,-0.27
14:4:23:699,4.18,-0.40,-0.28
14:4:23:723,4.06,0.24,0.02
14:4:23:728,4.61,0.24,0.01
14:4:23:836,4.93,-0.65,0.04
14:4:23:846,5.10,0.23,0.05
14:4:23:856,5.23,-0.43,-0.47
14:4:23:866,5.88,-0.24,-0.13
14:4:23:877,6.48,0.49,-0.14
14:4:23:882,7.79,1.75,-0.97
14:4:23:887,8.00,3.13,-1.91
14:4:23:929,6.38,3.10,-1.54
14:4:24:10,6.26,0.36,-2.26
14:4:24:24,5.50,-0.54,-2.61
14:4:24:29,3.94,-1.81,-2.56
14:4:24:61,1.77,4.08,-1.18
14:4:24:67,0.21,2.68,-0.33
14:4:24:77,0.26,2.08,-0.74
14:4:24:119,0.84,1.46,-0.26
14:4:24:123,1.51,2.09,0.19
14:4:24:152,2.46,1.98,0.19
14:4:24:233,3.99,1.43,-0.10
14:4:24:270,5.72,1.30,-0.10
14:4:24:275,8.00,0.47,0.20
14:4:24:280,8.00,-1.95,-0.03
14:4:24:305,8.00,-4.23,-0.58
14:4:24:331,8.00,-7.40,0.31
14:4:24:374,7.39,-8.00,2.23
14:4:24:391,7.47,-8.00,2.56
14:4:24:408,6.55,-8.00,2.35
14:4:24:408,4.42,8.00,-1.83
14:4:24:423,4.70,3.83,3.80
14:4:24:439,7.02,-4.79,-4.42
14:4:24:455,6.28,-3.04,1.19
14:4:24:455,8.00,-0.26,0.13
14:4:24:556,3.72,0.09,-0.22
14:4:24:573,3.90,0.12,-0.70
14:4:24:590,3.18,0.44,0.13
14:4:24:590,3.71,1.87,-0.09
14:4:24:608,4.09,-0.69,-1.05
14:4:24:643,4.42,-0.15,-1.22
14:4:24:643,3.92,1.11,-0.40
14:4:24:660,3.96,0.86,-0.22
14:4:24:712,3.93,0.16,-0.52
14:4:24:729,4.02,-0.12,-0.70
14:4:24:729,4.00,0.48,-0.25
14:4:24:764,4.02,0.33,-0.07
14:4:24:798,4.28,-0.60,-0.45
14:4:24:815,4.19,-0.37,-0.43
14:4:24:816,4.18,-0.24,-0.17
14:4:24:884,4.39,-0.39,-0.08
14:4:24:884,4.66,0.06,0.26
14:4:24:936,5.15,-0.43,-0.74
14:4:24:953,5.47,-0.82,-0.49
14:4:24:970,6.56,-0.04,-0.58
14:4:24:970,7.44,0.47,-0.56
14:4:24:986,8.00,1.33,-2.01
14:4:25:21,8.00,2.89,-3.50
14:4:25:38,7.41,3.66,-2.54
14:4:25:72,5.79,1.50,-0.86
14:4:25:91,4.45,-0.06,-1.39
14:4:25:162,1.40,2.47,-1.89
14:4:25:178,1.29,6.58,0.52
14:4:25:179,0.79,1.11,-1.47
14:4:25:196,0.77,2.63,-0.52
14:4:25:248,1.65,1.58,0.09
14:4:25:264,2.44,1.72,0.34
14:4:25:283,3.58,1.55,0.29
14:4:25:351,5.50,1.16,0.27
14:4:25:370,7.60,0.64,0.26
14:4:25:370,8.00,-0.72,0.41
14:4:25:438,8.00,-2.71,-0.24
14:4:25:455,8.00,-5.15,-0.82
14:4:25:472,7.89,-8.00,-0.05
14:4:25:490,7.40,-8.00,3.16
14:4:25:524,7.06,-8.00,2.65
14:4:25:543,8.00,-0.19,-2.62
14:4:25:561,0.57,8.00,2.75
14:4:25:630,4.29,-1.57,1.18
14:4:25:664,3.63,0.34,-2.84
14:4:25:677,5.04,-3.24,-0.79
14:4:25:694,4.42,-3.25,-0.53
14:4:25:713,4.03,0.70,-0.63
14:4:25:768,3.79,-0.48,-0.17
14:4:25:802,3.72,1.18,0.44
14:4:25:837,4.22,1.58,-0.11
14:4:25:855,4.47,-0.24,-0.89
14:4:25:855,4.36,-0.75,-1.25
14:4:25:874,3.82,0.92,-0.22
14:4:25:891,3.97,0.77,0.05
14:4:25:909,3.95,-1.42,-0.94
14:4:25:944,3.95,-0.93,-0.79
14:4:25:979,4.17,0.85,0.23
14:4:25:996,4.32,0.04,-0.23
14:4:25:996,4.45,-0.82,-0.44
14:4:25:996,4.38,0.17,0.00
14:4:26:36,4.99,0.49,0.29
14:4:26:51,4.99,-0.21,0.10
14:4:26:51,5.29,-0.18,-0.72
14:4:26:67,5.76,-0.64,-1.10
14:4:26:83,7.38,-0.35,-0.96
14:4:26:84,8.00,0.22,-1.19
14:4:26:102,8.00,2.45,-3.25
14:4:26:154,5.72,4.34,-0.85
14:4:26:171,3.17,3.43,-0.39
14:4:26:171,8.00,-0.79,-2.81
14:4:26:222,0.96,1.13,-0.84
14:4:26:222,1.86,5.77,-0.77
14:4:26:240,2.10,1.12,-0.92
14:4:26:257,-1.62,1.84,-0.41
14:4:26:310,2.51,1.38,0.20
14:4:26:329,2.97,1.28,0.37
14:4:26:329,3.02,0.68,0.48
14:4:26:400,4.49,0.99,0.39
14:4:26:400,4.85,0.61,0.86
14:4:26:417,8.00,1.57,0.90
14:4:26:435,8.00,-3.76,-0.60
14:4:26:453,8.00,-2.82,0.67
14:4:26:522,8.00,-6.80,0.39
14:4:26:522,6.63,-8.00,0.43
14:4:26:539,7.83,-8.00,3.78
14:4:26:557,7.15,-4.72,-4.82
14:4:26:575,3.60,8.00,4.57
14:4:26:593,8.00,-2.80,8.00
14:4:26:628,1.08,0.41,-0.37
14:4:26:662,5.11,-2.88,0.70
14:4:26:697,8.00,-0.42,-0.36
14:4:26:698,4.01,0.39,-0.36
14:4:26:716,5.57,-0.45,-0.45
14:4:26:751,4.13,0.45,-0.41
14:4:26:766,3.97,0.87,-0.19
14:4:26:785,4.04,0.21,-0.66
14:4:26:820,4.04,0.06,-0.87
14:4:26:873,4.10,-0.44,-0.68
14:4:26:873,4.09,0.75,-0.22
14:4:26:890,4.27,1.24,0.04
14:4:26:908,4.25,-0.60,-0.67
14:4:26:925,4.14,-1.00,-0.69
14:4:26:970,4.01,0.30,-0.01
14:4:27:11,4.37,-0.51,-0.51
14:4:27:65,4.45,-0.21,-0.12
14:4:27:65,5.17,0.22,0.19
14:4:27:82,4.91,0.09,0.55
14:4:27:82,5.37,0.26,-0.67
14:4:27:101,6.02,-0.28,-0.96
14:4:27:136,7.91,0.38,-0.89
14:4:27:153,8.00,1.46,-2.04
14:4:27:171,8.00,3.64,-3.53
14:4:27:241,7.15,4.63,-3.29
14:4:27:258,6.20,0.57,-2.01
14:4:27:258,3.82,-3.01,-4.03
14:4:27:279,1.30,6.57,-0.66
14:4:27:311,0.47,1.42,-0.10
14:4:27:348,1.26,1.94,-1.61
14:4:27:415,0.47,1.84,-0.29
14:4:27:429,2.30,1.16,-0.44
14:4:27:445,2.39,1.38,0.02
14:4:27:449,3.85,1.21,0.26
14:4:27:455,5.73,1.40,0.55
14:4:27:469,7.75,0.35,0.86
14:4:27:493,8.00,-0.83,2.53
14:4:27:513,8.00,-3.20,1.60
14:4:27:533,8.00,-7.20,-0.36
14:4:27:597,7.04,-8.00,1.41
14:4:27:674,7.49,-8.00,3.01
14:4:27:690,8.00,-7.04,-1.00
14:4:27:694,2.17,8.00,1.23
14:4:27:705,8.00,-1.25,6.38
14:4:27:709,1.74,-0.73,-3.31
14:4:27:714,3.06,-1.98,1.08
14:4:27:749,4.35,-2.72,-0.28
14:4:27:790,3.42,0.21,-0.24
14:4:27:795,4.69,-0.33,0.04
14:4:27:805,3.71,1.27,-0.24
14:4:27:830,3.99,0.31,-0.55
14:4:27:847,4.03,-0.15,-0.80
14:4:27:919,3.99,0.06,-0.94
14:4:27:995,3.93,1.15,-0.35
14:4:28:22,4.14,0.85,-0.21
14:4:28:27,4.16,-0.23,-0.74
14:4:28:33,3.81,-0.90,-0.90
14:4:28:42,4.14,0.24,-0.15
14:4:28:47,4.28,-0.57,-0.32
14:4:28:53,4.31,-0.44,-0.26
14:4:28:76,4.16,-0.00,-0.03
14:4:28:111,4.90,0.25,0.02
14:4:28:143,5.03,-0.41,-0.10
14:4:28:155,5.18,-0.15,-0.44
14:4:28:164,5.64,-0.42,-0.57
14:4:28:183,6.92,-0.24,-0.61
14:4:28:200,8.00,0.66,-0.88
14:4:28:234,8.00,2.43,-2.03
14:4:28:252,5.51,4.47,-1.92
14:4:28:322,4.73,1.15,-0.68
14:4:28:339,3.87,-0.68,-0.92
14:4:28:340,1.63,-1.55,-1.96
14:4:28:340,-0.75,5.03,0.95
14:4:28:392,0.58,1.89,-0.03
14:4:28:410,0.33,1.76,-0.69
14:4:28:480,0.99,1.58,-0.62
14:4:28:515,1.74,0.69,-0.23
14:4:28:515,2.30,0.91,-0.04
14:4:28:532,3.93,0.73,0.13
14:4:28:532,5.18,0.41,0.50
14:4:28:532,6.20,0.35,0.68
14:4:28:585,8.00,-1.19,-0.32
14:4:28:585,8.00,-3.38,0.52
14:4:28:671,8.00,-3.43,1.20
14:4:28:672,7.40,-7.19,1.00
14:4:28:690,6.37,-8.00,2.10
14:4:28:690,6.52,-7.82,2.86
14:4:28:707,6.10,-2.06,-4.85
14:4:28:740,3.90,8.00,3.15
14:4:28:760,8.00,-4.13,-2.12
14:4:28:786,1.13,0.83,0.07
14:4:28:822,7.39,-0.90,-0.98
14:4:28:893,5.90,0.13,-0.15
14:4:28:911,2.43,-1.94,-1.50
14:4:28:911,4.34,0.82,-0.52
14:4:28:929,3.95,-0.27,0.09
14:4:28:956,3.72,1.38,-0.28
14:4:28:971,2.26,0.03,-1.85
14:4:28:976,3.64,-1.58,-1.56
14:4:29:86,3.89,0.94,-0.19
14:4:29:91,4.07,0.83,-0.20
14:4:29:106,3.67,-0.47,-0.73
14:4:29:111,3.79,0.12,-0.76
14:4:29:121,3.85,0.58,-0.45
14:4:29:126,3.88,0.31,-0.55
14:4:29:155,3.96,0.16,-0.59
14:4:29:216,4.09,0.25,-0.31
14:4:29:222,4.05,0.30,-0.61
14:4:29:227,4.08,0.20,-0.40
14:4:29:242,3.96,0.30,-0.61
14:4:29:267,3.97,0.24,-0.38
14:4:29:306,4.13,-0.19,-0.48
14:4:29:307,4.24,0.04,-0.48
14:4:29:343,4.53,0.04,-0.33
14:4:29:398,4.53,-0.56,-0.45
14:4:29:410,4.75,-0.32,-0.17
14:4:29:425,5.28,-0.08,0.68
14:4:29:519,4.83,-0.25,0.76
14:4:29:524,5.04,-0.02,0.27
14:4:29:592,5.35,0.06,0.27
14:4:29:622,4.59,0.11,0.24
14:4:29:639,3.76,-0.75,-0.43
14:4:29:639,2.56,-0.35,-1.22
14:4:29:656,1.66,2.37,-0.42
14:4:29:656,1.69,2.03,-0.28
14:4:29:679,1.76,2.24,0.20
14:4:29:684,2.20,1.15,0.14
14:4:29:760,3.38,0.75,0.12
14:4:29:795,4.71,-1.50,0.10
14:4:29:829,5.60,-2.76,-0.11
14:4:29:865,5.71,-3.56,-0.63
14:4:29:954,4.90,-3.48,-0.62
14:4:29:969,4.56,-2.93,-0.05
14:4:30:3,4.08,-2.11,-0.02
14:4:30:38,3.96,-1.52,-0.00
14:4:30:152,6.00,-7.68,-1.08
14:4:30:169,4.85,-0.94,-0.98
14:4:30:187,5.07,0.47,0.25
14:4:30:203,4.21,1.32,0.76
14:4:30:203,3.73,1.57,0.32
14:4:30:203,3.92,0.25,-0.27
14:4:30:267,4.08,-0.13,-0.38
14:4:30:335,4.86,0.04,-0.13
14:4:30:335,3.93,0.48,0.07
14:4:30:386,3.91,0.91,0.14
14:4:30:419,4.06,0.21,-0.22
14:4:30:468,4.03,0.12,-0.39
14:4:30:483,3.96,0.34,-0.31
14:4:30:500,3.93,0.44,-0.19
14:4:30:500,3.92,0.39,-0.25
14:4:30:517,3.85,0.06,-0.25
14:4:30:534,3.98,0.10,-0.10
14:4:30:567,3.95,0.45,-0.11
14:4:30:583,3.91,0.37,-0.19
14:4:30:583,3.96,0.19,-0.30
14:4:30:717,3.98,0.14,-0.32
14:4:30:753,3.95,0.32,-0.31
14:4:30:753,3.94,0.28,-0.32
14:4:30:820,3.93,0.12,-0.24
14:4:30:852,3.91,0.14,-0.24
14:4:30:887,3.82,0.17,-0.27
14:4:30:887,3.92,0.02,-0.35
14:4:30:904,3.95,0.22,-0.28
14:4:30:941,3.92,0.15,-0.36
14:4:30:959,3.92,0.20,-0.37
14:4:31:41,3.88,0.18,-0.37
14:4:31:76,3.96,0.17,-0.26
14:4:31:77,3.89,0.07,-0.51
14:4:31:94,3.92,0.03,-0.47
14:4:31:192,3.99,0.05,-0.38
14:4:31:192,3.96,0.30,-0.47
14:4:31:225,3.88,0.11,-0.50
14:4:31:257,3.88,0.21,-0.44
14:4:31:376,4.03,0.12,-0.51
14:4:31:409,3.97,0.14,-0.48
14:4:31:409,3.98,0.25,-0.36
14:4:31:409,3.92,0.17,-0.41
14:4:31:426,3.98,0.10,-0.43
14:4:31:426,4.01,0.27,-0.39
14:4:31:443,3.94,0.36,-0.35
14:4:31:460,3.96,0.22,-0.43
14:4:31:460,3.99,0.30,-0.34
14:4:31:494,4.02,0.29,-0.42
14:4:31:494,4.11,0.25,-0.44
14:4:31:494,4.08,0.19,-0.50
14:4:31:494,4.15,0.78,-0.28
14:4:31:611,4.42,0.73,0.14
14:4:31:678,4.15,0.03,0.14
14:4:31:744,4.86,0.57,0.10
14:4:31:828,5.60,1.01,1.73
14:4:31:828,5.17,0.43,0.80
14:4:31:828,4.18,1.29,0.48
14:4:31:862,3.42,2.08,-0.06
14:4:31:862,3.02,2.04,-0.14
14:4:31:965,2.88,1.95,-0.11
14:4:31:998,3.06,1.76,-0.35
14:4:31:998,3.29,1.20,-0.61
14:4:31:998,3.60,1.18,-0.58
14:4:31:998,4.04,1.08,-0.59
14:4:31:998,4.33,1.06,-0.80
14:4:32:82,4.48,0.94,-1.12
14:4:32:134,4.68,0.76,-1.55
14:4:32:151,4.65,0.20,-2.17
14:4:32:183,4.54,-0.45,-2.57
14:4:32:183,4.08,-0.97,-2.76
14:4:32:215,4.50,-2.16,-2.04
14:4:32:364,3.95,-2.06,-1.73
14:4:32:364,3.72,-1.65,-1.25
14:4:32:364,3.76,-1.27,-0.56
14:4:32:364,3.71,-1.04,-0.31
14:4:32:397,3.33,-1.19,-0.71
14:4:32:397,3.25,-1.51,-1.37
14:4:32:461,5.01,-2.66,-3.09
14:4:32:478,6.31,-1.98,-1.02
14:4:32:478,4.76,0.65,0.75
14:4:32:494,4.15,0.84,1.21
14:4:32:494,3.77,0.07,0.80
14:4:32:494,4.02,-0.45,-0.12
14:4:32:529,4.14,-0.34,-0.18
14:4:32:529,4.27,-0.47,0.09
14:4:32:529,3.97,0.06,-0.16
14:4:32:529,4.10,-0.19,-0.18
14:4:32:545,4.10,-0.17,0.13
14:4:32:545,4.13,0.11,-0.16
14:4:32:658,3.97,-0.07,-0.12
14:4:32:658,4.09,-0.21,-0.12
14:4:32:692,4.01,-0.03,-0.15
14:4:32:692,3.93,0.01,-0.21
14:4:32:692,3.96,-0.04,-0.33
14:4:32:692,4.06,-0.27,-0.48
14:4:32:692,3.90,0.06,-0.27
14:4:32:758,3.94,0.02,-0.22
14:4:32:877,3.99,-0.30,-0.31
14:4:32:911,3.96,-0.12,-0.29
14:4:32:911,3.91,-0.16,-0.35
14:4:32:928,3.98,-0.54,-0.40
14:4:33:62,3.84,-0.13,-0.23
14:4:33:62,4.00,0.04,-0.18
14:4:33:62,4.12,-0.28,-0.41
14:4:33:62,4.00,0.00,-0.28
14:4:33:79,4.03,0.15,-0.47
14:4:33:79,3.95,-0.16,-0.54
14:4:33:79,4.06,0.11,-0.20
14:4:33:94,4.02,0.05,0.02
14:4:33:94,4.00,-0.13,-0.33
14:4:33:94,3.89,-0.13,-0.17
14:4:33:193,4.02,-0.24,-0.14
14:4:33:245,4.05,-0.22,0.02
14:4:33:245,4.06,-0.03,-0.05
14:4:33:245,4.23,0.12,0.02
14:4:33:245,4.37,0.50,0.33
14:4:33:245,4.43,-0.25,0.56
14:4:33:245,4.36,0.54,1.51
14:4:33:262,4.00,0.88,1.57
14:4:33:361,3.96,1.16,1.31
14:4:33:361,3.26,2.33,0.62
14:4:33:361,3.19,1.32,-0.77
14:4:33:377,3.46,0.17,-1.53
14:4:33:377,3.79,-0.56,-1.78
14:4:33:377,3.80,-0.98,-1.73
14:4:33:377,4.09,-1.19,-0.33
14:4:33:377,5.01,-2.40,-0.86
14:4:33:394,3.76,-2.66,-0.50
14:4:33:426,3.32,-0.56,-0.40
14:4:33:428,3.67,0.09,0.68
14:4:33:445,4.07,-0.96,0.32
14:4:33:445,4.26,0.36,0.51
14:4:33:445,4.23,0.12,0.03
14:4:33:445,4.11,-0.19,-0.16
14:4:33:445,3.97,-0.08,-0.04
14:4:33:445,4.01,0.07,-0.03
14:4:33:463,4.03,-0.06,-0.06
14:4:33:463,4.00,0.00,-0.10
14:4:33:549,4.03,0.02,-0.12
14:4:33:549,3.99,0.05,-0.10
14:4:33:549,3.98,0.03,-0.10
14:4:33:549,3.98,-0.00,-0.14
14:4:33:565,3.96,-0.08,-0.14
14:4:33:598,3.96,-0.12,-0.15
14:4:33:647,3.97,0.02,-0.09
14:4:33:647,3.95,0.06,-0.11
14:4:33:647,3.96,-0.10,-0.17
14:4:33:747,3.97,-0.05,-0.18
14:4:33:765,3.94,0.00,-0.21
14:4:33:782,3.97,0.04,-0.19
14:4:33:782,3.95,-0.01,-0.18
14:4:33:832,3.98,-0.05,-0.21
14:4:33:896,3.98,0.00,-0.24
14:4:33:912,3.94,0.02,-0.21
14:4:33:929,3.96,-0.04,-0.22
14:4:33:945,3.95,-0.07,-0.22
14:4:33:962,3.94,-0.07,-0.21
14:4:33:981,3.98,-0.02,-0.21
14:4:33:998,3.94,-0.05,-0.21
14:4:34:14,3.96,-0.06,-0.20
14:4:34:14,3.94,-0.00,-0.19
14:4:34:14,3.95,-0.04,-0.20
14:4:34:14,3.94,-0.07,-0.24
14:4:34:78,3.94,-0.06,-0.18
14:4:34:94,3.95,-0.05,-0.20
14:4:34:112,3.94,-0.02,-0.21
14:4:34:199,3.96,-0.08,-0.22
14:4:34:282,3.95,-0.04,-0.22
14:4:34:282,3.92,-0.01,-0.16
14:4:34:282,3.95,-0.11,-0.21
14:4:34:282,3.97,-0.02,-0.22
14:4:34:316,3.97,-0.05,-0.21
14:4:34:369,3.93,-0.14,-0.17
14:4:34:436,3.94,-0.07,-0.18
14:4:34:485,3.95,-0.01,-0.17
14:4:34:501,3.96,-0.12,-0.22
14:4:34:519,3.96,-0.08,-0.18
14:4:34:619,3.95,-0.09,-0.13
14:4:34:653,3.97,-0.10,-0.16
14:4:34:688,3.93,-0.11,-0.16
14:4:34:705,3.92,-0.06,-0.15
14:4:34:724,3.96,-0.08,-0.20
14:4:34:724,3.95,-0.08,-0.13
14:4:34:724,3.94,-0.06,-0.15
14:4:34:724,3.96,-0.08,-0.17
14:4:34:790,3.94,-0.10,-0.15
14:4:34:824,3.95,-0.10,-0.15
14:4:34:890,3.98,-0.04,-0.14
14:4:34:989,3.98,-0.08,-0.17
14:4:35:6,3.97,-0.15,-0.18
14:4:35:6,3.92,-0.04,-0.07
14:4:35:6,3.94,-0.09,-0.08
14:4:35:24,3.88,-0.03,-0.01
14:4:35:57,3.95,-0.10,-0.04
14:4:35:189,3.94,-0.11,-0.25
14:4:35:272,4.03,-0.21,-0.29
14:4:35:337,4.08,0.15,-0.16
14:4:35:337,4.20,0.15,-0.21
14:4:35:337,4.10,0.11,-0.21
14:4:35:337,4.07,0.19,-0.08
14:4:35:337,4.56,0.07,-0.12
14:4:35:354,4.59,0.03,0.04
14:4:35:370,5.43,-0.05,-0.03
14:4:35:370,6.97,0.67,0.19
14:4:35:388,6.81,2.14,0.32
14:4:35:388,5.52,0.72,-0.04
14:4:35:388,4.05,0.12,-1.12
14:4:35:404,2.12,3.04,-1.12
14:4:35:455,3.09,3.97,-1.04
14:4:35:455,1.81,2.81,-0.97
14:4:35:455,2.44,1.97,-0.57
14:4:35:541,2.68,2.44,-0.01
14:4:35:542,3.42,1.98,0.04
14:4:35:542,4.13,1.40,-0.06
14:4:35:542,4.67,0.78,-0.09
14:4:35:542,5.13,0.68,-0.05
14:4:35:577,5.76,-0.31,-0.09
14:4:35:593,5.54,-1.29,0.26
14:4:35:593,5.18,-1.70,0.06
14:4:35:593,4.93,-2.14,0.12
14:4:35:593,4.48,-3.05,0.09
14:4:35:593,4.63,-3.51,0.52
14:4:35:609,4.68,-4.48,0.92
14:4:35:729,5.94,-2.63,0.07
14:4:35:729,5.09,7.87,-0.51
14:4:35:729,6.16,-5.04,-0.51
14:4:35:729,5.06,-1.17,-2.03
14:4:35:729,7.61,2.77,1.52
14:4:35:729,2.95,0.74,-0.63
14:4:35:780,4.54,-0.94,-0.47
14:4:35:813,5.05,-1.06,-0.05
14:4:35:900,3.17,0.22,0.28
14:4:35:917,3.81,0.72,-0.25
14:4:35:917,3.84,0.21,-0.51
14:4:35:951,3.40,0.76,-1.08
14:4:35:952,3.82,-0.21,-0.64
14:4:35:952,4.01,0.29,-0.36
14:4:36:2,3.98,0.41,-0.27
14:4:36:68,4.03,-0.42,-0.71
14:4:36:84,4.04,-0.38,-0.64
14:4:36:101,4.11,-0.26,-0.43
14:4:36:101,4.05,0.14,-0.08
14:4:36:135,4.07,-0.15,-0.33
14:4:36:135,4.30,-0.31,-0.41
14:4:36:135,4.44,-0.32,-0.41
14:4:36:135,4.68,-0.55,-0.47
14:4:36:135,5.05,0.11,0.49
14:4:36:135,5.28,0.34,0.47
14:4:36:135,5.65,-0.42,-0.19
14:4:36:153,6.56,-0.01,-0.64
14:4:36:153,8.00,0.76,-0.24
14:4:36:153,8.00,2.07,-1.67
14:4:36:153,7.11,4.12,-1.45
14:4:36:169,6.50,1.61,-1.63
14:4:36:169,6.72,-0.57,-2.88
14:4:36:237,3.58,-2.43,-3.35
14:4:36:237,1.36,6.50,-0.21
14:4:36:237,-2.42,2.65,1.55
14:4:36:271,0.75,2.09,-0.85
14:4:36:271,1.01,2.29,-0.18
14:4:36:306,1.93,1.26,-0.39
14:4:36:338,2.55,0.91,0.10
14:4:36:355,4.18,0.43,-0.20
14:4:36:355,5.40,0.77,0.34
14:4:36:355,7.05,0.88,0.92
14:4:36:421,8.00,-0.51,0.93
14:4:36:438,8.00,-0.31,1.49
14:4:36:455,8.00,-3.63,1.21
14:4:36:455,7.61,-8.00,0.19
14:4:36:472,6.62,-8.00,1.15
14:4:36:490,6.90,-8.00,1.86
14:4:36:508,6.17,0.64,-5.97
14:4:36:525,5.96,2.90,0.41
14:4:36:525,7.39,-1.91,-1.30
14:4:36:594,4.79,-0.47,-0.22
14:4:36:611,4.84,-1.49,-1.34
14:4:36:611,4.78,-0.83,-1.43
14:4:36:628,4.02,1.09,0.18
14:4:36:628,4.96,1.14,-0.01
14:4:36:645,3.68,1.12,-0.23
14:4:36:645,4.12,-0.45,-0.68
14:4:36:645,4.18,-0.35,-0.83
14:4:36:695,3.73,0.58,-0.57
14:4:36:776,4.02,0.10,-0.13
14:4:36:793,4.19,-0.42,-0.44
14:4:36:793,3.99,-0.34,-0.58
14:4:36:811,4.03,0.13,-0.24
14:4:36:842,4.00,-0.08,-0.26
14:4:36:858,3.90,-0.29,-0.42
14:4:36:876,4.17,-0.38,-0.23
14:4:36:893,4.20,-0.07,0.06
14:4:36:893,4.45,0.30,0.40
14:4:36:928,4.77,-0.10,0.15
14:4:36:993,5.49,-0.09,-0.37
14:4:36:993,5.74,-0.15,-0.93
14:4:36:993,6.83,-0.33,-0.51
14:4:37:9,8.00,1.11,-0.24
14:4:37:43,8.00,2.92,-1.39
14:4:37:58,7.63,3.80,-1.79
14:4:37:58,7.26,1.25,-1.92
14:4:37:74,5.29,-0.36,-2.50
14:4:37:108,3.50,-2.44,-2.37
14:4:37:124,1.76,4.36,-1.48
14:4:37:176,0.03,2.76,0.26
14:4:37:193,-0.77,1.57,-0.73
14:4:37:210,0.69,1.71,-0.43
14:4:37:226,1.27,1.07,-0.62
14:4:37:243,2.51,1.10,-0.28
14:4:37:274,3.55,1.26,0.04
14:4:37:325,5.56,0.59,0.11
14:4:37:341,7.12,-0.08,0.38
14:4:37:341,8.00,-0.61,0.70
14:4:37:390,8.00,-0.23,1.27
14:4:37:407,8.00,-2.46,1.32
14:4:37:422,7.95,-6.59,0.52
14:4:37:469,6.94,-8.00,1.66
14:4:37:486,6.80,-8.00,2.65
14:4:37:503,6.24,-7.23,1.30
14:4:37:519,3.63,8.00,-4.72
14:4:37:519,6.65,-1.77,1.12
14:4:37:536,8.00,-3.30,-2.42
14:4:37:570,6.48,1.06,-0.31
14:4:37:586,5.23,-0.72,-1.22
14:4:37:636,2.40,-1.07,-1.12
14:4:37:655,3.90,0.26,-0.39
14:4:37:687,4.83,-1.68,-0.44
14:4:37:703,2.68,0.90,-0.11
14:4:37:703,3.87,0.69,-0.52
14:4:37:737,3.50,0.27,-0.77
14:4:37:753,4.47,-0.51,-0.47
14:4:37:770,4.09,-0.15,-0.04
14:4:37:851,3.67,-0.01,-0.46
14:4:37:851,3.83,0.39,-0.24
14:4:37:868,4.12,-0.47,-0.47
14:4:37:900,4.12,-0.63,-0.29
14:4:37:933,4.18,0.04,-0.04
14:4:37:933,4.38,-0.38,-0.48
14:4:37:949,4.46,-0.32,-0.53
14:4:37:966,4.64,-0.07,-0.24
14:4:38:31,5.07,0.18,0.16
14:4:38:49,5.54,-0.16,0.02
14:4:38:49,5.73,-0.24,-0.29
14:4:38:66,6.79,0.13,0.08
14:4:38:100,7.82,1.12,-0.41
14:4:38:117,8.00,2.94,-1.82
14:4:38:134,7.32,3.82,-1.92
14:4:38:199,6.99,0.63,-2.11
14:4:38:214,5.58,-0.87,-2.30
14:4:38:214,-1.11,-3.83,-3.31
14:4:38:231,1.83,5.66,0.08
14:4:38:264,-1.62,1.74,0.64
14:4:38:280,1.61,1.64,-1.31
14:4:38:311,0.95,1.84,-0.01
14:4:38:328,1.67,1.25,-0.16
14:4:38:392,2.36,1.99,0.51
14:4:38:392,3.90,1.63,0.55
14:4:38:408,5.12,0.81,0.28
14:4:38:425,6.19,0.40,0.90
14:4:38:441,7.81,-1.07,0.64
14:4:38:474,8.00,-1.88,0.29
14:4:38:506,8.00,-6.74,0.04
14:4:38:617,8.00,-5.29,1.38
14:4:38:634,7.04,-8.00,2.26
14:4:38:650,6.94,-8.00,2.72
14:4:38:666,6.37,-7.31,2.11
14:4:38:683,3.54,8.00,-2.29
14:4:38:683,8.00,-4.50,-0.14
14:4:38:717,4.18,-0.68,-1.23
14:4:38:767,4.95,-0.47,-0.26
14:4:38:767,-0.99,-1.69,1.00
14:4:38:785,1.74,-2.25,-1.20
14:4:38:802,4.88,-0.08,-0.33
14:4:38:819,4.42,-1.21,-0.46
14:4:38:834,3.65,0.48,0.03
14:4:38:883,4.69,0.04,-0.65
14:4:38:948,4.14,-0.12,-0.97
14:4:38:948,4.17,0.04,-0.63
14:4:38:965,3.91,1.26,-0.18
14:4:38:981,3.80,0.75,-0.14
14:4:38:998,3.95,-0.54,-0.82
14:4:38:998,4.03,-0.51,-0.67
14:4:39:14,4.11,-0.05,-0.14
14:4:39:29,4.42,0.37,0.01
14:4:39:45,4.37,-0.46,-0.51
14:4:39:110,4.31,-0.22,-0.26
14:4:39:145,4.51,-0.15,-0.02
14:4:39:146,5.65,0.24,0.19
14:4:39:163,5.30,0.08,-0.43
14:4:39:180,5.45,-0.18,-0.69
14:4:39:212,6.33,-0.21,-0.22
14:4:39:263,7.71,0.85,-0.23
14:4:39:295,8.00,2.55,-1.45
14:4:39:312,8.00,3.75,-2.55
14:4:39:327,4.89,0.07,-3.67
14:4:39:343,5.22,0.18,-2.21
14:4:39:392,4.71,-3.38,-3.25
14:4:39:409,2.28,4.37,-1.60
14:4:39:442,0.22,1.69,-0.56
14:4:39:489,1.30,1.24,-0.67
14:4:39:506,0.48,1.47,-0.59
14:4:39:506,1.01,1.64,-0.10
14:4:39:506,1.32,1.27,0.28
14:4:39:538,2.99,1.55,-0.12
14:4:39:555,4.69,0.64,-0.30
14:4:39:555,6.27,0.52,0.07
14:4:39:571,8.00,-0.51,0.63
14:4:39:656,8.00,-2.12,1.58
14:4:39:656,8.00,-1.68,-6.00
14:4:39:673,7.41,-5.09,1.61
14:4:39:689,6.69,-8.00,2.53
14:4:39:706,7.11,-8.00,3.04
14:4:39:722,6.03,-6.55,-1.74
14:4:39:771,0.61,8.00,3.81
14:4:39:820,6.21,-8.00,-8.00
14:4:39:820,1.81,-0.56,-0.71
14:4:39:835,3.74,0.77,-2.12
14:4:39:884,2.28,-3.40,-1.51
14:4:39:901,3.92,-0.44,-0.40
14:4:39:916,4.79,0.46,0.03
14:4:39:964,3.67,-0.05,0.16
14:4:40:15,3.71,1.03,-0.33
14:4:40:15,4.01,-0.24,-1.39
14:4:40:32,3.85,-0.14,-0.92
14:4:40:48,4.26,-0.70,-0.81
14:4:40:48,3.97,0.71,-0.35
14:4:40:48,4.19,1.35,-0.23
14:4:40:79,3.99,-0.40,-0.89
14:4:40:97,3.85,-1.37,-0.68
14:4:40:194,3.95,0.01,-0.08
14:4:40:210,4.29,-0.58,-0.62
14:4:40:243,4.48,-0.42,-0.50
14:4:40:243,4.61,0.31,-0.07
14:4:40:259,4.95,-0.03,0.13
14:4:40:259,5.07,-0.10,0.25
14:4:40:277,5.55,0.09,-0.89
14:4:40:294,6.27,-0.11,-0.87
14:4:40:329,7.52,-0.29,-0.85
14:4:40:396,8.00,0.29,-2.11
14:4:40:396,8.00,3.02,-3.01
14:4:40:415,5.57,4.15,-1.85
14:4:40:416,5.89,2.19,-0.98
14:4:40:431,2.50,-1.30,-2.50
14:4:40:480,0.67,0.58,-1.03
14:4:40:530,1.75,5.29,-0.48
14:4:40:596,-2.15,1.18,0.18
14:4:40:661,1.33,0.54,-1.18
14:4:40:661,1.50,2.25,0.50
14:4:40:677,3.74,-0.57,0.12
14:4:40:741,3.54,1.47,1.10
14:4:40:759,5.64,0.79,0.57
14:4:40:759,6.25,-0.16,0.04
14:4:40:776,7.54,-0.69,-0.17
14:4:40:793,8.00,-1.24,0.50
14:4:40:793,8.00,-6.66,-0.97
14:4:40:827,8.00,-5.37,0.21
14:4:40:909,7.20,-8.00,0.84
14:4:40:926,6.61,-8.00,2.50
14:4:40:944,6.31,-8.00,2.37
14:4:40:978,4.85,7.87,-3.71
14:4:41:13,7.18,0.28,1.13
14:4:41:29,8.00,-0.72,-2.02
14:4:41:112,4.33,-1.07,-2.60
14:4:41:129,4.77,-0.69,-1.33
14:4:41:177,3.99,-1.48,-1.34
14:4:41:210,4.31,0.36,-0.62
14:4:41:313,4.00,0.40,0.43
14:4:41:347,3.99,1.36,0.06
14:4:41:362,4.02,1.38,-0.30
14:4:41:394,4.03,0.06,-0.76
14:4:41:460,3.92,-0.45,-1.02
14:4:41:476,3.94,0.65,-0.49
14:4:41:476,3.89,1.40,-0.24
14:4:41:508,3.88,0.38,-0.47
14:4:41:525,3.93,-0.08,-0.40
14:4:41:525,3.41,-0.26,-0.23
14:4:41:540,3.79,0.43,-0.03
14:4:41:540,4.17,0.03,-0.47
14:4:41:556,4.27,0.18,-0.20
14:4:41:556,4.44,-0.19,-0.04
14:4:41:556,4.40,-0.22,0.02
14:4:41:606,5.35,0.00,-0.29
14:4:41:658,5.57,-0.40,-0.30
14:4:41:658,6.76,-0.12,-0.08
14:4:41:675,8.00,0.85,-0.14
14:4:41:675,8.00,1.76,-1.14
14:4:41:676,8.00,3.60,-2.78
14:4:41:676,5.98,4.47,-2.31
14:4:41:694,4.96,0.36,-1.57
14:4:41:712,4.87,-3.99,-2.60
14:4:41:712,0.25,3.62,-1.84
14:4:41:728,0.53,2.20,-1.25
14:4:41:744,0.66,2.17,-0.86
14:4:41:777,1.20,1.42,-0.80
14:4:41:824,1.60,1.49,-0.52
14:4:41:842,2.37,0.71,-0.46
14:4:41:842,3.07,1.20,0.13
14:4:41:858,4.94,0.78,0.04
14:4:41:875,6.39,0.43,0.58
14:4:41:894,8.00,-0.82,0.89
14:4:41:894,8.00,-1.35,0.83
14:4:41:927,8.00,-5.84,0.16
14:4:42:8,7.85,-7.72,0.11
14:4:42:8,6.85,-8.00,2.76
14:4:42:8,6.65,-8.00,3.11
14:4:42:24,6.79,1.20,-2.45
14:4:42:41,1.07,8.00,2.89
14:4:42:41,4.75,0.90,1.65
14:4:42:57,0.18,1.13,-0.13
14:4:42:73,3.92,-2.84,0.24
14:4:42:73,5.64,0.04,-0.34
14:4:42:105,2.82,-0.08,-0.20
14:4:42:174,5.10,-0.19,-0.26
14:4:42:174,3.62,1.02,-0.04
14:4:42:174,3.89,0.68,-0.35
14:4:42:207,3.71,-0.44,-0.84
14:4:42:224,2.54,-0.12,-0.06
14:4:42:257,4.10,-0.45,-0.63
14:4:42:274,3.92,0.30,-0.35
14:4:42:290,3.96,0.54,-0.40
14:4:42:323,3.85,-0.28,-0.44
14:4:42:354,4.05,-0.44,-0.53
14:4:42:371,3.84,-0.14,-0.50
14:4:42:404,3.86,0.23,-0.26
14:4:42:422,4.18,0.04,-0.55
14:4:42:422,4.16,0.10,-0.39
14:4:42:472,4.14,-0.02,-0.13
14:4:42:507,4.15,-0.07,-0.25
14:4:42:523,4.25,-0.31,-0.35
14:4:42:541,4.42,-0.97,-0.35
14:4:42:557,4.57,-0.84,0.14
14:4:42:607,5.73,-0.55,0.34
14:4:42:623,7.09,-0.24,0.40
14:4:42:659,7.75,0.26,-0.22
14:4:42:659,8.00,0.97,-1.38
14:4:42:693,2.81,3.07,-1.54
14:4:42:742,4.51,2.06,0.56
14:4:42:757,3.11,-2.31,-1.15
14:4:42:757,1.12,-1.29,-1.99
14:4:42:775,0.67,1.70,-0.45
14:4:42:791,1.37,1.54,0.68
14:4:42:807,0.58,1.00,-0.12
14:4:42:840,1.25,-0.28,-0.32
14:4:42:941,1.45,-1.11,-0.37
14:4:42:958,1.92,-0.87,0.43
14:4:42:974,3.44,-1.43,1.31
14:4:42:974,4.42,-1.24,1.77
14:4:43:8,5.35,-2.71,1.24
14:4:43:40,5.97,-3.38,1.44
14:4:43:90,8.00,-2.00,1.03
14:4:43:106,5.89,-4.13,1.84
14:4:43:106,5.45,-3.64,1.06
14:4:43:123,4.67,-2.50,1.12
14:4:43:140,4.25,-1.54,1.19
14:4:43:156,4.07,-1.73,1.23
14:4:43:156,3.83,-1.40,-1.47
14:4:43:172,3.52,-1.12,-0.68
14:4:43:252,4.15,0.03,0.95
14:4:43:286,4.59,0.46,-0.17
14:4:43:303,3.80,0.59,0.24
14:4:43:319,3.95,0.58,-0.07
14:4:43:335,3.91,0.11,-0.44
14:4:43:368,3.83,0.10,-0.34
14:4:43:368,3.97,0.60,-0.25
14:4:43:385,4.02,0.63,-0.06
14:4:43:453,4.08,0.43,-0.31
14:4:43:453,3.98,-0.16,-0.68
14:4:43:453,3.91,-0.00,-0.59
14:4:43:468,3.89,0.44,-0.30
14:4:43:484,4.06,0.11,-0.47
14:4:43:517,4.00,0.06,-0.54
14:4:43:533,3.91,-0.02,-0.54
14:4:43:582,3.95,0.18,-0.45
14:4:43:615,3.93,0.18,-0.39
14:4:43:615,3.92,0.01,-0.49
14:4:43:630,3.95,0.06,-0.41
14:4:43:665,3.94,0.10,-0.39
14:4:43:698,3.89,0.03,-0.41
14:4:43:716,3.95,0.02,-0.48
14:4:43:735,3.83,-0.00,-0.43
14:4:43:766,4.00,-0.04,-0.45
14:4:43:816,4.00,-0.07,-0.45
14:4:43:848,3.90,0.03,-0.34
14:4:43:866,3.91,0.00,-0.40
14:4:43:883,3.82,-0.05,-0.46
14:4:43:899,3.88,0.12,-0.37
14:4:43:899,3.94,0.07,-0.39
14:4:43:981,3.91,-0.04,-0.40
14:4:43:997,3.98,-0.05,-0.40
14:4:43:998,3.93,-0.03,-0.29
14:4:43:998,3.93,-0.09,-0.29
14:4:44:32,3.94,0.01,-0.29
14:4:44:32,3.90,0.01,-0.21
14:4:44:64,3.94,-0.05,-0.26
14:4:44:97,3.93,-0.03,-0.27
14:4:44:146,3.95,-0.10,-0.26
14:4:44:161,3.94,-0.09,-0.22
14:4:44:179,3.94,-0.08,-0.22
14:4:44:179,3.96,-0.15,-0.27
14:4:44:212,3.96,-0.05,-0.26
14:4:44:263,3.94,-0.10,-0.18
14:4:44:280,3.98,-0.24,-0.24
14:4:44:280,3.92,-0.16,-0.22
14:4:44:328,3.91,-0.15,-0.20
14:4:44:344,3.92,-0.16,-0.25
14:4:44:362,3.96,-0.15,-0.21
14:4:44:379,3.95,-0.11,-0.20
14:4:44:411,3.97,-0.12,-0.24
14:4:44:426,3.94,-0.12,-0.23
14:4:44:556,3.94,-0.10,-0.18
14:4:44:590,3.95,-0.08,-0.21
14:4:44:590,3.94,-0.08,-0.22
14:4:44:606,3.92,-0.10,-0.22
14:4:44:622,3.96,-0.06,-0.25
14:4:44:639,3.95,-0.08,-0.23
14:4:44:639,3.95,-0.10,-0.23
14:4:44:688,3.95,-0.06,-0.25
14:4:44:721,3.93,-0.07,-0.24
14:4:44:736,3.98,-0.04,-0.23
14:4:44:770,3.96,-0.06,-0.26
14:4:44:801,3.95,-0.07,-0.27
14:4:44:801,3.92,-0.04,-0.28
14:4:44:817,3.98,0.00,-0.27
14:4:44:881,3.95,-0.04,-0.29
14:4:44:881,3.94,-0.04,-0.30
14:4:44:897,3.93,-0.03,-0.26
14:4:44:914,3.96,-0.05,-0.28
14:4:44:962,3.98,-0.05,-0.29
14:4:44:980,3.95,-0.03,-0.29
14:4:44:995,3.96,-0.03,-0.29
14:4:45:44,3.96,-0.04,-0.31
14:4:45:59,3.94,-0.07,-0.34
14:4:45:59,3.96,-0.02,-0.30
14:4:45:76,3.96,-0.04,-0.31
14:4:45:76,3.96,-0.05,-0.32
14:4:45:110,3.96,-0.03,-0.36
14:4:45:161,3.97,-0.04,-0.38
14:4:45:195,3.96,-0.03,-0.33
14:4:45:245,3.93,-0.01,-0.32
14:4:45:298,3.95,-0.05,-0.29
14:4:45:313,3.85,0.00,-0.34
14:4:45:330,4.05,-0.29,-0.35
14:4:45:346,3.97,-0.06,-0.30
14:4:45:362,3.88,-0.09,-0.32
14:4:45:429,3.96,0.01,-0.28
14:4:45:445,4.09,0.65,-0.15
14:4:45:445,4.13,0.65,-0.09
14:4:45:462,4.03,-0.01,-0.22
14:4:45:462,3.94,-0.16,-0.14
14:4:45:462,4.20,-1.01,0.05
14:4:45:478,4.44,-1.85,-1.05
14:4:45:495,4.36,-2.26,-0.87
14:4:45:495,4.01,0.38,-0.67
14:4:45:511,3.53,1.02,-1.07
14:4:45:559,3.52,1.65,-0.71
14:4:45:575,3.57,1.57,-0.85
14:4:45:592,3.57,1.72,-0.77
14:4:45:610,4.00,0.81,0.71
14:4:45:625,3.69,0.51,0.41
14:4:45:674,4.22,-0.67,-0.40
14:4:45:691,3.92,-0.40,-0.21
14:4:45:706,3.89,-0.65,-0.56
14:4:45:722,3.89,0.17,0.01
14:4:45:739,3.96,-0.04,-0.36
14:4:45:771,3.94,-0.15,-0.57
14:4:45:805,4.05,-0.24,-0.59
14:4:45:821,4.05,0.12,-0.48
14:4:45:839,4.00,0.05,-0.60
14:4:45:873,3.94,-0.11,-0.59
14:4:45:890,3.95,-0.07,-0.47
14:4:45:959,3.97,0.05,-0.37
14:4:45:978,3.85,0.11,-0.19
14:4:45:978,3.98,0.06,-0.41
14:4:46:11,3.99,0.01,-0.46
14:4:46:11,3.99,0.28,-0.30
14:4:46:28,4.02,0.19,-0.37
14:4:46:79,4.00,0.08,-0.35
14:4:46:112,3.81,0.42,0.02
14:4:46:131,3.92,0.33,-0.09
14:4:46:148,4.20,-0.11,-0.29
14:4:46:148,4.16,-0.37,-0.39
14:4:46:165,4.21,-0.52,-0.35
14:4:46:226,4.32,-0.24,-0.30
14:4:46:226,4.14,0.08,-0.41
14:4:46:243,4.16,-0.29,-0.39
14:4:46:347,4.21,-0.95,-1.04
14:4:46:364,2.98,-0.75,-0.76
14:4:46:364,3.43,-1.74,-1.09
14:4:46:415,3.77,-1.09,-1.19
14:4:46:430,3.79,-0.87,-1.04
14:4:46:463,3.90,-0.71,-0.85
14:4:46:497,3.84,-0.30,-0.41
14:4:46:514,3.88,-0.02,-0.22
14:4:46:514,3.92,0.32,0.01
14:4:46:532,3.98,0.43,0.17
14:4:46:532,3.89,0.48,0.28
14:4:46:564,3.91,0.45,0.08
14:4:46:564,3.97,0.45,-0.11
14:4:46:581,3.74,0.61,-0.21
14:4:46:614,3.65,0.53,-0.40
14:4:46:682,3.65,0.46,-0.61
14:4:46:682,3.67,0.40,-0.81
14:4:46:682,3.69,0.24,-1.01
14:4:46:714,3.78,0.15,-1.38
14:4:46:734,3.76,0.76,-1.16
14:4:46:751,3.93,1.14,-1.14
14:4:46:767,3.84,1.18,-1.04
14:4:46:855,3.56,2.17,1.77
14:4:46:887,4.56,1.00,1.60
14:4:46:887,4.92,0.77,4.52
14:4:46:940,3.59,0.15,0.89
14:4:46:990,4.36,-0.45,-0.15
14:4:47:41,3.82,0.21,0.55
14:4:47:58,3.78,-0.26,-0.89
14:4:47:58,3.84,0.18,0.12
14:4:47:58,3.89,-0.10,0.54
14:4:47:90,3.96,0.33,0.26
14:4:47:110,3.89,-0.26,-0.18
14:4:47:143,3.99,-0.58,-0.35
14:4:47:143,4.05,0.87,0.17
14:4:47:241,4.19,-0.03,-0.46
14:4:47:292,4.29,-0.41,-0.63
14:4:47:311,4.10,0.24,-0.33
14:4:47:311,4.19,0.00,-0.34
14:4:47:360,4.01,0.02,-0.45
14:4:47:444,4.04,-0.15,-0.46
14:4:47:463,3.87,-0.16,-0.26
14:4:47:495,3.88,-0.09,-0.26
14:4:47:513,3.83,-0.18,-0.27
14:4:47:594,3.97,-0.06,-0.31
14:4:47:611,4.00,0.03,-0.26
14:4:47:629,3.82,-0.07,-0.37
14:4:47:629,3.89,0.03,-0.28
14:4:47:646,3.92,0.04,-0.36
14:4:47:663,3.91,0.13,-0.36
14:4:47:679,3.93,0.17,-0.33
14:4:47:727,4.00,0.17,-0.44
14:4:47:777,4.03,-0.03,-0.57
14:4:47:795,3.99,0.23,-0.42
14:4:47:829,3.94,0.19,-0.39
14:4:47:829,3.86,0.12,-0.43
14:4:47:863,3.84,-0.04,-0.39
14:4:47:864,3.91,0.03,-0.45
14:4:47:897,3.88,0.19,-0.36
14:4:47:912,3.90,0.09,-0.45
14:4:47:961,3.93,0.14,-0.45
14:4:47:976,3.93,0.25,-0.35
14:4:47:976,3.93,0.26,-0.39
14:4:47:993,3.91,0.19,-0.35
14:4:47:993,3.91,0.21,-0.34
14:4:48:10,3.88,0.20,-0.42
14:4:48:10,3.93,0.17,-0.45
14:4:48:28,3.91,0.08,-0.47
14:4:48:45,3.92,0.28,-0.37
14:4:48:61,3.98,0.28,-0.38
14:4:48:128,4.23,1.75,-0.08
14:4:48:144,3.98,0.83,-0.01
14:4:48:144,3.88,-0.12,-0.48
14:4:48:159,4.01,-0.23,-0.48
14:4:48:159,3.96,-0.11,-0.37
14:4:48:175,3.94,0.49,-0.24
14:4:48:175,3.84,0.94,-0.45
14:4:48:190,3.92,0.92,-0.43
14:4:48:225,4.19,-0.17,-0.26
14:4:48:326,3.99,0.09,-0.32
14:4:48:343,4.01,0.46,-0.22
14:4:48:360,3.95,0.03,-0.25
14:4:48:395,3.91,0.14,-0.37
14:4:48:410,3.88,0.12,-0.34
14:4:48:410,3.90,0.21,-0.32
14:4:48:477,3.93,0.23,-0.34
14:4:48:492,3.93,0.18,-0.33
14:4:48:492,3.91,0.12,-0.36
14:4:48:492,3.92,0.12,-0.39
14:4:48:525,3.95,0.15,-0.40
14:4:48:525,3.94,0.07,-0.37
14:4:48:525,3.92,0.13,-0.36
14:4:48:542,3.94,0.10,-0.39
14:4:48:559,3.94,0.11,-0.40
14:4:48:575,3.91,0.10,-0.39
14:4:48:575,3.92,0.11,-0.43
14:4:48:624,3.88,0.14,-0.38
14:4:48:674,3.92,0.07,-0.39
14:4:48:674,3.95,0.11,-0.41
14:4:48:722,3.90,0.02,-0.39
14:4:48:722,3.82,-0.10,-0.49
14:4:48:739,3.91,0.04,-0.44
14:4:48:755,3.92,0.16,-0.45
14:4:48:837,3.92,0.24,-0.41
14:4:48:853,3.97,0.20,-0.45
14:4:48:870,3.90,0.18,-0.45
14:4:48:886,3.87,0.13,-0.42
14:4:48:902,3.82,0.09,-0.44
14:4:48:902,3.87,0.01,-0.49
14:4:48:919,3.93,0.09,-0.45
14:4:48:937,3.98,0.04,-0.53
14:4:48:970,4.01,-0.03,-0.63
14:4:49:69,4.00,0.05,-0.59
14:4:49:103,3.93,0.07,-0.57
14:4:49:120,3.93,-0.03,-0.64
14:4:49:153,4.02,-0.12,-0.67
14:4:49:222,3.93,-0.03,-0.64
14:4:49:237,3.91,0.03,-0.59
14:4:49:239,4.00,-0.01,-0.59
14:4:49:239,3.88,0.05,-0.52
14:4:49:286,3.89,-0.04,-0.47
14:4:49:286,3.94,-0.10,-0.52
14:4:49:318,3.94,-0.06,-0.47
14:4:49:367,3.98,-0.17,-0.44
14:4:49:399,3.97,-0.14,-0.46
14:4:49:415,4.03,-0.09,-0.46
14:4:49:417,4.18,0.08,-0.58
14:4:49:452,4.19,0.17,-0.54
14:4:49:468,4.29,-0.17,-0.46
14:4:49:484,4.71,0.01,-0.32
14:4:49:484,4.79,0.31,-0.21
14:4:49:551,5.74,-0.23,-0.36
14:4:49:568,7.50,-0.01,0.82
14:4:49:585,8.00,1.78,0.98
14:4:49:618,7.01,3.14,0.14
14:4:49:636,5.67,3.21,-0.61
14:4:49:636,4.13,-0.94,-1.55
14:4:49:652,1.58,2.73,-1.30
14:4:49:652,0.63,3.91,-0.79
14:4:49:705,1.09,3.43,-0.63
14:4:49:754,1.42,2.62,-0.40
14:4:49:754,2.07,2.26,0.02
14:4:49:787,2.68,2.08,0.24
14:4:49:803,3.87,1.39,0.19
14:4:49:803,5.12,0.98,0.27
14:4:49:820,6.09,-0.39,0.48
14:4:49:820,7.05,-0.54,0.57
14:4:49:835,7.57,-2.75,1.02
14:4:49:852,6.68,-4.15,1.02
14:4:49:901,6.40,-4.67,0.84
14:4:49:917,5.22,-5.54,0.82
14:4:49:917,5.63,-6.98,0.52
14:4:49:934,6.34,-4.48,-1.42
14:4:49:934,4.57,5.88,2.70
14:4:49:965,5.07,3.65,-0.30
14:4:49:996,2.08,2.33,1.26
14:4:50:44,3.93,0.30,0.30
14:4:50:79,5.46,1.62,0.43
14:4:50:114,3.81,-0.79,-0.29
14:4:50:131,3.94,-0.12,-0.32
14:4:50:131,3.78,0.45,-0.19
14:4:50:149,3.94,0.63,-0.23
14:4:50:166,3.98,0.23,-0.37
14:4:50:183,4.14,0.02,-0.46
14:4:50:216,4.22,-0.21,-0.48
14:4:50:248,3.81,0.81,-0.27
14:4:50:280,4.05,0.31,-0.14
14:4:50:296,4.01,0.25,-0.45
14:4:50:296,3.97,0.22,-0.44
14:4:50:330,3.94,0.05,-0.39
14:4:50:364,3.91,0.15,-0.35
14:4:50:382,3.93,0.06,-0.24
14:4:50:398,4.10,0.01,-0.21
14:4:50:465,4.02,0.50,-0.19
14:4:50:466,4.02,0.06,-0.22
14:4:50:482,4.49,-0.48,-0.31
14:4:50:498,4.54,-0.61,-0.11
14:4:50:515,4.83,-0.27,0.34
14:4:50:551,5.08,-0.38,0.01
14:4:50:584,5.64,-0.46,-0.13
14:4:50:669,6.31,0.07,-0.29
14:4:50:686,7.21,0.84,-0.80
14:4:50:705,8.00,1.76,-1.22
14:4:50:720,7.96,3.13,-2.51
14:4:50:738,7.17,3.13,-2.12
14:4:50:738,5.88,-0.98,-3.42
14:4:50:738,5.06,-0.24,-1.44
14:4:50:787,1.94,1.07,-1.53
14:4:50:851,0.03,4.30,-0.76
14:4:50:956,0.06,2.41,-0.54
14:4:50:998,0.60,1.65,-1.30
14:4:51:31,1.06,1.72,-0.31
14:4:51:66,2.37,1.36,-0.12
14:4:51:81,2.98,1.38,0.05
14:4:51:111,4.61,0.90,-0.43
14:4:51:143,6.01,0.65,0.04
14:4:51:176,7.86,0.34,0.67
14:4:51:176,8.00,-1.86,-0.16
14:4:51:191,8.00,-3.03,1.58
14:4:51:191,8.00,-4.95,0.90
14:4:51:207,6.93,-8.00,1.87
14:4:51:207,7.09,-8.00,3.00
14:4:51:240,6.81,-7.46,-2.33
14:4:51:240,1.03,8.00,5.24
14:4:51:256,4.96,0.74,8.00
14:4:51:256,2.72,0.22,-0.05
14:4:51:273,4.31,-2.11,0.06
14:4:51:273,6.21,-0.94,-1.25
14:4:51:273,2.70,-2.63,-1.44
14:4:51:290,4.77,-0.10,-0.39
14:4:51:325,3.33,1.05,-0.17
14:4:51:391,3.83,2.10,0.08
14:4:51:409,4.27,-0.12,-1.10
14:4:51:425,4.28,-0.56,-1.32
14:4:51:426,3.41,0.79,-0.16
14:4:51:443,3.72,0.30,-0.16
14:4:51:443,4.29,-0.53,-0.83
14:4:51:544,3.87,-0.38,-0.74
14:4:51:544,4.03,0.03,-0.56
14:4:51:579,4.90,-0.16,-0.47
14:4:51:579,4.23,-0.04,-0.19
14:4:51:579,4.32,-0.42,-0.28
14:4:51:596,4.67,0.30,0.31
14:4:51:613,5.08,0.00,0.19
14:4:51:700,5.03,-0.11,-0.03
14:4:51:765,5.39,-0.18,-0.74
14:4:51:781,5.69,-0.04,-0.73
14:4:51:814,7.35,0.44,-0.77
14:4:51:814,8.00,1.75,-1.56
14:4:51:831,7.96,3.05,-3.40
14:4:51:896,7.19,3.25,-2.52
14:4:51:913,6.01,-0.52,-2.24
14:4:51:913,4.00,-1.28,-1.56
14:4:51:962,2.21,2.29,-1.38
14:4:51:979,1.26,4.55,-0.09
14:4:51:994,-1.45,0.67,-0.51
14:4:52:12,0.84,1.49,-0.95
14:4:52:62,0.39,1.83,0.57
14:4:52:79,2.17,1.75,0.62
14:4:52:96,2.94,1.88,0.45
14:4:52:113,4.48,1.26,-0.05
14:4:52:129,6.38,0.95,0.31
14:4:52:129,7.86,-0.34,0.69
14:4:52:129,8.00,-1.81,-0.23
14:4:52:164,8.00,-2.50,2.63
14:4:52:164,8.00,-4.69,0.30
14:4:52:180,7.43,-8.00,2.49
14:4:52:213,7.04,-8.00,2.47
14:4:52:262,6.27,-8.00,0.73
14:4:52:262,4.72,8.00,-0.96
14:4:52:262,8.00,-3.06,2.36
14:4:52:296,6.06,-1.97,-0.91
14:4:52:329,5.97,0.07,0.03
14:4:52:344,3.20,-2.13,-0.36
14:4:52:476,5.13,-2.84,-0.99
14:4:52:494,5.29,1.56,-0.06
14:4:52:511,2.55,0.34,-0.12
14:4:52:511,3.61,1.31,-0.07
14:4:52:579,3.49,-0.79,-0.97
14:4:52:630,4.35,-0.23,-1.16
14:4:52:648,3.80,-0.24,-0.55
14:4:52:682,3.78,0.40,0.00
14:4:52:682,3.91,-0.19,-0.41
14:4:52:716,4.21,-0.87,-0.73
14:4:52:716,3.97,-0.79,-0.56
14:4:52:733,4.02,0.10,-0.22
14:4:52:766,4.05,-0.42,-0.73
14:4:52:783,4.27,-0.10,-0.42
14:4:52:800,4.34,-0.13,-0.40
14:4:52:816,5.18,0.53,0.11
14:4:52:816,5.19,-0.15,-0.10
14:4:52:832,5.63,-0.27,-0.46
14:4:52:850,5.94,-0.30,-0.25
14:4:52:850,7.81,-0.12,0.10
14:4:52:866,8.00,1.45,-1.57
14:4:52:884,8.00,3.01,-2.85
14:4:52:901,6.42,3.78,-1.60
14:4:52:917,7.48,0.64,-1.15
14:4:52:985,4.67,0.62,-1.46
14:4:53:3,1.23,-2.19,-2.62
14:4:53:3,2.05,7.22,0.56
14:4:53:3,-2.03,0.37,0.40
14:4:53:51,1.18,1.46,-1.20
14:4:53:67,0.67,1.97,0.97
14:4:53:100,2.79,0.96,0.25
14:4:53:100,2.94,1.71,0.51
14:4:53:149,4.27,1.36,0.47
14:4:53:181,6.28,0.63,0.12
14:4:53:230,7.70,-0.38,0.43
14:4:53:247,8.00,-1.73,0.69
14:4:53:263,8.00,-7.22,-1.12
14:4:53:263,8.00,-7.08,0.12
14:4:53:263,7.44,-8.00,2.00
14:4:53:346,7.19,-8.00,2.11
14:4:53:363,6.03,-6.37,-3.41
14:4:53:363,3.42,8.00,5.99
14:4:53:380,3.89,-8.00,1.19
14:4:53:415,8.00,-2.68,-3.11
14:4:53:432,5.69,0.31,1.03
14:4:53:449,2.69,-0.70,-1.77
14:4:53:514,3.55,0.11,-0.63
14:4:53:514,4.07,0.12,-0.81
14:4:53:531,3.69,0.77,-0.35
14:4:53:548,4.12,1.20,-0.13
14:4:53:563,3.82,-0.55,-1.02
14:4:53:581,4.17,-0.04,-0.77
14:4:53:599,3.86,0.44,-0.50
14:4:53:649,4.06,0.77,0.06
14:4:53:667,4.22,-0.58,-0.64
14:4:53:700,3.99,-0.67,-0.39
14:4:53:700,4.13,-0.29,-0.11
14:4:53:733,4.18,-0.52,-0.33
14:4:53:749,4.49,-0.62,-0.33
14:4:53:782,4.58,0.19,0.18
14:4:53:815,5.07,0.32,0.18
14:4:53:865,4.98,-0.18,-0.17
14:4:53:884,5.11,-0.14,-0.56
14:4:53:884,5.58,0.08,-1.15
14:4:53:901,7.25,-0.06,-1.11
14:4:53:935,8.00,0.59,-1.71
14:4:53:935,8.00,2.59,-3.06
14:4:53:969,6.68,4.16,-1.97
14:4:54:2,7.27,1.44,0.87
14:4:54:18,4.71,-2.78,-2.30
14:4:54:50,0.80,1.87,-2.11
14:4:54:83,1.24,5.13,0.17
14:4:54:100,-0.08,0.69,-1.21
14:4:54:133,0.97,1.86,-0.69
14:4:54:150,1.71,1.30,0.11
14:4:54:166,2.34,1.30,0.27
14:4:54:232,3.24,1.37,0.29
14:4:54:251,4.70,1.17,0.19
14:4:54:267,6.04,1.41,0.70
14:4:54:267,8.00,0.57,0.62
14:4:54:282,8.00,-0.96,-0.50
14:4:54:333,8.00,-4.27,-0.25
14:4:54:350,8.00,-7.07,-0.51
14:4:54:365,7.28,-8.00,1.37
14:4:54:381,8.00,-8.00,3.96
14:4:54:414,7.65,-4.45,-5.43
14:4:54:432,1.54,8.00,5.18
14:4:54:467,4.03,-5.21,-0.48
14:4:54:467,-1.07,-0.67,-0.57
14:4:54:501,6.11,-4.29,0.24
14:4:54:517,4.61,-0.23,0.54
14:4:54:600,5.53,0.21,-0.88
14:4:54:600,3.37,0.43,-0.02
14:4:54:615,2.98,0.88,-0.56
14:4:54:615,4.05,1.09,-0.37
14:4:54:648,3.93,-0.17,-0.82
14:4:54:681,3.77,-0.18,-0.75
14:4:54:681,3.87,0.82,-0.17
14:4:54:745,1.10,0.95,0.16
14:4:54:778,4.03,0.25,-0.60
14:4:54:794,3.79,-0.48,-0.88
14:4:54:794,3.92,-0.22,-0.81
14:4:54:809,3.89,0.01,-0.48
14:4:54:843,4.09,-0.22,-0.49
14:4:54:859,4.22,-0.31,-0.46
14:4:54:891,4.38,-0.12,0.08
14:4:54:980,4.90,0.16,0.15
14:4:54:980,5.00,-0.20,0.03
14:4:54:996,5.23,-0.20,-0.50
14:4:54:996,5.32,-0.30,-0.24
14:4:55:13,6.63,0.31,-0.65
14:4:55:30,7.61,1.02,-0.70
14:4:55:47,7.99,2.54,-1.62
14:4:55:81,7.08,3.69,-2.29
14:4:55:130,7.23,1.21,-2.29
14:4:55:145,6.13,0.28,-1.96
14:4:55:147,4.09,-0.75,-1.72
14:4:55:179,0.49,2.81,-1.13
14:4:55:195,1.73,5.12,-0.15
14:4:55:213,-0.26,1.31,-0.55
14:4:55:262,1.49,1.10,-1.29
14:4:55:327,1.54,1.59,-0.48
14:4:55:327,3.02,0.64,-0.17
14:4:55:345,3.46,1.45,0.20
14:4:55:345,5.36,0.85,0.09
14:4:55:362,6.73,0.82,0.63
14:4:55:378,8.00,-0.48,-0.00
14:4:55:444,8.00,-5.75,-0.76
14:4:55:444,8.00,-4.67,0.02
14:4:55:460,7.50,-8.00,-0.11
14:4:55:492,6.99,-8.00,2.23
14:4:55:509,6.76,-8.00,2.25
14:4:55:543,4.24,4.18,-6.14
14:4:55:559,6.46,2.05,1.07
14:4:55:575,8.00,0.15,-0.21
14:4:55:624,6.37,-0.64,-3.67
14:4:55:658,4.04,0.10,0.89
14:4:55:709,4.86,-2.60,-1.03
14:4:55:725,3.50,0.96,-0.31
14:4:55:725,2.02,1.77,-1.42
14:4:55:725,3.41,1.24,0.12
14:4:55:742,3.96,0.86,-0.51
14:4:55:775,3.23,-0.34,-0.77
14:4:55:793,3.80,-0.03,-0.65
14:4:55:860,3.61,0.58,0.62
14:4:55:860,3.98,0.00,-0.14
14:4:55:877,4.03,0.05,-0.65
14:4:55:895,3.96,-0.28,-0.52
14:4:55:928,4.02,-0.57,-0.25
14:4:55:944,3.93,-0.20,-0.12
14:4:55:959,4.25,-0.64,-0.50
14:4:56:9,4.17,-0.16,-0.30
14:4:56:43,4.30,0.25,-0.08
14:4:56:43,4.45,-0.42,-0.43
14:4:56:60,5.24,-0.25,-0.59
14:4:56:77,5.46,-0.12,-0.37
14:4:56:109,6.65,-0.51,-0.21
14:4:56:142,8.00,0.44,-0.26
14:4:56:209,8.00,1.31,-1.71
14:4:56:209,7.36,3.79,-2.33
14:4:56:227,6.62,3.45,-1.62
14:4:56:227,3.42,-0.39,0.19
14:4:56:259,2.71,-2.53,-2.55
14:4:56:275,0.84,2.41,-1.53
14:4:56:292,1.29,3.18,-0.08
14:4:56:323,0.21,1.34,-0.08
14:4:56:389,1.20,1.27,-0.66
14:4:56:405,1.24,1.34,-0.06
14:4:56:438,2.40,0.22,-0.37
14:4:56:455,2.96,0.95,0.18
14:4:56:455,4.42,0.58,0.37
14:4:56:471,5.59,0.39,0.99
14:4:56:489,6.93,-0.59,0.65
14:4:56:525,8.00,-2.01,0.41
14:4:56:574,8.00,0.66,-0.73
14:4:56:574,7.57,-3.32,1.32
14:4:56:591,6.61,-7.11,0.27
14:4:56:607,5.99,-8.00,1.94
14:4:56:641,5.74,-6.47,3.14
14:4:56:658,6.99,-1.36,-5.23
14:4:56:689,2.95,8.00,5.80
14:4:56:753,2.18,-0.17,3.76
14:4:56:769,1.35,1.48,1.48
14:4:56:771,6.49,-0.37,-1.01
14:4:56:787,2.60,0.50,-0.58
14:4:56:803,3.29,0.99,-0.51
14:4:56:820,4.22,1.33,0.01
14:4:56:853,3.20,0.02,-0.51
14:4:56:917,3.71,1.45,-0.46
14:4:56:934,3.18,-0.89,-0.91
14:4:56:952,3.87,0.29,-0.47
14:4:56:968,4.99,1.59,0.08
14:4:56:968,3.47,1.53,-0.03
14:4:56:985,3.71,0.37,-0.56
14:4:57:52,3.71,-0.24,-0.98
14:4:57:70,3.93,0.34,-0.60
14:4:57:105,3.87,0.16,-0.71
14:4:57:139,3.86,0.16,-0.65
14:4:57:155,3.88,0.47,-0.48
14:4:57:155,3.89,0.26,-0.64
14:4:57:188,3.92,0.19,-0.63
14:4:57:204,3.90,0.32,-0.49
14:4:57:204,3.92,0.07,-0.60
14:4:57:238,3.93,-0.31,-0.40
14:4:57:306,3.72,-0.04,-0.54
14:4:57:323,3.87,-0.18,-0.59
14:4:57:323,3.81,-0.15,-0.41
14:4:57:323,3.88,-0.01,-0.44
14:4:57:358,3.90,0.05,-0.54
14:4:57:393,3.90,0.06,-0.52
14:4:57:410,3.90,0.09,-0.46
14:4:57:480,3.91,0.02,-0.49
14:4:57:480,3.90,0.02,-0.52
14:4:57:496,3.96,0.10,-0.53
14:4:57:496,4.00,0.15,-0.50
14:4:57:548,3.96,0.09,-0.45
14:4:57:548,3.93,-0.04,-0.49
14:4:57:580,3.93,0.06,-0.44
14:4:57:644,3.89,-0.00,-0.46
14:4:57:660,3.92,-0.08,-0.44
14:4:57:660,3.92,-0.11,-0.43
14:4:57:678,3.92,-0.00,-0.40
14:4:57:711,3.89,-0.01,-0.41
14:4:57:711,3.92,0.02,-0.40
14:4:57:729,3.93,0.06,-0.33
14:4:57:765,3.94,-0.05,-0.38
14:4:57:832,3.94,-0.01,-0.37
14:4:57:832,3.94,0.03,-0.37
14:4:57:849,3.94,-0.01,-0.34
14:4:57:866,3.96,0.04,-0.36
14:4:57:898,3.96,-0.01,-0.28
14:4:57:898,3.93,0.07,-0.36
14:4:57:931,3.97,-0.11,-0.34
14:4:57:964,3.94,-0.10,-0.37
14:4:58:28,3.93,-0.04,-0.39
14:4:58:44,3.92,0.01,-0.29
14:4:58:77,3.95,-0.01,-0.31
14:4:58:77,3.94,0.01,-0.31
14:4:58:94,3.92,-0.03,-0.32
14:4:58:111,3.95,-0.04,-0.27
14:4:58:196,3.94,-0.04,-0.28
14:4:58:212,3.94,0.02,-0.31
14:4:58:261,3.92,-0.04,-0.31
14:4:58:278,3.93,0.01,-0.32
