18:33:43:528,3.70,-1.33,0.95
18:33:43:528,3.69,-1.35,0.92
18:33:43:528,3.75,-1.35,0.94
18:33:43:591,3.74,-1.36,0.95
18:33:43:597,3.72,-1.38,0.97
18:33:43:612,3.69,-1.35,0.97
18:33:43:612,3.66,-1.30,0.99
18:33:43:702,3.72,-1.35,0.98
18:33:43:792,3.72,-1.35,0.95
18:33:43:792,3.73,-1.35,0.96
18:33:43:862,3.68,-1.32,0.95
18:33:43:862,3.69,-1.32,0.95
18:33:44:59,3.69,-1.35,0.97
18:33:44:59,3.72,-1.34,0.97
18:33:44:59,3.71,-1.33,0.99
18:33:44:59,3.71,-1.33,0.98
18:33:44:59,3.72,-1.39,0.99
18:33:44:91,3.71,-1.37,0.95
18:33:44:110,3.71,-1.38,0.94
18:33:44:110,3.71,-1.33,0.94
18:33:44:153,3.70,-1.35,0.95
18:33:44:153,3.72,-1.35,0.91
18:33:44:232,3.71,-1.36,0.91
18:33:44:232,3.68,-1.32,0.91
18:33:44:287,3.69,-1.37,0.94
18:33:44:355,3.71,-1.37,0.94
18:33:44:420,3.68,-1.40,0.97
18:33:44:462,3.67,-1.39,0.99
18:33:44:476,3.75,-1.40,0.95
18:33:44:476,3.71,-1.44,0.96
18:33:44:485,3.71,-1.40,0.96
18:33:44:485,3.68,-1.41,0.94
18:33:44:485,3.67,-1.34,0.88
18:33:44:491,3.70,-1.37,0.88
18:33:44:491,3.71,-1.37,0.99
18:33:44:511,3.71,-1.40,0.93
18:33:44:535,3.70,-1.35,0.93
18:33:44:670,3.72,-1.41,0.92
18:33:44:670,3.69,-1.39,0.95
18:33:44:670,3.70,-1.36,0.93
18:33:44:670,3.72,-1.38,0.94
18:33:44:670,3.70,-1.42,0.95
18:33:44:670,3.69,-1.42,0.94
18:33:44:670,3.69,-1.39,0.97
18:33:44:677,3.71,-1.45,0.93
18:33:44:687,3.70,-1.43,0.96
18:33:44:715,3.68,-1.40,0.95
18:33:44:788,3.69,-1.39,0.94
18:33:44:795,3.69,-1.41,0.97
18:33:44:795,3.67,-1.41,0.95
18:33:44:795,3.67,-1.38,0.95
18:33:44:804,3.68,-1.41,0.99
18:33:44:804,3.69,-1.43,0.99
18:33:44:826,3.68,-1.38,1.00
18:33:44:826,3.70,-1.44,0.96
18:33:44:832,3.69,-1.49,0.93
18:33:44:843,3.66,-1.39,0.96
18:33:44:843,3.64,-1.45,0.95
18:33:44:843,3.64,-1.38,0.94
18:33:44:864,3.67,-1.43,0.96
18:33:44:888,3.70,-1.43,0.93
18:33:44:895,3.67,-1.43,0.95
18:33:44:921,3.68,-1.44,0.94
18:33:44:955,3.68,-1.46,0.95
18:33:45:138,3.67,-1.42,0.97
18:33:45:138,3.69,-1.42,0.97
18:33:45:138,3.67,-1.42,0.97
18:33:45:138,3.68,-1.41,0.97
18:33:45:138,3.69,-1.41,0.98
18:33:45:138,3.67,-1.42,0.94
18:33:45:208,3.69,-1.38,0.95
18:33:45:382,3.68,-1.41,0.95
18:33:45:460,3.69,-1.42,0.98
18:33:45:571,3.67,-1.40,0.98
18:33:45:582,3.68,-1.40,0.97
18:33:45:591,3.67,-1.39,0.96
18:33:45:686,3.68,-1.41,0.95
18:33:45:751,3.68,-1.42,0.95
18:33:45:775,3.68,-1.50,0.96
18:33:45:784,3.69,-1.45,0.97
18:33:45:789,3.71,-1.43,0.95
18:33:45:914,3.69,-1.47,0.99
18:33:45:914,3.68,-1.41,0.96
18:33:45:929,3.66,-1.40,0.94
18:33:45:929,3.67,-1.40,0.95
18:33:45:929,3.68,-1.40,0.95
18:33:45:929,3.69,-1.44,0.93
18:33:45:929,3.68,-1.45,0.97
18:33:45:929,3.65,-1.40,0.96
18:33:46:126,3.66,-1.44,0.97
18:33:46:126,3.67,-1.43,0.96
18:33:46:126,3.69,-1.46,0.93
18:33:46:174,3.68,-1.43,0.94
18:33:46:174,3.67,-1.39,0.94
18:33:46:174,3.70,-1.43,0.95
18:33:46:174,3.69,-1.42,0.96
18:33:46:174,3.68,-1.40,0.93
18:33:46:174,3.67,-1.40,0.94
18:33:46:214,3.68,-1.41,0.91
18:33:46:214,3.69,-1.44,0.93
18:33:46:274,3.69,-1.45,0.95
18:33:46:274,3.67,-1.46,0.96
18:33:46:274,3.67,-1.40,0.95
18:33:46:329,3.69,-1.45,0.94
18:33:46:329,3.68,-1.45,0.93
18:33:46:329,3.66,-1.48,0.96
18:33:46:329,3.68,-1.43,0.95
18:33:46:406,3.71,-1.47,0.93
18:33:46:444,3.67,-1.48,0.94
18:33:46:454,3.67,-1.46,0.96
18:33:46:454,3.65,-1.40,0.96
18:33:46:454,3.66,-1.42,0.94
18:33:46:454,3.66,-1.47,0.94
18:33:46:603,3.70,-1.43,0.94
18:33:46:603,3.69,-1.43,0.92
18:33:46:629,3.70,-1.46,0.91
18:33:46:677,3.65,-1.47,0.97
18:33:46:799,3.65,-1.45,0.92
18:33:46:816,3.66,-1.43,0.94
18:33:46:816,3.67,-1.44,0.94
18:33:46:816,3.66,-1.40,0.95
18:33:46:833,3.71,-1.40,0.91
18:33:46:849,3.71,-1.41,0.92
18:33:46:849,3.71,-1.46,0.89
18:33:46:849,3.67,-1.47,0.87
18:33:46:849,3.70,-1.46,0.90
18:33:46:849,3.66,-1.49,0.92
18:33:46:849,3.67,-1.49,0.90
18:33:46:849,3.67,-1.44,0.90
18:33:46:867,3.68,-1.44,0.90
18:33:46:867,3.69,-1.45,0.91
18:33:46:867,3.64,-1.40,0.86
18:33:46:867,3.74,-1.38,0.88
18:33:46:925,3.73,-1.40,1.00
18:33:46:960,3.83,-1.32,1.00
18:33:46:960,3.88,-1.12,1.06
18:33:46:960,3.76,-0.90,1.17
18:33:46:960,3.73,-0.72,1.22
18:33:46:960,4.06,-0.57,1.35
18:33:46:978,4.00,-0.17,1.15
18:33:46:978,4.06,0.29,1.22
18:33:46:978,4.24,0.96,1.24
18:33:46:997,4.46,1.37,1.10
18:33:46:997,4.68,1.45,1.03
18:33:47:15,5.25,1.56,1.14
18:33:47:188,5.59,1.52,1.18
18:33:47:188,5.64,1.58,1.30
18:33:47:188,5.92,1.48,1.37
18:33:47:188,6.01,1.25,1.30
18:33:47:188,6.46,1.02,1.37
18:33:47:314,6.71,0.93,1.55
18:33:47:314,7.07,0.94,1.47
18:33:47:314,7.02,0.92,1.52
18:33:47:346,6.88,0.68,1.51
18:33:47:384,6.72,0.38,1.44
18:33:47:384,6.27,-0.14,1.52
18:33:47:384,5.80,-0.86,1.26
18:33:47:384,5.12,-1.53,1.01
18:33:47:402,4.37,-2.12,0.96
18:33:47:438,3.78,-2.93,0.50
18:33:47:455,2.99,-3.54,0.22
18:33:47:544,2.54,-3.82,-0.16
18:33:47:564,2.26,-4.35,-0.47
18:33:47:652,2.33,-4.28,-0.34
18:33:47:691,2.75,-3.71,0.02
18:33:47:691,2.92,-3.46,-0.21
18:33:47:709,3.13,-3.81,-0.20
18:33:47:727,3.91,-4.21,-0.12
18:33:47:762,4.79,-4.50,0.21
18:33:47:834,6.13,-4.41,0.36
18:33:47:834,8.00,-3.78,0.37
18:33:47:834,8.00,-3.42,0.86
18:33:47:834,8.00,-2.64,1.24
18:33:47:834,8.00,-2.22,1.23
18:33:47:834,8.00,-2.03,2.03
18:33:47:906,8.00,-2.18,2.28
18:33:47:906,8.00,-1.16,1.98
18:33:47:906,8.00,-1.51,2.28
18:33:47:906,8.00,-1.86,2.08
18:33:47:906,8.00,-1.97,1.29
18:33:47:923,8.00,-1.35,0.91
18:33:47:941,8.00,-0.38,0.86
18:33:47:941,7.78,1.40,0.46
18:33:47:941,5.63,2.42,0.11
18:33:47:941,3.74,2.58,0.33
18:33:47:994,2.92,3.02,0.05
18:33:48:29,2.03,3.62,-0.73
18:33:48:29,1.16,3.32,-1.00
18:33:48:29,0.84,2.41,-0.74
18:33:48:84,0.92,4.13,-0.46
18:33:48:84,1.46,6.80,-1.29
18:33:48:102,4.66,5.50,-0.57
18:33:48:102,8.00,2.70,0.84
18:33:48:102,7.84,1.56,1.41
18:33:48:102,8.00,1.28,1.84
18:33:48:102,8.00,1.18,1.72
18:33:48:216,8.00,0.18,2.14
18:33:48:226,8.00,-1.67,2.68
18:33:48:242,8.00,-2.18,2.18
18:33:48:292,8.00,-1.97,1.91
18:33:48:292,8.00,-2.13,1.64
18:33:48:292,8.00,-2.89,1.61
18:33:48:292,8.00,-2.86,1.31
18:33:48:299,8.00,-3.62,0.99
18:33:48:299,8.00,-3.32,0.63
18:33:48:299,8.00,-3.71,0.76
18:33:48:387,8.00,-3.58,1.31
18:33:48:404,8.00,-4.59,0.58
18:33:48:422,8.00,-6.33,-0.29
18:33:48:422,5.91,-7.13,-1.18
18:33:48:439,3.31,-7.34,-1.02
18:33:48:439,2.51,-8.00,-1.41
18:33:48:458,2.19,-8.00,-2.13
18:33:48:494,2.33,-8.00,-1.94
18:33:48:566,2.21,-6.70,-1.47
18:33:48:566,3.62,-5.95,-0.64
18:33:48:566,5.68,-5.71,0.06
18:33:48:583,8.00,-6.11,0.40
18:33:48:601,8.00,-4.22,0.08
18:33:48:618,8.00,-3.23,0.33
18:33:48:618,8.00,-2.39,1.10
18:33:48:654,8.00,-2.08,1.13
18:33:48:729,8.00,-2.50,1.01
18:33:48:729,8.00,-2.21,1.62
18:33:48:746,8.00,-1.02,1.43
18:33:48:746,8.00,-0.72,1.03
18:33:48:764,8.00,-0.83,0.94
18:33:48:781,8.00,-0.62,1.14
18:33:48:835,8.00,0.83,0.58
18:33:48:837,6.96,1.86,0.72
18:33:48:871,5.66,2.60,0.70
18:33:48:871,3.69,3.79,0.32
18:33:48:889,2.37,3.95,-0.14
18:33:48:906,0.91,4.18,-0.45
18:33:48:924,-0.11,4.28,-0.88
18:33:48:959,0.82,4.19,-0.84
18:33:48:977,0.72,5.86,-0.89
18:33:48:995,0.94,7.23,-1.09
18:33:49:11,5.16,5.27,-0.00
18:33:49:13,8.00,3.11,0.26
18:33:49:29,8.00,2.13,0.74
18:33:49:84,8.00,0.60,0.97
18:33:49:102,8.00,-0.33,1.18
18:33:49:119,8.00,-0.88,1.72
18:33:49:119,8.00,-1.63,2.19
18:33:49:189,8.00,-1.94,1.92
18:33:49:207,8.00,-2.69,1.71
18:33:49:223,8.00,-3.00,1.55
18:33:49:258,8.00,-3.19,1.72
18:33:49:291,8.00,-3.58,1.77
18:33:49:293,8.00,-3.29,0.65
18:33:49:311,8.00,-4.02,0.24
18:33:49:311,8.00,-4.90,0.57
18:33:49:328,8.00,-4.37,0.97
18:33:49:346,8.00,-5.32,0.41
18:33:49:346,7.12,-6.27,-0.52
18:33:49:382,5.52,-7.13,-1.50
18:33:49:417,3.25,-7.78,-1.78
18:33:49:489,2.59,-8.00,-1.83
18:33:49:507,2.35,-8.00,-2.43
18:33:49:543,2.34,-8.00,-2.41
18:33:49:641,2.40,-7.76,-2.24
18:33:49:692,3.57,-6.38,-1.14
18:33:49:748,6.12,-6.25,0.19
18:33:49:838,8.00,-5.70,0.82
18:33:49:874,8.00,-4.50,0.34
18:33:49:893,8.00,-2.48,0.38
18:33:49:982,8.00,-1.73,1.33
18:33:49:998,8.00,-1.22,1.46
18:33:50:32,8.00,-2.00,0.42
18:33:50:49,8.00,-2.21,0.90
18:33:50:132,8.00,-0.83,0.92
18:33:50:168,8.00,-0.11,0.70
18:33:50:168,8.00,-0.24,0.54
18:33:50:185,8.00,-0.21,0.55
18:33:50:185,8.00,0.03,0.54
18:33:50:185,6.34,0.77,0.51
18:33:50:219,5.64,1.92,0.08
18:33:50:219,3.61,3.61,0.07
18:33:50:219,2.79,4.87,-0.26
18:33:50:253,0.45,4.19,-0.27
18:33:50:253,0.54,3.11,-0.59
18:33:50:270,0.82,2.23,-0.95
18:33:50:270,1.27,2.72,-0.62
18:33:50:270,0.66,6.58,-0.84
18:33:50:289,2.42,5.92,-0.45
18:33:50:289,6.11,3.08,0.55
18:33:50:306,8.00,0.94,0.59
18:33:50:358,8.00,0.16,0.90
18:33:50:358,8.00,0.16,1.13
18:33:50:375,8.00,-0.01,1.51
18:33:50:393,8.00,-1.08,1.75
18:33:50:429,8.00,-2.35,1.56
18:33:50:429,8.00,-2.91,1.40
18:33:50:429,8.00,-2.76,1.40
18:33:50:447,8.00,-2.82,1.76
18:33:50:447,8.00,-3.48,2.36
18:33:50:447,8.00,-3.33,1.56
18:33:50:447,8.00,-3.54,0.64
18:33:50:463,8.00,-4.15,0.25
18:33:50:497,8.00,-3.77,0.25
18:33:50:514,7.49,-4.05,-0.09
18:33:50:584,6.82,-4.59,-0.37
18:33:50:602,6.20,-4.86,-1.16
18:33:50:602,4.78,-5.21,-2.29
18:33:50:619,3.61,-5.95,-2.14
18:33:50:637,2.69,-5.80,-1.67
18:33:50:637,2.31,-5.27,-1.70
18:33:50:709,2.82,-6.99,-2.54
18:33:50:797,3.24,-7.61,-1.78
18:33:50:797,3.54,-3.55,0.36
18:33:50:816,4.39,-1.41,1.27
18:33:50:942,5.37,-1.93,3.09
18:33:51:48,6.86,-1.74,2.54
18:33:51:48,8.00,-1.46,1.65
18:33:51:65,8.00,-0.65,2.24
18:33:51:83,8.00,-0.23,2.11
18:33:51:154,8.00,-1.71,2.00
18:33:51:189,8.00,-1.88,2.04
18:33:51:242,8.00,-0.58,2.15
18:33:51:296,8.00,0.07,2.16
18:33:51:296,8.00,0.60,2.21
18:33:51:350,8.00,0.76,1.60
18:33:51:350,8.00,0.17,1.42
18:33:51:436,7.75,-0.31,1.86
18:33:51:436,6.32,1.23,1.61
18:33:51:454,4.72,0.33,1.00
18:33:51:471,4.16,-0.42,0.89
18:33:51:471,3.39,-0.24,0.87
18:33:51:471,2.44,0.87,0.91
18:33:51:471,1.50,1.12,0.86
18:33:51:471,1.25,0.55,0.82
18:33:51:507,1.10,0.13,0.60
18:33:51:507,0.93,-0.06,0.47
18:33:51:507,1.31,0.10,0.64
18:33:51:525,2.21,0.46,0.49
18:33:51:542,2.51,0.25,0.35
18:33:51:559,2.72,-0.65,0.32
18:33:51:645,3.13,-1.78,0.41
18:33:51:645,3.70,-2.47,0.57
18:33:51:645,4.35,-2.80,0.83
18:33:51:663,5.00,-2.97,1.23
18:33:51:663,5.44,-2.75,1.51
18:33:51:663,5.66,-2.74,1.62
18:33:51:680,5.72,-3.03,1.34
18:33:51:700,5.86,-3.81,1.00
18:33:51:718,5.81,-4.02,0.68
18:33:51:718,5.72,-3.52,0.51
18:33:51:718,5.95,-2.53,-0.07
18:33:51:718,6.15,-2.67,-1.14
18:33:51:718,5.66,-2.45,-0.93
18:33:51:718,5.44,-2.12,-1.42
18:33:51:789,5.16,-1.64,-1.72
18:33:51:824,4.97,-1.64,-2.01
18:33:51:824,4.71,-1.64,-2.04
18:33:51:859,4.38,-1.79,-1.73
18:33:51:877,4.26,-1.69,-1.55
18:33:51:877,3.96,-1.57,-1.46
18:33:51:877,3.94,-1.62,-1.29
18:33:51:877,3.84,-1.60,-1.00
18:33:51:894,3.79,-1.45,-0.84
18:33:51:912,3.84,-1.30,-0.70
18:33:51:963,3.81,-1.32,-0.59
18:33:51:996,3.92,-1.44,-0.52
18:33:51:996,3.91,-1.58,-0.41
18:33:52:13,3.71,-1.69,-0.24
18:33:52:31,3.45,-1.79,-0.16
18:33:52:31,3.35,-1.87,0.01
18:33:52:31,3.78,-2.08,0.22
18:33:52:49,4.55,-2.11,0.49
18:33:52:65,5.06,-1.94,0.50
18:33:52:84,5.01,-1.61,0.38
18:33:52:117,4.33,-1.30,0.32
18:33:52:152,3.83,-1.62,0.33
18:33:52:170,3.73,-2.13,0.38
18:33:52:186,3.75,-2.33,0.44
18:33:52:222,3.98,-2.19,0.55
18:33:52:256,4.20,-1.90,0.69
18:33:52:256,4.15,-1.64,0.72
18:33:52:363,3.93,-1.45,0.74
18:33:52:524,3.85,-1.47,0.79
18:33:52:693,3.86,-1.44,0.73
18:33:52:693,3.80,-1.37,0.71
18:33:52:762,3.79,-1.25,0.80
18:33:52:868,3.71,-1.22,0.85
18:33:52:903,3.53,-1.17,0.73
18:33:52:920,3.69,-1.20,0.74
18:33:52:938,4.00,-1.22,0.91
18:33:52:973,3.91,-1.10,0.91
18:33:53:91,3.61,-0.94,0.87
18:33:53:128,3.38,-0.99,0.90
18:33:53:163,3.53,-1.09,0.99
18:33:53:163,3.62,-1.18,0.97
18:33:53:298,3.63,-1.15,1.00
18:33:53:299,3.53,-0.97,1.03
18:33:53:299,3.50,-0.90,0.96
18:33:53:299,3.49,-0.96,0.91
18:33:53:318,3.61,-1.15,0.83
18:33:53:318,3.72,-1.30,0.75
18:33:53:318,3.83,-1.25,0.79
18:33:53:371,3.84,-1.17,0.84
18:33:53:371,3.80,-1.18,0.83
18:33:53:371,3.79,-1.19,0.83
18:33:53:371,3.69,-1.44,0.81
18:33:53:371,3.67,-1.50,0.79
18:33:53:490,3.76,-1.57,0.79
18:33:53:490,3.83,-1.54,0.76
18:33:53:543,3.92,-1.46,0.90
18:33:53:630,3.86,-1.50,0.94
18:33:53:630,3.94,-1.47,0.92
18:33:53:630,3.87,-1.34,0.86
18:33:53:630,3.92,-1.21,0.88
18:33:53:666,3.80,-1.15,0.96
18:33:53:700,3.78,-0.96,0.92
18:33:53:793,3.77,-0.98,0.87
18:33:53:811,3.79,-1.02,0.80
18:33:53:951,3.76,-1.06,0.84
18:33:54:16,3.73,-1.11,0.81
18:33:54:16,3.71,-1.19,0.77
18:33:54:16,3.78,-1.27,0.73
18:33:54:16,3.75,-1.18,0.67
18:33:54:16,3.79,-1.21,0.68
18:33:54:34,3.81,-1.16,0.73
18:33:54:51,3.79,-1.17,0.75
18:33:54:154,3.87,-1.22,0.76
18:33:54:154,3.83,-1.27,0.74
18:33:54:154,3.82,-1.28,0.72
18:33:54:154,3.77,-1.29,0.73
18:33:54:154,3.71,-1.36,0.70
18:33:54:154,3.68,-1.40,0.69
18:33:54:224,3.73,-1.42,0.72
18:33:54:224,3.76,-1.37,0.76
18:33:54:242,3.85,-1.33,0.70
18:33:54:276,3.89,-1.31,0.78
18:33:54:329,3.91,-1.30,0.76
18:33:54:329,3.88,-1.32,0.75
18:33:54:329,3.80,-1.36,0.72
18:33:54:363,3.70,-1.32,0.74
18:33:54:363,3.73,-1.34,0.74
18:33:54:363,3.70,-1.37,0.75
18:33:54:363,3.76,-1.49,0.69
18:33:54:379,3.77,-1.36,0.71
18:33:54:379,3.79,-1.30,0.76
18:33:54:379,3.79,-1.29,0.69
18:33:54:397,3.75,-1.30,0.65
18:33:54:397,3.75,-1.26,0.64
18:33:54:397,3.74,-1.20,0.66
18:33:54:432,3.78,-1.24,0.63
18:33:54:432,3.80,-1.17,0.63
18:33:54:432,3.81,-1.17,0.67
18:33:54:570,3.74,-1.21,0.67
18:33:54:694,3.75,-1.24,0.67
18:33:54:694,3.77,-1.21,0.73
18:33:54:694,3.81,-1.25,0.76
18:33:54:694,3.82,-1.29,0.73
18:33:54:694,3.79,-1.27,0.76
18:33:54:694,3.76,-1.26,0.78
18:33:54:729,3.80,-1.28,0.77
18:33:54:729,3.81,-1.25,0.75
18:33:54:729,3.82,-1.25,0.77
18:33:54:764,3.80,-1.27,0.75
18:33:54:764,3.78,-1.31,0.72
18:33:54:832,3.79,-1.35,0.72
18:33:54:832,3.78,-1.28,0.70
18:33:54:832,3.77,-1.27,0.71
18:33:54:922,3.76,-1.33,0.73
18:33:54:922,3.75,-1.36,0.75
18:33:54:922,3.79,-1.33,0.67
18:33:54:922,3.80,-1.37,0.63
18:33:54:922,3.73,-1.42,0.71
18:33:54:940,3.75,-1.44,0.69
18:33:54:940,3.73,-1.39,0.72
18:33:54:940,3.73,-1.32,0.75
18:33:54:956,3.73,-1.34,0.73
18:33:55:25,3.76,-1.36,0.70
18:33:55:129,3.78,-1.36,0.68
18:33:55:270,3.78,-1.32,0.69
18:33:55:270,3.74,-1.26,0.68
18:33:55:270,3.75,-1.29,0.70
18:33:55:270,3.71,-1.26,0.68
18:33:55:270,3.77,-1.24,0.69
18:33:55:288,3.79,-1.23,0.77
18:33:55:288,3.90,-1.07,0.82
18:33:55:304,3.89,-0.92,0.88
18:33:55:304,3.96,-0.80,1.07
18:33:55:304,4.09,-0.51,1.04
18:33:55:304,4.04,-0.36,0.96
18:33:55:304,4.09,0.06,1.37
18:33:55:406,4.07,0.70,1.35
18:33:55:406,4.09,0.92,1.12
18:33:55:406,4.34,1.09,1.07
18:33:55:425,4.89,1.48,1.05
18:33:55:459,5.15,1.46,1.10
18:33:55:459,5.21,1.23,1.16
18:33:55:459,5.55,1.02,1.09
18:33:55:493,5.70,0.93,1.01
18:33:55:493,5.58,0.87,1.03
18:33:55:493,5.79,0.68,1.21
18:33:55:564,6.16,0.38,1.26
18:33:55:581,6.16,0.40,1.13
18:33:55:599,6.35,0.40,1.25
18:33:55:617,6.07,0.17,1.36
18:33:55:652,5.90,0.43,1.34
18:33:55:652,5.67,0.10,1.20
18:33:55:652,5.33,-0.38,1.07
18:33:55:652,4.97,-1.22,0.71
18:33:55:668,4.65,-1.84,0.63
18:33:55:668,3.87,-2.34,0.55
18:33:55:683,3.21,-2.50,0.40
18:33:55:683,2.90,-2.84,0.36
18:33:55:683,2.73,-3.59,-0.01
18:33:55:683,1.81,-4.13,-0.68
18:33:55:736,1.90,-3.89,-0.61
18:33:55:786,2.84,-3.62,-0.16
18:33:55:786,4.10,-3.23,0.26
18:33:55:786,4.70,-3.05,0.33
18:33:55:805,5.14,-3.34,0.26
18:33:55:805,5.91,-3.82,0.31
18:33:55:822,7.47,-4.03,0.28
18:33:55:839,8.00,-3.78,0.58
18:33:55:839,8.00,-3.03,0.64
18:33:55:839,8.00,-2.34,0.70
18:33:55:857,8.00,-2.13,1.02
18:33:55:920,8.00,-2.71,0.98
18:33:55:939,8.00,-2.74,1.10
18:33:55:939,8.00,-1.86,1.00
18:33:55:959,8.00,-0.84,0.82
18:33:55:959,8.00,-1.00,0.72
18:33:55:976,8.00,-0.44,0.67
18:33:55:976,8.00,0.48,0.29
18:33:55:994,6.37,1.15,0.29
18:33:55:994,4.99,1.80,0.42
18:33:55:994,3.41,2.67,0.12
18:33:56:10,2.48,3.82,-0.23
18:33:56:29,1.88,4.63,-0.33
18:33:56:46,1.33,3.18,-0.79
18:33:56:117,1.33,1.66,-0.49
18:33:56:117,1.56,4.63,-1.15
18:33:56:171,3.60,5.84,-0.68
18:33:56:172,7.41,4.30,1.12
18:33:56:188,8.00,2.74,1.25
18:33:56:224,8.00,2.12,1.09
18:33:56:224,8.00,1.63,1.59
18:33:56:277,8.00,0.85,1.69
18:33:56:294,8.00,-0.27,2.21
18:33:56:312,8.00,-1.19,2.21
18:33:56:312,8.00,-1.71,1.73
18:33:56:347,8.00,-1.82,1.53
18:33:56:365,8.00,-1.66,1.34
18:33:56:384,8.00,-1.54,1.56
18:33:56:434,8.00,-2.44,1.14
18:33:56:522,8.00,-3.24,0.39
18:33:56:539,8.00,-4.10,-0.09
18:33:56:539,8.00,-4.17,0.34
18:33:56:556,7.57,-4.53,0.01
18:33:56:574,6.27,-5.39,-0.69
18:33:56:627,5.23,-5.83,-1.01
18:33:56:662,3.73,-5.89,-0.93
18:33:56:679,2.50,-6.18,-1.07
18:33:56:713,1.63,-6.76,-1.49
18:33:56:713,1.98,-8.00,-1.65
18:33:56:713,2.93,-8.00,-1.83
18:33:56:749,3.35,-6.79,-1.34
18:33:56:766,6.33,-5.84,0.16
18:33:56:767,8.00,-4.79,0.78
18:33:56:821,8.00,-3.96,0.51
18:33:56:838,8.00,-2.77,0.96
18:33:56:855,8.00,-2.49,1.16
18:33:56:873,8.00,-1.64,1.20
18:33:56:873,8.00,-1.81,0.89
18:33:56:890,8.00,-1.22,1.20
18:33:56:908,8.00,-0.39,1.33
18:33:56:908,8.00,0.22,1.12
18:33:56:926,8.00,-0.23,0.63
18:33:56:944,8.00,-0.05,0.57
18:33:56:944,7.33,0.32,0.76
18:33:56:996,6.63,1.25,0.70
18:33:57:14,5.52,2.03,0.29
18:33:57:31,3.80,3.07,0.08
18:33:57:31,2.36,4.09,0.00
18:33:57:84,1.48,4.80,-0.05
18:33:57:84,1.42,3.09,-0.26
18:33:57:121,2.03,2.25,0.02
18:33:57:156,1.95,6.01,-0.23
18:33:57:192,2.25,7.18,-0.60
18:33:57:209,6.16,3.81,0.84
18:33:57:209,8.00,1.66,0.92
18:33:57:240,8.00,1.48,0.90
18:33:57:258,8.00,0.92,1.40
18:33:57:258,8.00,0.25,1.95
18:33:57:275,8.00,-0.74,2.31
18:33:57:292,8.00,-1.76,1.99
18:33:57:327,8.00,-1.80,1.91
18:33:57:362,8.00,-1.45,1.65
18:33:57:380,8.00,-2.99,1.83
18:33:57:398,8.00,-3.41,1.44
18:33:57:398,8.00,-3.96,0.51
18:33:57:415,8.00,-3.85,0.20
18:33:57:432,8.00,-4.06,0.09
18:33:57:452,8.00,-4.13,0.15
18:33:57:452,7.75,-5.16,-0.25
18:33:57:485,6.64,-5.45,-0.95
18:33:57:504,5.22,-5.28,-1.67
18:33:57:539,4.24,-5.63,-1.97
18:33:57:539,3.37,-6.21,-2.50
18:33:57:558,2.17,-6.12,-3.03
18:33:57:576,1.71,-6.61,-3.00
18:33:57:594,2.01,-7.29,-3.37
18:33:57:611,3.37,-7.05,-2.96
18:33:57:644,5.54,-5.32,-1.82
18:33:57:646,7.65,-4.06,-0.75
18:33:57:681,8.00,-4.84,0.38
18:33:57:752,8.00,-3.79,0.22
18:33:57:770,8.00,-3.03,0.69
18:33:57:770,8.00,-1.88,1.20
18:33:57:786,8.00,-0.73,1.79
18:33:57:805,8.00,-1.04,1.50
18:33:57:841,8.00,-0.45,1.34
18:33:57:875,8.00,0.40,1.62
18:33:57:926,8.00,-0.10,1.12
18:33:57:943,8.00,-0.33,0.79
18:33:57:980,8.00,0.11,0.76
18:33:57:996,5.96,0.79,0.80
18:33:58:15,6.28,1.49,0.51
18:33:58:16,5.08,2.34,0.37
18:33:58:33,3.94,3.27,0.38
18:33:58:102,2.76,3.27,0.20
18:33:58:103,2.01,3.09,0.04
18:33:58:122,1.12,2.60,-0.00
18:33:58:122,0.82,1.77,0.05
18:33:58:141,1.45,2.41,0.02
18:33:58:175,1.90,4.87,-0.20
18:33:58:175,3.89,4.87,0.52
18:33:58:247,5.91,0.93,1.11
18:33:58:281,7.58,-0.60,1.08
18:33:58:299,7.84,-0.38,0.93
18:33:58:299,8.00,0.35,1.95
18:33:58:335,8.00,0.18,2.47
18:33:58:352,8.00,-0.97,2.34
18:33:58:352,8.00,-1.60,2.02
18:33:58:372,8.00,-2.06,1.90
18:33:58:443,8.00,-2.77,1.82
18:33:58:495,8.00,-4.06,2.42
18:33:58:513,8.00,-3.32,1.79
18:33:58:514,8.00,-3.44,0.79
18:33:58:530,8.00,-4.00,0.65
18:33:58:547,8.00,-3.96,0.71
18:33:58:615,6.99,-3.55,0.71
18:33:58:633,6.31,-4.14,0.02
18:33:58:633,5.69,-4.92,-0.24
18:33:58:651,4.46,-4.62,-0.27
18:33:58:668,3.65,-4.88,-0.60
18:33:58:669,2.82,-5.65,-0.98
18:33:58:689,2.21,-5.75,-1.12
18:33:58:706,2.12,-5.36,-0.99
18:33:58:741,2.76,-5.82,-1.06
18:33:58:777,3.33,-6.42,-1.24
18:33:58:794,4.88,-5.60,-0.75
18:33:58:812,6.51,-4.19,-0.74
18:33:58:830,8.00,-4.28,-0.08
18:33:58:847,8.00,-3.37,0.43
18:33:58:882,8.00,-1.68,0.91
18:33:58:900,8.00,-0.50,1.21
18:33:58:917,8.00,-0.78,1.28
18:33:59:7,8.00,-0.85,1.17
18:33:59:76,8.00,-0.85,0.82
18:33:59:94,8.00,-0.67,1.08
18:33:59:111,8.00,-0.08,0.91
18:33:59:129,8.00,0.63,0.97
18:33:59:182,8.00,1.26,0.92
18:33:59:182,6.41,1.48,0.90
18:33:59:199,5.17,1.14,0.75
18:33:59:236,4.20,0.85,0.42
18:33:59:236,3.26,0.87,0.10
18:33:59:254,2.41,0.88,0.19
18:33:59:254,1.88,0.80,0.13
18:33:59:270,1.56,0.42,0.02
18:33:59:305,1.22,0.22,-0.01
18:33:59:358,1.14,-0.01,0.01
18:33:59:375,1.01,-0.26,-0.01
18:33:59:392,0.91,-0.61,0.09
18:33:59:392,1.40,-0.71,0.03
18:33:59:410,2.93,0.16,-0.31
18:33:59:410,2.70,-0.14,-0.16
18:33:59:427,2.25,-2.02,0.41
18:33:59:460,2.68,-3.70,0.73
18:33:59:514,3.21,-3.96,0.45
18:33:59:533,3.68,-3.50,-0.01
18:33:59:551,3.79,-2.95,0.39
18:33:59:551,4.12,-2.74,1.31
18:33:59:568,4.26,-2.79,1.54
18:33:59:585,4.31,-2.49,2.00
18:33:59:620,4.63,-2.57,2.18
18:33:59:642,4.88,-2.74,2.13
18:33:59:694,4.91,-2.27,2.10
18:33:59:694,4.95,-2.47,1.96
18:33:59:712,4.87,-2.72,1.97
18:33:59:798,4.66,-3.09,2.13
18:33:59:815,4.66,-2.83,2.11
18:33:59:870,4.51,-2.60,1.99
18:33:59:906,4.45,-2.85,1.94
18:33:59:923,4.20,-2.53,2.18
18:33:59:941,4.04,-2.41,2.09
18:33:59:941,3.94,-2.16,2.16
18:33:59:959,3.73,-1.88,2.10
18:33:59:959,3.82,-1.50,1.92
18:33:59:996,3.81,-1.10,1.74
18:33:59:996,4.01,-1.11,1.46
18:34:0:95,3.98,-1.04,1.07
18:34:0:95,4.03,-0.91,0.77
18:34:0:112,4.07,-0.84,0.61
18:34:0:129,4.03,-0.68,0.38
18:34:0:165,4.07,-0.68,0.25
18:34:0:165,4.32,-0.76,0.09
18:34:0:182,4.42,-0.85,0.05
18:34:0:182,3.98,-0.57,-0.10
18:34:0:233,3.77,-0.38,-0.25
18:34:0:233,3.78,-0.51,-0.21
18:34:0:283,4.02,-0.59,-0.25
18:34:0:302,4.30,-0.64,-0.32
18:34:0:354,4.31,-0.68,-0.21
18:34:0:354,4.26,-0.72,-0.34
18:34:0:443,4.10,-0.69,-0.34
18:34:0:443,3.90,-0.78,-0.24
18:34:0:461,3.93,-1.01,-0.34
18:34:0:478,4.17,-0.98,-0.47
18:34:0:496,4.17,-1.08,-0.33
18:34:0:497,4.36,-0.89,-0.24
18:34:0:515,4.48,-0.72,-0.10
18:34:0:532,4.50,-0.54,-0.05
18:34:0:549,4.36,-0.50,0.07
18:34:0:602,4.29,-0.49,0.18
18:34:0:604,4.20,-0.54,0.29
18:34:0:638,4.13,-0.57,0.29
18:34:0:638,4.05,-0.58,0.41
18:34:0:691,4.12,-0.55,0.52
18:34:0:708,4.19,-0.33,0.58
18:34:0:725,4.26,-0.25,0.63
18:34:0:725,4.31,-0.25,0.81
18:34:0:782,4.26,-0.34,0.82
18:34:0:800,4.01,-0.32,0.92
18:34:0:815,3.81,-0.52,0.97
18:34:0:817,3.79,-0.75,1.05
18:34:0:854,3.88,-0.72,1.13
18:34:0:871,3.82,-0.47,1.12
18:34:0:975,3.80,-0.41,1.13
18:34:1:30,3.88,-0.60,1.19
18:34:1:80,3.97,-0.84,1.23
18:34:1:83,3.93,-0.88,1.22
18:34:1:138,3.77,-0.78,1.27
18:34:1:191,3.55,-0.88,1.20
18:34:1:224,3.47,-1.06,1.15
18:34:1:243,3.34,-0.83,1.02
18:34:1:261,3.53,-0.93,1.05
18:34:1:331,3.69,-1.00,1.06
18:34:1:348,3.65,-1.09,1.05
18:34:1:348,3.71,-1.20,0.96
18:34:1:434,3.83,-1.24,1.05
18:34:1:520,3.65,-1.11,1.05
18:34:1:537,3.65,-1.11,1.00
18:34:1:555,3.91,-1.17,1.07
18:34:1:592,4.27,-1.00,1.07
18:34:1:625,4.23,-0.82,1.02
18:34:1:643,3.94,-0.68,0.98
18:34:1:732,3.85,-0.79,0.83
18:34:1:747,3.78,-0.91,0.75
18:34:1:750,3.70,-0.90,0.73
18:34:1:770,3.63,-0.83,0.69
18:34:1:878,3.64,-0.74,0.67
18:34:1:878,3.72,-0.81,0.65
18:34:1:911,3.98,-0.92,0.67
18:34:1:945,4.19,-1.03,0.64
18:34:1:945,4.23,-1.00,0.66
18:34:1:962,4.09,-0.90,0.79
18:34:2:87,3.92,-0.98,0.82
18:34:2:123,3.81,-1.06,0.88
18:34:2:123,3.80,-1.12,0.90
18:34:2:141,3.77,-1.03,0.96
18:34:2:158,3.76,-0.88,1.13
18:34:2:246,3.82,-0.88,1.17
18:34:2:266,3.81,-0.98,1.13
18:34:2:393,3.80,-1.05,1.06
18:34:2:480,3.84,-1.11,1.03
18:34:2:588,3.82,-1.21,0.93
18:34:2:588,3.77,-1.22,0.89
18:34:2:588,3.78,-1.27,0.81
18:34:2:588,3.76,-1.26,0.81
18:34:2:641,3.76,-1.31,0.83
18:34:2:661,3.77,-1.24,0.87
18:34:2:733,3.77,-1.24,0.83
18:34:2:799,3.78,-1.32,0.81
18:34:2:816,3.74,-1.31,0.82
18:34:2:816,3.71,-1.28,0.81
18:34:2:816,3.74,-1.22,0.87
18:34:2:834,3.78,-1.26,0.85
18:34:2:834,3.75,-1.18,0.86
18:34:2:834,3.78,-1.19,0.91
18:34:2:852,3.72,-1.13,0.91
18:34:2:870,3.75,-1.15,0.92
18:34:2:908,3.78,-1.20,0.93
18:34:2:960,3.81,-1.22,0.91
18:34:2:960,3.80,-1.12,0.95
18:34:2:960,3.78,-1.17,0.93
18:34:2:960,3.78,-1.21,0.88
18:34:2:960,3.78,-1.21,0.94
18:34:3:31,3.77,-1.21,0.92
18:34:3:31,3.75,-1.26,0.93
18:34:3:31,3.75,-1.31,0.88
18:34:3:31,3.76,-1.32,0.91
18:34:3:31,3.73,-1.23,0.91
18:34:3:84,3.77,-1.24,0.92
18:34:3:84,3.76,-1.28,0.91
18:34:3:101,3.73,-1.27,0.91
18:34:3:119,3.74,-1.26,0.91
18:34:3:136,3.78,-1.24,0.88
18:34:3:136,3.79,-1.25,0.90
18:34:3:136,3.80,-1.23,0.89
18:34:3:154,3.75,-1.33,0.89
18:34:3:154,3.73,-1.27,0.89
18:34:3:186,3.71,-1.22,0.94
18:34:3:186,3.75,-1.27,0.89
18:34:3:205,3.75,-1.31,0.91
18:34:3:205,3.75,-1.37,0.90
18:34:3:205,3.72,-1.30,0.92
18:34:3:205,3.72,-1.29,0.92
18:34:3:205,3.75,-1.33,0.92
18:34:3:222,3.74,-1.29,0.91
18:34:3:239,3.72,-1.28,0.93
18:34:3:276,3.73,-1.29,0.89
18:34:3:313,3.74,-1.29,0.92
18:34:3:313,3.76,-1.28,0.91
18:34:3:313,3.74,-1.31,0.87
18:34:3:346,3.73,-1.28,0.89
18:34:3:346,3.75,-1.30,0.91
18:34:3:398,3.72,-1.30,0.89
18:34:3:398,3.69,-1.32,0.87
18:34:3:487,3.70,-1.28,0.91
18:34:3:487,3.74,-1.30,0.94
18:34:3:487,3.69,-1.37,0.91
18:34:3:556,3.67,-1.34,0.92
18:34:3:573,3.70,-1.37,0.90
18:34:3:573,3.67,-1.40,0.91
18:34:3:591,3.71,-1.37,0.90
18:34:3:680,3.68,-1.34,0.94
18:34:3:701,3.73,-1.32,0.93
18:34:3:701,3.79,-1.12,1.04
18:34:3:754,3.80,-0.92,1.00
18:34:3:754,3.78,-0.88,1.11
18:34:3:788,4.04,-0.57,1.29
18:34:3:789,4.15,-0.06,1.18
18:34:3:875,3.98,0.49,1.17
18:34:3:877,3.85,0.82,1.20
18:34:3:877,4.54,1.14,1.03
18:34:3:877,4.60,1.42,0.93
18:34:3:877,4.89,1.49,1.03
18:34:3:877,4.90,1.41,1.02
18:34:3:895,5.14,1.29,0.87
18:34:3:895,5.43,1.03,0.88
18:34:3:913,5.77,0.93,0.89
18:34:3:930,6.03,1.00,0.99
18:34:3:930,6.13,0.70,1.08
18:34:3:966,6.38,0.32,1.26
18:34:3:966,6.75,-0.02,1.10
18:34:3:983,6.48,-0.05,1.02
18:34:4:18,6.42,-0.08,1.26
18:34:4:35,6.08,-0.12,1.32
18:34:4:35,5.64,-0.58,1.32
18:34:4:53,5.46,-1.02,1.14
18:34:4:124,4.93,-1.65,0.96
18:34:4:124,3.98,-2.27,0.84
18:34:4:124,3.73,-2.80,0.75
18:34:4:141,3.43,-3.16,0.54
18:34:4:195,2.86,-3.59,0.26
18:34:4:247,2.97,-4.10,-0.02
18:34:4:264,2.33,-4.55,-0.31
18:34:4:264,2.37,-4.30,0.10
18:34:4:281,2.82,-4.78,0.54
18:34:4:282,4.11,-4.93,0.65
18:34:4:299,5.21,-4.32,0.58
18:34:4:317,6.72,-3.93,0.60
18:34:4:403,8.00,-4.22,1.02
18:34:4:420,8.00,-3.74,0.87
18:34:4:489,8.00,-3.04,0.79
18:34:4:489,8.00,-1.74,1.20
18:34:4:559,8.00,-1.88,0.71
18:34:4:578,8.00,-2.16,1.31
18:34:4:648,8.00,-1.42,1.66
18:34:4:665,8.00,-0.48,1.28
18:34:4:774,8.00,-1.26,0.48
18:34:4:825,8.00,-0.85,0.38
18:34:4:843,8.00,-0.41,0.36
18:34:4:843,7.39,0.61,0.47
18:34:4:861,5.78,1.08,0.56
18:34:4:861,4.17,2.05,0.35
18:34:4:897,2.63,2.31,-0.12
18:34:4:932,2.16,2.74,-0.13
18:34:4:963,1.96,4.15,-0.42
18:34:4:999,1.76,3.94,-0.63
18:34:4:999,2.12,5.36,-0.55
18:34:4:999,2.75,6.86,-1.61
18:34:5:16,6.51,4.61,-0.16
18:34:5:18,8.00,2.81,1.29
18:34:5:18,7.44,2.36,0.70
18:34:5:18,8.00,1.94,1.10
18:34:5:174,8.00,1.00,1.66
18:34:5:174,8.00,-0.41,1.93
18:34:5:174,8.00,-1.07,2.07
18:34:5:174,8.00,-1.78,1.99
18:34:5:174,8.00,-1.71,1.62
18:34:5:209,8.00,-1.56,1.58
18:34:5:228,8.00,-1.62,1.43
18:34:5:279,8.00,-2.80,1.01
18:34:5:331,8.00,-3.35,0.31
18:34:5:348,8.00,-4.32,-0.00
18:34:5:348,8.00,-4.47,0.67
18:34:5:367,7.99,-5.02,0.41
18:34:5:367,6.99,-5.86,-0.23
18:34:5:384,5.21,-6.55,-1.21
18:34:5:401,3.47,-6.38,-1.26
18:34:5:401,2.62,-6.23,-1.53
18:34:5:470,1.87,-6.12,-1.61
18:34:5:488,2.02,-6.94,-1.83
18:34:5:488,2.51,-8.00,-2.40
18:34:5:488,3.08,-7.48,-2.39
18:34:5:488,5.43,-6.20,-0.77
18:34:5:506,8.00,-4.83,0.29
18:34:5:506,8.00,-3.87,0.63
18:34:5:523,8.00,-3.46,0.77
18:34:5:541,8.00,-3.12,0.60
18:34:5:576,8.00,-2.55,0.55
18:34:5:576,8.00,-1.85,0.63
18:34:5:646,8.00,-1.09,1.13
18:34:5:662,8.00,-0.62,1.26
18:34:5:662,8.00,0.72,1.04
18:34:5:680,8.00,0.21,0.32
18:34:5:734,8.00,0.33,0.31
18:34:5:751,8.00,0.51,0.45
18:34:5:769,6.46,0.73,0.58
18:34:5:842,5.34,1.38,-0.01
18:34:5:878,3.81,3.40,-0.19
18:34:5:878,2.85,3.91,0.16
18:34:5:878,2.20,4.47,-0.01
18:34:5:896,1.53,3.22,-0.31
18:34:5:911,1.63,2.91,-0.36
18:34:5:911,1.79,5.96,-0.82
18:34:5:914,1.62,7.32,-1.47
18:34:5:948,5.77,3.60,0.20
18:34:5:967,7.72,1.52,0.29
18:34:6:19,7.33,0.95,0.18
18:34:6:54,8.00,0.52,1.00
18:34:6:74,8.00,-0.08,1.98
18:34:6:91,8.00,-0.20,2.04
18:34:6:91,8.00,-0.55,2.26
18:34:6:91,8.00,-0.60,2.26
18:34:6:109,8.00,-1.22,1.98
18:34:6:127,8.00,-2.67,1.97
18:34:6:144,8.00,-3.34,2.63
18:34:6:179,8.00,-2.81,0.94
18:34:6:229,8.00,-3.93,0.30
18:34:6:248,8.00,-5.12,0.35
18:34:6:265,8.00,-3.62,0.27
18:34:6:265,8.00,-4.44,0.12
18:34:6:265,7.06,-5.46,-0.35
18:34:6:282,5.42,-6.20,-1.18
18:34:6:300,3.88,-6.05,-1.56
18:34:6:351,3.25,-6.01,-1.83
18:34:6:367,2.27,-6.03,-2.25
18:34:6:405,1.77,-6.28,-2.16
18:34:6:440,2.12,-6.94,-2.36
18:34:6:476,2.65,-7.25,-2.61
18:34:6:476,4.65,-6.31,-1.38
18:34:6:533,7.10,-4.21,-0.49
18:34:6:568,8.00,-3.51,0.18
18:34:6:568,8.00,-3.70,0.75
18:34:6:585,8.00,-3.97,0.99
18:34:6:603,8.00,-2.43,0.61
18:34:6:621,8.00,-1.78,0.89
18:34:6:656,8.00,-1.48,1.00
18:34:6:761,8.00,-0.93,1.43
18:34:6:779,8.00,-0.94,1.20
18:34:6:779,8.00,-0.32,0.97
18:34:6:797,8.00,-0.62,0.67
18:34:6:833,8.00,-0.30,0.45
18:34:6:868,6.58,0.16,0.85
18:34:6:900,6.27,0.99,0.52
18:34:6:918,5.12,2.18,0.46
18:34:6:936,4.18,2.29,0.38
18:34:6:937,3.41,2.73,0.20
18:34:6:955,2.18,3.25,-0.04
18:34:6:991,0.92,2.79,0.02
18:34:6:991,0.64,1.27,0.06
18:34:7:9,1.73,2.18,0.13
18:34:7:9,1.93,5.64,-0.61
18:34:7:81,3.15,6.19,-0.12
18:34:7:101,5.55,1.61,0.54
18:34:7:101,6.70,-0.25,0.56
18:34:7:119,7.82,-0.47,0.69
18:34:7:119,7.85,-0.28,1.15
18:34:7:137,8.00,-0.43,1.75
18:34:7:137,8.00,-0.61,2.01
18:34:7:171,8.00,-0.03,2.17
18:34:7:171,8.00,-0.14,1.86
18:34:7:187,8.00,-1.43,1.75
18:34:7:206,8.00,-2.89,2.19
18:34:7:258,8.00,-3.17,1.76
18:34:7:258,8.00,-3.67,0.82
18:34:7:258,8.00,-3.90,0.65
18:34:7:312,8.00,-3.63,0.36
18:34:7:329,8.00,-3.28,-0.10
18:34:7:329,7.19,-4.06,-0.21
18:34:7:347,6.48,-4.53,-0.68
18:34:7:380,5.49,-4.65,-1.17
18:34:7:383,4.76,-4.54,-1.63
18:34:7:416,3.82,-4.84,-2.13
18:34:7:499,3.25,-5.44,-2.34
18:34:7:516,2.63,-6.25,-2.46
18:34:7:516,2.48,-7.27,-3.06
18:34:7:552,3.34,-7.35,-2.49
18:34:7:567,4.89,-5.28,-1.30
18:34:7:570,5.93,-3.39,-0.20
18:34:7:588,7.09,-2.95,1.11
18:34:7:622,8.00,-3.94,1.38
18:34:7:641,8.00,-4.15,1.32
18:34:7:659,8.00,-2.68,1.12
18:34:7:677,8.00,-1.56,1.46
18:34:7:747,8.00,-0.71,2.02
18:34:7:818,8.00,-0.78,1.54
18:34:7:836,8.00,0.79,1.78
18:34:7:873,8.00,0.92,1.51
18:34:7:892,8.00,1.89,1.73
18:34:7:980,8.00,1.69,1.23
18:34:8:34,7.05,1.46,0.79
18:34:8:70,5.84,1.09,0.48
18:34:8:88,4.64,1.08,0.66
18:34:8:105,2.87,2.44,0.61
18:34:8:195,2.01,1.17,0.38
18:34:8:231,1.98,0.73,0.69
18:34:8:265,1.26,0.80,0.73
18:34:8:265,1.29,0.65,0.57
18:34:8:337,1.19,0.45,0.69
18:34:8:355,1.44,0.39,0.65
18:34:8:372,2.81,1.20,0.32
18:34:8:389,3.03,1.20,0.30
18:34:8:405,3.06,-0.18,0.42
18:34:8:405,3.03,-1.29,0.61
18:34:8:422,3.71,-1.61,0.57
18:34:8:439,4.33,-1.80,0.62
18:34:8:457,5.10,-2.04,0.96
18:34:8:457,6.00,-2.23,1.30
18:34:8:457,6.63,-2.17,1.41
18:34:8:494,6.99,-2.16,1.43
18:34:8:511,7.37,-2.45,1.29
18:34:8:528,7.63,-2.78,1.25
18:34:8:546,7.80,-3.31,1.00
18:34:8:546,7.27,-3.69,0.54
18:34:8:564,6.80,-3.52,-0.47
18:34:8:599,6.37,-3.35,-0.84
18:34:8:616,5.72,-3.36,-1.17
18:34:8:617,5.33,-2.91,-1.39
18:34:8:634,4.98,-2.62,-1.26
18:34:8:652,4.42,-2.11,-1.32
18:34:8:701,4.06,-1.81,-1.42
18:34:8:718,3.78,-1.69,-1.37
18:34:8:735,3.63,-1.70,-1.32
18:34:8:736,3.51,-1.73,-1.24
18:34:8:790,3.66,-1.79,-1.19
18:34:8:810,3.62,-1.87,-1.01
18:34:8:899,3.61,-1.91,-0.89
18:34:8:917,3.60,-1.79,-0.66
18:34:8:935,3.49,-1.68,-0.42
18:34:8:935,3.65,-1.69,-0.25
18:34:8:956,3.63,-1.61,-0.15
18:34:8:973,3.58,-1.44,0.06
18:34:8:991,3.76,-1.55,0.24
18:34:8:991,4.04,-1.59,0.37
18:34:9:8,4.45,-1.55,0.40
18:34:9:8,4.59,-1.49,0.54
18:34:9:41,4.49,-1.40,0.64
18:34:9:78,4.39,-1.35,0.61
18:34:9:95,4.25,-1.54,0.57
18:34:9:95,4.08,-1.67,0.53
18:34:9:112,3.84,-1.93,0.72
18:34:9:112,3.67,-1.92,0.85
18:34:9:130,3.66,-1.87,0.96
18:34:9:147,3.64,-1.80,1.08
18:34:9:164,3.65,-1.80,1.16
18:34:9:164,3.77,-1.65,0.98
18:34:9:285,3.78,-1.60,1.23
18:34:9:339,3.64,-1.41,0.87
18:34:9:357,3.68,-1.50,0.46
18:34:9:357,3.80,-1.63,0.35
18:34:9:407,3.89,-1.60,0.31
18:34:9:476,3.87,-1.34,0.30
18:34:9:493,3.93,-1.24,0.26
18:34:9:512,3.91,-1.24,0.22
18:34:9:527,3.85,-1.31,0.07
18:34:9:546,3.89,-1.39,0.05
18:34:9:633,3.87,-1.44,0.05
18:34:9:667,3.80,-1.46,0.08
18:34:9:668,3.67,-1.58,0.15
18:34:9:685,3.63,-1.72,0.31
18:34:9:719,3.39,-1.72,0.38
18:34:9:719,3.57,-1.53,0.55
18:34:9:804,3.76,-1.33,0.71
18:34:9:839,3.77,-1.30,0.81
18:34:9:860,3.85,-1.24,0.90
18:34:9:912,3.80,-1.11,1.00
18:34:9:931,3.74,-1.14,1.06
18:34:9:948,3.54,-1.05,1.06
18:34:9:966,3.44,-1.16,1.09
18:34:9:966,3.35,-1.14,1.11
18:34:9:966,3.32,-1.17,1.14
18:34:9:966,3.37,-1.32,1.05
18:34:10:18,3.43,-1.39,0.99
18:34:10:34,3.81,-1.58,0.96
18:34:10:88,4.20,-1.75,1.01
18:34:10:229,4.19,-1.76,0.97
18:34:10:229,3.91,-1.71,0.90
18:34:10:246,3.62,-1.73,0.81
18:34:10:246,3.64,-1.74,0.87
18:34:10:263,3.95,-1.69,0.87
18:34:10:386,3.86,-1.63,0.80
18:34:10:386,3.85,-1.52,0.65
18:34:10:421,3.70,-1.31,0.69
18:34:10:439,3.59,-1.05,0.72
18:34:10:531,3.56,-1.31,0.61
18:34:10:566,3.62,-0.91,0.67
18:34:10:618,3.69,-1.15,0.63
18:34:10:618,3.74,-0.89,0.61
18:34:10:706,3.86,-1.01,0.65
18:34:10:791,4.03,-0.98,0.71
18:34:10:933,3.96,-0.98,0.65
18:34:11:112,3.83,-0.98,0.57
18:34:11:112,3.68,-0.92,0.68
18:34:11:112,3.75,-0.97,0.80
18:34:11:112,3.92,-1.10,0.79
18:34:11:112,3.91,-1.17,0.83
18:34:11:266,3.86,-1.12,0.88
18:34:11:284,3.83,-1.11,0.91
18:34:11:284,3.87,-1.13,0.95
18:34:11:337,3.77,-1.21,0.96
18:34:11:337,3.80,-1.33,0.95
18:34:11:441,3.75,-1.45,0.90
18:34:11:458,3.77,-1.42,0.77
18:34:11:458,3.80,-1.34,0.70
18:34:11:475,3.83,-1.22,0.71
18:34:11:475,3.76,-1.27,0.71
18:34:11:475,3.76,-1.31,0.70
18:34:11:492,3.71,-1.23,0.70
18:34:11:492,3.84,-1.25,0.68
18:34:11:682,3.78,-1.29,0.73
18:34:11:682,3.78,-1.33,0.72
18:34:11:789,3.80,-1.28,0.77
18:34:11:858,3.81,-1.25,0.84
18:34:11:858,3.83,-1.11,0.91
18:34:11:858,3.79,-1.22,0.80
18:34:11:944,3.78,-1.25,0.78
18:34:11:944,3.86,-1.27,0.75
18:34:11:944,3.89,-1.23,0.74
18:34:12:210,3.88,-1.26,0.75
18:34:12:210,3.86,-1.15,0.75
18:34:12:210,3.74,-1.05,0.84
18:34:12:210,3.85,-1.18,0.74
18:34:12:210,3.81,-1.17,0.73
18:34:12:263,3.79,-1.00,0.76
18:34:12:403,3.84,-0.99,0.78
18:34:12:403,3.83,-0.99,0.74
18:34:12:403,3.81,-1.03,0.69
18:34:12:403,3.79,-1.10,0.69
18:34:12:403,3.76,-1.08,0.73
18:34:12:403,3.79,-1.10,0.73
18:34:12:403,3.80,-1.19,0.75
18:34:12:420,3.85,-1.23,0.75
18:34:12:420,3.83,-1.24,0.76
18:34:12:420,3.83,-1.21,0.76
18:34:12:420,3.82,-1.25,0.74
18:34:12:420,3.80,-1.26,0.74
18:34:12:420,3.81,-1.27,0.76
18:34:12:420,3.78,-1.27,0.75
18:34:12:454,3.77,-1.25,0.74
18:34:12:473,3.75,-1.23,0.74
18:34:12:491,3.75,-1.22,0.79
18:34:12:491,3.78,-1.26,0.74
18:34:12:506,3.77,-1.25,0.73
18:34:12:506,3.81,-1.22,0.74
18:34:12:506,3.86,-1.13,0.85
18:34:12:507,3.92,-1.03,0.85
18:34:12:507,3.95,-0.81,0.93
18:34:12:543,3.99,-0.56,0.97
18:34:12:561,3.91,-0.36,1.00
18:34:12:561,3.76,-0.24,1.11
18:34:12:561,3.96,-0.17,1.10
18:34:12:561,4.19,0.12,0.96
18:34:12:561,4.12,0.39,1.05
18:34:12:561,4.40,0.65,1.09
18:34:12:561,4.63,0.88,1.07
18:34:12:576,4.68,1.24,1.05
18:34:12:576,4.76,1.18,1.18
18:34:12:576,5.10,1.03,1.11
18:34:12:576,5.16,0.99,1.00
18:34:12:576,5.27,0.66,1.03
18:34:12:577,5.46,0.61,1.26
18:34:12:595,5.81,0.76,1.19
18:34:12:595,5.91,0.58,1.28
18:34:12:681,6.16,0.44,1.27
18:34:12:681,5.93,0.03,1.23
18:34:12:681,5.62,-0.60,1.22
18:34:12:681,5.38,-1.08,1.20
18:34:12:735,4.81,-1.34,1.06
18:34:12:735,4.29,-1.84,0.83
18:34:12:735,4.09,-2.72,0.51
18:34:12:735,3.87,-3.34,0.21
18:34:12:735,3.54,-3.53,0.09
18:34:12:735,3.18,-4.28,-0.22
18:34:12:735,2.76,-5.18,-0.52
18:34:12:735,2.78,-5.03,-0.49
18:34:12:735,3.34,-4.91,0.03
18:34:12:735,4.13,-4.58,0.39
18:34:12:735,5.00,-4.30,0.45
18:34:12:735,5.79,-3.94,0.48
18:34:12:752,7.38,-4.02,0.74
18:34:12:752,8.00,-4.17,1.18
18:34:12:752,8.00,-3.50,0.93
18:34:12:752,8.00,-2.80,1.09
18:34:12:752,8.00,-2.41,1.05
18:34:12:752,8.00,-2.29,0.70
18:34:12:752,8.00,-1.53,0.98
18:34:12:752,8.00,-1.90,1.28
18:34:12:770,8.00,-2.12,0.43
18:34:12:770,8.00,-1.57,0.30
18:34:12:788,8.00,-0.55,0.30
18:34:12:854,7.58,0.31,0.24
18:34:12:854,6.24,0.48,0.31
18:34:12:854,5.21,1.12,0.52
18:34:12:872,4.19,3.00,0.10
18:34:12:888,2.16,4.29,0.01
18:34:12:904,2.13,4.48,-0.49
18:34:12:905,0.96,3.58,-0.39
18:34:12:905,1.72,4.95,-0.22
18:34:12:905,2.74,6.91,-0.77
18:34:12:905,5.98,5.03,0.50
18:34:12:923,8.00,2.16,1.06
18:34:12:923,8.00,0.92,1.18
18:34:12:940,8.00,-0.22,1.13
18:34:12:940,8.00,0.08,1.58
18:34:13:10,8.00,-0.34,1.70
18:34:13:28,8.00,-1.59,1.76
18:34:13:62,8.00,-1.99,1.56
18:34:13:65,8.00,-2.40,1.66
18:34:13:99,8.00,-2.62,2.32
18:34:13:115,8.00,-2.22,1.44
18:34:13:169,8.00,-2.31,0.88
18:34:13:239,8.00,-2.99,0.68
18:34:13:273,8.00,-3.42,0.62
18:34:13:308,8.00,-4.11,0.73
18:34:13:308,7.13,-5.28,0.23
18:34:13:360,6.13,-5.79,-0.70
18:34:13:379,4.88,-6.05,-1.14
18:34:13:431,2.97,-6.12,-0.79
18:34:13:450,2.46,-6.56,-1.08
18:34:13:467,1.47,-6.47,-1.52
18:34:13:485,1.50,-6.49,-1.39
18:34:13:503,3.02,-7.26,-1.28
18:34:13:573,3.82,-6.85,-1.46
18:34:13:592,5.54,-5.55,-0.89
18:34:13:609,8.00,-5.43,0.39
18:34:13:645,8.00,-4.60,0.25
18:34:13:663,8.00,-3.49,0.26
18:34:13:663,8.00,-2.42,0.77
18:34:13:680,8.00,-2.13,1.17
18:34:13:769,8.00,-2.29,0.67
18:34:13:785,8.00,-1.92,1.03
18:34:13:787,8.00,-0.52,1.28
18:34:13:804,8.00,0.50,0.87
18:34:13:820,8.00,0.20,0.55
18:34:13:820,8.00,0.25,0.34
18:34:13:837,7.02,0.20,0.63
18:34:13:908,5.84,0.66,0.74
18:34:13:926,5.33,1.72,0.29
18:34:13:944,3.82,3.09,0.10
18:34:13:961,3.08,4.54,0.17
18:34:13:997,2.09,5.52,-0.30
18:34:14:14,1.61,3.05,-0.23
18:34:14:14,1.54,2.12,-0.27
18:34:14:30,2.02,6.31,-0.76
18:34:14:47,2.79,7.18,-0.63
18:34:14:67,6.54,2.91,0.61
18:34:14:85,8.00,-0.03,0.63
18:34:14:124,8.00,0.07,1.00
18:34:14:124,8.00,0.91,1.48
18:34:14:142,8.00,0.34,2.15
18:34:14:142,8.00,-0.61,2.20
18:34:14:159,8.00,-1.16,1.92
18:34:14:177,8.00,-1.59,1.55
18:34:14:177,8.00,-2.63,1.58
18:34:14:194,8.00,-3.56,2.03
18:34:14:246,8.00,-3.68,1.76
18:34:14:281,8.00,-3.92,0.47
18:34:14:298,8.00,-4.02,0.48
18:34:14:316,8.00,-4.12,0.46
18:34:14:333,8.00,-3.79,-0.02
18:34:14:351,7.52,-4.81,-0.34
18:34:14:385,6.25,-5.86,-0.83
18:34:14:402,4.37,-5.65,-1.34
18:34:14:457,3.20,-5.61,-1.58
18:34:14:510,2.41,-6.14,-1.46
18:34:14:511,2.03,-6.27,-1.67
18:34:14:529,2.35,-7.19,-2.18
18:34:14:530,2.60,-7.90,-2.58
18:34:14:564,4.21,-6.92,-1.47
18:34:14:600,6.96,-5.14,-0.72
18:34:14:669,8.00,-3.59,-0.29
18:34:14:705,8.00,-3.90,0.49
18:34:14:722,8.00,-3.28,0.64
18:34:14:722,8.00,-2.18,0.62
18:34:14:741,8.00,-2.02,0.83
18:34:14:758,8.00,-2.08,0.97
18:34:14:825,8.00,-1.26,1.50
18:34:14:825,8.00,-1.03,1.35
18:34:14:843,8.00,-0.36,1.10
18:34:14:860,8.00,-0.73,0.99
18:34:14:860,8.00,-0.29,1.04
18:34:14:895,7.41,0.43,1.01
18:34:14:932,5.69,1.50,0.95
18:34:14:932,4.22,1.87,0.85
18:34:14:949,3.32,2.64,0.89
18:34:14:967,2.48,3.86,0.81
18:34:15:2,1.24,4.29,0.70
18:34:15:36,0.86,3.70,0.54
18:34:15:36,0.83,3.11,0.46
18:34:15:52,1.72,5.46,-0.23
18:34:15:68,3.70,5.35,-0.15
18:34:15:68,7.00,1.91,0.60
18:34:15:85,6.97,-0.10,0.72
18:34:15:102,7.40,-0.46,0.71
18:34:15:119,8.00,0.34,1.13
18:34:15:119,8.00,0.81,1.98
18:34:15:190,8.00,-0.22,1.88
18:34:15:224,8.00,-1.37,1.55
18:34:15:225,8.00,-2.40,1.22
18:34:15:243,8.00,-3.01,1.49
18:34:15:243,8.00,-3.34,1.87
18:34:15:260,8.00,-3.32,1.14
18:34:15:260,8.00,-4.00,0.32
18:34:15:278,8.00,-4.48,0.03
18:34:15:297,7.91,-3.62,0.46
18:34:15:333,7.09,-3.14,0.68
18:34:15:350,6.46,-3.71,0.80
18:34:15:350,6.04,-4.37,0.25
18:34:15:367,4.70,-4.27,-0.48
18:34:15:419,3.58,-4.36,-0.64
18:34:15:420,2.91,-5.05,-1.03
18:34:15:437,2.63,-5.65,-1.30
18:34:15:471,2.54,-5.05,-1.40
18:34:15:488,2.71,-4.72,-1.44
18:34:15:558,3.25,-5.22,-1.51
18:34:15:575,4.44,-5.93,-1.36
18:34:15:591,6.02,-5.18,-0.98
18:34:15:593,7.49,-3.51,-0.96
18:34:15:610,8.00,-3.46,-0.25
18:34:15:629,8.00,-3.50,0.28
18:34:15:663,8.00,-2.95,0.74
18:34:15:718,8.00,-1.91,0.93
18:34:15:773,8.00,-0.97,1.16
18:34:15:790,8.00,-0.80,0.96
18:34:15:790,8.00,-0.50,1.21
18:34:15:808,8.00,0.28,1.36
18:34:15:826,8.00,0.85,1.05
18:34:15:843,8.00,0.49,0.76
18:34:15:843,6.62,0.62,0.64
18:34:15:914,6.00,0.73,0.51
18:34:15:914,4.99,0.79,0.44
18:34:15:930,4.39,0.42,0.04
18:34:15:946,3.23,0.40,-0.14
18:34:15:966,2.45,0.65,0.11
18:34:15:982,1.49,0.81,0.26
18:34:16:67,1.10,0.56,-0.02
18:34:16:84,0.40,0.52,0.15
18:34:16:139,0.35,-0.12,0.27
18:34:16:156,0.89,-0.52,0.02
18:34:16:173,2.14,1.61,-0.79
18:34:16:209,2.30,1.00,-0.47
18:34:16:226,2.49,-1.88,0.58
18:34:16:263,2.43,-2.19,0.71
18:34:16:298,2.53,-2.44,0.54
18:34:16:316,2.91,-2.54,0.24
18:34:16:316,3.20,-1.62,0.63
18:34:16:348,3.28,-1.49,1.09
18:34:16:366,3.57,-2.85,1.11
18:34:16:384,4.02,-3.35,0.93
18:34:16:437,4.75,-3.17,1.10
18:34:16:454,5.07,-3.60,1.38
18:34:16:490,5.18,-4.14,1.62
18:34:16:507,5.25,-4.08,1.77
18:34:16:507,5.34,-3.28,1.77
18:34:16:527,5.02,-2.94,2.22
18:34:16:545,4.73,-2.87,2.65
18:34:16:597,4.67,-2.48,2.53
18:34:16:631,4.57,-2.52,2.47
18:34:16:632,4.45,-2.57,2.33
18:34:16:648,4.26,-2.80,2.24
18:34:16:668,4.05,-2.95,2.11
18:34:16:685,3.80,-2.82,2.11
18:34:16:701,3.60,-2.77,1.97
18:34:16:703,3.49,-2.68,1.91
18:34:16:720,3.49,-2.65,1.76
18:34:16:738,3.50,-2.34,1.54
18:34:16:790,3.73,-1.98,1.24
18:34:16:842,4.21,-1.64,1.00
18:34:16:878,5.04,-1.40,0.89
18:34:16:878,4.65,-0.71,0.82
18:34:16:878,3.76,0.06,0.30
18:34:16:895,3.60,0.16,0.10
18:34:16:895,3.93,-0.10,-0.04
18:34:16:985,4.43,-0.26,-0.40
18:34:16:988,4.58,-0.29,-0.57
18:34:17:6,4.31,-0.13,-0.63
18:34:17:23,3.84,-0.15,-0.59
18:34:17:41,3.63,-0.11,-0.52
18:34:17:41,3.78,-0.56,-0.58
18:34:17:76,3.92,-0.67,-0.69
18:34:17:108,4.03,-0.68,-0.58
18:34:17:196,4.03,-0.59,-0.59
18:34:17:231,4.12,-0.33,-0.43
18:34:17:231,4.24,-0.38,-0.39
18:34:17:246,4.36,-0.32,-0.30
18:34:17:248,4.35,-0.33,-0.26
18:34:17:283,4.44,-0.32,-0.21
18:34:17:370,4.27,-0.35,-0.10
18:34:17:386,4.16,-0.38,-0.07
18:34:17:422,4.21,-0.25,0.01
18:34:17:422,4.34,-0.28,0.04
18:34:17:457,4.36,-0.28,0.03
18:34:17:545,4.36,-0.34,0.05
18:34:17:613,4.25,-0.41,0.07
18:34:17:630,4.10,-0.46,0.18
18:34:17:697,4.02,-0.54,0.26
18:34:17:717,4.08,-0.50,0.45
18:34:17:733,4.02,-0.36,0.62
18:34:17:733,3.89,-0.21,0.72
18:34:17:749,4.05,-0.24,0.75
18:34:17:802,4.28,-0.44,0.63
18:34:17:802,4.53,-0.69,0.69
18:34:17:818,4.53,-0.77,0.84
18:34:17:820,4.32,-0.68,1.04
18:34:17:837,4.15,-0.67,1.06
18:34:17:857,3.95,-0.72,1.12
18:34:17:942,3.58,-0.55,1.20
18:34:17:978,3.52,-0.45,1.02
18:34:18:65,3.56,-0.55,0.88
18:34:18:84,3.64,-0.77,0.83
18:34:18:150,3.71,-0.80,0.87
18:34:18:186,3.73,-0.94,0.82
18:34:18:239,3.69,-1.08,0.87
18:34:18:275,3.60,-0.91,0.85
18:34:18:346,3.52,-1.12,0.79
18:34:18:362,3.59,-1.18,0.79
18:34:18:470,3.72,-1.12,0.78
18:34:18:505,3.77,-0.81,0.78
18:34:18:614,3.71,-0.72,0.81
18:34:18:665,3.81,-0.76,0.82
18:34:18:665,4.23,-0.87,0.79
18:34:18:665,4.32,-0.86,0.81
18:34:18:699,4.02,-0.85,0.82
18:34:18:715,3.65,-0.63,0.89
18:34:18:847,3.67,-0.43,1.05
18:34:18:847,3.85,-0.61,1.11
18:34:18:881,4.00,-0.72,1.19
18:34:18:973,4.06,-0.72,1.19
18:34:18:973,3.99,-0.80,1.06
18:34:18:989,3.82,-0.96,1.05
18:34:18:989,3.74,-1.06,0.93
18:34:18:989,3.77,-1.27,0.83
18:34:18:989,3.71,-1.32,0.72
18:34:19:5,3.71,-1.31,0.69
18:34:19:40,3.71,-1.27,0.75
18:34:19:55,3.75,-1.41,0.72
18:34:19:55,3.79,-1.49,0.73
18:34:19:55,3.78,-1.54,0.71
18:34:19:55,3.79,-1.45,0.80
18:34:19:108,3.75,-1.51,0.86
18:34:19:197,3.78,-1.65,0.88
18:34:19:197,3.72,-1.60,0.83
18:34:19:215,3.79,-1.45,0.74
18:34:19:215,3.76,-1.32,0.65
18:34:19:234,3.72,-1.21,0.68
18:34:19:234,3.78,-1.19,0.68
18:34:19:234,3.77,-1.31,0.75
18:34:19:359,3.77,-1.27,0.82
18:34:19:381,3.78,-1.21,0.83
18:34:19:396,3.76,-1.17,0.83
18:34:19:504,3.80,-1.26,0.80
18:34:19:504,3.83,-1.26,0.78
18:34:19:504,3.83,-1.28,0.77
18:34:19:504,3.80,-1.24,0.81
18:34:19:504,3.75,-1.29,0.81
18:34:19:504,3.73,-1.35,0.80
18:34:19:557,3.73,-1.33,0.86
18:34:19:574,3.81,-1.30,0.84
18:34:19:574,3.83,-1.30,0.82
18:34:19:574,3.81,-1.34,0.80
18:34:19:626,3.73,-1.23,0.86
18:34:19:643,3.70,-1.25,0.86
18:34:19:695,3.74,-1.22,0.87
18:34:19:695,3.76,-1.33,0.83
18:34:19:713,3.78,-1.29,0.85
18:34:19:713,3.78,-1.23,0.85
18:34:19:730,3.83,-1.29,0.79
18:34:19:730,3.78,-1.28,0.83
18:34:19:730,3.76,-1.22,0.87
18:34:19:730,3.74,-1.18,0.86
18:34:19:746,3.75,-1.18,0.86
18:34:19:746,3.74,-1.24,0.82
18:34:19:780,3.74,-1.25,0.78
18:34:19:780,3.75,-1.28,0.86
18:34:19:780,3.75,-1.29,0.82
18:34:19:849,3.73,-1.34,0.82
18:34:19:849,3.72,-1.34,0.83
18:34:19:868,3.76,-1.36,0.87
18:34:19:868,3.73,-1.30,0.90
18:34:19:868,3.74,-1.37,0.87
18:34:19:868,3.73,-1.36,0.82
18:34:19:868,3.72,-1.32,0.82
18:34:19:884,3.74,-1.28,0.83
18:34:19:884,3.76,-1.25,0.88
18:34:19:900,3.76,-1.33,0.83
18:34:19:916,3.76,-1.33,0.87
18:34:19:933,3.73,-1.28,0.87
18:34:19:983,3.76,-1.28,0.84
18:34:19:983,3.76,-1.34,0.85
18:34:20:2,3.72,-1.32,0.86
18:34:20:36,3.75,-1.30,0.87
18:34:20:89,3.79,-1.37,0.84
18:34:20:124,3.74,-1.34,0.85
18:34:20:141,3.74,-1.35,0.83
18:34:20:141,3.72,-1.27,0.82
18:34:20:159,3.75,-1.35,0.81
18:34:20:159,3.75,-1.38,0.83
18:34:20:229,3.76,-1.42,0.83
18:34:20:229,3.74,-1.38,0.84
18:34:20:264,3.71,-1.33,0.81
18:34:20:264,3.71,-1.37,0.81
18:34:20:283,3.74,-1.34,0.82
18:34:20:301,3.75,-1.35,0.78
18:34:20:301,3.73,-1.37,0.81
18:34:20:335,3.73,-1.34,0.79
18:34:20:335,3.68,-1.33,0.84
18:34:20:370,3.76,-1.29,0.83
18:34:20:442,3.82,-1.16,0.90
18:34:20:477,3.90,-0.98,0.92
18:34:20:495,3.85,-0.84,1.11
18:34:20:560,3.85,-0.68,1.09
18:34:20:595,3.90,-0.57,1.18
18:34:20:595,4.08,-0.35,1.32
18:34:20:649,4.03,0.26,1.20
18:34:20:667,4.01,0.52,1.19
18:34:20:667,4.09,0.29,1.06
18:34:20:719,4.44,0.27,0.67
18:34:20:772,4.55,0.65,0.70
18:34:20:772,4.55,0.81,0.96
18:34:20:789,4.80,0.80,0.96
18:34:20:806,4.66,0.64,0.97
18:34:20:823,4.91,0.53,0.89
18:34:20:843,5.08,0.50,0.88
18:34:20:843,4.99,0.59,1.02
18:34:20:861,5.18,0.60,1.18
18:34:20:861,5.44,0.79,1.06
18:34:20:878,5.56,0.62,1.21
18:34:20:878,5.44,0.66,1.36
18:34:20:913,5.45,0.61,1.32
18:34:20:981,5.47,-0.05,1.28
18:34:20:998,5.27,-0.44,1.22
18:34:21:15,4.93,-0.89,1.06
18:34:21:33,4.76,-1.39,0.98
18:34:21:33,4.36,-1.93,1.15
18:34:21:33,4.20,-2.49,0.94
18:34:21:68,3.80,-2.81,0.80
18:34:21:135,3.65,-2.79,0.46
18:34:21:151,3.73,-3.38,-0.04
18:34:21:170,3.75,-4.12,-0.34
18:34:21:188,3.51,-4.19,-0.28
18:34:21:188,3.04,-3.53,0.25
18:34:21:207,3.16,-3.33,0.42
18:34:21:222,3.72,-3.44,0.57
18:34:21:310,4.49,-3.65,0.53
18:34:21:327,5.47,-3.80,0.52
18:34:21:344,7.33,-3.87,0.64
18:34:21:361,8.00,-3.67,1.08
18:34:21:378,8.00,-3.05,1.02
18:34:21:378,8.00,-1.94,0.68
18:34:21:395,8.00,-1.50,0.73
18:34:21:431,8.00,-2.40,0.86
18:34:21:521,8.00,-1.25,1.21
18:34:21:556,8.00,-0.95,1.08
18:34:21:589,8.00,-1.78,0.39
18:34:21:659,8.00,-1.67,0.17
18:34:21:713,7.79,-0.72,0.33
18:34:21:713,6.95,0.17,0.39
18:34:21:713,5.79,0.52,0.59
18:34:21:732,4.77,1.13,0.45
18:34:21:750,3.50,1.41,0.13
18:34:21:768,2.90,2.04,0.07
18:34:21:768,2.29,2.69,-0.21
18:34:21:785,1.72,2.71,-0.34
18:34:21:875,1.27,2.06,-0.18
18:34:21:891,1.31,3.82,-0.36
18:34:21:891,2.45,4.79,-0.76
18:34:21:909,4.79,2.85,0.43
18:34:21:927,6.57,0.73,1.28
18:34:21:945,7.27,1.02,1.02
18:34:21:945,7.55,1.56,0.92
18:34:21:945,8.00,1.57,1.51
18:34:21:945,8.00,0.83,1.82
18:34:22:18,8.00,-0.16,1.88
18:34:22:18,8.00,-1.13,1.61
18:34:22:18,8.00,-1.53,1.24
18:34:22:53,8.00,-1.85,1.57
18:34:22:70,8.00,-1.75,1.89
18:34:22:70,8.00,-1.70,1.47
18:34:22:107,8.00,-2.26,0.80
18:34:22:125,8.00,-2.79,0.47
18:34:22:125,8.00,-3.80,0.39
18:34:22:213,8.00,-3.90,0.62
18:34:22:249,8.00,-4.76,0.27
18:34:22:267,7.27,-6.18,-0.62
18:34:22:267,5.12,-7.31,-1.21
18:34:22:302,2.96,-7.55,-1.27
18:34:22:302,2.21,-7.36,-0.87
18:34:22:319,1.92,-7.76,-1.01
18:34:22:337,2.54,-8.00,-1.50
18:34:22:426,2.53,-7.81,-1.62
18:34:22:426,3.86,-6.24,-0.73
18:34:22:443,6.55,-5.57,0.22
18:34:22:477,8.00,-4.42,0.41
18:34:22:477,8.00,-3.95,0.52
18:34:22:477,8.00,-3.26,0.91
18:34:22:565,8.00,-1.85,0.88
18:34:22:583,8.00,-1.62,1.04
18:34:22:600,8.00,-1.79,1.11
18:34:22:618,8.00,-1.36,1.24
18:34:22:670,8.00,-0.17,1.10
18:34:22:705,8.00,-0.17,0.80
18:34:22:705,8.00,-0.01,0.54
18:34:22:756,8.00,0.53,0.42
18:34:22:758,6.44,0.90,0.86
18:34:22:774,6.10,1.50,0.35
18:34:22:793,4.58,4.23,0.41
18:34:22:793,4.02,5.69,-0.20
18:34:22:862,1.90,4.23,-0.19
18:34:22:862,1.53,3.06,-0.19
18:34:22:862,1.33,4.24,-0.35
18:34:22:949,1.69,6.52,-0.98
18:34:22:964,3.61,5.61,-0.42
18:34:22:981,6.80,1.92,0.28
18:34:22:982,7.28,0.41,0.56
18:34:22:999,7.32,1.16,0.54
18:34:22:999,8.00,1.59,1.28
18:34:23:17,8.00,0.51,1.91
18:34:23:34,8.00,-0.58,2.04
18:34:23:104,8.00,-1.58,1.93
18:34:23:104,8.00,-1.90,1.78
18:34:23:120,8.00,-2.00,1.59
18:34:23:139,8.00,-3.18,2.14
18:34:23:157,8.00,-2.82,2.00
18:34:23:157,8.00,-3.61,0.33
18:34:23:157,8.00,-4.43,0.19
18:34:23:157,8.00,-3.33,0.39
18:34:23:157,8.00,-3.70,0.56
18:34:23:173,8.00,-4.77,0.05
18:34:23:205,7.24,-5.56,-0.98
18:34:23:208,5.46,-5.77,-1.43
18:34:23:224,3.69,-5.45,-1.70
18:34:23:225,2.80,-6.42,-1.99
18:34:23:347,2.57,-7.69,-2.56
18:34:23:347,3.03,-8.00,-2.81
18:34:23:381,2.97,-6.85,-2.25
18:34:23:397,3.66,-5.25,-1.47
18:34:23:397,5.02,-4.72,-0.76
18:34:23:397,7.28,-4.79,-0.17
18:34:23:429,8.00,-4.22,0.24
18:34:23:517,8.00,-3.01,0.35
18:34:23:536,8.00,-2.17,0.59
18:34:23:536,8.00,-2.11,0.79
18:34:23:570,8.00,-2.09,0.55
18:34:23:587,8.00,-1.82,0.99
18:34:23:606,8.00,-0.73,1.52
18:34:23:681,8.00,0.71,1.33
18:34:23:698,8.00,-0.11,0.73
18:34:23:714,8.00,-0.20,0.51
18:34:23:714,7.12,0.12,0.69
18:34:23:732,5.60,0.54,0.63
18:34:23:816,4.67,0.90,0.50
18:34:23:853,3.78,1.43,0.23
18:34:23:853,2.81,2.35,0.44
18:34:23:871,1.82,3.47,0.68
18:34:23:888,1.28,3.65,0.55
18:34:23:906,1.66,3.14,0.59
18:34:23:924,2.45,5.66,0.06
18:34:23:999,3.75,5.73,-0.09
18:34:24:17,5.91,2.52,0.25
18:34:24:17,7.03,-0.35,0.28
18:34:24:34,7.89,-0.91,0.63
18:34:24:52,8.00,0.56,1.10
18:34:24:69,8.00,1.29,2.10
18:34:24:69,8.00,0.38,2.36
18:34:24:122,8.00,-0.29,2.05
18:34:24:156,8.00,-0.72,1.89
18:34:24:174,8.00,-1.51,1.60
18:34:24:191,8.00,-2.96,2.28
18:34:24:262,8.00,-3.15,1.95
18:34:24:262,8.00,-3.14,0.51
18:34:24:278,8.00,-2.97,0.49
18:34:24:278,8.00,-2.47,0.56
18:34:24:316,8.00,-2.18,0.73
18:34:24:332,8.00,-3.15,0.31
18:34:24:367,7.54,-4.48,-0.29
18:34:24:385,5.85,-4.77,-0.93
18:34:24:385,4.53,-5.18,-1.37
18:34:24:385,3.77,-5.77,-1.45
18:34:24:419,2.97,-6.57,-2.11
18:34:24:419,2.38,-7.39,-2.19
18:34:24:419,3.01,-7.59,-2.23
18:34:24:453,3.13,-7.50,-2.06
18:34:24:454,4.35,-6.16,-1.06
18:34:24:490,6.32,-4.85,0.02
18:34:24:628,8.00,-3.38,1.41
18:34:24:663,8.00,-2.59,1.27
18:34:24:784,8.00,-2.64,1.48
18:34:24:800,8.00,-1.43,1.89
18:34:24:818,8.00,-0.93,1.37
18:34:24:870,8.00,-0.87,0.96
18:34:24:941,8.00,-0.55,1.44
18:34:24:975,8.00,-0.37,1.43
18:34:25:30,8.00,0.74,1.46
18:34:25:118,8.00,0.72,0.93
18:34:25:136,8.00,1.01,0.83
18:34:25:154,6.82,1.61,0.86
18:34:25:189,5.35,1.14,0.57
18:34:25:189,4.64,1.18,0.54
18:34:25:275,3.73,1.72,0.52
18:34:25:275,2.97,1.89,0.36
18:34:25:291,2.09,2.00,0.18
18:34:25:291,1.36,1.85,0.25
18:34:25:291,0.89,1.80,0.23
18:34:25:307,0.59,1.47,0.30
18:34:25:342,0.67,1.13,0.44
18:34:25:342,1.42,2.06,0.36
18:34:25:342,2.27,2.51,0.24
18:34:25:360,4.14,0.94,0.38
18:34:25:360,5.00,-0.78,0.69
18:34:25:360,5.93,-1.46,0.88
18:34:25:429,6.45,-1.52,1.13
18:34:25:481,6.80,-1.19,1.09
18:34:25:482,7.22,-1.18,1.25
18:34:25:500,7.46,-1.21,1.26
18:34:25:500,8.00,-1.19,1.38
18:34:25:500,8.00,-1.19,1.50
18:34:25:515,8.00,-1.35,1.47
18:34:25:516,8.00,-1.74,1.26
18:34:25:534,8.00,-2.15,1.14
18:34:25:550,8.00,-2.22,0.78
18:34:25:550,8.00,-2.40,-0.07
18:34:25:568,6.80,-2.59,-0.94
18:34:25:568,6.17,-2.59,-1.33
18:34:25:635,5.72,-2.51,-1.02
18:34:25:636,5.17,-2.19,-1.38
18:34:25:672,4.58,-2.17,-1.85
18:34:25:672,3.94,-2.17,-1.87
18:34:25:689,3.53,-1.81,-1.78
18:34:25:724,3.10,-1.33,-1.45
18:34:25:743,2.89,-1.21,-1.01
18:34:25:743,3.20,-1.13,-0.83
18:34:25:812,3.93,-1.15,-0.74
18:34:25:830,3.90,-0.70,-0.61
18:34:25:830,3.55,-0.29,-0.26
18:34:25:846,3.68,-0.35,0.27
18:34:25:878,3.80,-0.55,0.51
18:34:25:894,4.46,-1.05,0.67
18:34:25:911,4.56,-0.93,0.81
18:34:25:911,4.71,-0.90,0.95
18:34:25:928,4.68,-0.89,0.95
18:34:25:946,4.52,-1.57,1.06
18:34:26:16,4.47,-2.12,1.35
18:34:26:68,4.25,-1.93,1.38
18:34:26:86,4.24,-1.88,1.60
18:34:26:86,4.20,-2.03,1.76
18:34:26:172,4.16,-1.89,1.89
18:34:26:189,3.79,-1.45,2.06
18:34:26:224,3.72,-1.42,1.98
18:34:26:224,3.61,-1.56,1.77
18:34:26:258,3.75,-1.74,1.79
18:34:26:258,4.18,-1.74,1.70
18:34:26:277,4.03,-1.61,1.71
18:34:26:277,3.57,-1.51,1.53
18:34:26:342,3.27,-1.44,1.37
18:34:26:377,3.26,-1.48,1.26
18:34:26:411,3.46,-1.61,1.33
18:34:26:446,3.71,-1.46,1.24
18:34:26:620,3.72,-1.08,1.11
18:34:26:620,3.61,-1.04,0.99
18:34:26:620,3.62,-1.20,0.74
18:34:26:743,3.61,-1.36,0.58
18:34:26:778,3.53,-1.53,0.47
18:34:26:810,3.55,-1.46,0.51
18:34:26:881,3.47,-1.40,0.55
18:34:26:898,3.37,-1.47,0.51
18:34:26:900,3.44,-1.62,0.52
18:34:26:918,3.41,-1.78,0.58
18:34:26:953,3.32,-1.92,0.58
18:34:26:953,3.34,-1.81,0.68
18:34:27:6,3.61,-1.75,0.78
18:34:27:6,3.60,-1.68,0.76
18:34:27:93,3.50,-1.50,0.69
18:34:27:93,3.53,-1.57,0.60
18:34:27:93,4.22,-1.79,0.69
18:34:27:93,4.68,-1.80,0.73
18:34:27:93,4.74,-1.33,0.70
18:34:27:93,4.42,-0.97,0.60
18:34:27:93,4.03,-0.97,0.44
18:34:27:93,3.66,-1.08,0.41
18:34:27:145,3.59,-1.06,0.50
18:34:27:145,3.57,-1.20,0.58
18:34:27:145,3.59,-1.21,0.54
18:34:27:145,3.83,-1.14,0.61
18:34:27:180,4.09,-1.01,0.59
18:34:27:180,4.11,-0.91,0.59
18:34:27:285,3.99,-0.95,0.55
18:34:27:335,3.95,-0.84,0.61
18:34:27:423,3.94,-0.75,0.65
18:34:27:423,4.02,-0.82,0.70
18:34:27:473,3.91,-0.87,0.76
18:34:27:491,3.95,-1.02,0.71
18:34:27:541,3.94,-1.17,0.65
18:34:27:578,3.81,-1.22,0.65
18:34:27:596,3.57,-1.32,0.61
18:34:27:646,3.53,-1.42,0.61
18:34:27:679,3.60,-1.58,0.66
18:34:27:679,3.83,-1.66,0.74
18:34:27:696,3.92,-1.59,0.75
18:34:27:714,3.89,-1.52,0.72
18:34:27:714,3.80,-1.32,0.69
18:34:27:714,3.72,-1.06,0.73
18:34:27:714,3.77,-0.93,0.73
18:34:27:870,3.76,-1.12,0.70
18:34:27:870,3.83,-1.00,0.67
18:34:27:870,3.91,-0.97,0.68
18:34:27:870,4.02,-0.98,0.69
18:34:27:905,3.92,-0.97,0.70
18:34:27:905,3.74,-1.07,0.71
18:34:27:905,3.71,-1.17,0.65
18:34:28:25,3.77,-1.37,0.56
18:34:28:25,3.81,-1.42,0.55
18:34:28:25,3.76,-1.36,0.59
18:34:28:25,3.77,-1.12,0.71
18:34:28:43,3.79,-1.27,0.69
18:34:28:62,3.86,-1.42,0.67
18:34:28:171,3.90,-1.51,0.66
18:34:28:171,3.84,-1.49,0.66
18:34:28:223,3.72,-1.39,0.62
18:34:28:239,3.70,-1.23,0.68
18:34:28:240,3.80,-1.10,0.69
18:34:28:240,3.87,-1.02,0.74
18:34:28:240,3.91,-1.08,0.71
18:34:28:276,3.86,-1.08,0.68
18:34:28:311,3.77,-1.10,0.71
18:34:28:346,3.78,-1.12,0.72
18:34:28:380,3.77,-1.12,0.74
18:34:28:416,3.82,-1.08,0.77
18:34:28:536,3.81,-1.21,0.70
18:34:28:536,3.80,-1.20,0.70
18:34:28:536,3.75,-1.16,0.65
18:34:28:536,3.78,-1.22,0.69
18:34:28:587,3.83,-1.27,0.67
18:34:28:587,3.81,-1.24,0.67
18:34:28:604,3.80,-1.23,0.70
18:34:28:604,3.79,-1.21,0.73
18:34:28:604,3.80,-1.15,0.75
18:34:28:604,3.82,-1.22,0.75
18:34:28:623,3.83,-1.20,0.75
18:34:28:658,3.84,-1.19,0.75
18:34:28:901,3.83,-1.21,0.70
18:34:28:901,3.82,-1.16,0.69
18:34:28:901,3.81,-1.18,0.70
18:34:28:901,3.81,-1.17,0.70
18:34:28:901,3.79,-1.22,0.71
18:34:28:936,3.77,-1.21,0.70
18:34:28:971,3.81,-1.18,0.69
18:34:29:6,3.83,-1.21,0.71
18:34:29:76,3.83,-1.31,0.74
18:34:29:111,3.83,-1.27,0.73
18:34:29:233,3.77,-1.23,0.72
18:34:29:233,3.80,-1.25,0.72
18:34:29:407,3.82,-1.22,0.74
18:34:29:439,3.83,-1.16,0.76
18:34:29:439,3.82,-1.13,0.76
18:34:29:578,3.79,-1.15,0.78
18:34:29:578,3.79,-1.17,0.77
18:34:29:578,3.78,-1.14,0.77
18:34:29:578,3.80,-1.16,0.74
18:34:29:578,3.80,-1.20,0.70
18:34:29:595,3.76,-1.17,0.71
18:34:29:595,3.77,-1.17,0.74
18:34:29:613,3.79,-1.20,0.72
18:34:29:664,3.80,-1.17,0.73
18:34:29:685,3.77,-1.25,0.77
18:34:29:857,3.79,-1.23,0.72
18:34:29:857,3.77,-1.28,0.70
18:34:29:857,3.79,-1.33,0.73
18:34:29:857,3.84,-1.34,0.71
18:34:29:857,3.84,-1.32,0.68
18:34:29:857,3.80,-1.31,0.66
18:34:29:857,3.76,-1.20,0.65
18:34:29:963,3.79,-1.25,0.62
18:34:29:963,3.80,-1.26,0.63
18:34:29:963,3.81,-1.26,0.61
18:34:29:963,3.82,-1.19,0.63
18:34:29:998,3.83,-1.18,0.63
18:34:29:998,3.82,-1.09,0.67
18:34:30:16,3.83,-1.09,0.70
18:34:30:16,3.84,-1.11,0.71
18:34:30:16,3.82,-1.06,0.75
18:34:30:16,3.81,-0.99,0.79
18:34:30:34,3.88,-1.05,0.82
18:34:30:51,3.89,-0.96,0.81
18:34:30:68,3.93,-0.73,0.94
18:34:30:119,4.03,-0.56,1.04
18:34:30:119,3.91,-0.62,0.99
18:34:30:119,3.95,-0.41,1.06
18:34:30:119,3.78,-0.17,1.06
18:34:30:119,3.93,0.11,1.15
18:34:30:119,4.34,0.67,0.99
18:34:30:119,4.65,0.90,0.99
18:34:30:155,4.81,1.27,1.14
18:34:30:155,4.85,1.22,1.22
18:34:30:155,4.96,1.37,1.16
18:34:30:155,4.92,1.55,0.93
18:34:30:155,5.12,0.90,0.95
18:34:30:173,5.51,0.60,1.08
18:34:30:173,5.61,0.57,1.06
18:34:30:173,5.87,0.57,1.13
18:34:30:173,5.82,0.59,1.26
18:34:30:173,5.83,0.12,1.39
18:34:30:173,5.72,-0.23,1.31
18:34:30:191,5.35,-0.33,1.09
18:34:30:191,5.19,-0.45,1.17
18:34:30:209,4.74,-1.17,0.98
18:34:30:209,4.33,-1.99,0.85
18:34:30:209,3.99,-2.24,0.59
18:34:30:244,3.68,-2.57,0.58
18:34:30:244,3.19,-2.68,0.66
18:34:30:244,3.00,-2.68,0.38
18:34:30:244,2.89,-3.24,-0.09
18:34:30:244,3.02,-4.21,-0.52
18:34:30:244,3.00,-4.23,-0.76
18:34:30:245,3.49,-3.69,-0.32
18:34:30:245,4.20,-3.46,0.11
18:34:30:245,4.81,-3.27,0.21
18:34:30:245,5.64,-3.02,0.17
18:34:30:245,7.32,-2.85,0.17
18:34:30:245,8.00,-3.03,0.29
18:34:30:300,8.00,-2.78,0.45
18:34:30:318,8.00,-2.25,0.66
18:34:30:353,8.00,-2.03,0.17
18:34:30:370,8.00,-2.04,0.49
18:34:30:370,8.00,-1.70,0.86
18:34:30:388,8.00,-1.10,1.05
18:34:30:388,8.00,-1.56,0.57
18:34:30:405,8.00,-1.99,0.33
18:34:30:423,8.00,-1.74,0.33
18:34:30:459,7.41,-1.13,0.73
18:34:30:477,6.49,-0.48,0.70
18:34:30:494,5.70,0.48,0.25
18:34:30:584,4.57,1.19,0.00
18:34:30:601,3.54,2.00,0.21
18:34:30:684,2.66,3.17,0.16
18:34:30:700,1.58,4.00,-0.10
18:34:30:702,1.38,3.45,-0.31
18:34:30:719,1.52,3.05,-0.07
18:34:30:719,2.11,4.46,-0.28
18:34:30:737,2.84,5.09,-0.15
18:34:30:755,5.51,3.25,0.85
18:34:30:755,7.81,2.06,1.39
18:34:30:826,8.00,1.62,1.43
18:34:30:843,8.00,1.17,1.38
18:34:30:861,8.00,0.60,1.73
18:34:30:879,8.00,-0.71,1.94
18:34:30:931,8.00,-1.59,2.17
18:34:30:949,8.00,-1.75,1.93
18:34:30:949,8.00,-1.39,1.66
18:34:30:949,8.00,-1.59,1.60
18:34:31:39,8.00,-1.95,1.05
18:34:31:39,8.00,-2.22,0.62
18:34:31:57,8.00,-3.46,0.18
18:34:31:92,8.00,-4.00,-0.07
18:34:31:108,8.00,-4.50,-0.30
18:34:31:124,7.00,-4.97,-0.65
18:34:31:125,6.35,-6.06,-1.01
18:34:31:230,4.09,-7.39,-1.49
18:34:31:246,2.52,-8.00,-1.69
18:34:31:246,1.52,-7.79,-1.69
18:34:31:317,1.74,-7.50,-1.34
18:34:31:317,2.97,-8.00,-1.58
18:34:31:369,3.59,-7.19,-1.38
18:34:31:386,4.82,-5.73,-0.74
18:34:31:402,7.66,-5.66,0.32
18:34:31:420,8.00,-5.35,0.25
18:34:31:421,8.00,-3.49,0.03
18:34:31:438,8.00,-2.41,0.73
18:34:31:456,8.00,-1.69,0.94
18:34:31:473,8.00,-1.75,0.55
18:34:31:473,8.00,-1.64,0.89
18:34:31:490,8.00,-0.54,1.16
18:34:31:491,8.00,0.37,1.13
18:34:31:491,8.00,-0.36,0.44
18:34:31:525,8.00,-0.37,0.51
18:34:31:578,8.00,0.42,0.99
18:34:31:578,6.90,1.47,0.58
18:34:31:596,5.67,2.85,0.33
18:34:31:631,3.54,4.38,0.42
18:34:31:649,2.93,5.87,0.29
18:34:31:649,1.31,4.47,-0.13
18:34:31:668,0.72,2.39,-0.23
18:34:31:686,0.50,2.23,-0.25
18:34:31:719,1.41,5.60,0.07
18:34:31:736,2.24,7.44,0.01
18:34:31:754,6.06,4.35,0.68
18:34:31:772,8.00,1.24,0.52
18:34:31:789,8.00,0.19,0.76
18:34:31:842,8.00,0.50,1.24
18:34:31:859,8.00,-0.16,1.83
18:34:31:914,8.00,-1.04,2.23
18:34:31:949,8.00,-1.56,1.86
18:34:31:964,8.00,-2.00,2.00
18:34:31:982,8.00,-1.93,1.85
18:34:31:999,8.00,-2.92,2.21
18:34:31:999,8.00,-3.51,1.96
18:34:32:17,8.00,-3.94,0.07
18:34:32:70,8.00,-4.68,0.00
18:34:32:105,8.00,-3.97,-0.04
18:34:32:124,8.00,-3.22,0.17
18:34:32:141,7.58,-4.36,-0.13
18:34:32:141,6.81,-5.45,-1.28
18:34:32:159,5.01,-5.97,-2.01
18:34:32:159,3.58,-5.76,-1.81
18:34:32:176,2.91,-6.00,-1.80
18:34:32:194,2.35,-5.92,-2.08
18:34:32:211,1.92,-6.43,-2.14
18:34:32:230,2.29,-6.73,-2.16
18:34:32:245,3.21,-6.03,-1.62
18:34:32:280,5.16,-4.64,-0.76
18:34:32:316,7.06,-3.55,-0.22
18:34:32:316,8.00,-4.29,0.26
18:34:32:316,8.00,-4.04,0.36
18:34:32:334,8.00,-3.55,0.70
18:34:32:352,8.00,-2.14,0.61
18:34:32:352,8.00,-1.98,1.65
18:34:32:369,8.00,-1.95,1.35
18:34:32:440,8.00,-1.11,0.99
18:34:32:506,8.00,0.85,1.98
18:34:32:540,8.00,0.28,1.40
18:34:32:541,8.00,0.38,0.88
18:34:32:558,7.36,0.67,0.94
18:34:32:575,5.97,1.75,1.24
18:34:32:576,5.00,1.97,0.88
18:34:32:629,4.29,2.24,0.71
18:34:32:647,3.21,2.91,0.38
18:34:32:647,2.20,2.76,0.37
18:34:32:665,1.48,2.58,0.30
18:34:32:665,1.23,1.99,0.09
18:34:32:684,1.60,2.41,0.35
18:34:32:684,2.58,5.15,-0.08
18:34:32:700,3.62,5.10,0.06
18:34:32:720,5.84,0.95,0.59
18:34:32:720,7.38,-0.46,0.78
18:34:32:755,7.29,0.52,0.64
18:34:32:773,8.00,1.12,1.59
18:34:32:826,8.00,0.13,2.55
18:34:32:826,8.00,-0.85,2.29
18:34:32:844,8.00,-1.36,2.06
18:34:32:879,8.00,-1.78,1.93
18:34:32:896,8.00,-2.74,1.65
18:34:32:914,8.00,-4.03,1.92
18:34:32:934,8.00,-3.58,1.45
18:34:33:22,8.00,-3.52,0.48
18:34:33:22,8.00,-3.90,0.15
18:34:33:22,7.76,-3.74,0.16
18:34:33:40,7.08,-3.54,0.21
18:34:33:57,6.50,-4.04,-0.10
18:34:33:76,6.11,-4.97,-0.60
18:34:33:93,4.90,-5.08,-0.84
18:34:33:161,3.59,-4.93,-1.07
18:34:33:181,2.90,-5.72,-1.22
18:34:33:181,2.37,-5.94,-1.41
18:34:33:254,2.17,-5.43,-1.39
18:34:33:254,2.34,-4.90,-1.09
18:34:33:271,3.27,-5.63,-1.29
18:34:33:287,4.06,-5.89,-1.27
18:34:33:322,5.58,-4.68,-0.85
18:34:33:357,7.47,-3.22,-0.26
18:34:33:391,8.00,-4.25,0.05
18:34:33:428,8.00,-4.08,0.64
18:34:33:428,8.00,-1.17,1.30
18:34:33:445,8.00,-0.43,1.76
18:34:33:445,8.00,-0.63,1.87
18:34:33:480,8.00,-1.27,1.20
18:34:33:532,8.00,-1.06,1.04
18:34:33:549,8.00,0.36,1.41
18:34:33:567,8.00,0.10,1.10
18:34:33:567,8.00,1.20,1.17
18:34:33:585,7.06,2.38,1.37
18:34:33:602,5.38,2.52,1.28
18:34:33:637,4.30,1.37,0.67
18:34:33:655,3.53,0.53,0.28
18:34:33:689,3.03,0.72,0.08
18:34:33:724,2.25,1.07,0.20
18:34:33:756,1.93,1.04,0.21
18:34:33:756,1.46,0.74,0.00
18:34:33:774,0.97,0.44,0.14
18:34:33:807,0.68,-0.18,0.24
18:34:33:824,0.66,-0.59,0.37
18:34:33:843,1.03,-0.86,0.36
18:34:33:914,1.95,-0.13,0.19
18:34:33:948,2.39,-0.57,0.24
18:34:33:965,2.13,-1.68,0.48
18:34:33:983,2.67,-2.76,0.23
18:34:34:1,3.25,-3.51,0.17
18:34:34:17,3.40,-2.92,-0.13
18:34:34:17,3.65,-2.49,0.32
18:34:34:72,3.98,-2.83,0.26
18:34:34:107,3.71,-3.32,0.36
18:34:34:108,3.96,-3.41,0.68
18:34:34:144,4.53,-3.74,0.71
18:34:34:145,4.63,-3.36,0.68
18:34:34:163,4.59,-3.19,1.06
18:34:34:180,4.98,-3.46,1.75
18:34:34:199,5.01,-3.28,1.71
18:34:34:287,4.84,-3.05,1.76
18:34:34:287,4.43,-3.34,2.13
18:34:34:323,4.38,-3.41,2.29
18:34:34:323,4.23,-3.02,2.42
18:34:34:359,4.28,-3.22,2.46
18:34:34:377,4.08,-3.86,1.81
18:34:34:395,3.71,-3.48,0.99
18:34:34:412,3.63,-3.27,0.88
18:34:34:486,3.38,-2.51,1.05
18:34:34:521,3.40,-2.28,0.91
18:34:34:539,3.44,-2.31,0.70
18:34:34:629,3.49,-2.03,0.50
18:34:34:630,3.77,-1.65,0.46
18:34:34:645,4.97,-1.84,0.43
18:34:34:645,5.20,-1.70,0.55
18:34:34:698,4.12,-0.87,0.23
18:34:34:717,4.05,-0.55,-0.06
18:34:34:717,4.34,-0.71,-0.19
18:34:34:749,4.50,-0.64,-0.34
18:34:34:811,4.48,-0.44,-0.46
18:34:34:811,4.04,-0.30,-0.38
18:34:34:811,3.66,-0.42,-0.49
18:34:34:864,3.54,-0.50,-0.67
18:34:34:900,3.71,-0.67,-0.71
18:34:34:917,3.87,-0.67,-0.67
18:34:35:3,4.02,-0.56,-0.60
18:34:35:3,4.11,-0.48,-0.55
18:34:35:21,4.19,-0.71,-0.51
18:34:35:39,4.21,-0.86,-0.51
18:34:35:79,4.11,-0.75,-0.52
18:34:35:97,4.13,-0.76,-0.45
18:34:35:131,4.28,-0.83,-0.32
18:34:35:186,4.57,-0.74,-0.29
18:34:35:204,4.49,-0.63,-0.22
18:34:35:204,4.38,-0.68,-0.06
18:34:35:221,4.41,-0.48,0.06
18:34:35:221,4.31,-0.08,0.17
18:34:35:239,4.13,-0.30,0.28
18:34:35:433,3.96,-0.30,0.31
18:34:35:538,3.67,0.03,0.47
18:34:35:555,3.72,0.17,0.61
18:34:35:588,3.98,-0.05,0.60
18:34:35:607,4.53,-0.04,0.71
18:34:35:623,4.69,-0.20,0.71
18:34:35:641,4.23,-0.38,0.67
18:34:35:641,3.79,-0.38,0.65
18:34:35:765,3.50,-0.17,0.78
18:34:35:765,3.78,-0.42,0.81
18:34:35:799,3.76,-0.39,0.70
18:34:35:902,3.79,-0.30,0.69
18:34:35:920,3.80,-0.61,0.72
18:34:35:937,3.66,-0.81,0.69
18:34:35:937,3.69,-0.79,0.74
18:34:35:937,3.72,-0.82,0.66
18:34:35:937,3.85,-1.01,0.58
18:34:35:937,4.61,-1.12,0.60
18:34:35:955,4.89,-0.72,0.77
18:34:35:989,4.37,0.02,0.74
18:34:36:60,3.71,0.20,0.66
18:34:36:62,3.43,0.05,0.64
18:34:36:97,3.45,-0.18,0.49
18:34:36:151,3.66,-0.29,0.37
18:34:36:186,3.83,-0.31,0.39
18:34:36:257,4.05,-0.57,0.41
18:34:36:257,4.37,-0.96,0.44
18:34:36:273,4.60,-1.26,0.54
18:34:36:291,4.37,-1.26,0.62
18:34:36:344,3.96,-1.00,0.68
18:34:36:344,3.60,-0.92,0.75
18:34:36:344,3.69,-0.97,0.76
18:34:36:362,3.85,-0.92,0.78
18:34:36:500,3.95,-0.88,0.82
18:34:36:516,3.93,-0.90,0.82
18:34:36:516,3.84,-0.90,0.84
18:34:36:534,3.73,-0.81,0.94
18:34:36:621,3.91,-0.87,0.96
18:34:36:621,3.96,-0.84,0.97
18:34:36:621,3.98,-0.71,0.98
18:34:36:639,3.90,-0.77,0.96
18:34:36:658,3.81,-0.93,0.84
18:34:36:691,3.79,-1.14,0.75
18:34:36:691,3.76,-1.26,0.69
18:34:36:708,3.74,-1.26,0.65
18:34:36:708,3.76,-1.30,0.63
18:34:36:708,3.79,-1.25,0.63
18:34:36:708,3.80,-1.23,0.65
18:34:36:761,3.85,-1.26,0.66
18:34:36:797,3.88,-1.35,0.67
18:34:36:833,3.83,-1.42,0.72
18:34:36:850,3.83,-1.41,0.76
18:34:36:884,3.77,-1.30,0.91
18:34:36:884,3.77,-1.01,1.02
18:34:36:884,3.90,-0.95,1.03
18:34:36:884,3.88,-1.08,0.96
18:34:36:884,3.82,-1.19,0.86
18:34:36:884,3.72,-1.15,0.79
18:34:36:884,3.75,-1.10,0.75
18:34:36:905,3.82,-1.17,0.75
18:34:36:993,3.80,-1.19,0.74
18:34:37:10,3.81,-1.18,0.70
18:34:37:10,3.78,-1.14,0.77
18:34:37:60,3.79,-1.12,0.79
18:34:37:132,3.81,-1.09,0.84
18:34:37:201,3.81,-1.09,0.88
18:34:37:203,3.81,-1.08,0.90
18:34:37:203,3.77,-1.16,0.85
18:34:37:221,3.76,-1.26,0.79
18:34:37:221,3.79,-1.33,0.74
18:34:37:237,3.79,-1.24,0.76
18:34:37:239,3.79,-1.23,0.74
18:34:37:275,3.81,-1.26,0.74
18:34:37:294,3.77,-1.22,0.76
18:34:37:346,3.77,-1.27,0.76
18:34:37:346,3.76,-1.23,0.80
18:34:37:346,3.79,-1.19,0.79
18:34:37:346,3.81,-1.23,0.78
18:34:37:363,3.76,-1.28,0.75
18:34:37:398,3.81,-1.27,0.76
18:34:37:398,3.82,-1.23,0.76
18:34:37:398,3.82,-1.25,0.73
18:34:37:417,3.77,-1.15,0.77
18:34:37:417,3.77,-1.13,0.77
18:34:37:417,3.78,-1.19,0.73
18:34:37:522,3.79,-1.26,0.73
18:34:37:522,3.82,-1.23,0.76
18:34:37:541,3.80,-1.22,0.76
18:34:37:541,3.76,-1.34,0.73
18:34:37:559,3.78,-1.29,0.74
18:34:37:593,3.78,-1.27,0.77
18:34:37:594,3.77,-1.29,0.76
18:34:37:629,3.81,-1.32,0.71
18:34:37:756,3.78,-1.28,0.74
18:34:37:790,3.78,-1.22,0.69
18:34:37:826,3.77,-1.20,0.72
18:34:37:861,3.82,-1.27,0.72
18:34:37:879,3.78,-1.24,0.75
18:34:37:879,3.80,-1.16,0.77
18:34:37:879,3.82,-1.19,0.75
18:34:37:896,3.80,-1.20,0.74
18:34:37:896,3.78,-1.22,0.72
18:34:37:933,3.75,-1.22,0.74
18:34:37:933,3.76,-1.28,0.73
18:34:37:970,3.74,-1.35,0.73
18:34:38:77,3.85,-1.34,0.76
18:34:38:95,3.85,-1.39,0.79
18:34:38:113,3.83,-1.38,0.79
18:34:38:113,3.81,-1.20,0.87
18:34:38:113,3.81,-1.05,0.85
18:34:38:131,3.72,-1.08,1.03
18:34:38:168,3.90,-0.77,1.10
18:34:38:168,4.07,-0.52,1.02
18:34:38:168,3.79,-0.20,1.14
18:34:38:238,3.76,-0.04,1.06
18:34:38:310,4.24,0.58,0.79
18:34:38:310,4.43,0.50,0.92
18:34:38:328,4.46,0.79,1.04
18:34:38:346,4.38,0.87,1.06
18:34:38:416,4.51,0.61,1.07
18:34:38:433,4.69,0.52,1.08
18:34:38:433,4.83,0.76,1.01
18:34:38:433,5.22,0.88,0.91
18:34:38:433,5.27,0.69,0.88
18:34:38:453,5.38,0.73,0.87
18:34:38:470,5.55,0.60,0.83
18:34:38:487,5.48,0.59,1.00
18:34:38:488,5.75,0.65,1.02
18:34:38:488,5.62,0.77,1.05
18:34:38:504,5.61,0.43,1.33
18:34:38:505,5.32,0.17,1.33
18:34:38:505,5.24,-0.10,1.24
18:34:38:505,4.76,-0.88,1.13
18:34:38:576,4.73,-1.62,1.07
18:34:38:594,4.16,-2.24,0.95
18:34:38:629,3.64,-2.70,0.73
18:34:38:663,3.30,-2.79,0.54
18:34:38:680,3.31,-3.22,0.37
18:34:38:680,3.17,-3.48,0.12
18:34:38:697,3.16,-4.28,-0.06
18:34:38:732,3.12,-4.78,-0.13
18:34:38:801,3.27,-4.38,-0.11
18:34:38:801,3.90,-3.83,0.24
18:34:38:818,4.87,-4.03,0.65
18:34:38:853,6.42,-4.04,0.77
18:34:38:870,7.99,-3.84,0.71
18:34:38:935,8.00,-3.51,0.89
18:34:38:971,8.00,-3.42,1.23
18:34:39:4,8.00,-1.63,2.39
18:34:39:127,8.00,0.14,-1.24
18:34:39:127,8.00,-1.86,0.41
18:34:39:215,8.00,1.31,2.10
18:34:39:232,8.00,0.30,1.91
18:34:39:232,8.00,-3.19,-0.24
18:34:39:268,8.00,-3.28,0.36
18:34:39:338,8.00,-1.59,0.64
18:34:39:357,8.00,-0.21,0.67
18:34:39:374,7.00,0.69,0.26
18:34:39:374,5.35,1.33,0.28
18:34:39:374,3.80,2.10,0.44
18:34:39:374,2.57,3.38,0.58
18:34:39:391,1.66,4.05,-0.00
18:34:39:409,1.54,3.67,-0.58
18:34:39:409,0.92,3.05,-0.56
18:34:39:409,0.80,2.41,-0.25
18:34:39:409,1.38,4.55,-0.42
18:34:39:409,2.64,6.54,-0.42
18:34:39:537,6.05,4.25,0.65
18:34:39:537,8.00,1.75,1.21
18:34:39:554,8.00,1.58,1.40
18:34:39:554,8.00,1.57,1.55
18:34:39:572,8.00,0.45,1.97
18:34:39:607,8.00,-1.39,2.08
18:34:39:607,8.00,-2.21,1.96
18:34:39:744,8.00,-2.04,1.78
18:34:39:744,8.00,-1.53,1.45
18:34:39:779,8.00,-2.31,1.33
18:34:39:779,8.00,-2.71,1.14
18:34:39:814,8.00,-2.99,0.52
18:34:39:867,8.00,-3.81,0.09
18:34:39:885,8.00,-4.23,0.03
18:34:39:902,8.00,-5.15,-0.19
18:34:39:902,7.26,-6.18,-1.00
18:34:39:938,5.52,-7.29,-2.05
18:34:39:956,3.80,-7.88,-2.22
18:34:39:991,2.64,-7.85,-1.95
18:34:40:25,1.72,-7.58,-2.39
18:34:40:43,1.34,-7.71,-2.39
18:34:40:43,1.47,-7.41,-2.05
18:34:40:60,2.87,-7.39,-1.71
18:34:40:60,4.11,-6.87,-1.51
18:34:40:60,6.31,-5.94,-0.85
18:34:40:60,8.00,-5.81,0.23
18:34:40:60,8.00,-3.97,-0.04
18:34:40:77,8.00,-3.42,0.67
18:34:40:77,8.00,-3.34,0.82
18:34:40:94,8.00,-2.48,0.55
18:34:40:94,8.00,-2.00,0.92
18:34:40:94,8.00,-0.78,1.24
18:34:40:112,8.00,0.35,1.30
18:34:40:112,8.00,-0.05,0.65
18:34:40:130,8.00,-0.93,0.54
18:34:40:147,8.00,-0.41,0.64
18:34:40:147,6.78,0.95,0.72
18:34:40:182,6.45,3.96,1.10
18:34:40:217,5.53,7.08,0.47
18:34:40:251,2.23,6.26,0.41
18:34:40:267,1.68,3.42,0.10
18:34:40:284,0.49,4.04,-0.66
18:34:40:285,0.50,4.98,-0.39
18:34:40:302,1.33,4.69,0.08
18:34:40:302,3.13,6.13,0.47
18:34:40:406,4.32,5.81,0.07
18:34:40:406,7.64,2.50,0.60
18:34:40:423,8.00,-0.16,0.97
18:34:40:457,8.00,-0.22,1.55
18:34:40:457,8.00,-0.53,2.24
18:34:40:457,8.00,-0.71,2.64
18:34:40:474,8.00,-1.26,2.03
18:34:40:491,8.00,-2.77,1.88
18:34:40:509,8.00,-3.09,1.92
18:34:40:578,8.00,-2.53,1.92
18:34:40:596,8.00,-2.76,2.00
18:34:40:613,8.00,-2.13,0.87
18:34:40:631,8.00,-3.50,0.07
18:34:40:648,8.00,-4.36,0.03
18:34:40:665,8.00,-3.62,0.28
18:34:40:702,7.47,-4.63,-0.13
18:34:40:773,6.43,-5.65,-0.98
18:34:40:773,4.53,-5.91,-1.47
18:34:40:807,3.23,-6.38,-1.62
18:34:40:807,2.50,-7.02,-1.76
18:34:40:827,2.07,-7.21,-2.08
18:34:40:845,1.94,-7.17,-1.99
18:34:40:862,2.96,-7.89,-1.88
18:34:40:914,3.61,-6.80,-1.55
18:34:40:935,5.51,-5.19,-0.83
18:34:40:952,7.28,-4.51,0.03
18:34:40:967,8.00,-5.06,0.26
18:34:41:37,8.00,-4.50,0.13
18:34:41:72,8.00,-3.46,0.24
18:34:41:107,8.00,-2.30,0.92
18:34:41:141,8.00,-1.08,1.67
18:34:41:162,8.00,-0.72,1.51
18:34:41:178,8.00,-0.37,1.31
18:34:41:196,8.00,1.04,1.63
18:34:41:196,8.00,-0.16,0.65
18:34:41:250,8.00,-0.03,0.89
18:34:41:338,7.30,0.92,1.11
18:34:41:356,6.05,3.12,1.35
18:34:41:357,4.69,3.93,1.08
18:34:41:392,4.12,4.62,0.66
18:34:41:428,2.64,4.42,0.07
18:34:41:480,1.69,3.91,0.10
18:34:41:515,0.88,3.36,-0.04
18:34:41:548,1.10,3.18,-0.02
18:34:41:582,1.76,3.68,0.33
18:34:41:582,2.69,5.28,0.08
18:34:41:704,4.62,4.28,-0.20
18:34:41:704,6.45,1.25,0.20
18:34:41:723,8.00,-1.08,0.59
18:34:41:758,8.00,-0.73,0.68
18:34:41:758,8.00,-0.53,1.61
18:34:41:830,8.00,-0.59,1.93
18:34:41:848,8.00,-1.13,1.63
18:34:41:848,8.00,-2.25,1.64
18:34:41:866,8.00,-3.00,1.50
18:34:41:884,8.00,-3.08,1.51
18:34:41:884,8.00,-2.96,1.67
18:34:41:884,8.00,-2.61,0.77
18:34:41:884,8.00,-3.43,0.17
18:34:41:901,8.00,-3.40,0.00
18:34:41:937,8.00,-3.09,0.11
18:34:41:937,7.24,-3.86,-0.28
18:34:41:937,6.38,-5.14,-0.75
18:34:41:937,5.27,-4.97,-0.79
18:34:41:988,4.25,-4.96,-0.87
18:34:42:7,3.21,-5.79,-1.43
18:34:42:25,2.41,-6.32,-1.51
18:34:42:64,1.97,-5.92,-1.17
18:34:42:64,2.00,-5.44,-0.70
18:34:42:81,3.02,-6.38,-0.88
18:34:42:81,3.42,-6.92,-0.76
18:34:42:98,5.07,-4.72,0.23
18:34:42:115,7.23,-2.25,1.40
18:34:42:151,8.00,-1.89,1.85
18:34:42:206,8.00,-2.58,1.50
18:34:42:223,8.00,-1.17,2.37
18:34:42:259,8.00,-0.25,1.71
18:34:42:280,8.00,-1.25,1.71
18:34:42:350,8.00,-0.86,1.84
18:34:42:367,8.00,-1.02,1.36
18:34:42:367,8.00,0.04,1.97
18:34:42:421,8.00,1.36,1.66
18:34:42:458,8.00,1.41,1.62
18:34:42:477,7.26,1.87,1.40
18:34:42:511,5.95,1.68,0.89
18:34:42:581,4.88,0.96,0.73
18:34:42:616,4.14,0.76,0.64
18:34:42:617,3.50,1.27,0.51
18:34:42:634,2.78,2.07,0.67
18:34:42:668,2.09,1.97,0.51
18:34:42:720,1.45,1.66,0.35
18:34:42:737,0.82,1.53,0.31
18:34:42:771,0.80,1.08,0.22
18:34:42:774,1.29,0.52,0.22
18:34:42:830,2.19,0.77,0.03
18:34:42:847,3.19,1.18,0.08
18:34:42:935,4.96,0.36,0.41
18:34:42:969,5.91,-0.60,0.84
18:34:42:969,6.41,-0.75,1.25
18:34:42:987,7.03,-1.00,1.32
18:34:42:987,7.71,-1.22,1.35
18:34:43:4,8.00,-1.21,1.54
18:34:43:5,8.00,-1.08,1.64
18:34:43:5,8.00,-1.13,1.54
18:34:43:23,8.00,-1.62,1.57
18:34:43:23,8.00,-1.87,1.37
18:34:43:24,8.00,-1.94,0.62
18:34:43:94,7.59,-2.15,-1.28
18:34:43:111,6.68,-1.97,-2.03
18:34:43:111,5.67,-2.95,-2.45
18:34:43:147,4.84,-2.56,-2.31
18:34:43:147,4.46,-2.16,-2.30
18:34:43:147,4.27,-2.08,-2.17
18:34:43:165,3.81,-1.44,-1.84
18:34:43:165,3.73,-1.13,-1.58
18:34:43:182,3.52,-1.04,-1.39
18:34:43:182,3.22,-0.99,-1.39
18:34:43:236,3.12,-1.17,-1.27
18:34:43:253,3.18,-1.30,-1.05
18:34:43:289,3.15,-1.16,-0.73
18:34:43:339,3.29,-1.32,-0.42
18:34:43:340,3.67,-1.55,-0.27
18:34:43:358,4.30,-1.87,0.04
18:34:43:358,4.71,-1.58,0.36
18:34:43:376,4.79,-1.15,0.47
18:34:43:392,4.56,-1.07,0.65
18:34:43:393,4.39,-1.27,0.77
18:34:43:446,4.53,-1.41,0.86
18:34:43:479,4.56,-1.42,0.75
18:34:43:514,4.57,-1.38,0.84
18:34:43:530,4.36,-1.43,0.79
18:34:43:531,4.18,-1.44,0.85
18:34:43:548,3.94,-1.49,0.83
18:34:43:548,3.86,-1.72,0.82
18:34:43:635,3.92,-1.61,0.99
18:34:43:635,4.05,-1.47,0.98
18:34:43:670,3.98,-1.35,1.02
18:34:43:704,3.88,-1.12,1.11
18:34:43:739,3.81,-1.06,1.13
18:34:43:739,3.75,-0.81,1.14
18:34:43:757,3.93,-0.75,1.04
18:34:43:844,3.95,-0.98,0.94
18:34:43:862,3.95,-1.10,0.78
18:34:43:880,4.12,-1.09,0.73
18:34:43:913,4.12,-0.96,0.77
18:34:43:982,3.74,-0.94,0.67
18:34:43:999,3.42,-1.11,0.80
18:34:44:50,3.36,-1.17,0.94
18:34:44:87,3.62,-1.13,1.08
18:34:44:229,3.80,-1.00,1.07
18:34:44:229,3.78,-0.95,1.10
18:34:44:246,3.70,-0.94,1.06
18:34:44:264,3.70,-1.06,0.96
18:34:44:282,3.64,-1.26,0.85
18:34:44:353,3.56,-1.35,0.83
18:34:44:405,3.64,-1.39,0.82
18:34:44:423,3.64,-1.32,0.82
18:34:44:441,3.54,-1.34,0.75
18:34:44:457,3.53,-1.36,0.70
18:34:44:527,3.51,-1.50,0.73
18:34:44:527,3.40,-1.56,0.77
18:34:44:599,3.29,-1.45,0.72
18:34:44:617,3.34,-1.39,0.71
18:34:44:721,3.47,-1.33,0.77
18:34:44:721,3.72,-1.19,0.71
18:34:44:721,3.99,-1.28,0.65
18:34:44:721,4.29,-1.27,0.55
18:34:44:721,4.56,-1.32,0.45
18:34:44:864,4.60,-1.25,0.38
18:34:44:969,4.22,-1.12,0.28
18:34:44:988,3.67,-1.20,0.16
18:34:45:5,3.39,-1.19,0.22
18:34:45:93,3.66,-1.41,0.29
18:34:45:146,3.77,-1.34,0.37
18:34:45:146,3.76,-1.25,0.37
18:34:45:146,4.09,-1.50,0.58
18:34:45:179,4.03,-0.76,1.20
18:34:45:250,4.06,-0.67,1.17
18:34:45:304,3.88,-0.95,0.81
18:34:45:357,3.77,-0.92,0.57
18:34:45:461,3.80,-0.89,0.52
18:34:45:513,3.85,-0.81,0.58
18:34:45:513,3.99,-0.79,0.57
18:34:45:513,4.04,-0.87,0.47
18:34:45:531,3.98,-1.00,0.43
18:34:45:636,3.90,-1.20,0.51
18:34:45:636,3.86,-1.25,0.56
18:34:45:636,3.86,-1.29,0.59
18:34:45:636,3.88,-1.28,0.56
18:34:45:807,3.85,-1.28,0.55
18:34:45:807,3.82,-1.27,0.55
18:34:45:807,3.81,-1.17,0.51
18:34:45:807,3.85,-1.09,0.49
18:34:45:807,3.86,-0.94,0.53
18:34:45:807,3.86,-0.82,0.57
18:34:45:807,3.88,-0.89,0.59
18:34:45:827,3.92,-0.88,0.66
18:34:45:827,3.96,-0.77,0.64
18:34:45:827,3.96,-0.92,0.62
18:34:45:843,3.85,-0.96,0.61
18:34:45:861,3.84,-0.95,0.67
18:34:46:211,3.86,-1.04,0.66
18:34:46:211,3.87,-1.10,0.64
18:34:46:211,3.89,-1.15,0.62
18:34:46:211,3.84,-1.13,0.59
18:34:46:280,3.84,-1.14,0.59
18:34:46:317,3.86,-1.13,0.59
18:34:46:369,3.90,-1.14,0.54
18:34:46:403,3.90,-1.20,0.48
18:34:46:403,3.84,-1.14,0.57
18:34:46:420,3.78,-1.09,0.61
18:34:46:472,3.82,-1.20,0.59
18:34:46:472,3.84,-1.15,0.61
18:34:46:472,3.82,-1.18,0.57
18:34:46:594,3.84,-1.20,0.58
18:34:46:594,3.85,-1.22,0.61
18:34:46:611,3.82,-1.22,0.57
18:34:46:611,3.82,-1.29,0.58
18:34:46:611,3.82,-1.21,0.60
18:34:46:681,3.87,-1.15,0.58
18:34:46:681,3.85,-1.16,0.59
18:34:46:783,3.82,-1.10,0.63
18:34:46:800,3.85,-1.20,0.61
18:34:46:801,3.83,-1.17,0.57
18:34:46:801,3.83,-1.23,0.59
18:34:46:801,3.81,-1.22,0.64
18:34:46:801,3.79,-1.16,0.67
18:34:46:801,3.79,-1.21,0.66
18:34:46:925,3.83,-1.20,0.64
18:34:46:925,3.78,-1.20,0.65
18:34:46:925,3.84,-1.23,0.66
18:34:46:925,3.88,-1.19,0.67
18:34:46:925,3.84,-1.24,0.63
18:34:46:925,3.79,-1.20,0.67
18:34:46:942,3.78,-1.18,0.62
18:34:46:976,3.80,-1.21,0.61
18:34:46:976,3.82,-1.25,0.64
18:34:46:976,3.82,-1.28,0.63
18:34:47:64,3.82,-1.27,0.64
18:34:47:64,3.81,-1.22,0.63
18:34:47:64,3.82,-1.24,0.63
18:34:47:64,3.84,-1.17,0.65
18:34:47:64,3.80,-1.16,0.65
18:34:47:64,3.79,-1.13,0.67
18:34:47:64,3.81,-1.19,0.67
18:34:47:82,3.82,-1.20,0.64
18:34:47:82,3.81,-1.21,0.66
18:34:47:82,3.80,-1.27,0.65
18:34:47:82,3.80,-1.28,0.64
18:34:47:82,3.81,-1.27,0.67
18:34:47:82,3.78,-1.22,0.69
18:34:47:82,3.77,-1.23,0.68
18:34:47:98,3.78,-1.22,0.63
18:34:47:98,3.79,-1.21,0.65
18:34:47:98,3.73,-1.20,0.65
18:34:47:98,3.82,-1.22,0.66
18:34:47:151,3.83,-1.28,0.65
18:34:47:151,3.78,-1.34,0.65
18:34:47:242,3.75,-1.27,0.63
18:34:47:259,3.75,-1.25,0.62
18:34:47:259,3.78,-1.28,0.60
18:34:47:309,3.79,-1.28,0.59
18:34:47:347,3.78,-1.38,0.57
18:34:47:347,3.75,-1.37,0.58
18:34:47:347,3.77,-1.32,0.58
18:34:47:347,3.80,-1.34,0.56
18:34:47:347,3.80,-1.46,0.59
18:34:47:486,3.80,-1.41,0.63
18:34:47:503,3.79,-1.33,0.60
18:34:47:503,3.83,-1.28,0.62
18:34:47:503,3.87,-1.22,0.65
18:34:47:624,3.85,-1.10,0.71
18:34:47:624,3.90,-1.02,0.72
18:34:47:624,3.89,-0.86,0.85
18:34:47:624,4.04,-0.52,0.81
18:34:47:659,4.05,-0.40,1.00
18:34:47:659,3.91,-0.20,1.10
18:34:47:659,3.95,-0.24,1.04
18:34:47:659,4.00,-0.18,1.08
18:34:47:677,4.02,0.41,1.24
18:34:47:677,4.02,0.80,1.27
18:34:47:695,4.44,0.54,1.28
18:34:47:769,4.91,0.60,1.24
18:34:47:840,5.04,0.69,1.25
18:34:47:840,4.67,0.60,1.22
18:34:47:856,4.54,0.35,1.13
18:34:47:856,4.72,0.11,1.05
18:34:47:856,4.82,0.11,0.98
18:34:47:957,4.98,0.07,0.95
18:34:47:957,5.02,-0.16,1.01
18:34:47:957,5.18,-0.13,1.07
18:34:47:957,5.10,0.06,1.12
18:34:47:975,4.98,-0.13,1.13
18:34:47:975,4.83,-0.54,1.21
18:34:47:975,4.52,-0.39,1.27
18:34:47:993,4.34,-0.50,1.30
18:34:48:10,4.31,-1.05,1.23
18:34:48:10,4.25,-1.49,1.09
18:34:48:10,3.87,-1.58,1.12
18:34:48:10,3.74,-1.91,0.97
18:34:48:10,3.36,-2.19,0.59
18:34:48:10,3.21,-2.71,0.29
18:34:48:10,3.38,-3.14,-0.02
18:34:48:10,3.51,-3.93,-0.45
18:34:48:27,3.47,-3.55,-0.51
18:34:48:27,3.73,-2.85,-0.12
18:34:48:27,4.10,-2.63,0.18
18:34:48:27,4.47,-2.58,0.39
18:34:48:27,4.92,-2.41,0.43
18:34:48:27,5.60,-2.41,0.36
18:34:48:45,6.81,-2.79,0.42
18:34:48:45,8.00,-3.11,0.55
18:34:48:61,8.00,-2.37,0.89
18:34:48:130,8.00,-1.45,0.73
18:34:48:130,8.00,-1.93,0.13
18:34:48:130,8.00,-2.02,1.23
18:34:48:148,8.00,-1.51,0.99
18:34:48:148,8.00,-2.49,0.35
18:34:48:148,8.00,-2.61,0.27
18:34:48:165,7.78,-1.93,0.11
18:34:48:183,6.99,-1.42,0.56
18:34:48:183,6.33,-0.97,0.55
18:34:48:183,5.28,-0.32,0.44
18:34:48:183,4.56,0.57,0.21
18:34:48:201,3.32,0.59,0.18
18:34:48:219,2.42,1.36,0.20
18:34:48:237,2.40,1.94,0.15
18:34:48:288,1.87,2.73,0.15
18:34:48:306,0.86,2.64,0.21
18:34:48:323,0.95,2.34,0.26
18:34:48:342,1.48,3.20,0.08
18:34:48:377,3.39,3.06,0.29
18:34:48:377,5.83,1.89,0.75
18:34:48:394,8.00,1.59,1.03
18:34:48:395,7.33,1.82,0.93
18:34:48:412,7.95,1.36,1.33
18:34:48:431,8.00,0.34,1.61
18:34:48:449,8.00,-0.64,1.65
18:34:48:499,8.00,-1.31,1.79
18:34:48:499,8.00,-1.63,1.79
18:34:48:535,8.00,-1.33,1.97
18:34:48:571,8.00,-0.57,1.92
18:34:48:658,8.00,-0.55,1.29
18:34:48:658,8.00,-1.65,0.87
18:34:48:674,8.00,-3.13,0.29
18:34:48:710,8.00,-3.63,-0.02
18:34:48:747,8.00,-4.21,-0.28
18:34:48:764,7.62,-4.75,-1.05
18:34:48:780,6.07,-5.59,-1.56
18:34:48:814,4.56,-7.53,-1.78
18:34:48:848,2.76,-8.00,-2.23
18:34:48:850,1.94,-7.52,-1.98
18:34:48:888,1.62,-6.68,-1.46
18:34:48:888,2.69,-7.22,-1.60
18:34:48:905,2.61,-6.65,-1.50
18:34:48:923,3.67,-5.34,-0.86
18:34:48:940,5.86,-4.90,-0.14
18:34:48:940,8.00,-4.99,0.26
18:34:48:958,8.00,-4.23,-0.00
18:34:49:29,8.00,-2.89,0.33
18:34:49:47,8.00,-1.41,0.98
18:34:49:47,8.00,-1.77,1.60
18:34:49:81,8.00,-2.62,1.21
18:34:49:82,8.00,-1.71,1.00
18:34:49:82,8.00,-0.08,1.70
18:34:49:171,8.00,-0.03,1.18
18:34:49:207,8.00,-0.41,0.75
18:34:49:207,8.00,-0.31,0.81
18:34:49:223,6.93,0.84,0.88
18:34:49:225,5.14,3.41,1.16
18:34:49:260,4.37,5.16,0.98
18:34:49:294,2.67,6.08,0.76
18:34:49:294,2.04,4.88,0.98
18:34:49:331,1.54,4.25,1.26
18:34:49:350,2.31,6.31,1.29
18:34:49:383,2.96,7.78,0.52
18:34:49:385,5.93,3.68,1.18
18:34:49:402,7.54,0.99,0.96
18:34:49:419,8.00,0.78,0.91
18:34:49:437,8.00,1.07,0.97
18:34:49:454,8.00,0.22,1.40
18:34:49:472,8.00,-1.35,1.36
18:34:49:490,8.00,-2.30,1.32
18:34:49:490,8.00,-2.21,1.31
18:34:49:578,8.00,-2.16,1.20
18:34:49:596,8.00,-2.30,1.11
18:34:49:612,8.00,-2.82,0.65
18:34:49:612,8.00,-3.95,0.30
18:34:49:647,8.00,-4.24,0.01
18:34:49:647,7.98,-4.87,-0.04
18:34:49:735,6.51,-5.63,-0.08
18:34:49:770,4.79,-6.58,-0.11
18:34:49:788,3.41,-6.78,0.09
18:34:49:805,2.73,-6.35,0.38
18:34:49:824,2.18,-6.25,0.13
18:34:49:842,1.82,-6.23,-0.42
18:34:49:860,2.02,-5.94,-0.49
18:34:49:860,2.93,-6.44,-0.67
18:34:49:932,4.18,-6.62,-0.84
18:34:49:949,5.84,-5.32,-0.62
18:34:49:949,7.93,-3.71,-0.07
18:34:49:966,8.00,-4.05,0.21
18:34:49:985,8.00,-3.98,0.23
18:34:50:3,8.00,-3.01,0.41
18:34:50:3,8.00,-2.15,0.82
18:34:50:39,8.00,-1.86,0.70
18:34:50:96,8.00,-2.11,0.64
18:34:50:113,8.00,-1.26,1.23
18:34:50:148,8.00,-0.29,1.31
18:34:50:165,8.00,-1.27,1.06
18:34:50:182,8.00,-0.84,0.55
18:34:50:201,7.52,-0.15,0.69
18:34:50:218,6.30,0.66,0.75
18:34:50:251,4.97,1.63,0.57
18:34:50:306,3.77,1.99,0.40
18:34:50:341,2.98,2.64,0.52
18:34:50:359,1.97,3.04,0.37
18:34:50:359,1.49,3.25,0.16
18:34:50:376,1.12,2.24,0.15
18:34:50:429,1.70,1.98,0.61
18:34:50:467,2.61,4.52,0.23
18:34:50:484,3.99,5.27,0.18
18:34:50:484,6.39,2.01,0.68
18:34:50:503,7.42,-0.30,0.87
18:34:50:521,7.81,-1.02,0.98
18:34:50:539,8.00,-0.85,1.36
18:34:50:557,8.00,-0.28,1.79
18:34:50:574,8.00,-0.58,2.03
18:34:50:592,8.00,-0.85,1.79
18:34:50:611,8.00,-1.39,1.69
18:34:50:629,8.00,-2.33,2.01
18:34:50:647,8.00,-2.42,2.31
18:34:50:664,8.00,-2.24,1.36
18:34:50:681,8.00,-2.85,0.41
18:34:50:720,8.00,-3.32,0.41
18:34:50:737,8.00,-2.86,0.30
18:34:50:737,7.31,-3.67,0.01
18:34:50:755,6.77,-4.38,-0.47
18:34:50:772,6.07,-4.61,-1.09
18:34:50:815,5.01,-4.56,-1.45
18:34:50:833,3.92,-4.81,-1.64
18:34:50:868,3.22,-5.39,-1.79
18:34:50:868,2.97,-5.54,-1.77
18:34:50:868,2.69,-5.07,-1.85
18:34:50:885,2.44,-4.59,-1.54
18:34:50:919,2.81,-4.60,-1.29
18:34:50:920,3.86,-4.97,-1.13
18:34:50:953,4.96,-5.07,-0.82
18:34:51:5,6.72,-3.52,-0.91
18:34:51:5,8.00,-3.83,-0.91
18:34:51:22,8.00,-5.16,-0.12
18:34:51:40,8.00,-3.39,0.05
18:34:51:59,8.00,-1.83,0.37
18:34:51:92,8.00,-1.36,1.25
18:34:51:143,8.00,-0.69,0.93
18:34:51:195,8.00,0.35,1.02
18:34:51:265,8.00,0.66,1.10
18:34:51:265,8.00,0.24,0.88
18:34:51:282,8.00,0.11,0.73
18:34:51:300,7.08,0.17,0.51
18:34:51:300,6.37,0.52,0.36
18:34:51:338,5.38,1.07,0.26
18:34:51:389,4.58,1.32,0.06
18:34:51:408,3.50,1.55,0.02
18:34:51:411,2.72,1.62,-0.07
18:34:51:428,2.23,1.62,-0.15
18:34:51:446,1.53,2.03,-0.09
18:34:51:482,0.85,1.89,-0.25
18:34:51:535,0.23,1.35,-0.05
18:34:51:553,0.20,0.44,0.12
18:34:51:588,0.90,0.20,0.06
18:34:51:606,2.11,1.10,0.09
18:34:51:640,3.02,1.33,0.16
18:34:51:657,3.70,-0.04,0.67
18:34:51:675,4.92,-1.64,0.67
18:34:51:692,5.81,-2.70,0.95
18:34:51:727,6.17,-2.80,0.73
18:34:51:816,6.40,-2.22,1.02
18:34:51:833,6.39,-2.93,1.24
18:34:51:849,5.88,-4.44,1.84
18:34:51:923,6.56,-4.20,2.09
18:34:51:941,6.98,-2.84,2.12
18:34:51:958,7.37,-2.32,2.73
18:34:51:959,7.48,-2.16,2.93
18:34:51:994,6.79,-3.09,2.78
18:34:51:994,6.64,-3.50,2.91
18:34:52:12,5.68,-3.87,2.40
18:34:52:30,4.83,-3.60,2.65
18:34:52:118,4.14,-2.84,2.70
18:34:52:136,3.86,-2.31,2.95
18:34:52:154,3.95,-2.45,2.99
18:34:52:279,3.68,-2.39,2.88
18:34:52:296,3.44,-2.10,2.78
18:34:52:329,3.35,-2.11,2.42
18:34:52:346,3.41,-2.08,1.97
18:34:52:363,3.52,-1.73,1.49
18:34:52:364,3.73,-1.91,0.94
18:34:52:364,4.06,-1.85,0.31
18:34:52:434,5.14,-1.86,-0.19
18:34:52:453,6.20,-1.64,-0.50
18:34:52:453,4.89,-0.60,-1.26
18:34:52:470,4.71,-0.25,-1.46
18:34:52:523,4.52,-0.30,-1.28
18:34:52:612,4.78,-0.18,-1.48
18:34:52:682,4.56,-0.26,-1.56
18:34:52:717,4.36,-0.34,-1.77
18:34:52:734,3.94,-0.56,-1.65
18:34:52:784,4.25,-0.61,-1.66
18:34:52:855,4.42,-0.12,-1.73
18:34:52:855,4.31,-0.25,-1.62
18:34:52:924,4.25,-0.29,-1.41
18:34:53:45,4.58,-0.18,-1.42
18:34:53:78,4.56,-0.10,-1.44
18:34:53:80,4.18,-0.16,-1.37
18:34:53:166,4.26,-0.17,-1.36
18:34:53:201,4.43,-0.11,-1.32
18:34:53:201,4.41,-0.30,-1.15
18:34:53:201,4.39,-0.25,-0.96
18:34:53:201,4.54,-0.10,-0.78
18:34:53:219,4.52,0.00,-0.54
18:34:53:219,4.34,-0.18,-0.25
18:34:53:219,4.32,-0.18,0.07
18:34:53:253,4.33,-0.24,0.34
18:34:53:253,4.33,-0.49,0.47
18:34:53:269,4.34,-0.59,0.60
18:34:53:309,4.20,-0.46,0.79
18:34:53:309,4.13,-0.63,0.89
18:34:53:309,3.92,-0.81,0.92
18:34:53:365,3.87,-1.01,0.88
18:34:53:399,3.70,-1.09,0.83
18:34:53:399,3.66,-1.16,0.92
18:34:53:399,3.76,-1.21,0.89
18:34:53:455,4.01,-1.00,0.87
18:34:53:560,4.13,-0.83,1.05
18:34:53:560,4.33,-0.78,1.10
18:34:53:560,4.14,-0.96,1.06
18:34:53:613,3.76,-1.04,0.87
18:34:53:647,3.45,-1.08,0.85
18:34:53:684,3.17,-0.99,0.83
18:34:53:754,3.19,-0.99,0.78
18:34:53:754,3.42,-1.08,0.63
18:34:53:754,3.54,-1.06,0.59
18:34:53:805,3.64,-1.17,0.56
18:34:53:896,3.65,-1.10,0.60
18:34:53:914,3.72,-1.25,0.54
18:34:53:931,3.76,-1.30,0.57
18:34:53:949,3.92,-1.22,0.60
18:34:53:966,4.13,-1.06,0.61
18:34:53:966,4.27,-0.92,0.66
18:34:53:984,4.27,-0.82,0.79
18:34:54:53,4.19,-0.67,0.82
18:34:54:89,4.15,-0.72,0.71
18:34:54:89,4.09,-0.36,0.83
18:34:54:89,3.99,-0.62,0.86
18:34:54:249,4.04,-0.75,0.80
18:34:54:249,4.10,-0.87,0.78
18:34:54:249,4.02,-0.71,0.75
18:34:54:249,3.97,-0.69,0.73
18:34:54:285,3.83,-0.66,0.77
18:34:54:285,3.79,-0.66,0.66
18:34:54:302,3.81,-0.93,0.55
18:34:54:302,3.78,-1.10,0.58
18:34:54:302,3.75,-1.07,0.57
18:34:54:303,3.65,-1.12,0.57
18:34:54:319,3.66,-1.20,0.59
18:34:54:319,3.75,-1.34,0.54
18:34:54:319,3.85,-1.42,0.55
18:34:54:319,3.89,-1.39,0.64
18:34:54:338,3.97,-1.33,0.73
18:34:54:338,3.95,-1.38,0.71
18:34:54:338,3.83,-1.48,0.69
18:34:54:356,3.90,-1.72,0.83
18:34:54:460,3.76,-1.08,1.04
18:34:54:495,3.75,-0.89,1.04
18:34:54:512,3.70,-0.91,0.91
18:34:54:619,3.73,-0.88,0.71
18:34:54:638,3.85,-1.06,0.54
18:34:54:638,3.85,-1.20,0.54
18:34:54:638,3.81,-1.21,0.56
18:34:54:674,3.79,-1.09,0.60
18:34:54:674,3.84,-1.05,0.66
18:34:54:674,3.82,-1.05,0.71
18:34:54:674,3.87,-1.14,0.69
18:34:54:674,3.88,-1.24,0.67
18:34:54:674,3.81,-1.25,0.68
18:34:54:674,3.72,-1.28,0.68
18:34:54:691,3.75,-1.34,0.67
18:34:54:691,3.81,-1.40,0.67
18:34:54:709,3.80,-1.37,0.70
18:34:54:782,3.75,-1.29,0.70
18:34:54:834,3.81,-1.31,0.68
18:34:54:871,3.83,-1.34,0.71
18:34:54:888,3.79,-1.23,0.70
18:34:54:921,3.79,-1.19,0.69
18:34:54:956,3.82,-1.16,0.68
18:34:55:46,3.80,-1.14,0.66
18:34:55:46,3.81,-1.15,0.68
18:34:55:63,3.87,-1.18,0.68
18:34:55:63,3.85,-1.14,0.69
18:34:55:116,3.81,-1.10,0.72
18:34:55:168,3.77,-1.17,0.68
18:34:55:168,3.78,-1.12,0.72
18:34:55:168,3.78,-1.24,0.69
18:34:55:201,3.82,-1.23,0.64
18:34:55:236,3.79,-1.26,0.73
18:34:55:253,3.83,-1.21,0.70
