17:26:50:939,3.71,0.38,-1.43
17:26:50:962,3.77,0.36,-1.45
17:26:50:978,3.79,0.37,-1.39
17:26:51:0,3.77,0.32,-1.42
17:26:51:2,3.78,0.34,-1.41
17:26:51:63,3.77,0.35,-1.43
17:26:51:118,3.77,0.32,-1.43
17:26:51:148,3.81,0.28,-1.40
17:26:51:173,3.80,0.36,-1.39
17:26:51:197,3.79,0.40,-1.41
17:26:51:217,3.76,0.32,-1.48
17:26:51:227,3.78,0.31,-1.43
17:26:51:232,3.80,0.40,-1.38
17:26:51:267,3.75,0.31,-1.43
17:26:51:338,3.79,0.35,-1.44
17:26:51:364,3.81,0.30,-1.47
17:26:51:415,3.76,0.38,-1.43
17:26:51:429,3.78,0.33,-1.39
17:26:51:501,3.79,0.37,-1.43
17:26:51:546,3.74,0.36,-1.42
17:26:51:551,3.78,0.28,-1.45
17:26:51:572,3.82,0.37,-1.40
17:26:51:658,3.73,0.38,-1.43
17:26:51:668,3.77,0.30,-1.50
17:26:51:680,3.77,0.33,-1.42
17:26:51:706,3.78,0.33,-1.43
17:26:51:710,3.77,0.33,-1.48
17:26:51:740,3.73,0.40,-1.44
17:26:51:763,3.77,0.36,-1.43
17:26:51:785,3.79,0.33,-1.43
17:26:51:851,3.79,0.34,-1.43
17:26:51:879,3.77,0.34,-1.40
17:26:51:904,3.74,0.34,-1.44
17:26:51:956,3.79,0.35,-1.43
17:26:51:961,3.79,0.35,-1.44
17:26:52:21,3.76,0.36,-1.43
17:26:52:57,3.75,0.33,-1.45
17:26:52:68,3.77,0.32,-1.47
17:26:52:79,3.78,0.34,-1.42
17:26:52:93,3.77,0.32,-1.43
17:26:52:98,3.77,0.33,-1.45
17:26:52:135,3.78,0.39,-1.43
17:26:52:219,3.78,0.35,-1.44
17:26:52:235,3.76,0.31,-1.43
17:26:52:246,3.81,0.29,-1.47
17:26:52:294,3.80,0.37,-1.47
17:26:52:323,3.77,0.37,-1.45
17:26:52:323,3.80,0.35,-1.46
17:26:52:348,3.75,0.34,-1.43
17:26:52:395,3.76,0.36,-1.45
17:26:52:417,3.76,0.35,-1.45
17:26:52:427,3.74,0.37,-1.45
17:26:52:431,3.77,0.37,-1.42
17:26:52:469,3.76,0.30,-1.43
17:26:52:474,3.73,0.33,-1.44
17:26:52:488,3.79,0.40,-1.38
17:26:52:510,3.84,0.45,-1.41
17:26:52:639,3.77,0.33,-1.43
17:26:52:644,3.81,0.34,-1.58
17:26:52:669,3.78,0.53,-1.40
17:26:52:714,3.77,0.44,-1.40
17:26:52:739,3.78,0.35,-1.38
17:26:52:752,3.82,0.20,-1.46
17:26:52:759,3.83,0.35,-1.49
17:26:52:787,3.84,0.44,-1.42
17:26:52:792,3.93,0.18,-1.38
17:26:52:797,3.91,0.30,-1.36
17:26:52:807,3.93,0.27,-1.38
17:26:52:817,4.10,0.20,-1.35
17:26:52:827,4.20,0.34,-1.42
17:26:52:912,4.51,0.57,-1.48
17:26:52:912,5.24,-0.03,-1.63
17:26:52:912,6.29,-0.45,-1.28
17:26:52:930,7.05,-1.79,-1.05
17:26:52:935,7.87,-1.90,-1.04
17:26:52:945,7.77,-5.05,-4.06
17:26:52:954,3.42,1.05,-4.45
17:26:52:954,3.61,1.17,-2.69
17:26:52:962,0.80,-2.30,-1.40
17:26:52:967,1.19,-5.76,-1.90
17:26:52:972,1.11,-5.39,-0.92
17:26:53:1,2.02,-4.64,-0.86
17:26:53:8,3.67,-2.46,-0.27
17:26:53:18,5.47,-2.00,-0.65
17:26:53:27,7.08,-0.60,-1.52
17:26:53:40,8.00,1.17,-2.31
17:26:53:50,8.00,4.30,-2.31
17:26:53:75,6.38,5.97,-1.76
17:26:53:106,4.35,6.37,-2.52
17:26:53:112,3.74,7.50,-2.12
17:26:53:116,4.00,6.78,-1.49
17:26:53:132,4.75,3.70,-1.51
17:26:53:142,5.59,-6.33,1.05
17:26:53:152,8.00,4.23,1.19
17:26:53:182,4.00,1.17,-2.69
17:26:53:195,3.65,2.47,-0.05
17:26:53:216,4.39,2.21,-1.05
17:26:53:256,4.19,0.88,-1.03
17:26:53:309,3.79,-0.35,-1.17
17:26:53:319,3.61,-1.08,-1.56
17:26:53:329,4.00,0.17,-1.23
17:26:53:334,3.86,0.81,-1.50
17:26:53:380,2.97,-0.18,-1.37
17:26:53:388,3.61,-1.08,-1.77
17:26:53:432,3.48,-0.07,-1.87
17:26:53:458,3.70,0.26,-1.32
17:26:53:507,3.97,0.17,-1.12
17:26:53:519,3.94,0.21,-1.24
17:26:53:550,3.91,-0.14,-1.52
17:26:53:566,4.13,0.89,-1.30
17:26:53:581,4.38,1.03,-1.50
17:26:53:586,4.95,0.52,-1.59
17:26:53:617,5.86,-0.17,-0.90
17:26:53:663,5.95,-0.99,-0.97
17:26:53:681,6.66,-1.17,-1.41
17:26:53:690,7.74,-1.51,-2.00
17:26:53:710,8.00,-4.10,-3.83
17:26:53:728,8.00,-4.27,-4.29
17:26:53:743,8.00,-0.86,-6.36
17:26:53:768,5.58,-0.26,-4.80
17:26:53:842,0.08,-1.50,-2.45
17:26:53:854,1.35,-5.42,-0.80
17:26:53:859,0.72,-4.41,0.53
17:26:53:874,0.99,-4.08,-0.25
17:26:53:889,2.05,-2.72,-0.39
17:26:53:929,3.48,-1.62,-0.08
17:26:53:931,5.23,-0.85,0.06
17:26:53:974,6.79,0.19,-0.38
17:26:53:996,7.78,2.20,-1.25
17:26:54:7,8.00,2.83,-1.53
17:26:54:39,8.00,2.57,-1.79
17:26:54:59,7.65,2.63,-3.07
17:26:54:80,6.88,4.39,-2.94
17:26:54:107,5.21,6.32,-1.76
17:26:54:132,4.70,6.87,-1.51
17:26:54:157,4.02,5.88,-2.26
17:26:54:188,3.42,4.83,-2.52
17:26:54:203,5.04,2.84,-2.00
17:26:54:223,5.65,-2.28,2.75
17:26:54:247,8.00,0.75,5.09
17:26:54:279,6.60,-0.72,-2.50
17:26:54:296,4.99,3.25,-5.16
17:26:54:328,2.60,5.15,-1.26
17:26:54:353,4.85,0.96,-0.86
17:26:54:394,4.45,-1.85,-1.41
17:26:54:399,3.91,-0.78,-2.00
17:26:54:414,4.25,1.94,-0.68
17:26:54:446,3.92,0.01,-1.42
17:26:54:480,3.71,-0.35,-1.53
17:26:54:509,3.69,0.08,-1.39
17:26:54:534,3.99,0.40,-1.52
17:26:54:546,3.61,0.14,-1.70
17:26:54:559,3.43,-0.04,-1.92
17:26:54:604,3.86,0.08,-1.56
17:26:54:611,4.38,0.30,-1.32
17:26:54:636,4.85,0.01,-1.55
17:26:54:724,5.08,-0.19,-1.22
17:26:54:731,6.12,-0.47,-0.86
17:26:54:741,6.17,-0.82,-1.35
17:26:54:745,6.99,-1.46,-1.74
17:26:54:750,7.57,-2.77,-2.71
17:26:54:784,7.44,-6.89,-3.29
17:26:54:799,7.17,1.91,-3.04
17:26:54:836,7.97,-1.26,-5.81
17:26:54:875,5.10,-2.65,-3.74
17:26:54:906,2.07,-0.99,-3.89
17:26:54:909,0.96,-5.70,-0.36
17:26:54:909,0.77,-3.31,-0.22
17:26:54:968,1.23,-3.11,-0.54
17:26:54:978,2.64,-2.67,-0.31
17:26:54:997,3.65,-1.80,-0.73
17:26:55:12,5.66,-0.98,-0.75
17:26:55:74,7.03,0.27,-0.51
17:26:55:94,8.00,2.04,-1.03
17:26:55:112,8.00,2.46,-2.16
17:26:55:130,8.00,3.71,-2.56
17:26:55:130,7.51,5.13,-2.82
17:26:55:150,6.64,7.20,-2.62
17:26:55:177,5.36,8.00,-1.88
17:26:55:232,4.66,8.00,-2.08
17:26:55:253,4.42,8.00,-1.32
17:26:55:253,5.68,-5.26,0.25
17:26:55:286,6.75,-3.34,4.33
17:26:55:304,8.00,0.98,-3.01
17:26:55:323,5.53,2.85,-4.00
17:26:55:356,4.35,0.08,-3.19
17:26:55:378,4.98,1.75,-0.60
17:26:55:413,4.51,-0.11,-1.21
17:26:55:429,3.97,-1.59,-1.65
17:26:55:448,3.73,-1.32,-1.41
17:26:55:468,3.53,0.20,-2.29
17:26:55:485,3.50,0.43,-1.69
17:26:55:520,3.78,-0.91,-1.16
17:26:55:538,3.65,-0.53,-1.56
17:26:55:557,4.07,0.09,-1.75
17:26:55:595,4.01,0.15,-1.74
17:26:55:631,4.30,0.07,-1.63
17:26:55:649,4.57,0.19,-1.73
17:26:55:650,4.85,0.02,-1.72
17:26:55:688,5.39,-0.20,-1.63
17:26:55:706,5.52,-0.42,-1.36
17:26:55:727,5.83,-0.58,-1.53
17:26:55:798,6.50,-1.15,-1.99
17:26:55:822,7.80,-2.60,-2.13
17:26:55:822,7.76,-5.74,-2.68
17:26:55:834,5.95,-1.97,-3.43
17:26:55:865,8.00,-1.50,-4.12
17:26:55:883,5.74,0.71,-3.49
17:26:55:903,1.40,0.44,-4.29
17:26:55:933,1.27,-6.01,-2.05
17:26:55:982,0.97,-3.08,-0.24
17:26:55:987,0.90,-2.98,-0.79
17:26:55:987,2.08,-2.65,-0.51
17:26:56:25,2.99,-1.79,-0.17
17:26:56:61,4.18,-1.54,-0.49
17:26:56:61,5.59,-0.07,-0.74
17:26:56:134,7.28,1.24,-0.77
17:26:56:153,8.00,1.62,-1.55
17:26:56:171,8.00,1.96,-2.17
17:26:56:172,8.00,3.14,-2.98
17:26:56:190,8.00,5.02,-3.19
17:26:56:229,7.14,8.00,-1.75
17:26:56:247,4.48,8.00,-2.30
17:26:56:263,4.27,8.00,-3.16
17:26:56:282,5.75,5.83,-2.91
17:26:56:303,8.00,-8.00,6.20
17:26:56:339,8.00,8.00,-2.17
17:26:56:379,1.58,-1.88,-2.68
17:26:56:379,3.24,3.58,-2.18
17:26:56:396,4.40,3.90,-0.68
17:26:56:433,4.29,1.07,-1.12
17:26:56:451,3.43,-1.44,-1.35
17:26:56:508,4.00,-2.04,-1.61
17:26:56:525,3.86,-0.26,-1.81
17:26:56:528,3.67,1.13,-1.60
17:26:56:547,3.71,-0.06,-0.90
17:26:56:568,3.73,-0.61,-1.48
17:26:56:604,3.76,0.25,-1.67
17:26:56:626,4.02,0.21,-1.67
17:26:56:644,3.83,-0.16,-1.89
17:26:56:677,4.15,0.01,-1.78
17:26:56:696,4.25,0.52,-1.79
17:26:56:715,4.76,0.31,-1.93
17:26:56:750,5.66,-0.37,-1.04
17:26:56:769,6.19,-0.87,-0.87
17:26:56:787,6.48,-1.02,-1.35
17:26:56:805,7.68,-1.90,-2.30
17:26:56:843,8.00,-3.10,-2.55
17:26:56:896,8.00,-6.52,-4.91
17:26:56:898,7.64,1.14,-3.56
17:26:56:915,6.03,0.64,-5.31
17:26:56:972,3.21,-1.74,-3.42
17:26:56:990,3.71,-5.30,-3.04
17:26:56:993,0.94,-4.72,-0.36
17:26:57:31,0.41,-4.02,-0.75
17:26:57:48,1.43,-3.46,-1.12
17:26:57:69,2.96,-2.13,-1.05
17:26:57:75,4.41,-1.08,-0.71
17:26:57:109,6.11,0.74,-0.02
17:26:57:127,6.91,1.52,-0.60
17:26:57:145,7.92,1.74,-1.48
17:26:57:182,8.00,2.25,-1.09
17:26:57:236,8.00,3.32,-2.56
17:26:57:252,8.00,6.51,-4.06
17:26:57:252,6.10,8.00,-1.50
17:26:57:269,4.74,8.00,-2.02
17:26:57:288,4.21,7.88,-3.02
17:26:57:324,6.26,-1.87,1.48
17:26:57:358,7.45,-7.55,3.42
17:26:57:396,8.00,1.27,-4.87
17:26:57:419,5.35,1.17,-3.60
17:26:57:419,2.17,0.93,-2.53
17:26:57:437,4.62,2.44,0.01
17:26:57:458,4.48,0.16,-1.42
17:26:57:493,3.19,-1.47,-1.59
17:26:57:515,3.81,-0.92,-1.33
17:26:57:535,3.85,0.01,-1.38
17:26:57:573,3.74,0.74,-1.47
17:26:57:592,3.79,-0.19,-1.04
17:26:57:610,3.83,-0.71,-1.66
17:26:57:629,3.79,0.23,-1.63
17:26:57:667,4.23,0.56,-1.44
17:26:57:685,4.01,0.11,-1.58
17:26:57:703,3.88,0.00,-1.63
17:26:57:722,3.90,0.11,-1.90
17:26:57:741,4.53,0.33,-1.77
17:26:57:777,5.32,0.07,-1.45
17:26:57:797,6.04,-0.40,-0.83
17:26:57:815,6.19,-1.11,-1.46
17:26:57:833,7.41,0.05,-2.49
17:26:57:891,8.00,-2.60,-3.14
17:26:57:891,8.00,-5.40,-3.05
17:26:57:925,6.60,-1.27,-2.68
17:26:57:960,7.79,1.50,-6.21
17:26:57:960,2.45,-0.62,-2.27
17:26:57:985,1.15,-3.38,-2.08
17:26:58:18,0.98,-4.54,-0.18
17:26:58:49,0.85,-3.93,-0.04
17:26:58:69,1.25,-3.31,-0.65
17:26:58:85,2.61,-2.03,-0.82
17:26:58:148,4.17,-0.57,-0.26
17:26:58:148,5.85,0.24,0.08
17:26:58:148,6.47,1.94,-0.30
17:26:58:185,7.46,1.16,-1.18
17:26:58:204,7.67,1.54,-1.18
17:26:58:224,7.56,1.52,-1.82
17:26:58:256,7.36,2.52,-2.46
17:26:58:312,6.84,4.27,-2.61
17:26:58:328,5.58,7.05,-1.82
17:26:58:328,4.58,8.00,-0.93
17:26:58:362,4.23,7.25,-2.47
17:26:58:404,4.97,5.68,-2.47
17:26:58:422,6.09,-8.00,4.99
17:26:58:422,8.00,2.34,1.79
17:26:58:442,5.54,1.89,-0.59
17:26:58:496,2.74,2.82,-4.50
17:26:58:496,5.30,4.47,-2.34
17:26:58:513,5.56,2.59,-0.38
17:26:58:552,4.35,-0.02,-1.87
17:26:58:571,3.21,-1.15,-1.09
17:26:58:591,3.96,-1.14,-1.45
17:26:58:630,3.87,0.17,-1.47
17:26:58:652,3.76,0.88,-1.45
17:26:58:671,3.87,-0.19,-1.12
17:26:58:692,3.70,-0.71,-1.47
17:26:58:709,3.79,0.19,-1.72
17:26:58:761,3.82,0.14,-1.48
17:26:58:765,4.06,-0.02,-1.50
17:26:58:795,3.82,-0.05,-1.37
17:26:58:821,3.75,0.25,-1.33
17:26:58:851,3.92,0.45,-1.69
17:26:58:870,4.01,0.73,-1.85
17:26:58:891,3.99,0.27,-1.35
17:26:58:912,3.99,0.53,-1.10
17:26:58:928,4.52,0.55,-1.25
17:26:58:978,4.83,0.42,-1.57
17:26:58:980,5.34,0.12,-1.67
17:26:59:18,6.34,0.34,-1.75
17:26:59:37,7.86,-1.40,-2.01
17:26:59:58,7.74,-1.50,-0.81
17:26:59:77,6.69,-1.79,-1.65
17:26:59:93,6.21,2.28,-3.11
17:26:59:134,4.54,-0.42,-3.38
17:26:59:135,2.15,-1.67,-1.72
17:26:59:172,1.84,-1.54,-0.33
17:26:59:227,0.83,-1.51,0.91
17:26:59:233,0.27,-1.90,0.71
17:26:59:243,0.67,-1.54,0.53
17:26:59:262,1.57,-0.02,1.06
17:26:59:309,2.46,0.94,2.02
17:26:59:309,3.23,0.94,2.00
17:26:59:349,4.24,1.67,0.67
17:26:59:425,5.47,3.29,-0.37
17:26:59:470,6.15,4.69,-0.43
17:26:59:470,6.33,5.46,-0.76
17:26:59:470,5.46,5.40,-1.42
17:26:59:503,4.25,3.52,-1.92
17:26:59:512,3.84,2.74,-1.87
17:26:59:518,3.79,2.15,-1.24
17:26:59:557,3.16,1.72,-1.43
17:26:59:582,3.20,1.64,-1.84
17:26:59:584,3.97,2.17,0.37
17:26:59:605,5.97,-3.87,-2.72
17:26:59:653,4.62,-0.79,-0.71
17:26:59:665,4.05,-0.13,-0.03
17:26:59:678,3.80,0.17,-0.57
17:26:59:734,3.71,-0.28,-1.13
17:26:59:782,3.67,-0.09,-0.79
17:26:59:782,3.85,0.01,-0.71
17:26:59:782,4.01,-0.04,-0.83
17:26:59:821,4.08,-0.01,-0.86
17:26:59:823,4.01,-0.18,-1.02
17:26:59:843,3.93,-0.15,-0.91
17:26:59:878,3.94,-0.04,-0.89
17:26:59:879,3.85,0.15,-1.00
17:26:59:942,3.93,0.24,-0.96
17:26:59:942,3.86,0.07,-0.87
17:26:59:958,3.71,0.11,-0.85
17:26:59:989,3.88,0.11,-1.00
17:27:0:20,3.99,0.11,-0.98
17:27:0:33,4.00,0.03,-0.95
17:27:0:61,3.85,0.10,-0.90
17:27:0:120,3.78,0.09,-0.92
17:27:0:125,3.84,0.11,-0.90
17:27:0:145,3.83,0.18,-0.91
17:27:0:148,3.86,0.11,-0.96
17:27:0:172,3.87,0.02,-0.94
17:27:0:208,3.90,0.04,-0.91
17:27:0:227,3.88,-0.00,-0.98
17:27:0:243,3.94,-0.00,-0.96
17:27:0:263,3.91,0.03,-0.96
17:27:0:322,3.93,0.06,-0.89
17:27:0:344,3.89,0.04,-0.98
17:27:0:367,3.85,-0.08,-1.00
17:27:0:415,3.94,0.08,-0.87
17:27:0:435,3.86,0.09,-0.94
17:27:0:468,3.88,0.09,-0.89
17:27:0:488,3.94,0.09,-0.85
17:27:0:525,3.86,-0.00,-0.89
17:27:0:544,3.93,0.05,-0.88
17:27:0:545,3.91,-0.01,-0.90
17:27:0:545,3.88,0.00,-0.87
17:27:0:582,3.85,-0.00,-0.93
17:27:0:582,3.88,0.05,-0.88
17:27:0:609,3.90,-0.00,-0.89
17:27:0:652,3.90,0.01,-0.87
17:27:0:668,3.87,0.03,-0.90
17:27:0:688,3.86,0.01,-0.90
17:27:0:708,3.86,-0.03,-0.89
17:27:0:723,3.89,0.01,-0.87
17:27:0:744,3.91,0.06,-0.89
17:27:0:767,3.88,0.01,-0.89
17:27:0:846,3.85,-0.01,-0.87
17:27:0:850,3.91,-0.00,-0.88
17:27:0:850,3.88,-0.01,-0.92
17:27:0:871,3.88,-0.01,-0.92
17:27:0:910,3.89,0.02,-0.83
17:27:0:932,3.91,0.04,-0.87
17:27:0:932,3.88,0.06,-0.89
17:27:0:967,3.87,0.02,-0.86
17:27:1:20,3.88,-0.05,-0.85
17:27:1:20,3.90,0.06,-0.86
17:27:1:81,3.87,0.02,-0.90
17:27:1:81,3.88,0.03,-0.88
17:27:1:81,3.90,0.00,-0.87
17:27:1:124,3.89,0.06,-0.88
17:27:1:143,3.87,0.06,-0.88
17:27:1:199,3.89,0.01,-0.89
17:27:1:199,3.90,0.00,-0.90
17:27:1:199,3.92,0.04,-0.88
17:27:1:234,3.87,0.00,-0.92
17:27:1:274,3.88,-0.01,-0.91
17:27:1:278,3.91,0.08,-0.85
17:27:1:316,3.91,0.00,-0.89
17:27:1:374,3.89,-0.02,-0.94
17:27:1:390,3.88,0.02,-0.89
17:27:1:408,3.90,0.07,-0.84
17:27:1:410,3.86,-0.01,-0.90
17:27:1:431,3.85,-0.02,-0.90
17:27:1:433,3.88,0.13,-0.88
17:27:1:478,3.90,0.17,-0.89
17:27:1:515,3.88,0.03,-0.89
17:27:1:545,3.90,0.08,-0.78
17:27:1:565,4.00,0.12,-0.88
17:27:1:590,3.91,0.01,-0.80
17:27:1:591,3.90,-0.09,-0.84
17:27:1:611,3.98,0.22,-0.79
17:27:1:656,3.83,0.33,-0.80
17:27:1:688,3.86,0.32,-0.85
17:27:1:708,3.84,0.32,-0.86
17:27:1:755,3.84,0.18,-0.83
17:27:1:776,3.93,0.15,-0.83
17:27:1:776,3.94,0.31,-0.85
17:27:1:792,3.91,0.22,-0.85
17:27:1:810,3.91,0.10,-0.84
17:27:1:829,4.04,0.07,-0.88
17:27:1:861,4.18,0.11,-0.55
17:27:1:892,4.14,-0.42,-0.77
17:27:1:924,4.76,-1.27,-0.56
17:27:1:939,4.55,-0.96,1.26
17:27:1:939,4.05,-1.52,1.59
17:27:1:983,3.23,-2.19,0.53
17:27:2:15,3.15,-0.44,-0.88
17:27:2:28,3.20,1.11,-2.36
17:27:2:50,2.65,2.27,-3.56
17:27:2:164,2.36,0.57,-8.00
17:27:2:183,3.51,2.71,-0.22
17:27:2:203,4.28,1.10,2.33
17:27:2:219,5.72,0.10,-0.31
17:27:2:239,4.29,0.24,-2.17
17:27:2:421,4.12,0.98,-1.40
17:27:2:440,4.27,-0.26,-1.50
17:27:2:477,3.99,-0.22,-1.41
17:27:2:477,3.78,0.34,-1.19
17:27:2:477,3.84,0.32,-0.97
17:27:2:496,3.78,0.32,-1.24
17:27:2:516,3.90,0.44,-1.13
17:27:2:521,3.89,0.15,-1.08
17:27:2:538,3.65,0.18,-1.40
17:27:2:559,3.65,1.65,-0.97
17:27:2:559,3.88,0.37,-1.49
17:27:2:559,3.88,0.04,-1.01
17:27:2:582,3.95,0.48,-0.65
17:27:2:635,3.19,1.42,-1.52
17:27:2:635,4.35,0.08,-0.05
17:27:2:651,2.70,1.76,-1.77
17:27:2:671,4.50,0.37,-0.38
17:27:2:695,3.41,1.76,-1.78
17:27:2:695,4.39,0.62,0.33
17:27:2:711,4.89,0.18,1.58
17:27:2:729,5.79,-1.24,1.92
17:27:2:729,5.46,-1.78,-0.40
17:27:2:729,4.92,-0.50,-1.28
17:27:2:749,4.75,-0.63,-1.75
17:27:2:765,3.65,-0.05,-2.25
17:27:2:808,3.97,-0.57,-2.93
17:27:2:826,3.66,-0.40,-1.95
17:27:2:844,3.66,-0.30,-0.99
17:27:2:861,3.31,-1.01,-1.01
17:27:2:877,2.97,-1.08,-1.16
17:27:2:970,3.02,-1.39,-0.91
17:27:2:988,3.35,-1.39,-0.70
17:27:3:12,3.65,-0.92,-0.73
17:27:3:12,3.83,-0.19,-1.02
17:27:3:29,4.17,-0.01,-1.19
17:27:3:45,4.26,-0.01,-1.42
17:27:3:47,4.51,-0.06,-1.88
17:27:3:119,4.63,0.47,-2.19
17:27:3:122,4.60,1.06,-2.50
17:27:3:126,4.19,1.03,-2.60
17:27:3:186,4.00,1.00,-3.09
17:27:3:206,4.24,2.55,-3.15
17:27:3:206,3.87,5.16,-1.78
17:27:3:232,3.94,3.72,-2.14
17:27:3:267,4.79,4.25,-3.30
17:27:3:267,5.50,1.72,-0.59
17:27:3:282,5.02,-0.85,-0.52
17:27:3:333,4.29,-0.02,0.61
17:27:3:372,3.94,0.78,0.33
17:27:3:388,3.83,0.83,-0.61
17:27:3:388,3.92,0.63,-0.60
17:27:3:442,4.03,0.33,-0.54
17:27:3:481,4.16,0.11,-0.52
17:27:3:481,4.05,0.33,-0.60
17:27:3:531,4.01,0.17,-0.95
17:27:3:551,3.93,-0.01,-0.95
17:27:3:551,3.97,0.05,-0.96
17:27:3:572,3.90,0.21,-0.96
17:27:3:593,3.88,0.03,-0.96
17:27:3:614,3.99,-0.03,-0.98
17:27:3:649,3.87,0.20,-1.01
17:27:3:649,3.90,0.13,-1.10
17:27:3:704,3.85,0.12,-0.93
17:27:3:724,3.90,0.18,-0.86
17:27:3:727,3.82,0.25,-1.12
17:27:3:785,3.82,0.36,-0.98
17:27:3:801,3.86,0.05,-0.89
17:27:3:801,3.97,-0.13,-1.07
17:27:3:816,3.89,0.25,-1.05
17:27:3:848,3.88,0.35,-0.89
17:27:3:863,3.82,0.26,-0.80
17:27:3:895,3.87,0.27,-0.85
17:27:3:937,3.83,0.30,-0.81
17:27:3:937,3.91,0.28,-0.90
17:27:4:43,3.90,0.25,-0.94
17:27:4:87,3.91,0.16,-0.93
17:27:4:104,3.90,0.12,-0.93
17:27:4:107,3.81,0.17,-0.80
17:27:4:107,3.88,0.25,-0.80
17:27:4:128,3.88,0.28,-0.81
17:27:4:149,3.89,0.26,-0.80
17:27:4:149,3.88,0.09,-0.93
17:27:4:169,3.85,0.12,-0.82
17:27:4:172,3.89,0.09,-0.83
17:27:4:264,3.91,0.09,-0.86
17:27:4:264,3.88,0.27,-0.84
17:27:4:304,3.89,0.29,-0.84
17:27:4:322,3.89,0.15,-0.92
17:27:4:377,3.86,0.15,-0.88
17:27:4:398,3.88,0.17,-0.88
17:27:4:451,3.89,0.16,-0.90
17:27:4:452,3.89,0.25,-0.86
17:27:4:452,3.90,0.20,-0.88
17:27:4:468,3.88,0.15,-0.88
17:27:4:488,3.89,0.22,-0.90
17:27:4:488,3.89,0.17,-0.86
17:27:4:511,3.89,0.23,-0.88
17:27:4:549,3.88,0.27,-0.82
17:27:4:552,3.87,0.24,-0.87
17:27:4:587,3.88,0.19,-0.89
17:27:4:627,3.89,0.23,-0.88
17:27:4:650,3.89,0.26,-0.88
17:27:4:656,3.86,0.26,-0.89
17:27:4:658,3.89,0.18,-0.90
17:27:4:697,3.90,0.24,-0.91
17:27:4:715,3.87,0.28,-0.89
17:27:4:733,3.88,0.23,-0.87
17:27:4:812,3.90,0.22,-0.94
17:27:4:830,3.90,0.26,-0.90
17:27:4:831,3.91,0.28,-0.87
17:27:4:846,3.87,0.23,-0.90
17:27:4:884,3.88,0.22,-0.87
17:27:4:884,3.89,0.28,-0.89
17:27:4:899,3.90,0.23,-0.91
17:27:4:952,3.86,0.23,-0.87
17:27:4:995,3.89,0.24,-0.88
17:27:4:995,3.87,0.25,-0.86
17:27:5:45,3.88,0.25,-0.88
17:27:5:49,3.90,0.24,-0.88
17:27:5:49,3.90,0.25,-0.89
17:27:5:81,3.88,0.27,-0.88
17:27:5:85,3.88,0.21,-0.90
17:27:5:161,3.90,0.24,-0.89
17:27:5:161,3.86,0.30,-0.85
17:27:5:178,3.88,0.26,-0.85
17:27:5:197,3.90,0.19,-0.88
17:27:5:216,3.90,0.27,-0.88
17:27:5:236,3.90,0.29,-0.89
17:27:5:263,3.88,0.29,-0.84
17:27:5:359,3.88,0.31,-0.86
17:27:5:363,3.90,0.12,-1.00
17:27:5:386,3.89,0.35,-0.81
17:27:5:396,3.89,0.32,-0.81
17:27:5:416,3.91,0.30,-0.89
17:27:5:426,3.86,0.31,-0.86
17:27:5:433,3.87,0.30,-0.85
17:27:5:526,3.86,0.34,-0.85
17:27:5:536,3.89,0.29,-0.86
17:27:5:546,3.88,0.32,-0.82
17:27:5:556,3.92,0.25,-0.87
17:27:5:587,3.92,0.30,-0.87
17:27:5:597,3.88,0.34,-0.82
17:27:5:601,3.84,0.35,-0.82
17:27:5:631,3.90,0.29,-0.85
17:27:5:713,3.89,0.38,-0.85
17:27:5:728,3.86,0.38,-0.84
17:27:5:752,3.86,0.28,-0.86
17:27:5:808,3.89,0.32,-0.86
17:27:5:818,3.93,0.33,-0.83
17:27:5:823,3.90,0.30,-0.87
17:27:5:833,3.84,0.30,-0.88
17:27:5:908,3.89,0.30,-0.87
17:27:5:921,3.95,0.36,-0.85
17:27:5:921,3.85,0.33,-0.85
17:27:5:940,3.87,0.31,-0.83
17:27:5:942,3.90,0.36,-0.81
17:27:5:942,3.89,0.36,-0.87
17:27:5:960,3.84,0.36,-0.91
17:27:6:54,3.86,0.31,-0.83
17:27:6:54,3.89,0.36,-0.79
17:27:6:73,3.89,0.38,-0.83
17:27:6:114,3.85,0.37,-0.86
17:27:6:114,3.88,0.31,-0.88
17:27:6:114,3.89,0.34,-0.86
17:27:6:133,3.90,0.36,-0.86
17:27:6:152,3.84,0.34,-0.88
17:27:6:178,3.89,0.31,-0.89
17:27:6:232,3.90,0.34,-0.98
17:27:6:288,3.84,0.37,-0.93
17:27:6:326,3.78,0.54,-0.80
17:27:6:331,3.75,0.43,-0.93
17:27:6:336,3.94,0.24,-0.93
17:27:6:346,3.73,0.26,-0.88
17:27:6:351,3.67,0.53,-0.82
17:27:6:355,3.95,0.41,-0.73
17:27:6:446,3.85,0.57,-0.76
17:27:6:463,3.76,0.56,-0.66
17:27:6:464,3.72,0.44,-0.64
17:27:6:484,3.65,0.67,-0.79
17:27:6:504,3.90,0.37,-1.43
17:27:6:522,3.98,0.32,-1.30
17:27:6:522,4.05,0.76,-1.17
17:27:6:575,4.13,0.57,-1.22
17:27:6:594,4.09,0.10,-1.45
17:27:6:611,3.93,0.36,-1.31
17:27:6:627,3.86,0.44,-1.18
17:27:6:667,3.77,0.43,-1.25
17:27:6:685,3.74,0.27,-1.27
17:27:6:706,3.75,0.29,-1.29
17:27:6:778,3.78,0.40,-1.19
17:27:6:797,3.82,0.40,-1.14
17:27:6:829,4.04,0.66,-1.10
17:27:6:831,3.90,0.41,-1.28
17:27:6:868,3.82,0.31,-1.24
17:27:6:868,3.72,0.40,-1.40
17:27:6:868,3.74,0.40,-1.47
17:27:6:904,4.29,1.03,-1.00
17:27:6:974,4.54,1.13,-0.93
17:27:7:46,4.64,0.71,-1.07
17:27:7:51,5.11,-0.25,-1.56
17:27:7:66,6.04,-0.09,-0.79
17:27:7:76,6.43,-0.27,-0.31
17:27:7:81,7.44,-1.13,-0.12
17:27:7:147,7.12,-1.87,-2.20
17:27:7:152,7.62,-2.74,-2.98
17:27:7:156,7.00,-0.39,-3.66
17:27:7:172,6.11,2.39,-4.14
17:27:7:227,4.53,-0.26,-2.89
17:27:7:227,3.57,-0.92,-1.85
17:27:7:227,2.38,-3.53,-0.59
17:27:7:262,1.35,-3.14,-0.61
17:27:7:262,1.21,-2.42,-0.85
17:27:7:298,2.06,-1.76,0.08
17:27:7:319,2.83,-1.74,0.49
17:27:7:337,3.46,-1.34,0.00
17:27:7:337,4.49,-0.16,-0.24
17:27:7:355,5.34,1.85,-0.40
17:27:7:392,6.44,2.32,-0.62
17:27:7:424,6.42,2.31,-0.82
17:27:7:444,6.77,1.71,-1.43
17:27:7:463,6.63,2.96,-1.94
17:27:7:499,6.14,3.53,-1.95
17:27:7:517,5.20,4.86,-1.80
17:27:7:535,4.15,6.85,-2.11
17:27:7:574,3.75,8.00,-1.48
17:27:7:609,4.41,6.88,-1.64
17:27:7:609,6.62,0.27,-2.06
17:27:7:628,6.31,-8.00,4.70
17:27:7:683,8.00,3.79,-2.93
17:27:7:693,2.55,0.23,-0.01
17:27:7:711,1.17,4.27,-3.75
17:27:7:751,5.24,3.17,-0.62
17:27:7:780,3.68,0.94,-0.92
17:27:7:785,4.21,-0.42,-0.92
17:27:7:805,4.01,-1.47,-1.01
17:27:7:863,3.89,-0.60,-1.13
17:27:7:863,3.63,-0.29,-2.04
17:27:7:863,3.69,-0.62,-1.79
17:27:7:901,3.65,-0.96,-0.83
17:27:7:919,3.76,-0.70,-0.93
17:27:7:938,3.46,-0.70,-1.54
17:27:7:971,3.21,-0.79,-2.41
17:27:8:5,2.73,-1.57,-2.62
17:27:8:41,4.79,3.01,0.62
17:27:8:42,4.83,1.24,0.66
17:27:8:78,4.38,-0.09,-1.30
17:27:8:96,4.87,0.74,-1.95
17:27:8:115,5.30,1.08,-0.81
17:27:8:187,6.57,-0.25,-0.69
17:27:8:222,6.35,-0.18,-1.26
17:27:8:233,7.86,-1.86,-1.57
17:27:8:243,8.00,-3.95,-2.90
17:27:8:260,7.37,-6.49,-3.49
17:27:8:269,8.00,1.12,-3.72
17:27:8:284,7.23,1.41,-5.70
17:27:8:315,3.40,-2.16,-3.15
17:27:8:350,2.75,-4.38,-2.41
17:27:8:374,1.31,-3.03,-0.04
17:27:8:402,0.93,-4.05,-0.20
17:27:8:419,1.33,-3.46,-0.32
17:27:8:435,2.57,-2.22,0.39
17:27:8:453,3.84,-1.33,0.54
17:27:8:490,4.74,-1.21,0.40
17:27:8:506,6.10,-0.52,-0.12
17:27:8:521,7.71,1.97,-1.13
17:27:8:576,8.00,2.28,-1.93
17:27:8:576,8.00,4.48,-2.36
17:27:8:594,8.00,6.42,-2.75
17:27:8:630,6.70,8.00,-2.22
17:27:8:647,4.65,8.00,-1.34
17:27:8:684,4.71,8.00,-1.99
17:27:8:702,6.54,4.43,-0.74
17:27:8:757,5.52,-8.00,2.40
17:27:8:776,8.00,8.00,-0.43
17:27:8:776,2.50,0.94,-1.33
17:27:8:776,0.62,2.15,-1.47
17:27:8:813,4.81,3.04,-1.83
17:27:8:834,4.72,0.98,-1.55
17:27:8:869,3.28,-0.84,-1.29
17:27:8:923,3.80,-1.72,-1.39
17:27:8:962,4.04,-0.36,-1.41
17:27:8:964,3.71,1.13,-1.95
17:27:8:964,3.75,-0.07,-1.15
17:27:8:996,4.04,-0.60,-1.18
17:27:9:14,3.76,0.24,-1.56
17:27:9:31,3.87,0.80,-1.33
17:27:9:49,4.18,0.46,-1.41
17:27:9:139,4.36,-0.06,-1.73
17:27:9:155,4.43,0.63,-1.80
17:27:9:155,5.32,0.37,-1.61
17:27:9:172,5.36,0.01,-1.30
17:27:9:188,5.91,-0.59,-0.79
17:27:9:188,6.50,-1.00,-1.15
17:27:9:275,7.43,-1.57,-1.49
17:27:9:310,8.00,-3.17,-2.13
17:27:9:311,8.00,-6.52,-4.05
17:27:9:315,7.91,0.20,-3.41
17:27:9:334,6.77,-1.35,-5.19
17:27:9:345,3.52,-1.14,-3.55
17:27:9:369,2.77,-0.02,-4.35
17:27:9:397,0.28,-5.34,-0.35
17:27:9:416,0.30,-2.92,-0.67
17:27:9:452,0.98,-2.97,-0.93
17:27:9:479,2.27,-1.88,-0.11
17:27:9:507,3.12,-1.72,0.14
17:27:9:512,4.96,-1.67,0.07
17:27:9:532,7.06,-0.86,0.53
17:27:9:577,7.81,1.73,-0.11
17:27:9:590,8.00,2.16,-1.68
17:27:9:612,8.00,3.42,-1.98
17:27:9:659,8.00,5.00,-2.87
17:27:9:679,7.51,8.00,-1.88
17:27:9:684,5.03,8.00,-0.95
17:27:9:706,4.84,8.00,-1.76
17:27:9:724,5.25,6.81,-1.96
17:27:9:740,6.51,-8.00,2.29
17:27:9:792,8.00,8.00,0.70
17:27:9:814,3.81,0.82,-1.23
17:27:9:845,2.29,1.10,-3.24
17:27:9:845,4.86,4.76,-0.73
17:27:9:861,4.79,1.07,-1.01
17:27:9:899,3.21,-0.50,-0.97
17:27:9:924,3.73,-1.55,-1.39
17:27:9:959,4.13,-0.41,-1.18
17:27:9:959,3.69,1.15,-1.93
17:27:10:35,3.66,-0.20,-1.09
17:27:10:35,4.17,-0.69,-1.52
17:27:10:51,3.76,0.34,-1.51
17:27:10:71,3.77,0.47,-1.49
17:27:10:90,3.86,0.11,-1.55
17:27:10:108,4.05,0.10,-1.59
17:27:10:127,4.26,0.43,-1.50
17:27:10:201,4.53,0.42,-1.59
17:27:10:202,5.16,0.19,-1.44
17:27:10:202,5.27,0.28,-1.02
17:27:10:236,5.98,-0.48,-0.97
17:27:10:253,6.21,-0.69,-1.35
17:27:10:275,7.53,-1.07,-2.31
17:27:10:311,8.00,-3.41,-2.56
17:27:10:347,7.20,-4.08,-3.27
17:27:10:365,8.00,1.49,-3.02
17:27:10:384,7.91,-0.23,-5.21
17:27:10:403,3.79,-2.13,-3.75
17:27:10:421,3.03,-2.06,-3.64
17:27:10:459,0.85,-3.65,-0.36
17:27:10:479,0.34,-2.89,-0.52
17:27:10:497,1.06,-2.39,-0.62
17:27:10:531,1.94,-1.51,-0.44
17:27:10:557,3.12,-1.64,-0.04
17:27:10:592,4.60,-0.94,0.28
17:27:10:592,5.67,0.22,0.47
17:27:10:612,6.49,1.61,-0.38
17:27:10:630,7.33,1.83,-1.26
17:27:10:665,7.86,2.51,-1.43
17:27:10:738,8.00,3.06,-2.16
17:27:10:755,7.50,5.22,-3.39
17:27:10:755,6.58,8.00,-2.35
17:27:10:774,4.74,8.00,-1.16
17:27:10:774,4.36,8.00,-1.88
17:27:10:793,4.75,5.60,-1.80
17:27:10:842,5.81,-7.33,2.63
17:27:10:842,8.00,6.21,2.64
17:27:10:895,4.94,1.94,-0.51
17:27:10:933,4.44,3.83,-0.10
17:27:10:933,6.01,0.94,-1.61
17:27:10:953,4.60,0.72,-1.22
17:27:10:972,4.04,-0.16,-1.23
17:27:10:992,3.79,-1.40,-1.29
17:27:11:26,3.89,-0.61,-1.05
17:27:11:46,3.62,0.80,-1.89
17:27:11:100,3.44,0.48,-1.51
17:27:11:118,3.98,-0.88,-1.65
17:27:11:119,3.76,-0.30,-1.70
17:27:11:136,3.56,0.06,-1.61
17:27:11:173,3.82,-0.07,-1.85
17:27:11:209,3.84,0.33,-1.52
17:27:11:210,4.00,0.43,-1.85
17:27:11:282,4.62,0.66,-1.54
17:27:11:286,5.21,0.19,-0.74
17:27:11:286,4.79,-0.30,-0.99
17:27:11:302,5.95,-0.31,-1.05
17:27:11:339,6.20,-0.41,-1.51
17:27:11:375,7.75,-1.13,-2.53
17:27:11:375,8.00,-3.39,-2.66
17:27:11:408,7.65,-3.73,-4.23
17:27:11:444,7.82,-0.27,-3.83
17:27:11:463,4.90,3.25,-3.73
17:27:11:481,2.22,1.89,-2.61
17:27:11:500,1.49,-2.56,-1.65
17:27:11:528,0.67,-3.64,-0.44
17:27:11:533,0.62,-2.76,-0.61
17:27:11:579,1.22,-2.13,-0.84
17:27:11:617,2.35,-1.47,-0.50
17:27:11:637,3.75,-1.38,-0.28
17:27:11:652,5.06,-0.37,-0.05
17:27:11:670,5.88,1.23,-0.40
17:27:11:691,6.50,1.61,-0.78
17:27:11:709,7.59,2.01,-0.99
17:27:11:836,7.85,2.29,-1.94
17:27:11:854,7.25,3.58,-3.03
17:27:11:860,6.82,6.33,-3.14
17:27:11:884,5.75,8.00,-1.13
17:27:11:894,3.36,8.00,-2.13
17:27:11:904,5.50,5.90,-1.80
17:27:11:914,7.11,-6.11,1.54
17:27:11:931,8.00,8.00,1.36
17:27:11:941,8.00,0.10,-4.02
17:27:11:978,4.46,3.94,-1.43
17:27:12:8,4.60,2.67,-0.29
17:27:12:33,4.74,0.48,-0.83
17:27:12:38,4.05,-1.18,-1.50
17:27:12:55,3.73,-0.80,-1.26
17:27:12:111,3.92,0.68,-1.86
17:27:12:111,3.86,0.41,-0.98
17:27:12:165,3.53,-0.81,-1.53
17:27:12:202,3.57,0.02,-1.64
17:27:12:219,3.77,0.51,-1.25
17:27:12:219,3.79,0.13,-1.30
17:27:12:237,3.83,-0.12,-1.53
17:27:12:238,3.86,0.20,-1.69
17:27:12:276,3.86,0.13,-1.44
17:27:12:295,4.02,0.47,-1.79
17:27:12:369,4.13,0.27,-1.54
17:27:12:369,4.38,0.56,-1.18
17:27:12:387,4.67,-0.04,-1.38
17:27:12:404,5.63,-0.44,-1.41
17:27:12:438,6.62,-0.53,-1.91
17:27:12:438,7.97,-0.87,-1.82
17:27:12:455,8.00,-1.79,-2.05
17:27:12:490,8.00,-4.19,-4.64
17:27:12:562,5.63,0.01,-3.33
17:27:12:562,5.39,1.93,-4.02
17:27:12:562,2.80,-1.22,-2.46
17:27:12:614,1.48,-0.06,-1.32
17:27:12:616,1.37,-3.19,0.02
17:27:12:616,0.55,-3.30,-0.26
17:27:12:708,0.90,-2.47,-0.51
17:27:12:742,1.87,-1.29,-0.24
17:27:12:752,2.77,-1.03,0.06
17:27:12:767,3.91,-0.03,0.39
17:27:12:781,5.17,0.63,-0.19
17:27:12:797,6.45,1.68,-0.98
17:27:12:801,7.41,3.28,-1.17
17:27:12:846,7.57,4.23,-1.39
17:27:12:933,6.95,6.30,-2.57
17:27:12:949,6.34,8.00,-1.86
17:27:12:981,4.70,8.00,-0.95
17:27:12:996,4.27,8.00,-0.49
17:27:13:8,5.89,3.76,-0.60
17:27:13:13,6.94,-8.00,4.30
17:27:13:55,8.00,3.35,-3.91
17:27:13:102,4.70,0.87,1.99
17:27:13:117,1.24,3.70,-1.08
17:27:13:122,4.52,1.79,-0.66
17:27:13:185,4.07,-0.49,-1.35
17:27:13:189,4.04,-1.36,-1.35
17:27:13:194,3.91,-0.23,-1.66
17:27:13:211,4.07,0.60,-1.01
17:27:13:288,3.84,-0.22,-1.27
17:27:13:293,3.83,-0.37,-1.49
17:27:13:298,3.79,-0.08,-1.36
17:27:13:321,3.86,0.01,-1.37
17:27:13:324,3.78,-0.12,-1.35
17:27:13:329,3.84,0.01,-1.32
17:27:13:342,3.81,-0.13,-1.44
17:27:13:367,3.76,-0.17,-1.36
17:27:13:380,3.70,0.05,-1.28
17:27:13:414,3.93,-0.05,-1.42
17:27:13:446,3.93,0.08,-1.40
17:27:13:461,3.86,0.17,-1.20
17:27:13:471,3.99,0.00,-1.22
17:27:13:499,4.07,-0.20,-1.68
17:27:13:536,4.02,0.29,-1.48
17:27:13:541,3.89,0.10,-1.01
17:27:13:628,3.84,0.26,-0.76
17:27:13:644,3.70,0.00,-0.92
17:27:13:654,3.98,-0.30,-1.66
17:27:13:659,4.03,0.31,-1.05
17:27:13:711,3.56,0.15,-1.22
17:27:13:715,3.51,0.31,-1.16
17:27:13:735,3.72,0.52,-0.98
17:27:13:745,3.95,0.14,-0.68
17:27:13:795,3.92,-0.42,-0.69
17:27:13:820,3.88,-0.24,-0.62
17:27:13:840,3.73,0.21,-0.98
17:27:13:855,3.83,0.16,-0.91
17:27:13:886,3.91,0.09,-0.88
17:27:13:891,3.88,0.03,-0.75
17:27:13:937,3.92,-0.03,-0.89
17:27:13:962,3.95,0.03,-1.06
17:27:13:983,3.92,0.13,-1.06
17:27:13:992,3.92,0.17,-0.94
17:27:14:22,3.86,0.04,-0.89
17:27:14:45,3.85,0.03,-0.91
17:27:14:48,3.87,0.12,-0.98
17:27:14:83,3.89,0.13,-1.02
17:27:14:103,3.89,0.08,-0.93
17:27:14:133,3.90,0.04,-0.93
17:27:14:158,3.87,0.11,-0.96
17:27:14:173,3.87,0.30,-0.87
17:27:14:208,3.92,0.07,-1.05
17:27:14:223,3.93,0.13,-1.01
17:27:14:240,3.92,0.32,-0.93
17:27:14:269,3.84,0.19,-0.93
17:27:14:349,3.88,0.07,-1.01
17:27:14:365,3.88,0.09,-1.04
17:27:14:381,3.92,0.19,-0.96
17:27:14:401,3.84,0.21,-0.96
17:27:14:420,3.85,0.19,-0.94
17:27:14:450,3.88,0.21,-0.98
17:27:14:470,3.86,0.16,-1.05
17:27:14:517,3.88,0.15,-1.00
17:27:14:522,3.87,0.17,-0.99
17:27:14:528,3.87,0.11,-1.00
17:27:14:559,3.89,0.24,-1.03
17:27:14:574,3.86,0.26,-0.98
17:27:14:583,3.87,0.18,-1.00
17:27:14:595,3.87,0.16,-0.98
17:27:14:638,3.89,0.19,-1.00
17:27:14:707,3.87,0.15,-1.03
17:27:14:717,3.89,0.18,-0.98
17:27:14:768,3.88,0.13,-0.95
17:27:14:781,3.89,0.21,-1.02
17:27:14:800,3.87,0.18,-1.01
17:27:14:808,3.84,0.11,-1.01
17:27:14:819,3.86,0.14,-0.99
17:27:14:830,3.88,0.12,-1.00
17:27:14:879,3.94,0.25,-1.03
17:27:14:919,3.94,0.11,-1.10
17:27:14:924,3.85,0.15,-0.92
17:27:14:954,3.92,0.18,-0.99
17:27:14:957,3.85,0.24,-1.02
17:27:14:974,3.87,0.13,-1.03
17:27:14:993,3.86,0.09,-1.03
17:27:15:52,3.88,0.09,-1.05
17:27:15:76,3.87,0.22,-1.01
17:27:15:96,3.86,0.12,-1.05
17:27:15:97,3.84,0.12,-1.04
17:27:15:123,3.90,0.26,-0.83
17:27:15:139,3.88,0.18,-0.96
17:27:15:150,3.82,0.01,-1.07
17:27:15:211,3.84,0.08,-1.07
17:27:15:245,3.86,0.20,-0.99
17:27:15:274,3.93,0.28,-0.80
17:27:15:286,3.87,0.18,-1.00
17:27:15:287,3.85,0.09,-1.13
17:27:15:303,3.89,0.14,-1.12
17:27:15:323,3.88,0.17,-1.02
17:27:15:348,3.89,0.19,-0.99
17:27:15:371,3.88,0.08,-1.09
17:27:15:420,3.84,0.08,-0.98
17:27:15:431,3.94,0.00,-1.07
17:27:15:457,3.86,0.06,-1.05
17:27:15:466,3.94,0.03,-1.00
17:27:15:495,4.13,-0.14,-1.26
17:27:15:523,3.94,0.11,-1.04
17:27:15:553,3.78,0.41,-0.75
17:27:15:623,3.98,0.35,-0.75
17:27:15:660,3.95,0.52,-0.84
17:27:15:669,3.78,0.94,-1.60
17:27:15:708,3.54,1.53,-2.18
17:27:15:720,3.70,0.88,-2.19
17:27:15:734,3.53,0.79,-2.53
17:27:15:785,3.56,-0.56,-2.60
17:27:15:797,3.22,-0.83,-2.79
17:27:15:807,3.66,-2.77,-2.12
17:27:15:811,4.34,-3.07,1.80
17:27:15:822,5.72,-1.48,5.96
17:27:15:836,3.81,-1.97,-1.17
17:27:15:843,4.41,0.36,-2.20
17:27:15:889,4.86,2.00,-2.53
17:27:15:899,3.78,0.85,-0.97
17:27:15:938,3.81,-1.27,-1.12
17:27:15:965,3.68,-0.04,-1.47
17:27:15:976,4.06,0.63,-1.62
17:27:16:2,4.11,0.08,-1.38
17:27:16:18,4.22,-0.38,-1.33
17:27:16:50,3.90,-0.04,-1.34
17:27:16:76,3.82,-0.11,-1.39
17:27:16:89,3.82,-0.07,-1.36
17:27:16:119,3.93,0.15,-1.17
17:27:16:151,3.60,-0.38,-0.99
17:27:16:167,3.72,-0.56,-1.30
17:27:16:187,3.84,0.01,-1.39
17:27:16:235,3.79,-0.15,-1.41
17:27:16:240,3.74,-0.32,-1.06
17:27:16:259,3.88,-0.44,-1.05
17:27:16:283,3.90,-0.02,-0.73
17:27:16:333,4.20,0.64,-0.87
17:27:16:352,4.29,0.68,-1.10
17:27:16:356,4.25,1.67,-1.05
17:27:16:382,4.23,1.12,-1.58
17:27:16:407,3.94,0.38,-2.18
17:27:16:433,4.06,1.90,-2.04
17:27:16:446,3.99,1.36,-2.57
17:27:16:502,3.64,2.43,-2.85
17:27:16:512,4.06,2.10,-2.25
17:27:16:517,3.72,1.34,-2.38
17:27:16:552,4.12,0.87,-1.92
17:27:16:578,3.88,0.27,-1.51
17:27:16:602,3.73,-0.08,-1.53
17:27:16:631,3.44,-0.70,-1.83
17:27:16:685,2.98,-1.32,-1.73
17:27:16:690,2.98,-1.23,-1.66
17:27:16:701,2.98,-1.26,-1.52
17:27:16:747,3.14,-1.43,-1.69
17:27:16:747,3.54,-0.92,-1.82
17:27:16:747,3.67,-0.53,-1.73
17:27:16:785,3.49,-1.15,-1.40
17:27:16:839,6.76,-3.74,-1.22
17:27:16:859,6.68,-0.58,-1.48
17:27:16:859,4.70,-0.06,-0.73
17:27:16:896,3.06,-0.07,-1.11
17:27:16:896,4.16,0.84,-0.63
17:27:16:964,4.01,0.69,-1.14
17:27:16:980,3.82,-0.05,-1.20
17:27:17:11,3.91,-0.54,-1.27
17:27:17:42,3.98,-0.20,-1.36
17:27:17:42,4.01,0.05,-1.12
17:27:17:58,3.94,-0.05,-1.13
17:27:17:58,3.90,-0.29,-1.37
17:27:17:110,3.86,-0.07,-1.35
17:27:17:126,3.90,0.06,-1.15
17:27:17:142,3.82,-0.02,-1.08
17:27:17:160,3.85,0.11,-1.02
17:27:17:217,4.06,-0.30,-1.39
17:27:17:239,3.79,-0.19,-1.25
17:27:17:242,3.83,0.02,-1.00
17:27:17:279,3.95,-0.04,-0.99
17:27:17:297,3.95,0.12,-1.06
17:27:17:303,3.79,0.08,-1.05
17:27:17:321,3.74,-0.02,-0.99
17:27:17:366,3.76,0.15,-0.95
17:27:17:406,3.84,0.12,-0.97
17:27:17:406,3.84,0.21,-1.01
17:27:17:441,3.93,0.10,-1.03
17:27:17:470,3.92,0.11,-0.96
17:27:17:504,3.86,0.24,-0.93
17:27:17:524,3.82,0.17,-1.00
17:27:17:524,3.85,0.18,-0.98
17:27:17:565,3.87,0.15,-0.97
17:27:17:585,3.84,0.15,-0.97
17:27:17:585,3.89,0.11,-0.94
17:27:17:613,3.88,0.08,-0.95
17:27:17:684,3.88,0.14,-0.90
17:27:17:684,3.88,0.14,-0.93
17:27:17:684,3.92,0.17,-0.90
17:27:17:761,3.85,0.28,-0.91
17:27:17:761,3.86,0.15,-1.00
17:27:17:761,3.89,0.10,-0.94
17:27:17:796,3.87,0.16,-0.94
17:27:17:816,3.91,0.14,-0.86
17:27:17:840,3.89,0.16,-0.96
17:27:17:856,3.90,0.11,-0.98
17:27:17:892,3.87,0.20,-0.94
17:27:17:930,3.86,0.26,-0.89
17:27:17:930,3.90,0.19,-0.93
17:27:17:971,3.91,0.21,-0.88
17:27:17:991,3.87,0.21,-0.93
17:27:18:9,3.85,0.25,-0.93
17:27:18:30,3.89,0.20,-0.93
17:27:18:51,3.93,0.28,-0.90
17:27:18:94,3.88,0.17,-0.92
17:27:18:119,3.86,0.16,-0.94
17:27:18:135,3.89,0.17,-0.87
17:27:18:175,3.93,0.20,-0.89
17:27:18:176,3.86,0.22,-0.87
17:27:18:191,3.81,0.23,-0.87
17:27:18:233,3.83,0.22,-0.87
17:27:18:271,3.87,0.24,-0.88
17:27:18:295,3.88,0.24,-0.88
17:27:18:311,3.87,0.13,-0.92
17:27:18:331,3.90,0.15,-0.89
17:27:18:331,3.88,0.20,-0.83
17:27:18:359,3.90,0.16,-0.90
17:27:18:402,3.92,0.18,-0.90
17:27:18:474,3.92,0.15,-0.88
17:27:18:494,3.90,0.19,-0.83
17:27:18:495,3.89,0.14,-0.88
17:27:18:519,3.88,0.17,-0.88
17:27:18:519,3.95,0.13,-0.89
17:27:18:519,3.92,0.19,-0.86
17:27:18:578,3.85,0.22,-0.89
17:27:18:594,3.91,0.16,-0.87
17:27:18:594,3.91,0.13,-0.88
17:27:18:653,3.91,0.17,-0.89
17:27:18:669,3.89,0.18,-0.79
17:27:18:669,3.92,0.15,-0.87
17:27:18:725,3.90,0.16,-0.83
17:27:18:733,3.88,0.20,-0.85
17:27:18:754,3.88,0.15,-0.88
17:27:18:799,3.93,0.17,-0.87
17:27:18:823,3.91,0.21,-0.82
17:27:18:872,3.85,0.20,-0.80
17:27:18:890,3.86,0.21,-0.84
17:27:18:905,3.95,0.10,-0.88
17:27:18:915,3.92,0.17,-0.86
17:27:18:922,3.87,0.26,-0.79
17:27:18:961,3.88,0.17,-0.81
17:27:19:31,3.92,0.11,-0.83
17:27:19:46,3.92,0.16,-0.82
17:27:19:56,3.86,0.23,-0.75
17:27:19:73,3.92,0.11,-0.80
17:27:19:99,3.90,0.14,-0.78
17:27:19:110,3.93,0.15,-0.73
17:27:19:113,3.90,0.09,-0.76
17:27:19:142,3.89,0.16,-0.77
17:27:19:208,3.88,0.17,-0.70
17:27:19:213,3.93,0.12,-0.72
17:27:19:233,3.91,0.16,-0.72
17:27:19:252,3.87,0.14,-0.72
17:27:19:252,3.86,0.06,-0.71
17:27:19:279,3.91,0.09,-0.67
17:27:19:320,3.90,0.10,-0.69
17:27:19:320,3.87,0.18,-0.66
17:27:19:378,3.98,0.07,-0.73
17:27:19:398,4.11,0.05,-0.89
17:27:19:422,3.93,0.25,-0.70
17:27:19:422,3.85,0.25,-0.58
17:27:19:442,3.82,0.06,-0.58
17:27:19:465,3.85,0.08,-0.62
17:27:19:534,3.98,0.16,-0.61
17:27:19:555,4.05,-0.10,-0.76
17:27:19:577,4.16,-0.44,-0.80
17:27:19:577,3.95,-0.01,-0.59
17:27:19:593,4.03,-0.07,-0.90
17:27:19:640,4.46,-0.53,-1.16
17:27:19:657,5.31,-0.67,-1.76
17:27:19:660,6.28,0.21,-1.37
17:27:19:678,5.94,0.42,-3.34
17:27:19:712,4.44,-0.72,-3.73
17:27:19:731,2.83,-1.83,-1.70
17:27:19:764,1.81,-4.31,-2.00
17:27:19:789,1.73,-3.23,-1.30
17:27:19:805,2.57,-2.09,-0.56
17:27:19:851,3.27,-1.14,0.08
17:27:19:855,3.80,-0.40,0.08
17:27:19:916,4.75,1.67,-0.21
17:27:19:933,5.09,3.62,-0.14
17:27:19:948,4.82,5.05,0.34
17:27:19:971,4.10,6.12,0.34
17:27:19:977,3.57,5.30,0.50
17:27:20:5,8.00,1.44,2.49
17:27:20:36,6.04,-3.21,-1.57
17:27:20:67,2.79,-0.90,-0.95
17:27:20:111,4.28,2.52,-1.84
17:27:20:128,4.67,2.34,-1.04
17:27:20:133,3.71,0.51,-1.46
17:27:20:149,3.96,0.05,-0.71
17:27:20:187,4.08,0.71,-0.88
17:27:20:203,3.91,1.16,-1.46
17:27:20:225,3.79,0.46,-1.60
17:27:20:225,3.94,0.25,-1.30
17:27:20:278,3.84,0.23,-1.46
17:27:20:294,3.70,0.34,-1.57
17:27:20:310,3.68,0.42,-1.41
17:27:20:325,3.84,0.41,-1.21
17:27:20:363,3.95,0.29,-1.61
17:27:20:378,3.93,0.68,-1.55
17:27:20:408,4.04,1.00,-1.03
17:27:20:451,4.35,0.58,-1.51
17:27:20:451,5.28,0.84,-0.94
17:27:20:473,5.71,-0.07,-0.39
17:27:20:513,5.97,-0.42,-0.90
17:27:20:535,6.57,-0.44,-1.60
17:27:20:554,7.63,-1.19,-2.30
17:27:20:570,7.20,-2.75,-3.41
17:27:20:649,7.23,-4.52,-4.53
17:27:20:649,6.89,1.54,-3.07
17:27:20:649,7.90,1.75,-5.30
17:27:20:683,3.51,-2.13,-2.76
17:27:20:703,3.99,-3.23,-2.45
17:27:20:728,1.53,-4.45,-0.71
17:27:20:728,1.28,-3.49,-0.42
17:27:20:760,1.79,-3.25,-0.30
17:27:20:795,3.40,-2.07,0.43
17:27:20:813,4.02,-2.03,0.37
17:27:20:856,5.36,-1.10,0.61
17:27:20:873,6.65,0.13,0.50
17:27:20:876,7.38,1.01,-0.32
17:27:20:912,7.96,1.56,-1.28
17:27:20:931,8.00,2.94,-1.66
17:27:20:980,8.00,4.99,-2.15
17:27:20:999,7.66,7.50,-2.79
17:27:21:17,4.86,8.00,-2.79
17:27:21:35,4.30,8.00,-1.69
17:27:21:72,4.47,8.00,-2.15
17:27:21:89,6.31,3.20,-3.39
17:27:21:106,7.47,-8.00,3.68
17:27:21:125,8.00,4.83,-4.48
17:27:21:145,3.47,1.39,-1.41
17:27:21:181,2.26,4.79,-1.32
17:27:21:201,4.67,2.72,-0.35
17:27:21:221,3.51,0.38,-1.72
17:27:21:246,4.33,-0.51,-0.97
17:27:21:261,4.29,-0.67,-0.88
17:27:21:306,3.89,0.34,-1.59
17:27:21:341,3.77,0.34,-1.56
17:27:21:366,3.99,-0.44,-1.02
17:27:21:366,3.71,-0.07,-1.21
17:27:21:382,3.49,0.29,-1.26
17:27:21:403,3.82,0.36,-1.69
17:27:21:439,3.82,-0.18,-1.79
17:27:21:456,4.04,-0.10,-1.62
17:27:21:490,4.57,0.16,-1.18
17:27:21:551,4.76,0.74,-0.97
17:27:21:551,5.12,-0.07,-0.92
17:27:21:569,5.53,-0.41,-1.30
17:27:21:572,6.67,-0.27,-1.71
17:27:21:612,8.00,-1.12,-1.67
17:27:21:643,8.00,-3.70,-1.82
17:27:21:648,8.00,-7.58,-3.46
17:27:21:725,7.98,-1.40,-4.28
17:27:21:731,6.03,2.72,-5.22
17:27:21:731,4.95,-0.34,-3.62
17:27:21:751,3.55,-5.21,-2.57
17:27:21:775,1.28,-4.15,-0.44
17:27:21:790,0.64,-3.69,-0.73
17:27:21:827,1.17,-3.38,-0.93
17:27:21:879,2.32,-2.10,-0.31
17:27:21:901,3.76,-1.33,0.06
17:27:21:901,5.15,-0.92,0.14
17:27:21:921,6.62,0.30,-0.33
17:27:21:955,7.44,1.90,-0.96
17:27:21:972,8.00,2.07,-1.52
17:27:21:974,8.00,3.51,-2.40
17:27:22:7,8.00,5.96,-3.09
17:27:22:57,6.69,8.00,-2.30
17:27:22:74,4.38,8.00,-1.13
17:27:22:92,5.31,8.00,-1.57
17:27:22:111,5.35,-2.17,-2.35
17:27:22:131,6.69,-5.33,3.33
17:27:22:183,8.00,0.13,-3.63
17:27:22:184,3.75,1.37,-1.54
17:27:22:203,3.12,2.48,-2.26
17:27:22:222,5.24,3.82,-0.01
17:27:22:259,3.52,0.50,-1.47
17:27:22:277,3.88,-0.43,-0.81
17:27:22:295,4.39,-1.08,-1.03
17:27:22:332,4.17,0.03,-1.33
17:27:22:350,3.60,0.28,-1.77
17:27:22:368,4.06,-0.55,-1.39
17:27:22:404,3.52,-0.45,-1.71
17:27:22:441,3.60,0.03,-1.56
17:27:22:441,4.06,0.11,-1.28
17:27:22:459,4.10,0.01,-1.09
17:27:22:493,4.12,-0.33,-1.78
17:27:22:514,4.31,0.36,-1.99
17:27:22:531,5.23,-0.19,-1.03
17:27:22:570,5.76,-0.46,-0.08
17:27:22:624,6.30,-0.97,-0.84
17:27:22:624,7.15,-1.28,-1.61
17:27:22:624,8.00,-2.28,-1.94
17:27:22:660,8.00,-5.31,-3.05
17:27:22:698,8.00,-4.88,-5.24
17:27:22:716,8.00,1.94,-5.45
17:27:22:737,4.85,-1.14,-2.81
17:27:22:792,1.11,-4.13,-3.16
17:27:22:792,1.35,-5.30,-1.16
17:27:22:811,0.61,-4.81,-0.75
17:27:22:827,0.87,-3.79,-1.28
17:27:22:850,2.45,-1.49,-0.96
17:27:22:867,4.37,-0.98,-0.50
17:27:22:903,5.72,-0.39,-0.32
17:27:22:920,6.66,0.52,-0.95
17:27:22:957,7.45,1.64,-1.39
17:27:22:975,8.00,2.18,-1.76
17:27:22:991,7.96,4.11,-1.69
17:27:23:27,7.96,5.47,-2.43
17:27:23:46,6.59,8.00,-2.48
17:27:23:63,4.68,8.00,-0.59
17:27:23:97,4.66,8.00,-0.85
17:27:23:134,5.59,6.39,-2.29
17:27:23:152,8.00,-8.00,4.95
17:27:23:172,8.00,7.95,-6.93
17:27:23:190,3.31,1.00,-2.85
17:27:23:207,1.75,3.26,-2.00
17:27:23:223,4.55,4.15,-0.20
17:27:23:278,3.72,0.71,-0.76
17:27:23:278,3.94,-1.28,-1.17
17:27:23:314,4.26,-0.90,-1.47
17:27:23:367,3.76,0.71,-1.97
17:27:23:385,3.02,0.16,-1.52
17:27:23:385,4.03,-0.75,-1.46
17:27:23:404,3.63,0.01,-1.52
17:27:23:422,3.94,0.24,-1.46
17:27:23:443,4.42,0.20,-1.40
17:27:23:461,3.97,-0.30,-1.52
17:27:23:514,3.79,-0.53,-1.81
17:27:23:533,4.14,0.37,-1.31
17:27:23:550,4.63,0.83,-0.64
17:27:23:569,4.76,-0.30,-1.07
17:27:23:606,5.37,-0.66,-1.92
17:27:23:624,6.42,-0.86,-1.61
17:27:23:643,7.80,-1.21,-1.00
17:27:23:692,8.00,-3.66,-0.77
17:27:23:710,7.86,-8.00,-4.93
17:27:23:710,7.88,2.19,-3.30
17:27:23:747,6.67,-0.15,-5.05
17:27:23:763,3.42,0.82,-4.00
17:27:23:779,1.78,3.04,-2.86
17:27:23:815,0.35,-5.19,-0.63
17:27:23:867,-0.03,-3.05,-0.95
17:27:23:885,1.47,-3.12,-1.24
17:27:23:885,2.71,-2.65,-0.81
17:27:23:903,3.57,-0.97,-0.31
17:27:23:938,4.81,-0.62,-0.47
17:27:23:957,6.39,0.09,-0.59
17:27:23:975,7.75,1.74,-0.55
17:27:24:28,8.00,2.01,-1.09
17:27:24:49,8.00,3.15,-2.33
17:27:24:67,7.77,5.25,-3.31
17:27:24:84,7.15,8.00,-1.81
17:27:24:99,5.46,8.00,-0.89
17:27:24:118,4.40,8.00,-2.11
17:27:24:172,5.34,2.55,1.22
17:27:24:172,8.00,-8.00,0.94
17:27:24:229,8.00,0.42,-6.02
17:27:24:229,5.70,0.88,-2.49
17:27:24:247,2.02,4.05,-2.30
17:27:24:281,4.75,3.21,0.29
17:27:24:286,3.79,0.02,-1.64
17:27:24:321,3.65,-0.80,-1.23
17:27:24:340,4.00,-0.51,-1.25
17:27:24:377,3.68,0.35,-1.08
17:27:24:411,3.89,0.57,-1.85
17:27:24:413,3.80,-0.35,-1.57
17:27:24:432,3.76,-0.34,-1.31
17:27:24:467,3.75,0.20,-1.64
17:27:24:487,3.92,0.25,-1.49
17:27:24:506,3.90,0.11,-1.67
17:27:24:541,4.00,-0.01,-1.69
17:27:24:577,4.32,0.24,-1.90
17:27:24:596,4.84,0.45,-1.36
17:27:24:615,6.00,-0.15,-0.86
17:27:24:631,5.91,-0.48,-0.79
17:27:24:648,5.98,-0.64,-1.30
17:27:24:683,7.13,-1.25,-1.88
17:27:24:703,8.00,-2.81,-2.03
17:27:24:721,8.00,-5.63,-3.33
17:27:24:776,8.00,-2.70,-2.44
17:27:24:794,8.00,-0.07,-6.26
17:27:24:794,5.17,-0.21,-3.06
17:27:24:815,3.19,0.09,-2.69
17:27:24:846,0.81,-3.79,-0.91
17:27:24:864,0.75,-2.93,-0.25
17:27:24:882,1.02,-2.95,-0.41
17:27:24:955,1.88,-2.52,-0.82
17:27:24:955,3.06,-1.42,-0.02
17:27:24:973,4.28,-1.15,-0.44
17:27:24:992,5.46,-0.37,-0.18
17:27:25:9,6.61,1.91,-0.90
17:27:25:27,8.00,3.07,-1.16
17:27:25:45,8.00,5.01,-0.63
17:27:25:151,8.00,5.34,-1.43
17:27:25:170,7.57,7.96,-2.80
17:27:25:170,5.29,8.00,-1.33
17:27:25:187,4.44,8.00,-1.28
17:27:25:188,4.78,6.97,-2.95
17:27:25:204,6.86,-8.00,1.43
17:27:25:222,7.99,4.48,-0.44
17:27:25:259,3.92,1.73,-1.63
17:27:25:294,3.71,-0.24,-3.30
17:27:25:314,2.55,2.96,-1.91
17:27:25:331,4.79,2.01,-0.59
17:27:25:350,3.62,0.25,-1.03
17:27:25:369,3.80,-1.15,-1.47
17:27:25:405,3.94,-0.65,-1.18
17:27:25:425,3.81,0.86,-1.75
17:27:25:443,3.89,0.72,-1.28
17:27:25:478,3.92,-0.69,-1.41
17:27:25:497,3.84,0.02,-1.69
17:27:25:516,3.82,0.32,-1.59
17:27:25:571,3.94,-0.05,-1.59
17:27:25:571,3.77,0.27,-1.33
17:27:25:589,3.76,0.28,-1.52
17:27:25:607,4.02,-0.01,-1.88
17:27:25:642,3.97,0.40,-1.79
17:27:25:678,3.95,0.69,-1.50
17:27:25:696,4.02,0.50,-1.49
17:27:25:712,4.46,0.39,-1.28
17:27:25:752,5.00,0.14,-1.32
17:27:25:785,4.54,0.32,-1.73
17:27:25:790,5.62,0.34,-1.60
17:27:25:806,6.43,0.38,-1.49
17:27:25:861,7.49,-0.97,-1.97
17:27:25:861,7.61,-2.09,-0.63
17:27:25:880,6.27,-0.62,-1.94
17:27:25:898,6.33,2.06,-3.73
17:27:25:931,4.44,1.26,-3.80
17:27:25:951,1.22,-1.82,-2.36
17:27:25:967,1.51,-1.00,-0.36
17:27:26:40,1.01,-2.14,0.89
17:27:26:40,0.19,-2.27,0.78
17:27:26:58,0.49,-2.04,0.30
17:27:26:73,1.42,-1.49,0.03
17:27:26:97,2.21,0.14,0.31
17:27:26:134,3.39,2.03,1.03
17:27:26:151,4.85,3.28,0.38
17:27:26:152,6.35,5.62,-0.92
17:27:26:226,6.86,8.00,-0.57
17:27:26:226,6.26,8.00,-0.15
17:27:26:226,4.17,6.97,-1.44
17:27:26:281,2.72,4.74,-1.54
17:27:26:281,1.18,2.38,-3.73
17:27:26:334,6.75,-1.19,-0.93
17:27:26:335,4.32,-1.43,0.11
17:27:26:427,3.26,-0.54,-0.93
17:27:26:445,3.80,1.26,-1.64
17:27:26:445,3.82,0.83,-0.60
17:27:26:445,3.85,-0.24,-1.14
17:27:26:464,3.71,0.22,-1.13
17:27:26:480,3.92,0.38,-0.93
17:27:26:500,4.05,-0.05,-1.27
17:27:26:520,4.14,0.15,-1.18
17:27:26:556,3.91,0.27,-1.00
17:27:26:574,3.79,0.02,-1.16
17:27:26:593,3.76,0.23,-0.89
17:27:26:631,3.94,-0.07,-1.12
17:27:26:648,3.99,-0.29,-1.26
17:27:26:682,3.88,-0.15,-1.25
17:27:26:700,3.81,0.07,-0.79
17:27:26:737,3.84,-0.03,-0.89
17:27:26:753,3.88,-0.21,-1.16
17:27:26:770,3.86,0.01,-1.10
17:27:26:788,3.85,0.04,-0.94
17:27:26:824,3.85,0.02,-0.82
17:27:26:842,3.85,-0.08,-0.93
17:27:26:859,3.90,-0.09,-0.98
17:27:26:946,3.96,-0.01,-1.00
17:27:26:946,3.83,-0.03,-0.89
17:27:26:964,3.85,-0.07,-0.93
17:27:26:964,3.89,-0.04,-0.87
17:27:26:982,3.94,0.12,-0.91
17:27:27:16,3.89,0.11,-0.87
17:27:27:34,3.86,0.04,-0.90
17:27:27:69,3.85,-0.09,-0.95
17:27:27:89,3.94,-0.07,-0.96
17:27:27:143,3.89,0.06,-0.87
17:27:27:162,3.92,0.06,-0.93
17:27:27:181,3.83,0.16,-0.88
17:27:27:182,3.86,0.06,-0.88
17:27:27:199,3.91,-0.07,-0.94
17:27:27:221,3.86,-0.03,-0.94
17:27:27:241,3.92,0.09,-0.98
17:27:27:309,3.87,0.01,-0.97
17:27:27:309,3.90,0.04,-0.92
17:27:27:327,3.85,0.05,-0.92
17:27:27:346,3.85,-0.02,-0.98
17:27:27:364,3.89,0.06,-0.98
17:27:27:382,3.90,0.08,-0.97
17:27:27:416,3.89,0.09,-0.92
17:27:27:473,3.86,0.05,-0.97
17:27:27:490,3.89,-0.00,-1.01
17:27:27:494,3.90,0.02,-0.99
17:27:27:510,3.83,0.12,-0.97
17:27:27:542,3.86,0.11,-0.97
17:27:27:561,3.89,0.01,-1.02
17:27:27:581,3.88,0.15,-1.01
17:27:27:614,3.88,0.12,-0.97
17:27:27:634,3.88,0.07,-1.03
17:27:27:653,3.92,0.08,-0.97
17:27:27:689,3.88,0.11,-0.98
17:27:27:708,3.91,0.10,-1.01
17:27:27:744,3.87,0.12,-0.95
17:27:27:763,3.90,0.10,-0.98
17:27:27:780,3.87,0.13,-0.98
17:27:27:832,3.90,0.12,-0.99
17:27:27:850,3.87,0.05,-0.97
17:27:27:850,3.89,0.12,-0.98
17:27:27:887,3.87,0.09,-0.98
17:27:27:905,3.89,0.04,-1.00
17:27:27:905,3.87,0.07,-0.96
17:27:27:939,3.89,0.12,-0.95
17:27:27:956,3.88,0.08,-1.00
17:27:28:8,3.88,0.08,-0.96
17:27:28:25,3.88,0.08,-0.97
17:27:28:43,3.88,0.12,-0.96
17:27:28:62,3.88,0.10,-0.95
17:27:28:80,3.89,0.10,-0.97
17:27:28:116,3.90,0.11,-0.97
17:27:28:135,3.88,0.14,-0.99
17:27:28:168,3.87,0.10,-0.96
17:27:28:188,3.90,0.08,-0.96
17:27:28:207,3.88,0.11,-0.98
17:27:28:225,3.81,0.08,-0.97
17:27:28:278,3.91,0.08,-0.97
17:27:28:280,3.88,0.12,-0.96
17:27:28:304,3.89,0.12,-0.95
17:27:28:320,3.89,0.11,-0.97
17:27:28:356,3.91,0.11,-0.97
17:27:28:431,3.88,0.07,-0.94
17:27:28:431,3.88,0.13,-0.95
17:27:28:431,3.87,0.12,-0.95
17:27:28:450,3.88,0.13,-0.95
17:27:28:470,3.87,0.17,-0.91
17:27:28:486,3.87,0.09,-0.93
17:27:28:505,3.87,0.13,-0.98
17:27:28:560,3.91,0.15,-0.94
17:27:28:581,3.90,0.11,-0.95
17:27:28:598,3.86,0.15,-0.93
17:27:28:598,3.87,0.15,-0.90
17:27:28:648,3.88,0.11,-0.93
17:27:28:665,3.91,0.12,-0.96
17:27:28:685,3.89,0.19,-0.91
17:27:28:703,3.87,0.14,-0.90
17:27:28:750,3.88,0.08,-0.93
17:27:28:752,3.90,0.16,-0.91
17:27:28:770,3.86,0.12,-0.91
17:27:28:808,3.91,0.12,-0.92
17:27:28:825,3.91,0.12,-0.90
17:27:28:874,3.92,0.13,-0.93
17:27:28:894,3.87,0.02,-0.90
17:27:28:927,4.00,-0.02,-0.84
17:27:28:927,4.10,0.04,-0.87
17:27:28:945,4.30,-0.43,-1.20
17:27:28:965,4.26,-0.79,-0.95
17:27:29:3,3.98,-0.74,-0.56
17:27:29:21,4.52,-1.02,0.94
17:27:29:75,4.12,-1.85,0.35
17:27:29:114,3.26,-2.37,-0.75
17:27:29:114,3.03,-1.19,-1.58
17:27:29:114,2.87,0.50,-1.86
17:27:29:151,2.66,1.70,-2.14
17:27:29:170,3.03,3.48,-2.79
17:27:29:188,4.08,0.41,-5.88
17:27:29:226,4.07,1.23,-0.77
17:27:29:244,4.19,0.32,0.42
17:27:29:280,4.42,-1.60,-1.23
17:27:29:296,3.86,0.43,-1.69
17:27:29:316,3.97,0.72,-1.36
17:27:29:334,4.12,0.16,-1.35
17:27:29:350,3.94,0.12,-1.44
17:27:29:386,3.71,0.74,-1.12
17:27:29:457,3.78,0.49,-0.95
17:27:29:457,3.79,0.10,-1.33
17:27:29:457,3.86,0.37,-1.33
17:27:29:476,3.99,0.83,-1.19
17:27:29:494,3.75,0.05,-1.37
17:27:29:513,3.98,0.97,-1.29
17:27:29:549,3.92,0.27,-1.36
17:27:29:567,3.71,0.15,-1.45
17:27:29:621,3.65,0.11,-1.87
17:27:29:642,4.59,-0.32,-1.18
17:27:29:660,4.03,0.54,-0.75
17:27:29:678,4.05,0.47,-0.20
17:27:29:678,3.66,0.85,-1.42
17:27:29:716,3.17,1.09,-2.05
17:27:29:735,4.96,0.03,0.42
17:27:29:754,4.11,0.78,-1.36
17:27:29:789,3.19,1.19,-2.86
17:27:29:860,3.66,0.89,-2.24
17:27:29:864,3.58,0.19,-2.45
17:27:29:881,5.88,-0.81,1.35
17:27:29:881,7.03,-2.07,-0.15
17:27:29:916,5.42,0.38,0.16
17:27:29:938,5.06,0.06,-0.73
17:27:29:977,3.46,0.59,-0.38
17:27:29:997,3.85,-1.68,-3.00
17:27:30:15,3.33,-1.42,-2.07
17:27:30:55,3.32,0.03,-1.01
17:27:30:55,3.23,0.04,-0.66
17:27:30:73,2.86,-0.92,-0.90
17:27:30:92,2.56,-1.37,-1.09
17:27:30:146,2.86,-1.30,-0.99
17:27:30:183,3.17,-0.80,-1.11
17:27:30:200,3.45,-0.46,-1.57
17:27:30:224,3.84,0.23,-1.84
17:27:30:224,4.16,0.60,-2.05
17:27:30:243,4.44,1.29,-2.72
17:27:30:282,4.32,1.70,-3.25
17:27:30:282,4.29,2.57,-2.82
17:27:30:373,3.99,2.96,-1.89
17:27:30:393,3.83,2.59,-2.15
17:27:30:393,3.69,2.49,-2.09
17:27:30:393,8.00,7.78,-2.99
17:27:30:430,4.56,2.90,-0.66
17:27:30:447,4.22,-0.72,-0.62
17:27:30:485,5.59,-0.81,0.50
17:27:30:521,4.04,-0.28,-0.48
17:27:30:542,3.80,-0.09,-1.59
17:27:30:562,3.98,0.05,-1.40
17:27:30:562,3.89,-0.11,-0.72
17:27:30:589,3.95,-0.19,-0.73
17:27:30:609,3.96,0.12,-0.87
17:27:30:629,3.95,0.20,-0.85
17:27:30:650,3.96,-0.10,-0.87
17:27:30:708,3.96,-0.09,-0.91
17:27:30:726,3.96,0.11,-0.98
17:27:30:728,3.95,0.17,-0.94
17:27:30:757,3.78,0.23,-0.72
17:27:30:780,3.92,-0.04,-0.83
17:27:30:790,3.90,-0.03,-0.92
17:27:30:829,3.91,0.28,-0.81
17:27:30:852,3.87,0.28,-0.83
17:27:30:891,3.86,0.18,-0.82
17:27:30:912,3.88,0.10,-0.88
17:27:30:933,3.91,0.07,-0.88
17:27:30:933,3.91,0.06,-0.91
17:27:30:949,3.88,0.04,-0.88
17:27:30:996,3.87,0.08,-0.84
17:27:31:5,3.86,0.05,-0.87
17:27:31:35,3.86,0.01,-0.91
17:27:31:78,3.88,0.11,-0.90
17:27:31:104,3.91,0.12,-0.91
17:27:31:105,3.91,0.12,-0.89
17:27:31:121,3.88,0.02,-0.89
17:27:31:160,3.89,0.11,-0.87
17:27:31:176,3.91,0.11,-0.88
17:27:31:194,3.90,0.01,-0.89
17:27:31:230,3.88,0.06,-0.89
17:27:31:268,3.88,0.12,-0.91
17:27:31:283,3.88,0.14,-0.91
17:27:31:302,3.90,0.09,-0.90
17:27:31:338,3.89,0.12,-0.86
17:27:31:358,3.87,0.11,-0.90
17:27:31:375,3.88,0.10,-0.92
17:27:31:382,3.88,0.08,-0.91
17:27:31:439,3.88,0.03,-0.92
17:27:31:482,3.89,0.15,-0.88
17:27:31:501,3.88,0.10,-0.87
17:27:31:517,3.88,0.08,-0.88
17:27:31:536,3.88,0.12,-0.90
17:27:31:536,3.87,0.11,-0.90
17:27:31:555,3.86,0.16,-0.89
17:27:31:622,3.89,0.13,-0.88
17:27:31:643,3.89,0.12,-0.90
17:27:31:643,3.86,0.11,-0.89
17:27:31:643,3.90,0.11,-0.89
17:27:31:687,3.91,0.14,-0.88
17:27:31:725,3.85,0.13,-0.89
17:27:31:746,3.87,0.12,-0.88
17:27:31:799,3.90,0.16,-0.87
17:27:31:815,3.91,0.11,-0.98
17:27:31:834,3.92,0.14,-0.91
17:27:31:857,3.92,0.12,-0.86
17:27:31:857,3.86,0.15,-0.87
17:27:31:872,3.88,0.17,-0.92
17:27:31:893,3.95,0.22,-0.93
17:27:31:968,3.91,0.23,-0.90
17:27:32:0,3.81,0.15,-0.86
17:27:32:0,3.86,0.14,-0.92
17:27:32:16,3.89,0.20,-0.91
17:27:32:20,3.89,0.23,-0.89
17:27:32:36,3.86,0.21,-0.89
17:27:32:55,3.84,0.20,-0.89
17:27:32:76,3.89,0.20,-0.92
17:27:32:154,3.89,0.23,-0.89
17:27:32:175,3.88,0.18,-0.95
17:27:32:179,3.84,0.10,-0.92
17:27:32:195,3.93,0.19,-0.91
17:27:32:212,3.91,0.26,-0.89
17:27:32:233,3.87,0.24,-0.93
17:27:32:269,3.89,0.17,-0.97
17:27:32:293,3.91,0.22,-0.92
17:27:32:310,3.89,0.26,-0.90
17:27:32:328,3.87,0.20,-0.95
17:27:32:351,3.86,0.17,-0.95
17:27:32:384,3.89,0.22,-0.91
17:27:32:409,3.88,0.19,-0.94
17:27:32:442,3.90,0.21,-0.95
17:27:32:461,3.91,0.22,-0.95
17:27:32:501,3.86,0.26,-0.89
17:27:32:522,3.85,0.23,-0.95
17:27:32:561,3.95,0.10,-1.12
17:27:32:578,3.88,0.11,-1.00
17:27:32:578,3.95,0.13,-1.05
17:27:32:593,3.52,0.21,-0.89
17:27:32:625,3.92,-0.13,-0.91
17:27:32:640,3.85,0.01,-0.87
17:27:32:671,4.53,-1.42,-1.13
17:27:32:687,3.72,0.57,-0.83
17:27:32:720,3.92,0.40,-0.77
17:27:32:736,3.88,0.33,-0.77
17:27:32:778,3.87,0.47,-0.87
17:27:32:798,3.81,0.23,-0.92
17:27:32:814,3.75,0.33,-0.86
17:27:32:858,3.87,0.28,-0.89
17:27:32:881,3.76,0.60,-1.03
17:27:32:904,3.71,0.44,-1.13
17:27:32:906,3.99,0.18,-1.34
17:27:32:928,3.92,0.42,-1.56
17:27:32:950,3.96,0.33,-1.39
17:27:32:986,4.12,0.43,-1.19
17:27:33:2,3.96,0.45,-1.30
17:27:33:64,3.83,0.41,-1.24
17:27:33:64,3.78,0.45,-1.23
17:27:33:80,3.78,0.34,-1.35
17:27:33:96,3.82,0.28,-1.46
17:27:33:167,3.80,0.51,-1.28
17:27:33:167,3.80,0.45,-1.11
17:27:33:222,3.86,0.65,-1.15
17:27:33:267,3.91,0.45,-1.19
17:27:33:288,3.92,0.39,-1.33
17:27:33:288,3.99,0.29,-1.52
17:27:33:288,4.14,0.46,-1.28
17:27:33:352,4.49,0.42,-1.31
17:27:33:354,4.89,0.59,-1.14
17:27:33:354,5.50,0.41,-1.43
17:27:33:370,6.87,-0.63,-1.35
17:27:33:425,7.50,-1.05,-0.90
17:27:33:425,8.00,-1.26,-1.70
17:27:33:425,8.00,-4.07,-3.41
17:27:33:480,8.00,-5.46,-4.28
17:27:33:495,6.48,1.32,-4.65
17:27:33:499,5.31,-0.45,-4.92
17:27:33:610,-1.15,1.59,0.23
17:27:33:630,1.93,-5.69,-1.27
17:27:33:630,1.21,-4.72,-1.32
17:27:33:630,1.83,-3.72,-0.54
17:27:33:651,3.01,-2.01,0.22
17:27:33:651,4.09,-1.74,0.76
17:27:33:667,5.06,-1.53,0.03
17:27:33:723,6.72,-0.90,-0.96
17:27:33:723,8.00,1.73,-1.00
17:27:33:760,8.00,3.30,-1.03
17:27:33:777,8.00,5.93,-1.74
17:27:33:797,7.23,6.60,-2.28
17:27:33:820,5.63,8.00,-1.83
17:27:33:836,4.64,8.00,-1.50
17:27:33:891,5.00,8.00,-2.10
17:27:33:907,5.10,5.95,-1.76
17:27:33:930,4.63,-8.00,-2.69
17:27:33:950,7.16,4.12,7.81
17:27:33:970,5.61,2.00,-2.17
17:27:33:986,3.89,1.94,-2.17
17:27:34:5,3.91,3.25,-2.43
17:27:34:30,4.81,1.55,-1.33
17:27:34:68,3.81,0.08,-1.04
17:27:34:69,3.90,-1.27,-1.14
17:27:34:135,4.04,-0.11,-1.08
17:27:34:151,4.14,0.91,-1.50
17:27:34:151,3.67,0.28,-1.02
17:27:34:166,3.68,-0.53,-1.12
17:27:34:229,3.81,0.01,-1.34
17:27:34:245,3.80,0.30,-1.64
17:27:34:260,3.37,0.42,-1.53
17:27:34:293,4.14,-0.42,-1.70
17:27:34:327,4.26,-0.03,-1.74
17:27:34:344,5.06,0.90,-1.53
17:27:34:348,5.64,0.05,-0.97
17:27:34:400,6.27,-1.06,-1.04
17:27:34:417,6.76,-1.45,-1.23
17:27:34:417,8.00,-2.11,-1.54
17:27:34:437,8.00,-4.20,-1.71
17:27:34:489,7.90,-5.87,-4.97
17:27:34:509,8.00,0.46,-6.09
17:27:34:509,5.75,-2.69,-6.20
17:27:34:564,-1.19,-1.18,-3.44
17:27:34:568,3.85,-6.74,-2.89
17:27:34:583,1.94,-3.28,0.40
17:27:34:624,1.67,-4.12,-1.45
17:27:34:662,2.76,-2.33,-1.37
17:27:34:680,4.29,-1.04,-1.01
17:27:34:698,5.89,-0.89,0.80
17:27:34:718,7.60,-0.77,0.61
17:27:34:742,8.00,1.32,-0.60
17:27:34:758,8.00,2.24,-1.12
17:27:34:791,8.00,4.22,-1.86
17:27:34:828,8.00,6.92,-2.48
17:27:34:846,6.07,8.00,-0.62
17:27:34:869,5.27,8.00,-1.99
17:27:34:870,4.58,7.42,-2.21
17:27:34:888,5.96,5.15,-1.99
17:27:34:910,7.42,-5.99,4.14
17:27:34:963,8.00,5.84,-0.17
17:27:34:980,4.27,0.32,-0.85
17:27:35:20,2.14,3.69,-4.32
17:27:35:42,6.76,3.28,-1.00
17:27:35:62,4.88,0.86,-2.18
17:27:35:63,3.13,-0.44,-1.25
17:27:35:128,4.06,-1.03,-1.39
17:27:35:128,3.91,-0.39,-1.34
17:27:35:144,3.90,0.52,-1.79
17:27:35:163,3.77,0.60,-0.96
17:27:35:202,3.93,-0.44,-1.03
17:27:35:235,3.80,0.30,-1.51
17:27:35:236,3.97,0.66,-1.57
17:27:35:295,4.19,0.19,-1.46
17:27:35:316,4.19,0.31,-1.49
17:27:35:316,5.27,0.31,-1.31
17:27:35:333,5.54,-0.30,-1.22
17:27:35:356,6.17,-0.56,-0.72
17:27:35:409,6.77,-1.22,-1.30
17:27:35:412,7.89,-2.59,-2.16
17:27:35:428,8.00,-5.03,-2.42
17:27:35:447,8.00,-6.95,-3.66
17:27:35:466,8.00,2.11,-3.53
17:27:35:501,8.00,-1.11,-6.71
17:27:35:520,0.97,-2.84,-3.64
17:27:35:571,2.89,-7.56,-2.86
17:27:35:588,1.48,-4.37,-0.44
17:27:35:607,1.28,-4.05,-0.95
17:27:35:641,2.84,-3.31,-1.06
17:27:35:659,4.08,-2.13,-0.76
17:27:35:679,6.38,-1.11,-0.36
17:27:35:679,8.00,-0.13,0.35
17:27:35:726,8.00,1.66,-0.26
17:27:35:758,8.00,2.11,-1.63
17:27:35:790,8.00,3.95,-1.96
17:27:35:821,8.00,7.08,-1.81
17:27:35:821,6.82,8.00,-1.47
17:27:35:850,5.13,8.00,-1.37
17:27:35:866,5.00,8.00,-1.44
17:27:35:889,5.62,6.11,-1.39
17:27:35:918,5.51,-8.00,2.71
17:27:35:965,8.00,8.00,-1.94
17:27:35:985,1.75,-0.88,0.95
17:27:36:4,3.62,5.01,-4.35
17:27:36:10,5.57,4.43,-0.53
17:27:36:26,3.96,0.79,-1.36
17:27:36:80,4.59,-1.07,-0.92
17:27:36:80,4.41,-0.87,-0.83
17:27:36:100,3.91,0.83,-1.48
17:27:36:141,3.71,0.08,-1.32
17:27:36:141,3.59,-0.54,-1.47
17:27:36:160,3.65,0.12,-1.11
17:27:36:196,3.75,0.21,-1.44
17:27:36:216,3.77,0.05,-1.58
17:27:36:236,3.50,-0.28,-2.18
17:27:36:278,3.70,-0.58,-2.47
17:27:36:311,3.86,-0.68,-2.66
17:27:36:311,5.44,1.58,0.39
17:27:36:331,6.82,0.13,0.85
17:27:36:354,7.50,-1.57,0.06
17:27:36:388,8.00,-2.47,-1.68
17:27:36:409,8.00,-3.62,-3.10
17:27:36:443,8.00,-7.14,-5.69
17:27:36:479,7.85,-0.47,-4.36
17:27:36:479,5.95,-0.53,-6.52
17:27:36:500,3.06,-0.26,-3.45
17:27:36:525,3.78,-7.12,-3.66
17:27:36:560,1.06,-4.02,-0.56
17:27:36:602,0.59,-3.32,-1.51
17:27:36:602,1.66,-3.23,-1.12
17:27:36:659,2.96,-2.00,-0.40
17:27:36:683,4.28,-1.11,0.19
17:27:36:683,5.92,-0.87,0.40
17:27:36:703,7.58,0.44,-0.37
17:27:36:730,8.00,2.57,-1.14
17:27:36:750,8.00,3.55,-1.67
17:27:36:770,8.00,4.28,-3.12
17:27:36:829,7.55,7.81,-2.58
17:27:36:849,5.90,8.00,-1.11
17:27:36:849,5.52,8.00,-2.67
17:27:36:868,4.76,6.53,-1.72
17:27:36:886,7.32,-7.67,5.00
17:27:36:906,8.00,7.01,6.00
17:27:36:939,3.53,-0.38,-1.71
17:27:36:994,2.87,3.88,-4.97
17:27:37:11,5.48,4.47,-1.82
17:27:37:11,4.84,2.02,-0.51
17:27:37:29,3.22,-1.06,-1.22
17:27:37:66,3.82,-1.62,-1.18
17:27:37:86,4.08,0.37,-1.73
17:27:37:126,3.99,0.54,-2.20
17:27:37:130,3.72,-0.60,-1.01
17:27:37:171,3.61,-0.52,-1.39
17:27:37:191,3.45,0.95,-1.43
17:27:37:229,3.95,0.48,-1.77
17:27:37:246,4.15,0.23,-1.38
17:27:37:246,3.15,1.67,-4.55
17:27:37:285,5.16,0.59,-1.75
17:27:37:304,5.96,-0.36,-1.37
17:27:37:339,6.25,-0.22,-0.95
17:27:37:370,6.52,-1.22,-1.48
17:27:37:385,7.67,-1.96,-2.18
17:27:37:401,8.00,-4.29,-2.14
17:27:37:419,8.00,-4.67,-4.13
17:27:37:436,8.00,-0.77,-4.23
17:27:37:481,5.25,1.42,-4.99
17:27:37:493,1.90,0.09,-3.92
17:27:37:564,1.49,-4.00,-1.81
17:27:37:567,0.41,-3.36,-0.15
17:27:37:587,0.98,-4.44,-1.16
17:27:37:592,2.20,-2.86,-0.80
17:27:37:613,3.84,-1.59,-0.02
17:27:37:649,5.83,-0.81,0.83
17:27:37:667,7.48,-0.28,0.91
17:27:37:743,8.00,1.45,-0.55
17:27:37:759,8.00,3.51,-1.42
17:27:37:779,8.00,3.85,-1.56
17:27:37:779,7.64,4.58,-2.77
17:27:37:779,7.06,6.95,-2.22
17:27:37:800,5.60,8.00,-1.10
17:27:37:837,4.50,8.00,-1.56
17:27:37:837,4.29,8.00,-1.73
17:27:37:915,6.52,-4.94,0.19
17:27:37:931,8.00,-7.35,3.09
17:27:37:931,8.00,2.00,-2.44
17:27:37:951,2.87,1.83,-1.91
17:27:37:992,1.97,1.57,-3.56
17:27:38:8,5.75,3.47,-0.13
17:27:38:13,3.91,0.45,-0.90
17:27:38:108,3.41,-0.72,-1.03
17:27:38:126,3.98,-1.17,-1.27
17:27:38:126,3.93,-0.42,-1.12
17:27:38:144,3.83,0.04,-1.96
17:27:38:162,3.72,0.02,-1.42
17:27:38:180,3.63,-0.43,-1.16
17:27:38:180,3.64,-0.31,-1.32
17:27:38:217,3.90,0.21,-1.31
17:27:38:275,3.95,0.26,-1.17
17:27:38:311,4.00,-0.08,-1.26
17:27:38:329,4.11,-0.00,-1.68
17:27:38:349,4.09,0.19,-1.84
17:27:38:349,4.16,0.39,-1.51
17:27:38:349,4.26,0.18,-0.94
17:27:38:367,4.74,0.64,-0.92
17:27:38:404,4.78,0.21,-1.48
17:27:38:442,5.93,0.18,-1.45
17:27:38:460,7.10,-0.58,-1.35
17:27:38:479,7.96,-1.51,-0.84
17:27:38:497,7.33,-2.58,-1.13
17:27:38:515,4.66,-1.78,-2.87
17:27:38:554,5.32,2.39,-4.57
17:27:38:572,2.86,-1.42,-3.11
17:27:38:661,0.89,-1.14,-1.00
17:27:38:698,0.89,-2.45,-0.09
17:27:38:718,0.13,-2.82,0.10
17:27:38:735,0.37,-2.03,-0.05
17:27:38:736,1.06,-0.15,0.38
17:27:38:752,2.07,1.27,1.20
17:27:38:770,3.24,1.98,1.87
17:27:38:789,4.63,3.29,1.37
17:27:38:829,5.65,5.33,1.07
17:27:38:868,6.17,6.06,0.70
17:27:38:868,6.02,6.46,0.32
17:27:38:885,4.79,6.43,-0.63
17:27:38:886,3.98,4.33,-0.59
17:27:38:921,1.14,6.64,-4.85
17:27:38:939,5.44,2.08,-1.12
17:27:38:941,5.46,-0.06,-0.34
17:27:39:14,3.91,-0.40,-0.23
17:27:39:52,3.93,-0.02,-0.61
17:27:39:70,3.91,0.27,-1.11
17:27:39:87,3.75,0.18,-1.10
17:27:39:88,3.84,-0.26,-1.02
17:27:39:88,3.91,-0.12,-0.91
17:27:39:177,3.98,-0.04,-0.95
17:27:39:179,3.99,-0.10,-1.07
17:27:39:196,3.91,-0.05,-0.94
17:27:39:196,3.92,0.03,-0.92
17:27:39:214,3.96,0.00,-0.92
17:27:39:248,3.79,0.13,-0.92
17:27:39:267,3.74,0.11,-0.86
17:27:39:328,3.87,-0.01,-0.84
17:27:39:381,3.93,0.01,-0.88
17:27:39:381,3.85,-0.05,-0.99
17:27:39:398,3.78,0.08,-0.91
17:27:39:400,3.93,0.11,-0.88
17:27:39:420,3.93,0.11,-0.91
17:27:39:438,3.92,0.10,-0.88
17:27:39:476,3.87,0.06,-0.96
17:27:39:495,3.86,0.07,-0.90
17:27:39:513,3.83,0.08,-0.87
17:27:39:534,3.93,-0.01,-0.91
17:27:39:569,3.95,0.17,-0.88
17:27:39:590,3.86,0.13,-0.90
17:27:39:626,3.86,0.08,-0.86
17:27:39:628,3.89,0.06,-0.87
17:27:39:662,3.87,0.02,-0.92
17:27:39:683,3.88,0.00,-0.91
17:27:39:717,3.89,0.08,-0.93
17:27:39:740,3.90,0.09,-0.90
17:27:39:791,3.88,0.03,-0.89
17:27:39:793,3.86,0.05,-0.89
17:27:39:793,3.90,0.03,-0.90
17:27:39:829,3.88,0.04,-0.91
17:27:39:850,3.88,0.09,-0.90
