18:5:1:458,3.86,-0.17,-1.09
18:5:1:474,3.86,-0.22,-1.07
18:5:1:474,3.85,-0.20,-1.02
18:5:1:496,3.85,-0.19,-1.03
18:5:1:519,3.85,-0.20,-1.02
18:5:1:554,3.86,-0.17,-1.00
18:5:1:591,3.83,-0.18,-1.06
18:5:1:594,3.84,-0.13,-0.96
18:5:1:631,3.86,-0.12,-0.97
18:5:1:662,3.85,-0.12,-0.96
18:5:1:707,3.86,-0.12,-0.94
18:5:1:723,3.86,-0.13,-0.96
18:5:1:723,3.85,-0.13,-0.95
18:5:1:746,3.87,-0.13,-0.99
18:5:1:769,3.88,-0.12,-0.99
18:5:1:816,3.86,-0.16,-1.02
18:5:1:836,3.87,-0.20,-0.99
18:5:1:836,3.89,-0.16,-1.06
18:5:1:852,3.86,-0.21,-1.02
18:5:1:906,3.87,-0.20,-1.01
18:5:1:921,3.86,-0.17,-1.00
18:5:1:928,3.84,-0.17,-1.06
18:5:1:969,3.86,-0.18,-0.97
18:5:2:46,3.87,-0.17,-1.00
18:5:2:51,3.86,-0.17,-0.99
18:5:2:57,3.87,-0.19,-0.98
18:5:2:74,3.86,-0.17,-1.00
18:5:2:74,3.86,-0.18,-1.00
18:5:2:106,3.85,-0.20,-0.99
18:5:2:124,3.86,-0.20,-1.01
18:5:2:214,3.86,-0.16,-1.01
18:5:2:214,3.87,-0.17,-1.00
18:5:2:226,3.86,-0.17,-1.02
18:5:2:233,3.87,-0.21,-1.02
18:5:2:245,3.86,-0.19,-1.04
18:5:2:274,3.87,-0.18,-1.02
18:5:2:286,3.87,-0.20,-1.04
18:5:2:353,3.85,-0.20,-1.00
18:5:2:404,3.86,-0.19,-1.01
18:5:2:433,3.88,-0.20,-1.02
18:5:2:449,3.87,-0.18,-1.00
18:5:2:454,3.88,-0.17,-1.02
18:5:2:463,3.88,-0.17,-1.00
18:5:2:467,3.86,-0.19,-1.00
18:5:2:483,3.86,-0.18,-1.03
18:5:2:506,3.86,-0.20,-1.02
18:5:2:569,3.86,-0.17,-0.99
18:5:2:578,3.88,-0.18,-1.00
18:5:2:585,3.88,-0.18,-0.98
18:5:2:603,3.86,-0.19,-0.98
18:5:2:633,3.85,-0.17,-1.02
18:5:2:653,3.86,-0.17,-1.00
18:5:2:684,3.87,-0.18,-0.99
18:5:2:754,3.86,-0.18,-0.97
18:5:2:765,3.86,-0.17,-0.98
18:5:2:767,3.87,-0.18,-1.02
18:5:2:773,3.87,-0.17,-1.03
18:5:2:805,3.83,-0.17,-1.01
18:5:2:825,3.87,-0.16,-0.98
18:5:2:844,3.85,-0.19,-0.98
18:5:2:928,3.84,-0.19,-0.98
18:5:2:943,3.88,-0.18,-0.95
18:5:2:948,3.88,-0.15,-0.96
18:5:2:968,3.88,-0.15,-0.97
18:5:2:976,3.89,-0.15,-0.87
18:5:3:8,3.92,-0.17,-0.91
18:5:3:24,3.84,-0.24,-1.03
18:5:3:53,3.89,-0.13,-1.00
18:5:3:74,3.85,-0.23,-0.97
18:5:3:113,3.93,-0.21,-0.97
18:5:3:126,3.92,-0.22,-1.00
18:5:3:156,3.91,-0.10,-0.98
18:5:3:178,3.89,-0.19,-0.93
18:5:3:198,4.05,-0.26,-0.98
18:5:3:222,3.85,-0.27,-1.02
18:5:3:255,3.87,-0.29,-0.91
18:5:3:296,3.93,-0.23,-0.90
18:5:3:315,3.93,-0.25,-0.94
18:5:3:315,4.06,-0.29,-0.86
18:5:3:323,4.37,-0.55,-0.79
18:5:3:357,4.56,-0.53,-0.75
18:5:3:375,5.46,-0.56,-0.75
18:5:3:413,6.73,-2.21,-1.72
18:5:3:438,5.04,-2.03,-0.88
18:5:3:468,3.77,-3.36,-2.35
18:5:3:473,2.13,-3.66,-2.81
18:5:3:493,1.81,-3.13,-1.80
18:5:3:545,2.73,-2.55,-1.59
18:5:3:553,3.64,-1.36,-1.27
18:5:3:578,4.25,-0.56,-1.15
18:5:3:593,4.56,-0.04,-1.02
18:5:3:693,4.83,0.47,-0.60
18:5:3:704,4.97,1.71,0.22
18:5:3:753,4.89,3.11,-0.14
18:5:3:769,4.15,2.40,0.37
18:5:3:823,4.07,2.72,0.39
18:5:3:833,4.29,2.54,0.82
18:5:3:838,4.20,2.16,0.58
18:5:3:853,3.40,0.29,0.32
18:5:3:869,4.10,-2.81,-1.47
18:5:3:873,5.86,0.17,0.41
18:5:3:883,4.04,-0.50,-1.48
18:5:3:893,0.48,1.62,-0.38
18:5:3:913,4.21,0.92,-0.65
18:5:3:993,3.59,0.33,-0.51
18:5:4:8,3.95,0.03,-0.51
18:5:4:18,3.90,-0.17,-0.68
18:5:4:33,3.90,0.14,-0.68
18:5:4:43,4.16,0.02,-1.23
18:5:4:81,3.44,-0.26,-1.14
18:5:4:95,3.93,-0.16,-0.77
18:5:4:113,3.87,-0.46,-0.48
18:5:4:213,3.95,0.26,-0.68
18:5:4:223,3.86,0.34,-0.84
18:5:4:243,4.02,0.24,-0.92
18:5:4:255,3.95,-0.37,-0.88
18:5:4:263,4.06,0.25,-0.51
18:5:4:270,3.94,0.21,-0.78
18:5:4:278,4.10,0.29,-0.57
18:5:4:383,4.41,0.50,-0.58
18:5:4:417,4.34,0.49,-0.63
18:5:4:423,4.92,0.14,-0.69
18:5:4:435,6.56,-0.40,-0.60
18:5:4:463,7.98,-1.93,-0.74
18:5:4:478,8.00,-1.94,-0.75
18:5:4:513,8.00,-4.10,-1.76
18:5:4:573,8.00,-0.95,-2.89
18:5:4:584,4.64,0.42,-3.93
18:5:4:584,2.07,0.16,-3.69
18:5:4:598,1.93,-7.65,-3.00
18:5:4:613,0.17,-3.17,-0.32
18:5:4:613,0.88,-3.85,-0.24
18:5:4:631,2.51,-2.95,-0.84
18:5:4:647,3.68,-1.36,-1.88
18:5:4:648,4.51,-0.40,-1.90
18:5:4:742,6.28,0.38,-1.54
18:5:4:761,7.38,1.22,-0.70
18:5:4:761,8.00,1.48,-0.34
18:5:4:778,8.00,2.95,0.50
18:5:4:778,7.54,5.49,0.94
18:5:4:795,5.45,8.00,1.35
18:5:4:830,5.54,8.00,1.92
18:5:4:897,7.63,6.20,-1.54
18:5:4:917,6.74,-6.77,2.27
18:5:4:927,8.00,3.38,0.33
18:5:4:932,4.38,0.01,-0.98
18:5:4:942,6.18,4.12,-0.71
18:5:4:982,4.82,0.43,0.50
18:5:4:982,3.49,2.64,-0.35
18:5:5:15,3.80,0.48,-1.04
18:5:5:54,3.84,-0.70,-0.53
18:5:5:111,3.50,-0.40,-0.51
18:5:5:128,3.94,0.04,-0.58
18:5:5:128,4.12,0.76,-1.00
18:5:5:145,3.77,0.14,-0.64
18:5:5:145,3.85,-0.68,-0.32
18:5:5:173,3.81,0.52,-0.61
18:5:5:210,4.19,1.12,-0.69
18:5:5:263,4.15,0.08,-1.00
18:5:5:263,3.94,0.11,-0.08
18:5:5:282,4.43,0.85,-0.28
18:5:5:318,5.24,0.25,-0.18
18:5:5:322,5.27,-0.19,-0.12
18:5:5:339,5.72,-0.30,-0.90
18:5:5:366,6.33,-0.03,-0.88
18:5:5:438,6.27,-0.44,-0.18
18:5:5:456,7.69,-1.83,-0.77
18:5:5:456,7.24,-4.19,-1.52
18:5:5:474,8.00,0.56,-0.71
18:5:5:489,7.90,0.83,-2.20
18:5:5:525,6.27,-2.12,-2.10
18:5:5:564,6.02,0.70,-4.47
18:5:5:599,2.00,-4.79,-2.02
18:5:5:618,1.38,-2.48,0.05
18:5:5:618,1.00,-3.17,-0.53
18:5:5:636,2.07,-2.30,-0.15
18:5:5:655,3.10,-2.36,-1.00
18:5:5:675,4.68,0.86,-1.97
18:5:5:692,5.62,1.42,-2.50
18:5:5:747,7.56,1.90,-2.04
18:5:5:747,8.00,4.31,-0.65
18:5:5:766,8.00,4.81,0.72
18:5:5:821,8.00,5.17,0.24
18:5:5:821,5.40,8.00,1.31
18:5:5:840,5.43,8.00,2.51
18:5:5:858,7.48,6.98,1.70
18:5:5:930,6.27,-7.49,-0.97
18:5:5:930,8.00,-1.08,-0.86
18:5:5:949,4.33,0.01,-2.24
18:5:5:985,3.47,3.75,-0.29
18:5:6:4,5.02,2.40,0.81
18:5:6:7,4.10,2.64,-0.48
18:5:6:44,3.83,0.35,-0.46
18:5:6:61,3.91,-0.48,-0.57
18:5:6:81,3.66,-0.75,-0.42
18:5:6:100,4.06,0.00,-1.23
18:5:6:172,3.67,0.55,-1.05
18:5:6:172,3.97,0.28,-0.50
18:5:6:191,4.04,-0.35,-0.72
18:5:6:210,3.83,0.11,-0.97
18:5:6:229,3.93,0.63,-0.84
18:5:6:246,4.25,0.29,-0.88
18:5:6:282,4.24,0.68,-0.57
18:5:6:338,4.54,0.52,-0.32
18:5:6:356,5.37,-0.04,0.48
18:5:6:356,5.96,-0.09,-0.47
18:5:6:412,6.84,0.08,-1.41
18:5:6:413,7.52,-0.27,-1.33
18:5:6:413,7.51,-2.87,-0.53
18:5:6:432,6.41,-3.74,-1.51
18:5:6:488,8.00,1.24,-0.74
18:5:6:540,7.52,0.27,-2.92
18:5:6:540,5.66,-1.36,-2.03
18:5:6:558,4.50,2.87,-3.68
18:5:6:558,0.49,-3.79,-1.19
18:5:6:595,1.62,-2.13,0.16
18:5:6:615,0.89,-3.04,0.02
18:5:6:669,1.89,-2.51,0.29
18:5:6:705,2.40,-3.47,-0.83
18:5:6:705,3.73,-0.58,-1.08
18:5:6:705,5.28,-0.27,-1.83
18:5:6:727,7.09,-0.10,-1.07
18:5:6:783,8.00,2.35,-0.11
18:5:6:783,8.00,6.51,1.94
18:5:6:801,8.00,5.70,1.86
18:5:6:836,5.89,8.00,1.84
18:5:6:855,5.25,8.00,1.15
18:5:6:873,6.60,8.00,-0.18
18:5:6:911,6.24,-7.31,0.02
18:5:6:929,8.00,1.65,3.01
18:5:6:946,4.35,2.04,-1.13
18:5:6:983,3.28,2.35,0.16
18:5:7:1,4.52,-0.14,-0.29
18:5:7:58,3.78,2.57,-0.42
18:5:7:58,4.29,0.58,-0.64
18:5:7:75,4.03,-0.36,-0.28
18:5:7:94,3.80,-0.32,-0.83
18:5:7:110,3.91,-0.15,-1.09
18:5:7:151,3.84,0.37,-0.82
18:5:7:196,4.02,0.38,-0.73
18:5:7:221,3.98,0.19,-0.79
18:5:7:246,3.93,0.27,-0.72
18:5:7:275,4.09,0.24,-0.70
18:5:7:275,4.16,0.30,-0.51
18:5:7:275,4.31,0.47,-0.47
18:5:7:317,4.84,-0.08,-0.02
18:5:7:338,5.03,-0.17,-0.53
18:5:7:357,5.84,0.35,-0.99
18:5:7:415,6.88,0.03,-0.89
18:5:7:436,7.20,-0.90,-0.20
18:5:7:438,7.96,-2.19,-0.52
18:5:7:449,6.98,-3.88,-1.30
18:5:7:525,8.00,0.29,-0.80
18:5:7:535,6.05,0.70,-1.98
18:5:7:540,5.39,-1.91,-1.40
18:5:7:580,5.56,2.88,-3.82
18:5:7:621,0.45,-4.11,-1.67
18:5:7:621,0.46,-2.26,-0.08
18:5:7:638,0.27,-2.33,-0.45
18:5:7:642,1.56,-2.06,-0.16
18:5:7:678,2.37,-1.34,-0.51
18:5:7:697,4.62,0.30,-1.64
18:5:7:720,5.81,-0.12,-2.00
18:5:7:779,7.59,0.23,-2.34
18:5:7:779,8.00,2.33,-1.80
18:5:7:779,8.00,5.48,0.55
18:5:7:803,8.00,5.69,0.25
18:5:7:838,6.30,8.00,1.12
18:5:7:857,5.48,8.00,2.41
18:5:7:908,5.51,8.00,2.57
18:5:7:940,1.72,-4.30,-4.39
18:5:7:982,7.98,-5.98,1.64
18:5:7:987,5.68,1.06,-1.99
18:5:7:998,3.59,2.78,-1.14
18:5:8:14,5.83,1.91,-0.03
18:5:8:36,3.53,2.92,0.47
18:5:8:55,4.55,1.83,-0.24
18:5:8:95,4.32,-0.66,-0.78
18:5:8:118,3.50,-0.66,-0.41
18:5:8:134,4.10,-0.46,-0.72
18:5:8:161,3.79,0.39,-1.09
18:5:8:183,4.05,0.98,-0.72
18:5:8:198,4.27,-0.13,-0.80
18:5:8:213,3.91,0.11,-1.02
18:5:8:253,4.01,0.04,-1.13
18:5:8:270,3.96,0.35,-0.78
18:5:8:288,4.22,0.82,-0.35
18:5:8:355,4.18,0.53,-0.99
18:5:8:371,4.73,-0.11,-0.19
18:5:8:371,5.28,-0.07,-0.34
18:5:8:394,6.06,0.59,-0.81
18:5:8:435,6.29,0.17,-0.55
18:5:8:460,6.52,-0.72,0.05
18:5:8:476,7.13,-3.02,-0.20
18:5:8:495,7.02,-2.75,-0.88
18:5:8:516,8.00,1.14,-1.09
18:5:8:575,7.15,0.41,-2.13
18:5:8:575,4.67,-1.96,-2.84
18:5:8:596,5.61,0.59,-4.48
18:5:8:596,0.87,-3.88,-1.92
18:5:8:617,0.64,-1.88,-0.13
18:5:8:650,0.79,-2.16,-0.66
18:5:8:695,2.04,-2.12,-0.24
18:5:8:695,3.24,-2.57,-1.05
18:5:8:740,4.44,-0.94,-1.72
18:5:8:762,5.69,-0.69,-1.87
18:5:8:795,7.72,1.00,-1.23
18:5:8:798,8.00,2.16,-0.07
18:5:8:856,8.00,4.03,1.22
18:5:8:856,8.00,4.53,0.86
18:5:8:878,6.11,8.00,1.53
18:5:8:898,5.36,8.00,2.49
18:5:8:924,8.00,8.00,-0.59
18:5:8:956,6.87,-2.54,-2.69
18:5:8:956,7.63,-2.80,-0.81
18:5:9:5,4.84,-0.19,-1.21
18:5:9:52,3.31,3.51,-0.34
18:5:9:52,6.57,0.67,-0.04
18:5:9:68,4.12,1.03,-0.51
18:5:9:113,3.48,2.12,-0.91
18:5:9:113,4.10,-0.34,-0.60
18:5:9:134,3.90,-0.19,-0.55
18:5:9:175,3.83,-0.71,-0.63
18:5:9:222,3.97,0.11,-0.75
18:5:9:222,3.57,-0.05,-0.74
18:5:9:222,4.09,0.30,-0.60
18:5:9:274,4.04,0.22,-0.73
18:5:9:292,3.87,0.36,-0.66
18:5:9:292,4.00,0.22,-0.82
18:5:9:326,3.88,0.41,-0.50
18:5:9:350,4.08,0.42,-0.65
18:5:9:404,4.42,0.63,-0.26
18:5:9:404,4.74,0.17,0.37
18:5:9:420,5.57,0.11,-0.91
18:5:9:437,5.92,0.72,-1.20
18:5:9:470,6.34,0.62,-0.48
18:5:9:492,7.74,-0.76,-0.29
18:5:9:525,8.00,-4.29,-0.22
18:5:9:564,5.74,-3.31,-1.11
18:5:9:580,7.91,2.71,-1.36
18:5:9:651,6.51,1.65,-2.42
18:5:9:651,3.91,1.65,-4.12
18:5:9:668,1.57,-3.76,-3.30
18:5:9:674,0.95,-3.60,-0.77
18:5:9:690,0.50,-1.05,-0.22
18:5:9:706,1.41,-2.21,-0.84
18:5:9:741,2.91,-2.46,-0.96
18:5:9:780,4.00,-1.30,-1.14
18:5:9:796,5.54,0.07,-1.53
18:5:9:814,6.92,-0.18,-0.73
18:5:9:830,8.00,1.08,-0.24
18:5:9:851,8.00,2.99,0.66
18:5:9:889,8.00,3.28,0.56
18:5:9:906,7.46,4.15,0.05
18:5:9:944,6.08,7.04,0.70
18:5:9:944,5.00,7.52,1.53
18:5:9:977,4.67,6.23,1.18
18:5:10:1,5.69,4.17,0.16
18:5:10:20,3.44,-5.49,-5.44
18:5:10:64,4.63,-7.21,4.63
18:5:10:84,6.02,1.89,2.52
18:5:10:132,5.92,2.69,0.41
18:5:10:134,4.94,2.08,-0.38
18:5:10:134,3.99,1.69,-0.51
18:5:10:192,3.42,0.85,-0.70
18:5:10:192,4.17,0.70,-0.47
18:5:10:216,3.96,-0.70,-0.77
18:5:10:232,4.01,-0.45,-0.85
18:5:10:306,3.51,0.89,-0.45
18:5:10:306,3.91,0.67,-0.69
18:5:10:325,3.96,0.48,-0.77
18:5:10:325,3.61,0.03,-0.94
18:5:10:371,3.98,-0.07,-1.07
18:5:10:375,3.89,0.22,-0.88
18:5:10:394,3.96,0.23,-0.89
18:5:10:431,3.69,0.16,-0.83
18:5:10:493,3.72,0.19,-0.46
18:5:10:493,4.11,-0.05,-0.61
18:5:10:493,3.96,0.22,-0.91
18:5:10:531,4.03,0.56,-0.65
18:5:10:549,3.95,0.94,-0.43
18:5:10:565,3.99,0.98,-0.59
18:5:10:604,4.62,0.63,-0.79
18:5:10:662,5.34,0.81,-0.57
18:5:10:662,5.94,0.18,-0.31
18:5:10:682,6.00,0.19,-0.07
18:5:10:717,6.46,-0.39,0.28
18:5:10:736,6.69,-1.29,-0.28
18:5:10:757,6.60,-1.09,-1.30
18:5:10:772,5.87,2.57,-1.75
18:5:10:842,2.30,0.45,-2.67
18:5:10:858,0.91,-0.26,-1.03
18:5:10:858,0.83,-2.40,-0.19
18:5:10:873,0.01,-1.01,-0.26
18:5:10:889,0.08,-1.84,-0.66
18:5:10:904,0.90,-1.21,-0.80
18:5:10:936,1.59,-0.36,-0.44
18:5:10:968,3.18,1.81,0.53
18:5:11:18,5.66,2.92,1.28
18:5:11:34,7.44,5.95,1.50
18:5:11:52,6.33,7.12,1.73
18:5:11:52,4.51,5.66,0.99
18:5:11:75,5.45,7.29,-0.34
18:5:11:115,4.43,-0.18,-2.79
18:5:11:170,4.83,-1.82,1.37
18:5:11:212,4.23,0.52,-0.86
18:5:11:228,3.63,-0.03,-0.22
18:5:11:247,4.09,-0.09,-1.00
18:5:11:247,3.75,0.58,-0.70
18:5:11:247,3.86,0.40,-0.61
18:5:11:267,4.03,0.02,-0.56
18:5:11:283,3.89,-0.49,-0.90
18:5:11:321,3.89,-0.07,-0.80
18:5:11:354,3.90,0.16,-0.67
18:5:11:390,3.89,0.18,-0.73
18:5:11:390,3.90,0.07,-0.77
18:5:11:428,3.89,0.04,-0.76
18:5:11:449,3.91,-0.09,-0.73
18:5:11:469,3.94,0.02,-0.72
18:5:11:485,3.89,0.04,-0.76
18:5:11:503,3.89,0.06,-0.77
18:5:11:592,3.90,0.08,-0.78
18:5:11:592,3.90,0.07,-0.78
18:5:11:609,3.89,0.06,-0.74
18:5:11:611,3.91,0.06,-0.75
18:5:11:629,3.90,0.08,-0.79
18:5:11:644,3.89,0.06,-0.75
18:5:11:681,3.84,0.04,-0.69
18:5:11:721,3.88,0.11,-0.71
18:5:11:755,3.88,0.13,-0.71
18:5:11:755,3.89,0.07,-0.75
18:5:11:774,3.90,0.05,-0.75
18:5:11:795,3.93,0.05,-0.75
18:5:11:817,3.90,0.06,-0.77
18:5:11:868,3.90,0.08,-0.75
18:5:11:868,3.91,0.06,-0.75
18:5:11:936,3.89,0.05,-0.74
18:5:11:970,3.92,0.03,-0.75
18:5:11:975,3.89,0.04,-0.79
18:5:11:995,3.89,0.06,-0.74
18:5:11:996,3.92,0.06,-0.77
18:5:12:16,3.91,0.02,-0.77
18:5:12:34,3.89,0.02,-0.76
18:5:12:94,3.89,0.01,-0.78
18:5:12:94,3.89,0.03,-0.78
18:5:12:111,3.93,0.02,-0.77
18:5:12:149,3.90,0.03,-0.79
18:5:12:169,3.87,0.06,-0.76
18:5:12:189,3.90,0.01,-0.77
18:5:12:209,3.88,0.04,-0.75
18:5:12:276,3.93,0.01,-0.78
18:5:12:295,3.90,-0.01,-0.79
18:5:12:295,3.89,0.03,-0.78
18:5:12:312,3.90,-0.01,-0.81
18:5:12:318,3.91,0.01,-0.80
18:5:12:358,3.90,0.03,-0.79
18:5:12:379,3.91,0.00,-0.79
18:5:12:396,3.90,-0.00,-0.79
18:5:12:431,3.91,-0.02,-0.79
18:5:12:452,3.89,0.04,-0.78
18:5:12:474,3.90,0.01,-0.77
18:5:12:493,3.87,-0.01,-0.78
18:5:12:545,3.89,0.02,-0.79
18:5:12:564,3.88,-0.02,-0.78
18:5:12:564,3.91,-0.01,-0.77
18:5:12:618,3.89,-0.01,-0.82
18:5:12:641,3.89,0.01,-0.80
18:5:12:676,3.90,-0.00,-0.79
18:5:12:676,3.90,-0.02,-0.81
18:5:12:693,3.89,-0.02,-0.80
18:5:12:716,3.91,-0.02,-0.77
18:5:12:734,3.90,-0.02,-0.86
18:5:12:750,3.90,-0.00,-0.81
18:5:12:823,3.88,-0.05,-0.81
18:5:12:824,3.89,-0.01,-0.81
18:5:12:824,3.87,0.00,-0.79
18:5:12:843,3.88,0.02,-0.80
18:5:12:874,3.89,-0.02,-0.81
18:5:12:906,3.90,-0.03,-0.82
18:5:12:921,3.88,-0.02,-0.82
18:5:12:968,3.88,-0.01,-0.82
18:5:13:27,3.90,-0.01,-0.82
18:5:13:27,3.89,-0.01,-0.80
18:5:13:27,3.89,0.00,-0.82
18:5:13:48,3.89,0.00,-0.82
18:5:13:67,3.91,0.02,-0.79
18:5:13:83,3.92,0.04,-0.84
18:5:13:101,3.89,-0.01,-0.78
18:5:13:180,3.99,0.01,-0.93
18:5:13:199,4.00,-0.02,-0.87
18:5:13:215,3.82,-0.10,-0.67
18:5:13:250,3.97,0.02,-0.87
18:5:13:251,3.87,-0.08,-0.85
18:5:13:251,3.85,-0.22,-0.78
18:5:13:305,3.94,-0.16,-0.77
18:5:13:363,3.92,-0.11,-0.74
18:5:13:380,3.89,0.02,-0.76
18:5:13:383,3.89,-0.08,-0.82
18:5:13:388,3.91,-0.09,-0.74
18:5:13:404,4.00,-0.00,-0.71
18:5:13:424,3.62,-0.09,-0.71
18:5:13:464,3.98,0.18,-0.70
18:5:13:481,3.95,0.16,-0.69
18:5:13:515,3.82,0.39,-0.43
18:5:13:557,3.89,0.68,-0.27
18:5:13:573,4.01,0.35,-0.40
18:5:13:577,4.05,0.34,-0.53
18:5:13:611,4.15,0.19,-0.53
18:5:13:630,4.48,-0.09,-0.02
18:5:13:649,5.21,-0.37,-0.31
18:5:13:665,5.23,-0.63,-0.65
18:5:13:720,4.91,-0.39,-0.47
18:5:13:739,3.84,-0.21,0.55
18:5:13:757,3.68,-0.73,0.32
18:5:13:758,1.40,-0.34,0.42
18:5:13:879,2.56,-0.90,0.29
18:5:13:897,2.71,-1.71,0.20
18:5:13:931,2.54,-1.31,-0.32
18:5:13:952,2.74,-1.29,-0.54
18:5:13:975,3.12,-0.91,-1.00
18:5:13:975,3.70,-0.32,-1.30
18:5:13:991,4.20,0.13,-1.16
18:5:14:10,4.66,0.34,-1.15
18:5:14:10,4.96,0.62,-1.81
18:5:14:26,4.55,1.61,-2.17
18:5:14:46,4.40,1.81,-2.46
18:5:14:96,3.93,2.37,-2.19
18:5:14:96,4.13,1.95,-1.96
18:5:14:144,4.33,1.73,-1.83
18:5:14:164,3.55,1.44,-1.95
18:5:14:184,5.40,0.40,-2.12
18:5:14:259,6.13,-1.40,0.17
18:5:14:278,3.84,0.24,0.11
18:5:14:313,3.41,0.50,1.00
18:5:14:329,4.26,0.30,0.63
18:5:14:352,4.15,0.44,-0.55
18:5:14:352,3.94,0.09,-1.02
18:5:14:391,4.09,0.33,-0.87
18:5:14:393,3.92,0.22,-0.70
18:5:14:411,4.04,0.10,-0.40
18:5:14:469,4.04,0.06,-0.65
18:5:14:485,3.76,0.28,-0.66
18:5:14:485,4.04,0.17,-0.88
18:5:14:503,3.88,0.05,-0.80
18:5:14:524,4.03,0.35,-0.73
18:5:14:525,3.75,-0.17,-0.74
18:5:14:525,3.93,0.51,-0.49
18:5:14:643,4.09,0.36,-0.79
18:5:14:643,3.88,0.58,-0.68
18:5:14:659,3.95,0.21,-0.88
18:5:14:676,3.85,0.17,-0.67
18:5:14:725,3.74,0.15,-0.88
18:5:14:725,3.90,0.61,-0.62
18:5:14:725,3.84,0.33,-0.65
18:5:14:745,3.86,0.27,-0.77
18:5:14:799,3.90,0.22,-0.50
18:5:14:818,4.00,0.38,-0.55
18:5:14:836,3.90,0.50,-0.31
18:5:14:836,3.88,0.39,-0.46
18:5:14:855,4.02,0.39,-0.51
18:5:14:855,3.93,0.41,-0.48
18:5:14:910,4.23,0.20,-0.74
18:5:14:961,3.92,0.56,-0.66
18:5:14:979,4.55,-0.21,0.30
18:5:14:997,5.18,-0.38,0.13
18:5:14:997,5.80,-1.04,-0.39
18:5:15:16,4.54,-1.07,-0.07
18:5:15:52,4.05,-1.14,0.31
18:5:15:107,2.50,-1.60,-1.09
18:5:15:107,2.64,-1.13,-2.73
18:5:15:162,2.54,0.30,-2.76
18:5:15:180,3.00,1.06,-1.73
18:5:15:198,3.71,1.05,-1.36
18:5:15:198,3.65,1.36,-0.65
18:5:15:198,3.28,1.02,-1.11
18:5:15:217,3.49,2.91,-0.92
18:5:15:254,3.63,2.90,-0.61
18:5:15:288,5.17,2.59,0.20
18:5:15:344,4.23,2.46,0.76
18:5:15:360,3.00,5.27,2.01
18:5:15:360,4.38,-0.36,-0.51
18:5:15:360,3.96,-2.18,-0.15
18:5:15:395,4.15,0.42,-0.51
18:5:15:430,3.93,0.31,-0.66
18:5:15:467,3.94,0.58,-0.79
18:5:15:523,3.82,0.52,-0.59
18:5:15:561,3.90,0.06,-0.45
18:5:15:562,3.86,-0.18,-0.52
18:5:15:562,3.90,-0.07,-1.02
18:5:15:616,3.96,0.13,-0.80
18:5:15:634,3.96,0.16,-0.61
18:5:15:634,3.96,0.23,-0.74
18:5:15:652,3.94,0.19,-0.76
18:5:15:706,3.96,0.24,-0.66
18:5:15:706,3.92,0.19,-0.68
18:5:15:724,3.96,0.16,-0.66
18:5:15:742,3.91,0.19,-0.70
18:5:15:760,3.95,0.25,-0.82
18:5:15:778,3.93,0.19,-0.70
18:5:15:796,3.87,-0.01,-0.73
18:5:15:835,3.87,-0.00,-0.88
18:5:15:886,3.81,-0.34,-1.10
18:5:15:886,3.76,-0.09,-1.12
18:5:15:922,3.78,-0.19,-1.08
18:5:15:941,3.96,-0.06,-0.99
18:5:15:941,3.95,-0.16,-1.04
18:5:15:977,3.89,-0.03,-0.99
18:5:15:993,3.90,-0.19,-0.85
18:5:16:27,3.85,-0.17,-0.95
18:5:16:62,3.86,-0.12,-1.05
18:5:16:65,3.97,0.03,-0.88
18:5:16:83,3.97,-0.61,-1.16
18:5:16:118,3.96,-0.29,-1.10
18:5:16:139,3.84,-0.17,-1.12
18:5:16:155,3.92,-0.19,-1.15
18:5:16:190,3.87,-0.18,-1.06
18:5:16:259,3.89,-0.16,-1.10
18:5:16:298,3.87,-0.17,-1.06
18:5:16:298,3.84,-0.10,-1.04
18:5:16:315,3.85,-0.13,-0.96
18:5:16:335,3.82,-0.14,-0.94
18:5:16:335,3.84,-0.13,-0.98
18:5:16:352,3.88,-0.12,-0.98
18:5:16:391,3.88,-0.09,-0.96
18:5:16:427,3.84,-0.09,-0.99
18:5:16:427,3.86,-0.14,-0.97
18:5:16:463,3.89,-0.05,-0.93
18:5:16:482,3.85,-0.08,-0.93
18:5:16:520,3.86,-0.09,-0.94
18:5:16:520,3.88,-0.13,-0.97
18:5:16:573,3.86,-0.09,-0.97
18:5:16:623,3.77,-0.10,-1.02
18:5:16:627,3.89,-0.07,-0.97
18:5:16:644,3.88,-0.09,-0.96
18:5:16:644,3.86,-0.12,-0.96
18:5:16:662,3.86,-0.09,-0.96
18:5:16:680,3.87,-0.07,-0.97
18:5:16:717,3.85,-0.09,-0.96
18:5:16:756,3.87,-0.12,-0.96
18:5:16:773,3.86,-0.09,-0.99
18:5:16:810,3.87,-0.08,-0.88
18:5:16:828,3.88,-0.10,-0.94
18:5:16:845,3.86,-0.10,-0.95
18:5:16:848,3.90,-0.07,-0.96
18:5:16:902,3.89,-0.11,-0.96
18:5:16:903,3.88,-0.10,-0.93
18:5:16:973,3.88,-0.11,-0.94
18:5:16:988,3.88,-0.13,-0.97
18:5:17:11,3.88,-0.10,-0.94
18:5:17:11,3.87,-0.13,-0.93
18:5:17:30,3.88,-0.11,-0.95
18:5:17:68,3.89,-0.12,-0.97
18:5:17:85,3.87,-0.11,-0.94
18:5:17:140,3.87,-0.06,-0.93
18:5:17:180,3.86,-0.11,-0.96
18:5:17:198,3.87,-0.11,-0.94
18:5:17:214,3.88,-0.12,-0.88
18:5:17:231,3.87,-0.08,-0.92
18:5:17:231,3.88,-0.10,-0.94
18:5:17:252,3.87,-0.11,-0.91
18:5:17:288,3.89,-0.10,-0.98
18:5:17:329,3.88,-0.09,-0.93
18:5:17:329,3.89,-0.10,-0.91
18:5:17:344,3.88,-0.09,-0.93
18:5:17:416,3.88,-0.07,-0.90
18:5:17:417,3.90,-0.12,-0.89
18:5:17:417,3.88,-0.13,-0.92
18:5:17:451,3.87,-0.04,-0.88
18:5:17:506,3.88,-0.06,-0.84
18:5:17:506,3.87,-0.07,-0.84
18:5:17:523,3.89,-0.06,-0.84
18:5:17:542,3.88,-0.05,-0.84
18:5:17:561,3.88,-0.03,-0.82
18:5:17:576,3.88,-0.02,-0.84
18:5:17:614,3.89,-0.05,-0.85
18:5:17:631,3.90,-0.05,-0.84
18:5:17:685,3.90,-0.06,-0.81
18:5:17:703,3.93,-0.06,-0.83
18:5:17:703,3.90,-0.03,-0.83
18:5:17:724,3.91,-0.04,-0.83
18:5:17:758,3.90,-0.03,-0.80
18:5:17:815,3.95,-0.05,-0.91
18:5:17:834,3.91,-0.18,-0.84
18:5:17:852,3.91,-0.11,-0.82
18:5:17:923,3.88,0.14,-0.76
18:5:17:923,3.90,0.18,-0.76
18:5:17:939,3.89,0.05,-0.74
18:5:17:940,3.86,0.10,-0.62
18:5:17:956,3.90,0.03,-0.71
18:5:17:973,3.94,0.12,-0.91
18:5:18:10,3.86,0.27,-0.51
18:5:18:80,3.94,0.24,-0.69
18:5:18:101,3.89,0.20,-0.67
18:5:18:101,3.94,0.04,-0.72
18:5:18:119,3.83,0.08,-0.61
18:5:18:119,3.95,0.17,-0.65
18:5:18:140,3.92,0.01,-0.68
18:5:18:159,3.82,0.20,-0.58
18:5:18:230,3.83,0.29,-0.57
18:5:18:230,3.86,0.17,-0.53
18:5:18:251,3.86,0.43,-0.31
18:5:18:251,3.84,0.60,-0.32
18:5:18:286,3.93,0.33,-0.46
18:5:18:322,3.85,0.49,-0.53
18:5:18:322,3.92,0.38,-0.81
18:5:18:339,4.00,0.33,-0.58
18:5:18:409,4.06,0.27,-0.77
18:5:18:427,4.02,0.45,-0.69
18:5:18:445,3.95,0.39,-0.70
18:5:18:464,3.94,0.58,-0.52
18:5:18:464,3.95,0.46,-0.60
18:5:18:499,3.88,0.39,-0.64
18:5:18:584,3.82,0.26,-0.70
18:5:18:604,3.80,0.06,-0.79
18:5:18:604,3.98,0.30,-0.37
18:5:18:621,3.88,0.37,-0.41
18:5:18:638,3.86,0.20,-0.61
18:5:18:655,3.91,0.25,-0.66
18:5:18:657,3.94,0.42,-0.62
18:5:18:695,3.90,0.53,-0.26
18:5:18:766,4.07,0.53,-0.36
18:5:18:786,4.15,0.49,-0.59
18:5:18:803,4.18,0.75,-0.28
18:5:18:803,4.53,0.47,-0.00
18:5:18:822,5.45,0.19,-0.24
18:5:18:840,5.75,-0.25,-0.25
18:5:18:858,7.20,-1.31,-0.34
18:5:18:877,6.48,-1.81,-0.32
18:5:18:912,7.24,-2.92,-1.21
18:5:18:962,7.18,-2.49,-2.90
18:5:18:978,6.72,1.45,-1.63
18:5:18:982,3.80,0.90,-2.36
18:5:18:999,1.85,1.55,-2.80
18:5:19:35,1.50,-3.67,-2.00
18:5:19:53,0.69,-1.48,0.11
18:5:19:121,0.38,-1.56,-0.78
18:5:19:137,1.63,-1.96,-0.67
18:5:19:143,2.89,-1.19,-1.64
18:5:19:177,3.15,1.15,-1.88
18:5:19:177,4.91,1.07,-2.63
18:5:19:197,6.55,2.68,-1.36
18:5:19:214,8.00,3.65,-1.39
18:5:19:232,8.00,6.37,0.12
18:5:19:321,7.53,6.93,0.33
18:5:19:321,5.46,6.50,1.13
18:5:19:340,6.28,7.25,1.48
18:5:19:340,5.40,4.91,3.00
18:5:19:358,5.89,-4.58,1.04
18:5:19:409,8.00,1.47,1.53
18:5:19:409,1.85,-0.61,-0.80
18:5:19:427,3.47,2.45,-0.57
18:5:19:481,3.05,0.84,0.67
18:5:19:498,4.28,0.96,-0.63
18:5:19:498,4.14,0.68,-0.46
18:5:19:518,4.03,-0.26,-1.07
18:5:19:589,3.68,-0.20,-0.87
18:5:19:607,3.91,0.07,-0.59
18:5:19:662,4.35,0.82,-0.88
18:5:19:662,3.95,0.91,-0.95
18:5:19:678,3.84,0.08,-0.95
18:5:19:695,3.99,-0.01,-0.95
18:5:19:713,3.93,0.46,-1.09
18:5:19:732,3.88,0.74,-1.26
18:5:19:749,4.10,0.92,-1.04
18:5:19:768,4.49,0.53,0.40
18:5:19:786,4.72,-0.16,0.50
18:5:19:858,5.10,0.18,-0.78
18:5:19:861,5.49,0.83,-1.01
18:5:19:861,6.00,0.38,-0.61
18:5:19:879,7.85,-0.46,-1.10
18:5:19:915,8.00,-2.07,-0.60
18:5:19:933,8.00,-1.89,-1.18
18:5:20:25,8.00,1.51,-0.84
18:5:20:41,4.90,-0.24,-1.46
18:5:20:43,3.08,-1.71,-2.78
18:5:20:43,3.39,-1.94,-3.00
18:5:20:61,1.62,-3.47,-1.53
18:5:20:116,0.67,-1.80,-0.56
18:5:20:133,0.78,-2.75,-0.53
18:5:20:134,2.31,-2.21,-0.54
18:5:20:206,3.58,-1.90,-1.31
18:5:20:227,4.30,-0.34,-1.65
18:5:20:228,6.25,0.08,-2.49
18:5:20:264,8.00,1.17,-2.08
18:5:20:268,8.00,4.08,-0.98
18:5:20:268,8.00,7.49,0.55
18:5:20:303,7.34,7.63,1.02
18:5:20:390,5.61,8.00,2.23
18:5:20:391,5.82,8.00,3.02
18:5:20:391,8.00,5.83,1.22
18:5:20:427,5.18,-5.87,0.41
18:5:20:447,8.00,-0.63,2.51
18:5:20:447,4.56,3.12,-1.76
18:5:20:465,4.74,2.13,-0.21
18:5:20:488,4.97,1.39,-0.27
18:5:20:506,3.80,1.83,-0.47
18:5:20:577,4.30,0.92,-0.86
18:5:20:615,4.12,-0.99,-1.01
18:5:20:615,3.67,-0.24,-0.77
18:5:20:633,3.80,-0.34,-1.28
18:5:20:669,3.73,0.46,-1.64
18:5:20:738,3.80,0.38,-1.00
18:5:20:756,3.96,-0.05,-0.85
18:5:20:756,4.09,-0.39,-0.97
18:5:20:772,4.05,0.61,-0.57
18:5:20:788,4.07,0.51,-1.06
18:5:20:788,4.51,0.64,-1.15
18:5:20:807,4.64,0.35,0.06
18:5:20:825,5.53,0.09,0.09
18:5:20:840,5.40,1.05,-0.27
18:5:20:890,5.80,0.33,-0.61
18:5:20:928,6.42,0.26,0.05
18:5:20:947,7.59,-2.04,0.23
18:5:20:967,7.05,-4.35,-0.32
18:5:21:1,8.00,0.60,-0.76
18:5:21:22,7.78,0.47,-2.86
18:5:21:23,3.76,-2.52,-1.65
18:5:21:23,7.00,2.55,-4.42
18:5:21:113,-0.81,-5.26,-0.99
18:5:21:133,1.77,-1.96,-0.51
18:5:21:149,1.26,-1.60,-1.20
18:5:21:151,2.25,-2.17,-0.79
18:5:21:202,3.12,-2.33,-1.30
18:5:21:223,3.52,0.06,-1.83
18:5:21:258,5.50,0.04,-2.50
18:5:21:294,7.67,1.30,-2.43
18:5:21:312,8.00,2.79,-1.88
18:5:21:333,8.00,7.23,0.49
18:5:21:350,8.00,6.12,1.46
18:5:21:368,6.11,8.00,2.57
18:5:21:385,6.15,8.00,0.95
18:5:21:385,5.95,7.29,4.18
18:5:21:403,6.23,-4.52,-3.27
18:5:21:528,6.84,1.78,-0.16
18:5:21:578,4.44,4.26,-0.37
18:5:21:705,4.23,1.41,-0.30
18:5:21:814,3.73,0.42,-0.09
18:5:21:834,4.14,1.30,-0.58
18:5:21:888,3.91,-0.08,-0.77
18:5:21:905,3.73,-0.03,-0.62
18:5:22:30,4.11,-0.25,-1.13
18:5:22:49,3.57,0.10,-0.87
18:5:22:160,4.02,0.29,-0.62
18:5:22:386,4.10,0.50,-0.71
18:5:22:403,4.01,0.57,-0.86
18:5:22:437,4.08,0.53,-0.97
18:5:22:564,4.22,0.13,-0.94
18:5:22:582,4.39,0.10,-0.82
18:5:22:639,5.32,-0.37,-0.14
18:5:22:661,5.24,0.17,-0.91
18:5:22:661,5.99,0.58,-0.72
18:5:22:761,7.18,-0.59,-1.43
18:5:22:764,7.03,-1.67,-0.43
18:5:22:764,7.72,-3.88,-0.02
18:5:22:780,8.00,-1.76,-0.42
18:5:22:786,7.81,0.30,-2.36
18:5:22:786,6.50,-0.93,-3.04
18:5:22:786,3.34,2.80,-4.21
18:5:22:786,-6.66,-5.70,-4.12
18:5:22:786,1.30,-2.73,-0.41
18:5:22:786,1.36,-2.17,-0.79
18:5:22:804,2.76,-2.44,-0.15
18:5:22:804,4.29,-2.19,-0.80
18:5:22:804,5.65,-0.64,-1.68
18:5:22:804,7.13,-0.49,-2.41
18:5:22:804,8.00,1.45,-1.11
18:5:22:804,8.00,5.27,0.08
18:5:22:804,8.00,5.83,1.21
18:5:22:880,7.62,8.00,1.12
18:5:22:880,5.69,8.00,1.43
18:5:22:880,5.73,8.00,2.09
18:5:22:880,8.00,4.46,0.15
18:5:22:880,1.29,-8.00,1.77
18:5:22:880,8.00,1.98,2.96
18:5:22:899,3.73,4.25,-0.14
18:5:22:899,4.99,3.13,-0.23
18:5:22:899,3.88,0.20,-0.73
18:5:22:917,3.67,2.38,-0.20
18:5:22:917,4.35,0.89,-0.93
18:5:22:936,4.22,-0.44,-0.76
18:5:22:936,3.88,-0.57,-0.73
18:5:22:936,3.72,-0.35,-0.86
18:5:22:936,3.74,-0.30,-1.27
18:5:22:936,4.00,0.61,-1.28
18:5:22:936,4.15,0.15,-1.16
18:5:22:955,3.84,-0.05,-1.21
18:5:22:955,4.23,0.19,-1.00
18:5:22:955,4.36,-0.04,-1.12
18:5:22:955,4.25,1.09,-0.78
18:5:22:955,5.90,-0.19,-0.08
18:5:22:975,5.75,-0.27,-0.77
18:5:22:975,6.43,0.18,-1.17
18:5:22:994,6.64,-0.29,-0.28
18:5:23:13,7.75,-2.37,0.23
18:5:23:14,7.44,-4.39,-1.06
18:5:23:14,7.60,0.55,-1.38
18:5:23:50,7.03,0.23,-2.82
18:5:23:69,3.92,-2.07,-2.69
18:5:23:106,4.55,-0.24,-4.63
18:5:23:127,0.60,-4.62,-1.73
18:5:23:128,0.92,-1.73,-0.33
18:5:23:144,1.50,-2.69,-0.46
18:5:23:162,3.15,-2.54,-0.95
18:5:23:179,3.61,-2.00,-1.27
18:5:23:180,4.78,-0.81,-1.70
18:5:23:182,6.74,-0.60,-2.01
18:5:23:271,8.00,1.31,-0.60
18:5:23:286,8.00,3.20,0.52
18:5:23:286,8.00,7.47,1.56
18:5:23:286,6.98,7.32,1.37
18:5:23:305,5.25,8.00,1.62
18:5:23:305,5.63,8.00,1.82
18:5:23:321,3.05,6.04,-0.23
18:5:23:336,4.32,-7.13,0.73
18:5:23:364,6.81,1.81,1.40
18:5:23:385,2.31,2.25,-0.50
18:5:23:444,3.94,2.93,-0.05
18:5:23:495,5.16,0.89,0.67
18:5:23:515,3.91,1.38,-0.70
18:5:23:515,4.40,1.35,-0.50
18:5:23:520,3.80,-0.59,-0.43
18:5:23:541,3.99,-0.29,-0.62
18:5:23:564,4.17,-0.25,-1.18
18:5:23:628,3.60,0.19,-1.04
18:5:23:628,4.19,0.17,-0.76
18:5:23:628,4.20,0.02,-1.22
18:5:23:648,3.90,0.35,-0.88
18:5:23:684,4.03,0.32,-0.85
18:5:23:704,4.14,0.22,-0.67
18:5:23:722,4.38,0.12,-0.67
18:5:23:774,4.80,-0.22,0.18
18:5:23:814,5.30,0.30,-0.97
18:5:23:814,5.57,0.76,-1.22
18:5:23:814,5.87,0.32,-0.71
18:5:23:883,6.43,-0.25,-0.16
18:5:23:899,7.04,-1.65,0.04
18:5:23:915,7.60,-4.97,-1.42
18:5:23:915,8.00,0.95,-0.51
18:5:23:993,8.00,0.92,-1.61
18:5:23:993,5.49,-1.97,-1.21
18:5:24:9,4.67,2.49,-3.27
18:5:24:15,1.45,-4.06,-1.81
18:5:24:32,0.80,-1.36,-0.14
18:5:24:88,0.49,-2.03,-0.58
18:5:24:107,1.56,-1.55,-0.53
18:5:24:162,2.64,-1.83,-1.10
18:5:24:162,3.68,-0.97,-1.70
18:5:24:178,5.21,0.14,-1.88
18:5:24:199,7.07,0.11,-2.08
18:5:24:234,8.00,1.70,-1.53
18:5:24:234,8.00,5.21,-0.06
18:5:24:254,8.00,5.56,0.90
18:5:24:297,6.69,7.20,0.66
18:5:24:351,5.21,8.00,2.21
18:5:24:370,5.68,8.00,2.63
18:5:24:426,5.20,-0.29,0.89
18:5:24:442,7.04,-5.00,-2.09
18:5:24:442,7.07,2.47,0.59
18:5:24:461,4.27,1.52,-0.27
18:5:24:503,3.56,2.00,-1.62
18:5:24:522,0.65,0.31,-0.10
18:5:24:538,4.08,0.92,-0.91
18:5:24:558,4.00,0.24,-0.09
18:5:24:583,3.75,-0.50,-0.47
18:5:24:598,3.85,-0.41,-0.92
18:5:24:615,3.78,-0.23,-0.89
18:5:24:692,3.85,0.56,-0.79
18:5:24:692,4.07,0.17,-0.81
18:5:24:712,3.94,-0.20,-0.71
18:5:24:712,3.83,-0.08,-0.82
18:5:24:732,3.95,0.21,-0.74
18:5:24:751,4.04,0.56,-0.79
18:5:24:794,4.17,0.36,-0.42
18:5:24:794,4.05,0.53,-0.25
18:5:24:818,4.60,0.55,-0.65
18:5:24:878,5.52,0.87,-0.59
18:5:24:901,6.09,0.33,-0.44
18:5:24:902,6.86,0.03,-0.52
18:5:24:904,6.45,-0.64,-0.10
18:5:24:939,8.00,-2.23,-0.30
18:5:24:955,7.05,-2.54,-1.82
18:5:25:9,8.00,1.68,-1.49
18:5:25:12,6.81,1.21,-1.87
18:5:25:65,2.86,-0.33,-3.99
18:5:25:89,2.65,-2.23,-3.60
18:5:25:92,1.67,-3.05,-1.90
18:5:25:92,0.12,-1.72,0.30
18:5:25:110,0.89,-2.46,-0.63
18:5:25:145,2.05,-2.57,-0.70
18:5:25:165,2.20,-1.63,-0.77
18:5:25:253,5.04,-1.60,-1.26
18:5:25:253,7.18,-0.81,0.14
18:5:25:272,8.00,3.82,0.95
18:5:25:291,8.00,5.50,2.04
18:5:25:309,8.00,8.00,2.20
18:5:25:329,5.00,6.04,1.83
18:5:25:363,5.07,8.00,1.69
18:5:25:399,4.80,5.96,2.12
18:5:25:436,6.14,3.41,-0.17
18:5:25:436,3.39,-7.53,-3.46
18:5:25:451,7.08,0.43,1.13
18:5:25:490,5.63,2.36,-1.17
18:5:25:506,3.04,0.77,-0.19
18:5:25:506,-0.01,1.01,-0.03
18:5:25:525,4.04,0.01,-0.83
18:5:25:545,4.03,0.05,-0.70
18:5:25:579,3.81,-0.31,-0.64
18:5:25:638,4.13,-0.19,-0.89
18:5:25:658,3.79,-0.07,-0.99
18:5:25:676,3.94,0.21,-0.79
18:5:25:679,3.96,-0.16,-0.83
18:5:25:696,3.89,-0.13,-0.90
18:5:25:712,3.85,0.22,-0.74
18:5:25:780,3.98,0.23,-0.84
18:5:25:798,4.03,0.28,-0.74
18:5:25:818,3.90,0.05,-0.77
18:5:25:839,3.68,0.13,-0.67
18:5:25:862,3.86,0.45,-0.58
18:5:25:878,3.85,0.49,-0.63
18:5:25:893,3.98,0.31,-0.75
18:5:25:940,4.06,0.22,-0.83
18:5:25:956,3.99,0.27,-0.78
18:5:25:987,3.86,0.21,-0.73
18:5:25:987,3.81,0.34,-0.61
18:5:26:3,3.78,0.46,-0.63
18:5:26:27,3.86,0.30,-0.57
18:5:26:67,3.85,0.22,-0.73
18:5:26:83,3.87,0.20,-0.82
18:5:26:144,3.96,0.27,-0.86
18:5:26:164,4.04,0.23,-0.82
18:5:26:180,3.93,0.20,-0.71
18:5:26:180,3.93,0.22,-0.72
18:5:26:220,3.89,0.27,-0.69
18:5:26:235,3.83,0.31,-0.53
18:5:26:255,3.86,0.45,-0.56
18:5:26:275,3.85,0.42,-0.51
18:5:26:352,3.82,0.38,-0.51
18:5:26:352,3.86,0.36,-0.56
18:5:26:392,3.89,0.36,-0.61
18:5:26:414,3.92,0.41,-0.65
18:5:26:418,3.90,0.40,-0.60
18:5:26:418,3.88,0.38,-0.64
18:5:26:434,3.91,0.28,-0.68
18:5:26:525,3.93,0.31,-0.69
18:5:26:525,3.89,0.32,-0.59
18:5:26:544,3.89,0.34,-0.62
18:5:26:561,3.91,0.30,-0.62
18:5:26:577,3.94,0.33,-0.65
18:5:26:577,3.89,0.41,-0.59
18:5:26:596,3.90,0.35,-0.62
18:5:26:652,3.90,0.33,-0.63
18:5:26:686,3.89,0.34,-0.62
18:5:26:707,3.89,0.36,-0.64
18:5:26:707,3.89,0.36,-0.63
18:5:26:742,3.88,0.35,-0.61
18:5:26:742,3.87,0.33,-0.64
18:5:26:762,3.91,0.33,-0.63
18:5:26:803,3.92,0.33,-0.64
18:5:26:834,3.90,0.35,-0.60
18:5:26:911,3.87,0.31,-0.63
18:5:26:917,3.89,0.34,-0.53
18:5:26:932,3.89,0.38,-0.67
18:5:26:932,3.89,0.35,-0.63
18:5:26:950,3.90,0.34,-0.62
18:5:26:973,3.87,0.37,-0.67
18:5:27:41,3.90,0.35,-0.66
18:5:27:41,3.93,0.30,-0.71
18:5:27:58,3.90,0.35,-0.67
18:5:27:60,3.87,0.33,-0.61
18:5:27:79,3.92,0.33,-0.66
18:5:27:114,3.90,0.30,-0.70
18:5:27:163,3.89,0.33,-0.65
18:5:27:239,3.90,0.32,-0.63
18:5:27:241,3.90,0.29,-0.68
18:5:27:241,3.92,0.29,-0.71
18:5:27:275,3.92,0.30,-0.69
18:5:27:294,3.90,0.29,-0.68
18:5:27:300,3.89,0.33,-0.66
18:5:27:319,3.89,0.33,-0.65
18:5:27:340,3.89,0.32,-0.66
18:5:27:340,3.89,0.31,-0.57
18:5:27:377,3.91,0.32,-0.69
18:5:27:412,3.90,0.36,-0.70
18:5:27:432,3.90,0.33,-0.64
18:5:27:450,3.88,0.31,-0.62
18:5:27:486,3.90,0.29,-0.69
18:5:27:507,3.91,0.33,-0.67
18:5:27:580,3.88,0.30,-0.65
18:5:27:600,3.90,0.31,-0.65
18:5:27:616,3.91,0.31,-0.67
18:5:27:634,3.87,0.32,-0.61
18:5:27:634,3.90,0.29,-0.67
18:5:27:634,3.94,0.27,-0.73
18:5:27:686,3.90,0.32,-0.73
18:5:27:686,3.88,0.28,-0.70
18:5:27:709,3.92,0.24,-0.70
18:5:27:744,3.88,0.29,-0.72
18:5:27:784,3.87,0.16,-0.97
18:5:27:799,3.86,0.36,-0.60
18:5:27:815,3.88,0.41,-0.68
18:5:27:831,3.85,0.35,-0.52
18:5:27:846,3.93,0.28,-0.59
18:5:27:862,3.93,0.17,-0.59
18:5:27:893,3.63,0.35,-0.82
18:5:27:956,3.51,0.53,-0.67
18:5:27:962,3.97,0.15,-0.94
18:5:27:963,4.00,0.23,-0.81
18:5:28:16,4.05,0.21,-0.76
18:5:28:39,3.96,0.21,-0.74
18:5:28:58,3.94,0.26,-0.70
18:5:28:114,3.92,0.33,-0.73
18:5:28:133,3.94,0.57,-0.40
18:5:28:149,3.93,0.46,-0.46
18:5:28:149,3.87,0.33,-0.51
18:5:28:168,3.98,0.42,-0.50
18:5:28:232,3.94,0.07,-0.79
18:5:28:232,3.86,0.19,-0.80
18:5:28:248,3.87,0.21,-0.54
18:5:28:321,3.85,-0.23,-0.81
18:5:28:321,3.90,-0.32,-1.00
18:5:28:340,3.87,-0.22,-0.96
18:5:28:340,3.95,-0.01,-0.83
18:5:28:356,3.89,-0.07,-0.67
18:5:28:375,4.02,0.35,-0.39
18:5:28:391,4.27,0.40,-0.48
18:5:28:426,4.30,0.45,-0.62
18:5:28:461,4.32,0.35,-0.82
18:5:28:480,4.61,0.80,-1.63
18:5:28:504,3.92,2.69,-5.19
18:5:28:524,4.21,3.10,-3.96
18:5:28:543,4.26,4.30,-4.20
18:5:28:559,5.58,1.44,-5.50
18:5:28:666,3.81,0.42,-3.86
18:5:28:666,4.54,0.38,-3.65
18:5:28:684,4.64,0.14,-2.85
18:5:28:684,4.43,-0.70,-2.45
18:5:28:703,3.81,-0.75,-2.35
18:5:28:703,3.32,-1.10,-2.30
18:5:28:738,3.47,-1.56,-2.32
18:5:28:757,3.76,-1.89,-2.03
18:5:28:843,3.54,-2.10,-1.84
18:5:28:866,3.61,-1.57,-1.43
18:5:28:908,4.16,-1.77,-1.50
18:5:28:944,4.23,-1.93,-1.14
18:5:28:963,4.22,-1.21,-1.07
18:5:28:963,5.74,-2.07,0.08
18:5:29:35,4.72,-0.63,0.82
18:5:29:40,4.34,-1.21,1.21
18:5:29:55,5.09,-0.81,0.06
18:5:29:93,4.90,0.08,-2.16
18:5:29:93,4.36,0.65,-0.79
18:5:29:109,3.51,1.57,-0.04
18:5:29:125,4.41,0.17,-1.10
18:5:29:130,4.24,0.00,-0.55
18:5:29:148,3.65,0.48,-0.28
18:5:29:183,3.93,0.57,-0.39
18:5:29:202,4.00,0.65,-0.43
18:5:29:218,3.92,0.58,-0.46
18:5:29:218,3.81,0.56,-0.31
18:5:29:237,3.90,0.28,-0.52
18:5:29:278,3.89,0.33,-0.49
18:5:29:299,3.92,0.34,-0.46
18:5:29:301,3.92,0.29,-0.47
18:5:29:322,3.95,0.29,-0.44
18:5:29:426,3.95,0.24,-0.37
18:5:29:426,4.06,0.29,-0.40
18:5:29:446,4.31,0.16,-0.55
18:5:29:466,4.52,0.26,-0.56
18:5:29:482,4.27,0.23,-0.75
18:5:29:489,4.41,0.04,0.02
18:5:29:505,4.21,0.98,-1.30
18:5:29:578,3.69,1.46,-1.84
18:5:29:578,3.45,2.15,-1.61
18:5:29:594,3.58,1.88,-1.55
18:5:29:613,3.35,0.71,-1.53
18:5:29:636,3.15,0.47,-1.38
18:5:29:636,3.24,-0.05,-0.78
18:5:29:689,3.30,-0.12,-0.27
18:5:29:768,3.51,-0.07,0.34
18:5:29:768,3.67,-0.52,0.84
18:5:29:768,4.86,-1.72,0.68
18:5:29:799,3.80,-1.66,0.76
18:5:29:815,3.35,-0.01,1.94
18:5:29:831,4.80,0.13,1.58
18:5:29:846,5.07,-0.90,-1.92
18:5:29:872,3.96,0.82,-1.13
18:5:29:946,3.67,0.87,-0.72
18:5:29:963,4.08,0.40,-0.73
18:5:29:980,4.12,0.30,-0.43
18:5:30:35,3.70,0.27,-0.71
18:5:30:35,3.80,0.29,-0.74
18:5:30:35,3.92,0.44,-0.43
18:5:30:122,4.01,0.45,-0.44
18:5:30:209,3.94,0.32,-0.61
18:5:30:209,3.87,0.29,-0.63
18:5:30:227,3.90,0.32,-0.61
18:5:30:300,3.91,0.21,-0.78
18:5:30:300,3.89,0.10,-0.85
18:5:30:318,3.87,-0.06,-0.96
18:5:30:365,3.96,-0.03,-0.74
18:5:30:365,3.92,-0.01,-0.84
18:5:30:484,3.89,-0.02,-0.92
18:5:30:522,3.88,-0.05,-1.02
18:5:30:522,3.90,0.03,-0.90
18:5:30:555,3.93,-0.02,-0.85
18:5:30:575,3.90,-0.08,-0.91
18:5:30:651,3.92,-0.03,-0.93
18:5:30:668,3.95,-0.19,-0.89
18:5:30:684,3.90,-0.04,-0.82
18:5:30:700,3.91,0.01,-0.81
18:5:30:702,3.87,-0.07,-0.83
18:5:30:702,3.87,-0.10,-0.84
18:5:30:720,3.87,0.04,-0.80
18:5:30:757,3.88,-0.04,-0.75
18:5:30:774,3.85,-0.01,-0.71
18:5:30:827,3.91,-0.01,-0.73
18:5:30:895,3.91,0.02,-0.75
18:5:30:917,3.86,0.04,-0.74
18:5:31:45,3.91,0.02,-0.76
18:5:31:115,3.93,-0.01,-0.78
18:5:31:252,3.88,-0.02,-0.79
18:5:31:324,3.90,0.01,-0.80
18:5:31:382,3.89,0.04,-0.78
18:5:31:382,3.91,0.02,-0.76
18:5:31:416,3.90,0.00,-0.75
18:5:31:433,3.91,0.00,-0.80
18:5:31:451,3.88,-0.01,-0.77
18:5:31:451,3.91,0.05,-0.77
18:5:31:451,3.91,0.05,-0.74
18:5:31:485,3.91,0.06,-0.77
18:5:31:592,3.92,0.02,-0.79
18:5:31:592,3.89,0.03,-0.75
18:5:31:592,3.87,0.07,-0.75
18:5:31:592,3.93,0.03,-0.79
18:5:31:592,3.91,0.02,-0.79
18:5:31:644,3.87,0.01,-0.80
18:5:31:644,3.89,0.03,-0.81
18:5:31:661,3.91,0.00,-0.79
18:5:31:733,3.90,-0.02,-0.82
18:5:31:733,3.89,-0.04,-0.83
18:5:31:733,3.88,0.01,-0.81
18:5:31:772,3.90,-0.00,-0.79
18:5:31:772,3.90,0.03,-0.79
18:5:31:772,3.88,0.01,-0.77
18:5:31:790,3.89,-0.00,-0.81
18:5:31:790,3.84,0.00,-0.76
18:5:31:790,3.90,0.02,-0.78
18:5:31:790,3.91,-0.02,-0.80
18:5:31:809,3.88,0.01,-0.79
18:5:31:827,3.88,0.07,-0.83
18:5:31:827,3.90,0.08,-0.68
18:5:31:845,3.88,-0.00,-0.76
18:5:31:864,3.90,-0.11,-0.82
18:5:31:916,3.87,-0.15,-0.79
18:5:31:955,3.95,-0.05,-0.80
18:5:31:973,4.05,0.17,-0.82
18:5:31:973,3.94,-0.15,-0.89
18:5:32:28,3.86,-0.22,-0.89
18:5:32:28,3.93,-0.22,-0.85
18:5:32:99,3.96,-0.22,-0.94
18:5:32:99,3.92,-0.23,-0.98
18:5:32:99,3.97,-0.40,-1.04
18:5:32:99,3.98,-0.50,-1.13
18:5:32:99,4.08,-0.61,-1.27
18:5:32:135,4.91,-1.02,-1.08
18:5:32:151,6.21,-1.50,-1.17
18:5:32:151,6.74,-2.94,-1.75
18:5:32:154,4.41,-3.57,-1.83
18:5:32:247,2.59,-3.71,-2.57
18:5:32:321,2.01,-2.94,-2.22
18:5:32:321,2.69,-2.62,-2.24
18:5:32:339,3.39,-1.46,-1.77
18:5:32:357,4.12,-1.03,-1.41
18:5:32:376,4.40,-0.47,-1.12
18:5:32:392,4.73,0.01,-0.83
18:5:32:621,4.70,0.10,-0.48
18:5:32:639,4.40,0.91,-0.24
18:5:32:639,4.58,0.90,-0.27
18:5:32:639,4.52,1.16,-0.06
18:5:32:694,4.64,1.53,0.04
18:5:32:694,3.88,3.61,0.31
18:5:32:712,4.49,2.36,-0.04
18:5:32:730,4.15,1.22,-0.80
18:5:32:730,3.15,-3.53,-1.22
18:5:32:747,5.65,0.28,0.04
18:5:32:747,4.74,0.45,-0.58
18:5:32:747,4.09,0.94,-0.96
18:5:32:747,4.16,1.00,-0.42
18:5:32:748,4.41,1.27,-0.16
18:5:32:782,3.70,0.96,-0.45
18:5:32:816,4.19,-0.39,-0.79
18:5:32:816,3.88,-0.15,-0.90
18:5:32:834,3.97,0.24,-0.99
18:5:32:834,4.05,0.34,-0.85
18:5:32:834,3.86,0.18,-0.89
18:5:32:834,3.92,0.06,-0.83
18:5:32:852,3.96,-0.04,-1.07
18:5:32:852,3.86,0.06,-1.32
18:5:32:852,3.87,0.22,-1.16
18:5:32:852,3.89,0.24,-0.77
18:5:32:852,4.08,0.23,-0.62
18:5:32:852,4.12,0.40,-0.77
18:5:32:852,4.39,0.28,-0.81
18:5:32:870,4.47,0.11,-0.64
18:5:32:890,5.48,0.26,-0.11
18:5:32:908,6.43,-0.27,-0.34
18:5:32:908,7.62,-0.82,-0.30
18:5:32:944,7.99,-2.72,-0.26
18:5:32:979,8.00,-4.18,-0.69
18:5:32:997,7.96,-0.32,-2.30
18:5:32:999,6.95,0.19,-2.55
18:5:33:16,4.14,0.39,-3.37
18:5:33:17,3.57,2.72,-3.91
18:5:33:17,1.34,-4.46,-2.97
18:5:33:36,1.16,-2.36,-0.35
18:5:33:51,1.13,-2.73,-1.27
18:5:33:54,2.58,-2.19,-0.77
18:5:33:54,2.99,-1.76,-1.39
18:5:33:72,4.24,-0.25,-1.63
18:5:33:72,5.76,0.04,-2.56
18:5:33:164,7.64,0.88,-1.24
18:5:33:183,8.00,1.75,-0.18
18:5:33:220,8.00,6.17,1.57
18:5:33:220,6.74,6.56,1.47
18:5:33:220,5.02,8.00,1.54
18:5:33:238,5.40,8.00,2.10
18:5:33:238,7.21,8.00,-2.15
18:5:33:275,1.09,-8.00,0.02
18:5:33:345,8.00,4.29,0.97
18:5:33:363,2.30,-0.19,-0.91
18:5:33:363,4.61,3.67,0.26
18:5:33:382,5.20,0.13,-0.12
18:5:33:400,4.16,1.32,-0.87
18:5:33:417,4.09,0.36,-0.56
18:5:33:437,3.92,-0.04,-0.54
18:5:33:473,3.83,0.11,-0.31
18:5:33:509,3.88,0.08,-0.57
18:5:33:528,3.87,0.11,-0.73
18:5:33:563,3.96,0.42,-0.86
18:5:33:563,3.92,-0.18,-0.74
18:5:33:598,3.93,-0.37,-1.15
18:5:33:616,3.68,-0.54,-1.27
18:5:33:635,3.86,-0.29,-1.22
18:5:33:710,4.09,-0.27,-1.29
18:5:33:711,4.33,0.43,-0.82
18:5:33:729,4.46,0.58,0.06
18:5:33:729,4.76,0.46,-0.60
18:5:33:747,6.49,0.57,-0.86
18:5:33:779,6.75,-0.10,-0.72
18:5:33:794,7.02,-1.02,-0.23
18:5:33:830,6.93,-1.93,0.16
18:5:33:849,6.86,-2.98,-1.00
18:5:33:882,8.00,0.66,-1.91
18:5:33:899,7.84,1.31,-2.26
18:5:33:917,3.28,-2.04,-2.96
18:5:33:952,4.60,-3.13,-4.74
18:5:33:971,2.62,-5.44,-0.64
18:5:33:989,1.65,-2.78,0.46
18:5:34:61,1.79,-2.63,0.07
18:5:34:80,2.52,-2.84,-1.14
18:5:34:80,3.19,0.11,-1.49
18:5:34:98,3.80,0.97,-2.41
18:5:34:117,5.28,0.32,-2.45
18:5:34:135,6.67,0.48,-2.07
18:5:34:168,8.00,1.92,-2.24
18:5:34:185,8.00,6.11,1.98
18:5:34:244,8.00,4.35,2.71
18:5:34:244,5.47,8.00,3.79
18:5:34:244,5.38,8.00,3.29
18:5:34:300,8.00,8.00,-0.77
18:5:34:317,6.38,-8.00,0.12
18:5:34:336,8.00,5.23,2.50
18:5:34:353,3.16,0.60,-1.01
18:5:34:407,4.66,4.15,1.14
18:5:34:425,4.95,0.43,-0.46
18:5:34:441,4.32,2.22,-1.06
18:5:34:443,4.74,-0.24,-0.69
18:5:34:499,3.64,-0.19,-0.58
18:5:34:500,4.17,-0.24,-1.03
18:5:34:518,3.97,-0.09,-0.99
18:5:34:551,3.70,0.84,-0.80
18:5:34:607,3.98,-0.06,-0.79
18:5:34:607,4.12,0.32,-0.74
18:5:34:607,4.05,0.48,-0.85
18:5:34:658,4.07,0.40,-0.87
18:5:34:658,4.03,0.39,-0.98
18:5:34:695,4.32,0.19,-0.34
18:5:34:714,4.95,-0.52,0.25
18:5:34:752,5.26,-0.02,-0.52
18:5:34:786,5.83,0.62,-1.14
18:5:34:786,6.47,0.02,-0.86
18:5:34:804,6.54,-1.26,-0.24
18:5:34:839,6.62,-2.45,0.17
18:5:34:876,7.53,-1.54,-0.81
18:5:34:876,7.09,0.99,-1.12
18:5:34:913,6.72,0.41,-2.72
18:5:34:931,3.40,-2.18,-2.32
18:5:34:950,6.03,0.24,-4.75
18:5:34:984,2.04,-4.11,-1.11
18:5:35:23,1.61,-2.52,-0.40
18:5:35:42,1.59,-2.57,-0.11
18:5:35:42,3.09,-2.11,-0.49
18:5:35:97,3.90,-1.39,-0.97
18:5:35:114,5.12,-0.33,-1.50
18:5:35:150,6.35,-0.26,-2.16
18:5:35:166,7.92,1.43,-1.34
18:5:35:168,8.00,4.28,0.30
18:5:35:185,8.00,6.55,2.04
18:5:35:219,7.11,6.04,1.30
18:5:35:234,4.99,8.00,1.43
18:5:35:268,5.63,8.00,0.82
18:5:35:322,7.67,8.00,-0.67
18:5:35:337,4.41,-8.00,-1.94
18:5:35:337,8.00,1.44,0.07
18:5:35:355,4.30,0.55,-0.29
18:5:35:406,4.90,4.42,-0.46
18:5:35:409,4.79,0.77,0.75
18:5:35:425,3.96,1.96,-0.55
18:5:35:513,3.72,0.93,-0.78
18:5:35:514,4.14,-0.04,-0.71
18:5:35:531,3.91,-0.29,-0.06
18:5:35:534,4.20,-0.10,-0.67
18:5:35:552,3.34,-0.34,-0.98
18:5:35:570,3.96,0.47,-0.98
18:5:35:589,4.22,0.49,-0.68
18:5:35:644,4.15,0.08,-1.20
18:5:35:698,3.93,0.19,-1.05
18:5:35:716,4.16,0.04,-1.02
18:5:35:734,3.97,0.40,-0.52
18:5:35:754,4.28,0.49,-0.27
18:5:35:754,4.95,-0.28,0.51
18:5:35:772,5.20,-0.17,-0.65
18:5:35:790,5.78,0.59,-1.36
18:5:35:863,6.43,0.19,-0.86
18:5:35:881,7.17,-0.93,-0.91
18:5:35:882,7.16,-3.25,-0.27
18:5:35:882,7.55,-1.78,-0.73
18:5:35:916,7.37,1.02,-1.35
18:5:35:933,5.02,-0.55,-2.83
18:5:35:972,2.00,-0.29,-3.56
18:5:35:990,2.65,-3.41,-4.05
18:5:36:7,1.90,-3.32,-0.58
18:5:36:41,1.33,-2.52,-0.67
18:5:36:61,2.17,-2.50,-0.31
18:5:36:82,3.20,-2.27,-0.73
18:5:36:100,4.04,-1.14,-1.17
18:5:36:134,4.99,0.17,-2.01
18:5:36:168,6.72,0.12,-2.38
18:5:36:222,8.00,1.27,-1.34
18:5:36:222,8.00,3.74,0.40
18:5:36:240,8.00,6.03,1.42
18:5:36:240,6.89,7.82,0.88
18:5:36:295,5.25,8.00,2.45
18:5:36:295,5.91,8.00,2.86
18:5:36:349,3.52,2.06,-2.45
18:5:36:364,5.37,-6.98,0.19
18:5:36:399,6.19,1.18,-1.54
18:5:36:399,4.44,3.27,-0.54
18:5:36:417,1.19,1.91,0.02
18:5:36:436,3.57,1.01,-0.31
18:5:36:454,3.81,1.90,-0.86
18:5:36:491,4.02,-0.27,-0.87
18:5:36:510,3.72,-0.10,-0.37
18:5:36:529,3.83,-0.34,-0.94
18:5:36:602,3.80,-0.02,-1.16
18:5:36:619,3.91,0.45,-1.41
18:5:36:636,3.88,0.38,-1.39
18:5:36:638,4.02,-0.18,-0.38
18:5:36:655,4.05,-0.28,-0.60
18:5:36:673,3.97,0.22,-1.14
18:5:36:708,3.88,0.48,-1.34
18:5:36:765,4.31,0.58,-0.24
18:5:36:765,4.50,-0.09,-0.00
18:5:36:782,5.57,0.16,-0.45
18:5:36:820,5.73,0.24,-0.83
18:5:36:820,6.29,0.24,-0.62
18:5:36:855,6.16,-0.51,0.44
18:5:36:875,6.87,-1.86,0.10
18:5:36:911,4.53,-3.49,-0.47
18:5:36:947,7.38,0.96,-1.02
18:5:36:966,7.21,0.79,-1.88
18:5:36:966,6.39,1.07,-2.24
18:5:37:2,1.06,2.74,-3.67
18:5:37:19,5.33,-3.66,-4.82
18:5:37:36,2.62,-3.28,-0.90
18:5:37:73,1.59,-2.25,-0.77
18:5:37:126,1.71,-2.82,0.11
18:5:37:128,2.77,-2.12,-0.68
18:5:37:128,4.00,-1.20,-1.42
18:5:37:166,4.39,0.33,-1.63
18:5:37:185,7.00,0.22,-1.67
18:5:37:206,8.00,1.36,-0.62
18:5:37:243,8.00,4.81,0.62
18:5:37:278,8.00,3.87,1.25
18:5:37:315,7.24,4.24,0.98
18:5:37:332,6.15,8.00,1.22
18:5:37:333,5.00,8.00,1.75
18:5:37:367,5.88,7.88,0.94
18:5:37:367,5.77,-7.03,-0.63
18:5:37:402,8.00,-1.80,-1.58
18:5:37:437,4.66,1.07,-0.49
18:5:37:457,4.92,5.58,-0.36
18:5:37:475,5.24,0.07,-0.74
18:5:37:493,4.19,1.83,-0.48
18:5:37:527,4.01,0.51,-0.74
18:5:37:544,3.81,-0.42,-0.32
18:5:37:561,3.77,0.01,-0.42
18:5:37:595,3.99,0.11,-0.72
18:5:37:628,4.06,0.46,-1.07
18:5:37:695,3.90,0.52,-0.99
18:5:37:697,4.15,-0.22,-0.89
18:5:37:697,3.87,0.11,-1.08
18:5:37:712,4.06,0.28,-0.93
18:5:37:735,4.09,0.17,-0.66
18:5:37:752,4.01,0.07,-0.77
18:5:37:789,4.09,0.13,-0.92
18:5:37:806,4.16,0.62,-0.10
18:5:37:845,5.28,-0.06,0.42
18:5:37:863,5.44,0.39,-0.59
18:5:37:918,6.15,0.50,-1.01
18:5:37:919,6.15,-0.10,-0.39
18:5:37:936,6.45,-0.65,0.25
18:5:37:956,7.76,-2.04,-0.39
18:5:37:973,7.67,-2.63,-1.76
18:5:38:27,7.86,1.41,-1.62
18:5:38:44,6.65,-0.74,-2.16
18:5:38:45,2.13,-0.33,-2.80
18:5:38:79,4.56,-1.77,-4.39
18:5:38:96,2.42,-3.24,-1.32
18:5:38:113,0.58,-2.20,-0.01
18:5:38:149,0.91,-2.00,-0.43
18:5:38:204,2.03,-1.53,-0.35
18:5:38:227,3.21,-1.40,-1.16
18:5:38:263,4.57,-0.48,-1.61
18:5:38:281,5.89,0.20,-1.87
18:5:38:299,7.75,1.79,-1.32
18:5:38:299,8.00,3.61,-0.29
18:5:38:299,8.00,4.97,1.17
18:5:38:349,7.72,5.09,0.48
18:5:38:387,5.10,8.00,1.23
18:5:38:387,4.95,7.68,1.80
18:5:38:404,4.88,5.81,1.45
18:5:38:460,6.96,3.16,-2.84
18:5:38:464,1.38,-8.00,-0.02
18:5:38:482,6.25,1.87,0.15
18:5:38:500,4.97,1.04,0.19
18:5:38:559,5.95,2.65,-0.30
18:5:38:559,4.28,1.57,-0.76
18:5:38:578,3.43,0.86,-0.45
18:5:38:598,3.71,1.01,-0.54
18:5:38:617,4.25,-0.78,-0.87
18:5:38:650,4.10,-0.68,-0.64
18:5:38:671,3.80,0.01,-0.60
18:5:38:707,4.01,0.50,-0.71
18:5:38:746,3.73,0.38,-0.79
18:5:38:746,3.85,-0.17,-0.69
18:5:38:766,3.97,0.23,-0.74
18:5:38:782,3.90,0.35,-0.94
18:5:38:816,3.96,0.27,-0.67
18:5:38:850,3.99,0.08,-0.67
18:5:38:871,3.96,0.20,-0.76
18:5:38:891,3.80,0.37,-0.46
18:5:38:927,3.85,0.61,-0.33
18:5:38:948,3.77,0.56,-0.58
18:5:38:984,3.95,0.40,-0.70
18:5:38:985,4.25,0.45,-0.69
18:5:39:2,4.43,0.64,-0.78
18:5:39:39,5.22,0.33,-0.53
18:5:39:89,5.67,0.11,-0.54
18:5:39:125,5.76,0.41,-0.59
18:5:39:131,5.48,0.04,-0.26
18:5:39:131,5.54,-0.31,-0.41
18:5:39:150,5.78,-0.61,-0.85
18:5:39:169,6.32,1.38,-0.89
18:5:39:204,4.76,1.94,-1.25
18:5:39:222,2.12,0.81,-2.65
18:5:39:252,2.81,0.00,-0.94
18:5:39:295,0.72,-2.54,-0.91
18:5:39:297,0.04,-1.03,-0.59
18:5:39:315,-0.13,-1.53,-0.87
18:5:39:388,0.57,-1.55,-0.51
18:5:39:408,1.70,-0.08,0.40
18:5:39:408,3.80,1.94,1.06
18:5:39:408,6.94,3.95,1.47
18:5:39:460,8.00,6.15,1.79
18:5:39:512,6.19,7.22,1.76
18:5:39:512,3.31,8.00,4.01
18:5:39:533,4.00,0.12,-2.67
18:5:39:536,4.00,-3.24,1.21
18:5:39:552,4.00,-1.07,-1.03
18:5:39:588,3.63,0.26,-0.44
18:5:39:646,4.07,0.46,-0.86
18:5:39:646,3.91,0.46,-0.64
18:5:39:662,3.81,0.11,-0.78
18:5:39:699,3.99,-0.10,-0.85
18:5:39:715,3.82,-0.27,-0.94
18:5:39:721,3.91,-0.01,-0.86
18:5:39:743,3.97,0.12,-0.84
18:5:39:796,3.92,0.06,-0.94
18:5:39:832,3.91,-0.09,-0.99
18:5:39:832,3.95,-0.17,-1.00
18:5:39:848,3.85,-0.14,-0.94
18:5:39:885,3.86,0.08,-0.81
18:5:39:902,3.91,0.09,-0.82
18:5:39:922,3.88,0.07,-0.87
18:5:39:947,3.88,0.06,-0.87
18:5:40:3,3.87,0.01,-0.95
18:5:40:36,3.89,0.03,-0.97
18:5:40:52,3.87,-0.00,-1.03
18:5:40:58,3.91,-0.07,-1.05
18:5:40:58,3.93,-0.11,-1.06
18:5:40:79,3.89,0.05,-0.97
18:5:40:169,3.87,-0.02,-1.00
18:5:40:212,3.86,-0.03,-0.97
18:5:40:212,3.85,-0.01,-0.94
18:5:40:212,3.96,0.01,-0.91
18:5:40:228,3.87,0.08,-0.86
18:5:40:244,3.85,0.07,-0.88
18:5:40:264,3.87,0.02,-0.91
18:5:40:268,3.88,0.04,-0.91
18:5:40:303,3.91,0.05,-0.95
18:5:40:323,3.89,0.07,-0.93
18:5:40:344,3.87,0.06,-0.93
18:5:40:380,3.89,-0.01,-0.95
18:5:40:400,3.90,0.04,-0.92
18:5:40:417,3.88,0.05,-0.92
18:5:40:433,3.88,0.03,-0.93
18:5:40:466,3.89,0.04,-0.89
18:5:40:482,3.85,0.05,-0.91
18:5:40:545,3.88,0.00,-0.91
18:5:40:564,3.87,0.02,-0.89
18:5:40:564,3.88,0.00,-0.94
18:5:40:595,3.89,-0.04,-0.95
18:5:40:611,3.89,-0.01,-0.93
18:5:40:644,3.88,0.02,-0.93
18:5:40:666,3.88,0.00,-0.92
18:5:40:701,3.86,0.01,-0.89
18:5:40:757,3.87,-0.02,-0.91
18:5:40:782,3.87,-0.01,-0.89
18:5:40:782,3.88,0.02,-0.90
18:5:40:782,3.88,-0.01,-0.90
18:5:40:802,3.86,-0.00,-0.90
18:5:40:821,3.89,-0.03,-0.93
18:5:40:856,3.87,-0.03,-0.93
18:5:40:913,3.89,-0.01,-0.92
18:5:40:913,3.87,-0.01,-0.91
18:5:40:929,3.88,-0.04,-0.94
18:5:40:947,3.87,-0.00,-0.89
18:5:40:981,3.90,-0.02,-0.93
18:5:41:1,3.85,-0.02,-0.93
18:5:41:20,3.96,-0.03,-0.94
18:5:41:56,3.76,0.03,-0.80
18:5:41:73,3.84,-0.13,-0.95
18:5:41:98,3.88,-0.11,-0.92
18:5:41:130,3.88,-0.08,-0.89
18:5:41:170,3.87,0.07,-0.94
18:5:41:170,3.87,-0.16,-0.90
18:5:41:191,3.86,-0.12,-0.91
18:5:41:248,3.88,-0.05,-0.96
18:5:41:269,3.88,-0.08,-0.89
18:5:41:290,3.91,-0.07,-0.88
18:5:41:290,3.88,-0.14,-0.91
18:5:41:314,3.88,-0.08,-0.88
18:5:41:335,3.90,-0.03,-0.89
18:5:41:431,3.89,-0.05,-0.91
18:5:41:448,3.94,-0.14,-0.84
18:5:41:453,3.93,-0.12,-0.85
18:5:41:453,3.91,-0.14,-0.86
18:5:41:469,3.97,-0.07,-0.89
18:5:41:469,4.05,-0.11,-0.88
18:5:41:488,4.04,-0.27,-0.89
18:5:41:542,4.02,-0.04,-0.72
18:5:41:566,4.18,0.41,-0.44
18:5:41:582,4.43,0.25,-0.54
18:5:41:617,5.11,0.06,-0.36
18:5:41:633,4.85,-0.63,-0.38
18:5:41:651,4.81,-0.44,-0.31
18:5:41:670,4.17,-0.71,0.31
18:5:41:705,3.76,-1.43,-0.21
18:5:41:724,3.28,-1.27,0.00
18:5:41:730,2.96,-2.16,-0.83
18:5:41:827,2.67,-1.78,-0.63
18:5:41:828,2.88,-1.37,-0.82
18:5:41:828,3.35,-1.36,-1.09
18:5:41:848,3.72,-0.66,-1.30
18:5:41:887,4.04,-0.48,-1.16
18:5:41:928,4.63,-0.06,-1.41
18:5:41:984,4.44,1.07,-1.99
18:5:42:30,4.48,1.77,-2.87
18:5:42:128,3.75,2.45,-3.36
18:5:42:144,2.87,3.10,-3.77
18:5:42:183,2.16,2.90,-2.69
18:5:42:249,3.83,4.48,-3.22
18:5:42:249,8.00,-3.32,1.32
18:5:42:265,5.17,-2.33,-0.24
18:5:42:365,2.96,0.56,0.88
18:5:42:386,4.36,-0.42,-0.74
18:5:42:401,3.82,0.49,-0.95
18:5:42:417,3.96,0.50,-0.60
18:5:42:433,4.18,-0.14,-0.58
18:5:42:448,4.03,-0.02,-0.72
18:5:42:448,3.92,0.25,-0.73
18:5:42:464,3.98,0.43,-0.70
18:5:42:623,3.89,0.37,-0.63
18:5:42:643,3.83,0.54,-0.48
18:5:42:720,3.91,0.48,-0.54
18:5:42:858,3.96,0.47,-0.51
18:5:42:909,3.98,0.49,-0.68
18:5:42:918,3.90,0.50,-0.52
18:5:42:928,4.01,0.44,-0.58
18:5:42:964,3.92,0.43,-0.48
18:5:42:974,3.91,0.48,-0.41
18:5:42:985,3.90,0.45,-0.44
18:5:42:999,3.92,0.43,-0.43
18:5:43:5,4.07,0.37,-0.46
18:5:43:63,4.22,0.37,-0.66
18:5:43:108,4.34,0.20,-0.57
18:5:43:108,4.46,-0.26,-0.56
18:5:43:113,4.52,-0.59,0.27
18:5:43:119,4.62,-1.18,0.34
18:5:43:119,4.10,-1.32,0.53
18:5:43:119,4.11,-0.95,0.67
18:5:43:142,3.78,-1.06,0.03
18:5:43:165,3.32,-1.38,-1.25
18:5:43:251,3.25,-0.51,-1.85
18:5:43:251,2.30,0.18,-2.42
18:5:43:251,3.69,0.66,-2.12
18:5:43:251,3.52,1.19,-1.33
18:5:43:251,3.88,1.57,-0.80
18:5:43:251,3.85,1.79,-0.37
18:5:43:272,3.94,1.40,-0.29
18:5:43:311,3.95,1.23,-0.11
18:5:43:311,3.92,0.89,-0.14
18:5:43:331,3.48,1.04,0.19
18:5:43:331,4.59,1.34,-0.33
18:5:43:347,5.79,0.69,-2.56
18:5:43:350,4.11,1.18,-1.58
18:5:43:351,4.19,0.78,-0.38
18:5:43:387,4.24,0.24,0.27
18:5:43:443,4.37,-0.28,-0.90
18:5:43:444,3.92,0.32,-0.78
18:5:43:444,3.81,0.65,-0.40
18:5:43:444,4.30,0.47,-0.68
18:5:43:444,4.02,0.41,-0.60
18:5:43:468,3.85,0.52,-0.52
18:5:43:488,3.95,0.45,-0.62
18:5:43:488,3.98,0.38,-0.61
18:5:43:488,3.89,0.46,-0.57
18:5:43:507,3.93,0.42,-0.58
18:5:43:525,3.91,0.43,-0.59
18:5:43:531,3.90,0.33,-0.63
18:5:43:552,3.80,0.37,-0.52
18:5:43:578,3.84,0.45,-0.65
18:5:43:596,3.89,0.48,-0.67
18:5:43:617,4.03,0.58,-0.67
18:5:43:634,4.07,0.36,-0.68
18:5:43:665,3.98,0.33,-0.66
18:5:43:681,3.83,0.24,-0.85
18:5:43:718,3.78,0.09,-0.88
18:5:43:724,3.74,0.21,-0.86
18:5:43:724,3.89,0.26,-0.87
18:5:43:784,3.96,0.11,-0.76
18:5:43:829,3.86,-0.02,-0.79
18:5:43:844,3.90,0.10,-0.77
18:5:43:960,3.90,0.09,-0.91
18:5:43:960,4.00,0.11,-0.94
18:5:43:981,3.82,0.16,-0.67
18:5:43:981,3.93,0.15,-0.82
18:5:43:999,3.99,-0.05,-0.96
18:5:44:4,3.86,-0.01,-0.88
18:5:44:20,3.89,0.09,-0.84
18:5:44:20,3.88,0.02,-0.87
18:5:44:20,3.87,0.01,-0.86
18:5:44:48,3.88,0.05,-0.90
18:5:44:48,3.89,0.00,-0.85
18:5:44:75,3.89,-0.01,-0.85
18:5:44:90,3.89,-0.18,-0.88
18:5:44:147,3.89,-0.06,-0.90
18:5:44:158,3.87,-0.05,-0.93
18:5:44:180,3.94,-0.02,-0.89
18:5:44:200,3.95,-0.02,-0.92
18:5:44:205,3.86,-0.14,-0.98
18:5:44:210,3.91,-0.20,-0.96
18:5:44:227,3.87,-0.15,-0.87
18:5:44:273,3.87,0.04,-0.88
18:5:44:323,3.95,0.02,-0.88
18:5:44:351,3.81,0.05,-0.80
18:5:44:392,3.82,0.18,-0.71
18:5:44:410,3.96,0.10,-0.75
18:5:44:410,3.88,0.02,-0.76
18:5:44:410,3.86,0.07,-0.76
18:5:44:433,3.83,0.17,-0.71
18:5:44:433,3.89,0.26,-0.71
18:5:44:500,3.89,0.21,-0.69
18:5:44:547,3.83,0.26,-0.64
18:5:44:579,3.87,0.29,-0.45
18:5:44:579,3.87,0.34,-0.63
18:5:44:594,3.97,0.37,-0.67
18:5:44:610,3.85,0.32,-0.77
18:5:44:610,3.93,0.45,-0.78
18:5:44:709,4.02,-0.00,-1.12
18:5:44:727,3.68,0.33,-0.90
18:5:44:727,3.91,0.43,-0.83
18:5:44:762,4.00,0.39,-0.52
18:5:44:783,3.99,0.35,-0.85
18:5:44:799,3.92,0.37,-0.76
18:5:44:799,3.80,0.33,-0.54
18:5:44:853,3.90,0.46,-0.54
18:5:44:894,3.81,0.58,-0.50
18:5:44:914,3.81,0.44,-0.41
18:5:44:938,3.84,0.46,-0.49
18:5:44:956,3.81,0.74,-0.26
18:5:44:978,3.77,0.79,-0.29
18:5:45:12,3.89,0.61,-0.53
18:5:45:47,4.08,0.47,-0.60
18:5:45:66,3.98,0.66,-0.52
18:5:45:66,3.96,0.22,-0.80
18:5:45:90,3.99,0.46,-0.71
18:5:45:91,4.07,0.78,-0.57
18:5:45:143,4.30,0.31,-0.80
18:5:45:161,5.05,0.18,-0.99
18:5:45:164,5.30,1.01,-0.48
18:5:45:234,7.14,-1.23,-0.43
18:5:45:269,6.90,-1.86,-0.06
18:5:45:269,7.39,-2.22,-0.40
18:5:45:289,7.24,-1.94,-2.04
18:5:45:289,5.55,1.59,-1.28
18:5:45:307,3.19,1.18,-1.96
18:5:45:310,2.08,-0.91,-2.10
18:5:45:332,0.80,-4.43,-1.04
18:5:45:348,1.17,-2.53,-0.75
18:5:45:408,1.84,-2.58,-1.04
18:5:45:427,2.54,-1.20,-1.22
18:5:45:427,3.13,-0.73,-1.51
18:5:45:443,4.68,0.89,-1.88
18:5:45:481,5.70,1.03,-1.40
18:5:45:515,6.92,2.28,-0.68
18:5:45:533,7.96,3.45,0.46
18:5:45:549,6.73,4.52,1.75
18:5:45:587,5.79,4.54,1.31
18:5:45:605,5.56,5.96,1.39
18:5:45:605,4.88,5.57,0.98
18:5:45:623,6.12,2.69,0.07
18:5:45:679,4.91,-2.03,0.78
18:5:45:696,5.34,1.75,-0.13
18:5:45:712,3.31,1.29,-0.49
18:5:45:729,3.28,0.91,-0.30
18:5:45:769,4.06,0.60,0.14
18:5:45:769,3.99,0.55,-0.38
18:5:45:788,4.40,-0.02,-0.81
18:5:45:867,4.22,0.38,-1.30
18:5:45:887,3.74,0.05,-0.86
18:5:45:906,4.05,0.11,-0.63
18:5:45:922,4.07,-0.25,-0.37
18:5:45:960,3.69,0.60,-0.66
18:5:45:982,3.96,0.54,-0.78
18:5:45:983,4.09,0.18,-0.71
18:5:46:6,4.00,0.28,-0.40
18:5:46:24,4.28,0.69,-0.58
18:5:46:41,4.36,0.71,-0.49
18:5:46:61,4.25,0.63,-0.51
18:5:46:135,5.16,-0.09,0.03
18:5:46:135,5.62,0.46,-0.30
18:5:46:153,6.21,0.68,-0.50
18:5:46:155,7.42,-0.38,-0.21
18:5:46:178,8.00,-2.16,-0.48
18:5:46:199,8.00,-3.00,-2.03
18:5:46:239,8.00,-0.72,-1.39
18:5:46:277,4.97,1.29,-2.01
18:5:46:295,4.35,-0.64,-2.27
18:5:46:295,2.31,-1.04,-4.12
18:5:46:337,1.55,-4.25,-1.69
18:5:46:356,0.62,-2.02,-0.15
18:5:46:371,0.62,-2.29,-0.78
18:5:46:411,1.80,-2.46,-1.13
18:5:46:427,1.97,-0.95,-1.51
18:5:46:479,4.89,-0.19,-1.91
18:5:46:497,6.11,1.02,-0.37
18:5:46:554,8.00,2.30,0.07
18:5:46:554,8.00,2.51,0.26
18:5:46:554,8.00,2.01,0.19
18:5:46:573,7.63,2.98,-0.65
18:5:46:590,5.25,6.49,0.36
18:5:46:665,4.96,5.65,1.97
18:5:46:667,5.01,5.02,2.35
18:5:46:685,4.84,4.50,1.41
18:5:46:685,5.43,3.08,0.65
18:5:46:705,5.09,-8.00,-3.66
18:5:46:740,8.00,2.98,-3.15
18:5:46:759,6.02,1.59,0.35
18:5:46:776,4.35,1.91,-1.24
18:5:46:812,2.89,1.96,-0.03
18:5:46:847,3.99,0.76,-0.62
18:5:46:866,3.78,0.92,-0.62
18:5:46:882,4.23,-0.10,-0.99
18:5:46:921,3.74,-0.16,-1.44
18:5:46:939,3.76,0.18,-1.14
18:5:46:955,3.84,0.27,-0.97
18:5:47:19,3.92,0.38,-0.77
18:5:47:38,4.08,0.21,-0.71
18:5:47:75,4.09,0.02,-1.34
18:5:47:111,3.66,-0.03,-1.42
18:5:47:129,4.02,-0.04,-1.13
18:5:47:145,3.90,0.44,-0.93
18:5:47:147,4.68,0.21,-2.02
18:5:47:183,4.89,0.79,-1.24
18:5:47:202,6.13,0.20,-0.33
18:5:47:202,6.00,0.31,-0.46
18:5:47:220,6.80,-0.21,-0.33
18:5:47:240,8.00,-1.73,-0.87
18:5:47:259,7.81,-3.56,-1.01
18:5:47:292,7.96,-1.80,-0.49
18:5:47:313,7.96,0.33,-1.82
18:5:47:392,7.32,1.74,-1.44
18:5:47:409,4.63,2.82,-3.20
18:5:47:411,1.24,-4.82,-2.23
18:5:47:411,0.88,-3.34,-0.53
18:5:47:429,0.46,-0.55,-0.54
18:5:47:447,1.48,-1.74,-0.72
18:5:47:481,2.75,-2.40,-0.92
18:5:47:499,3.31,-0.84,-1.48
18:5:47:533,4.86,0.11,-2.12
18:5:47:550,6.65,1.04,-2.64
18:5:47:568,8.00,1.98,-1.94
18:5:47:605,8.00,4.97,-1.12
18:5:47:623,8.00,5.55,-0.47
18:5:47:641,7.37,8.00,1.25
18:5:47:674,5.06,8.00,1.54
18:5:47:747,5.62,8.00,2.84
18:5:47:747,3.45,-1.43,0.71
18:5:47:747,8.00,-5.85,-0.42
18:5:47:801,6.82,4.29,-1.78
18:5:47:817,4.66,3.62,-0.99
18:5:47:820,-3.19,3.24,-0.61
18:5:47:839,4.41,2.07,-0.20
18:5:47:857,3.89,1.21,-0.45
18:5:47:890,3.62,-0.40,-0.80
18:5:47:924,3.52,0.26,-0.88
18:5:47:943,3.85,-0.53,-0.80
18:5:47:961,4.03,0.29,-1.07
18:5:47:998,3.67,0.31,-1.07
18:5:48:14,4.13,0.02,-0.58
18:5:48:31,4.22,-0.01,-0.46
18:5:48:52,4.04,0.55,-0.85
18:5:48:106,3.99,0.61,-0.89
18:5:48:125,4.43,0.67,-0.52
18:5:48:141,5.02,-0.03,0.52
18:5:48:144,5.40,-0.42,0.18
18:5:48:164,5.84,0.20,-0.89
18:5:48:201,5.92,0.17,-0.81
18:5:48:219,6.76,-0.30,-0.47
18:5:48:254,7.58,-1.76,-0.07
18:5:48:290,7.91,-4.35,-1.24
18:5:48:290,7.91,1.85,-1.08
18:5:48:326,7.83,0.26,-2.62
18:5:48:329,2.98,-2.74,-3.58
18:5:48:386,4.63,-0.87,-4.17
18:5:48:386,2.07,-3.28,-1.37
18:5:48:460,0.46,-1.44,-0.04
18:5:48:516,1.01,-2.40,-0.57
18:5:48:519,2.17,-1.80,-0.39
18:5:48:519,3.00,-1.79,-1.27
18:5:48:537,4.00,-0.71,-1.72
18:5:48:537,5.89,-0.18,-2.25
18:5:48:574,7.97,0.59,-1.47
18:5:48:593,8.00,2.85,-0.48
18:5:48:645,8.00,5.85,1.86
18:5:48:662,8.00,6.25,1.63
18:5:48:663,5.40,8.00,1.88
18:5:48:681,5.44,8.00,1.78
18:5:48:717,3.42,7.20,0.50
18:5:48:720,2.78,-8.00,2.21
18:5:48:737,8.00,2.67,2.66
18:5:48:787,2.71,2.69,-1.24
18:5:48:840,3.62,2.39,-0.11
18:5:48:845,4.73,0.70,0.27
18:5:48:862,3.46,1.27,-1.11
18:5:48:862,4.43,0.82,-0.39
18:5:48:900,3.98,-0.37,-0.43
18:5:48:918,3.90,-0.07,-0.60
18:5:49:32,4.17,-0.03,-1.10
18:5:49:32,3.54,0.35,-1.09
18:5:49:48,3.98,0.22,-0.87
18:5:49:53,4.09,0.29,-0.86
18:5:49:71,3.99,0.27,-0.93
18:5:49:71,3.95,0.41,-0.74
18:5:49:89,4.28,0.46,-0.75
18:5:49:163,4.68,0.35,-0.08
18:5:49:197,4.70,-0.37,0.38
18:5:49:199,4.78,0.22,-0.39
18:5:49:199,5.52,0.44,-1.25
18:5:49:218,5.86,0.35,-1.16
18:5:49:218,5.82,0.29,-0.16
18:5:49:256,7.14,-1.54,-0.20
18:5:49:275,6.05,-3.35,0.01
18:5:49:294,8.00,0.30,-0.51
18:5:49:369,8.00,1.43,-1.88
18:5:49:369,7.20,0.82,-2.79
18:5:49:387,2.40,5.15,-2.84
18:5:49:403,3.96,-3.64,-3.44
18:5:49:423,2.03,-1.71,-0.64
18:5:49:444,0.66,-2.29,-0.65
18:5:49:480,1.17,-2.17,-0.15
18:5:49:495,1.67,-1.35,-0.74
18:5:49:537,3.02,-1.38,-1.53
18:5:49:554,4.24,-0.50,-2.11
18:5:49:606,6.06,0.41,-2.34
18:5:49:607,7.89,0.89,-1.89
18:5:49:607,8.00,3.38,-1.25
18:5:49:643,8.00,5.09,-0.01
18:5:49:659,7.76,6.53,0.32
18:5:49:731,5.49,8.00,2.73
18:5:49:749,5.66,8.00,4.24
18:5:49:750,5.37,7.15,2.85
18:5:49:767,3.16,-5.18,-5.51
18:5:49:783,8.00,-3.98,0.17
18:5:49:801,5.75,3.28,-1.72
18:5:49:857,5.22,3.01,-0.98
18:5:49:894,7.36,1.63,0.46
18:5:49:912,3.46,0.76,-0.48
18:5:49:930,4.12,1.64,-0.74
18:5:49:934,4.27,-0.85,-1.09
18:5:49:952,3.71,-0.17,-0.72
18:5:49:971,4.00,-0.01,-0.79
18:5:49:989,3.92,0.49,-1.08
18:5:50:7,3.90,0.69,-0.86
18:5:50:79,4.20,0.07,-1.02
18:5:50:83,4.05,0.27,-1.03
18:5:50:83,3.67,0.35,-0.98
18:5:50:118,4.10,0.04,-1.59
18:5:50:136,4.09,0.19,-1.36
18:5:50:155,4.25,0.51,-0.12
18:5:50:173,4.25,-0.08,-0.38
18:5:50:279,4.86,0.34,-0.98
18:5:50:279,5.44,0.52,-0.87
18:5:50:279,5.61,0.13,-0.40
18:5:50:313,6.29,0.03,-0.11
18:5:50:332,7.25,-1.91,-0.35
18:5:50:332,7.28,-3.66,-0.44
18:5:50:351,8.00,0.39,-1.29
18:5:50:385,7.65,0.53,-1.95
18:5:50:407,6.30,1.33,-2.20
18:5:50:440,1.93,4.81,-2.73
18:5:50:458,-3.75,-4.04,-2.97
18:5:50:492,1.81,-2.84,-0.61
18:5:50:496,0.71,-1.61,-0.35
18:5:50:516,1.46,-2.13,-0.16
18:5:50:552,2.44,-2.15,-0.70
18:5:50:624,3.94,-1.14,-1.69
18:5:50:642,4.17,1.04,-1.79
18:5:50:660,6.20,0.25,-2.72
18:5:50:678,7.83,1.81,-1.95
18:5:50:678,8.00,2.77,-1.46
18:5:50:695,8.00,5.49,-0.34
18:5:50:732,7.46,3.31,1.48
18:5:50:732,6.93,8.00,2.90
18:5:50:766,4.66,8.00,2.58
18:5:50:797,7.42,5.77,2.64
18:5:50:834,5.84,-7.57,-1.59
18:5:50:835,8.00,-1.19,0.95
18:5:50:869,5.53,1.31,-2.84
18:5:50:907,4.27,2.56,-1.33
18:5:50:923,-1.99,1.20,-1.75
18:5:50:995,3.72,1.64,0.03
18:5:51:13,3.93,1.21,-0.94
18:5:51:13,3.98,-0.50,-0.64
18:5:51:30,3.71,-0.67,-0.58
18:5:51:49,3.91,-0.37,-0.72
18:5:51:68,4.12,-0.22,-0.90
18:5:51:86,3.67,0.49,-0.99
18:5:51:104,3.99,0.19,-0.80
18:5:51:160,4.06,-0.16,-0.86
18:5:51:176,3.84,-0.02,-0.87
18:5:51:177,3.86,0.14,-0.65
18:5:51:195,3.96,-0.07,-0.85
18:5:51:232,4.13,0.37,-0.63
18:5:51:232,4.10,0.66,-0.35
18:5:51:268,4.15,0.62,-0.18
18:5:51:342,4.50,0.32,-0.19
18:5:51:379,5.78,0.63,-0.98
18:5:51:398,5.66,1.12,-0.11
18:5:51:398,6.74,0.35,-0.71
18:5:51:414,6.81,-0.75,0.17
18:5:51:433,6.84,-1.74,-0.06
18:5:51:450,7.03,-1.99,-1.44
18:5:51:487,7.77,1.82,-1.16
18:5:51:526,6.39,0.45,-1.93
18:5:51:548,3.10,-1.12,-1.66
18:5:51:548,2.96,0.73,-2.25
18:5:51:602,1.13,-2.75,-1.28
18:5:51:602,-0.04,-1.14,0.27
18:5:51:602,0.44,-1.57,-0.48
18:5:51:638,1.63,-2.13,-0.56
18:5:51:693,1.92,-1.19,-0.58
18:5:51:729,3.45,-0.96,-0.94
18:5:51:746,5.21,-0.52,-0.82
18:5:51:747,7.06,1.02,0.08
18:5:51:768,8.00,3.96,0.54
18:5:51:785,8.00,4.73,0.72
18:5:51:805,7.34,3.86,0.25
18:5:51:893,5.66,5.27,1.57
18:5:51:893,5.10,4.00,1.91
18:5:51:910,4.79,4.74,1.62
18:5:51:928,4.18,3.32,0.72
18:5:51:948,4.39,3.01,0.39
18:5:51:967,3.52,-2.91,-1.92
18:5:52:98,5.80,-4.88,-1.57
18:5:52:115,5.09,1.42,-0.01
18:5:52:152,4.99,2.62,-0.95
18:5:52:152,3.28,-1.39,-0.61
18:5:52:241,3.84,0.19,-0.85
18:5:52:276,3.96,0.46,-1.21
18:5:52:296,3.77,0.11,-0.79
18:5:52:296,4.42,-0.14,-0.85
18:5:52:315,4.25,-0.78,-0.81
18:5:52:346,3.89,-0.59,-1.19
18:5:52:346,3.87,0.17,-1.05
18:5:52:363,3.98,-0.18,-1.05
18:5:52:364,3.87,-0.36,-0.86
18:5:52:364,3.85,-0.12,-0.83
18:5:52:439,3.88,0.03,-0.91
18:5:52:457,3.85,-0.09,-0.97
18:5:52:457,3.73,-0.16,-0.85
18:5:52:474,3.95,-0.39,-0.97
18:5:52:493,3.96,-0.11,-0.72
18:5:52:493,3.98,0.20,-0.86
18:5:52:510,3.99,0.21,-1.06
18:5:52:510,3.93,0.11,-0.93
18:5:52:543,3.82,0.11,-0.65
18:5:52:543,3.93,0.06,-0.76
18:5:52:543,3.80,0.25,-0.73
18:5:52:617,3.80,0.29,-0.65
18:5:52:634,3.87,0.24,-0.61
18:5:52:634,3.85,0.24,-0.67
18:5:52:653,3.87,0.23,-0.74
18:5:52:671,3.89,0.17,-0.70
18:5:52:686,3.89,0.22,-0.78
18:5:52:704,3.90,0.11,-0.84
18:5:52:775,3.93,0.09,-0.88
18:5:52:791,3.91,0.10,-0.85
18:5:52:808,3.88,0.09,-0.73
18:5:52:808,3.90,0.17,-0.71
18:5:52:865,3.91,0.16,-0.76
18:5:52:884,3.87,0.23,-0.67
18:5:52:902,3.88,0.30,-0.68
18:5:52:975,3.89,0.25,-0.73
18:5:52:993,3.88,0.13,-0.72
18:5:53:10,3.93,0.17,-0.72
18:5:53:13,3.90,0.20,-0.75
18:5:53:51,3.88,0.23,-0.72
18:5:53:51,3.90,0.20,-0.70
18:5:53:66,3.90,0.11,-0.70
18:5:53:85,3.93,0.20,-0.72
18:5:53:156,3.86,0.26,-0.62
18:5:53:157,3.90,0.21,-0.69
18:5:53:175,3.92,0.23,-0.70
18:5:53:194,3.91,0.13,-0.75
18:5:53:194,3.89,0.16,-0.71
18:5:53:211,3.91,0.17,-0.70
18:5:53:248,3.91,0.16,-0.72
18:5:53:301,3.87,0.20,-0.68
18:5:53:320,3.90,0.26,-0.72
18:5:53:320,3.87,0.24,-0.67
18:5:53:373,3.88,0.25,-0.68
