17:56:52:354,-3.95,-0.50,-1.25
17:56:52:373,-3.90,-0.53,-1.32
17:56:52:373,-3.91,-0.59,-1.32
17:56:52:373,-3.91,-0.68,-1.37
17:56:52:405,-3.88,-0.66,-1.36
17:56:52:420,-3.89,-0.68,-1.36
17:56:52:420,-3.92,-0.67,-1.38
17:56:52:420,-3.90,-0.71,-1.39
17:56:52:420,-3.92,-0.72,-1.41
17:56:52:443,-3.91,-0.69,-1.38
17:56:52:474,-3.90,-0.63,-1.36
17:56:52:552,-3.96,-0.56,-1.39
17:56:52:552,-3.87,-0.59,-1.40
17:56:52:569,-3.89,-0.63,-1.37
17:56:52:611,-3.88,-0.60,-1.35
17:56:52:611,-3.92,-0.52,-1.33
17:56:52:628,-3.89,-0.53,-1.31
17:56:52:628,-3.95,-0.55,-1.31
17:56:52:708,-3.96,-0.59,-1.35
17:56:52:717,-3.95,-0.61,-1.34
17:56:52:739,-3.92,-0.60,-1.35
17:56:52:778,-3.89,-0.66,-1.37
17:56:52:789,-3.86,-0.65,-1.37
17:56:52:789,-3.91,-0.61,-1.36
17:56:52:789,-3.90,-0.64,-1.32
17:56:52:798,-3.91,-0.62,-1.32
17:56:52:798,-3.93,-0.64,-1.33
17:56:52:798,-3.93,-0.64,-1.35
17:56:52:847,-3.95,-0.63,-1.32
17:56:52:938,-3.93,-0.60,-1.35
17:56:52:957,-3.90,-0.61,-1.37
17:56:52:967,-3.93,-0.57,-1.31
17:56:52:967,-3.93,-0.57,-1.32
17:56:52:967,-3.92,-0.57,-1.33
17:56:53:22,-3.92,-0.58,-1.33
17:56:53:47,-3.92,-0.57,-1.33
17:56:53:87,-3.93,-0.60,-1.32
17:56:53:98,-3.94,-0.61,-1.32
17:56:53:98,-3.93,-0.62,-1.32
17:56:53:107,-3.90,-0.62,-1.30
17:56:53:117,-3.92,-0.62,-1.34
17:56:53:137,-3.91,-0.65,-1.34
17:56:53:174,-3.94,-0.65,-1.38
17:56:53:242,-3.97,-0.67,-1.36
17:56:53:249,-3.95,-0.63,-1.34
17:56:53:269,-3.89,-0.64,-1.38
17:56:53:288,-3.90,-0.60,-1.35
17:56:53:288,-3.93,-0.56,-1.33
17:56:53:298,-3.95,-0.53,-1.34
17:56:53:307,-3.91,-0.54,-1.37
17:56:53:332,-3.86,-0.66,-1.34
17:56:53:442,-3.90,-0.72,-1.38
17:56:53:442,-3.94,-0.71,-1.33
17:56:53:558,-3.92,-0.68,-1.33
17:56:53:652,-3.90,-0.71,-1.36
17:56:53:708,-3.95,-0.76,-1.37
17:56:53:829,-3.90,-0.66,-1.36
17:56:53:837,-3.89,-0.67,-1.36
17:56:54:67,-3.89,-0.64,-1.37
17:56:54:321,-3.93,-0.65,-1.45
17:56:54:321,-3.88,-0.66,-1.42
17:56:54:327,-3.90,-0.69,-1.37
17:56:54:347,-3.88,-0.64,-1.43
17:56:54:359,-3.87,-0.58,-1.39
17:56:54:368,-3.91,-0.58,-1.34
17:56:54:379,-3.89,-0.60,-1.39
17:56:54:403,-3.86,-0.63,-1.40
17:56:54:403,-3.94,-0.62,-1.41
17:56:54:403,-3.95,-0.69,-1.37
17:56:54:409,-3.89,-0.65,-1.33
17:56:54:418,-3.87,-0.63,-1.38
17:56:54:419,-3.90,-0.64,-1.35
17:56:54:419,-3.92,-0.63,-1.38
17:56:54:419,-3.88,-0.65,-1.40
17:56:54:419,-3.89,-0.68,-1.43
17:56:54:424,-3.91,-0.67,-1.40
17:56:54:424,-3.88,-0.70,-1.40
17:56:54:424,-3.89,-0.68,-1.37
17:56:54:538,-3.91,-0.67,-1.34
17:56:54:667,-3.92,-0.64,-1.36
17:56:54:667,-3.91,-0.63,-1.38
17:56:54:732,-3.90,-0.65,-1.38
17:56:54:732,-3.90,-0.67,-1.35
17:56:54:732,-3.90,-0.65,-1.39
17:56:54:732,-3.90,-0.66,-1.38
17:56:54:732,-3.89,-0.66,-1.41
17:56:54:738,-3.89,-0.64,-1.42
17:56:54:747,-3.91,-0.63,-1.39
17:56:54:747,-3.89,-0.63,-1.38
17:56:54:747,-3.88,-0.62,-1.36
17:56:54:747,-3.90,-0.67,-1.39
17:56:54:747,-3.92,-0.64,-1.37
17:56:54:747,-3.92,-0.68,-1.42
17:56:54:761,-3.93,-0.64,-1.36
17:56:54:761,-3.86,-0.63,-1.37
17:56:54:761,-3.90,-0.67,-1.46
17:56:54:767,-3.78,-0.57,-1.44
17:56:54:767,-3.98,-0.64,-1.37
17:56:54:767,-3.90,-0.64,-1.39
17:56:54:767,-3.89,-0.64,-1.43
17:56:54:767,-3.89,-0.69,-1.39
17:56:54:767,-3.92,-0.69,-1.39
17:56:54:778,-3.88,-0.62,-1.41
17:56:54:778,-3.92,-0.59,-1.39
17:56:54:778,-3.91,-0.62,-1.38
17:56:54:778,-3.94,-0.63,-1.41
17:56:54:778,-3.91,-0.63,-1.39
17:56:54:778,-3.89,-0.63,-1.41
17:56:54:792,-3.90,-0.64,-1.40
17:56:54:878,-3.87,-0.66,-1.41
17:56:54:887,-3.91,-0.67,-1.38
17:56:54:909,-3.86,-0.68,-1.43
17:56:55:264,-3.91,-0.66,-1.44
17:56:55:264,-3.87,-0.69,-1.42
17:56:55:264,-3.86,-0.67,-1.41
17:56:55:264,-3.85,-0.66,-1.41
17:56:55:419,-3.86,-0.62,-1.38
17:56:55:419,-3.86,-0.67,-1.43
17:56:55:419,-3.88,-0.65,-1.40
17:56:55:419,-3.86,-0.65,-1.41
17:56:55:419,-3.88,-0.66,-1.45
17:56:55:454,-3.90,-0.61,-1.45
17:56:55:454,-3.93,-0.62,-1.44
17:56:55:472,-3.94,-0.63,-1.39
17:56:55:472,-3.94,-0.61,-1.41
17:56:55:518,-3.96,-0.54,-1.44
17:56:55:578,-3.97,-0.56,-1.41
17:56:55:611,-3.94,-0.53,-1.40
17:56:55:690,-3.90,-0.50,-1.41
17:56:55:813,-3.93,-0.48,-1.41
17:56:55:875,-3.92,-0.48,-1.35
17:56:55:884,-3.92,-0.43,-1.35
17:56:55:960,-3.99,-0.30,-1.30
17:56:55:968,-4.06,-0.16,-1.22
17:56:55:968,-4.03,-0.36,-1.19
17:56:56:27,-4.01,-0.52,-1.19
17:56:56:27,-3.96,-0.47,-1.12
17:56:56:27,-3.88,-0.56,-1.09
17:56:56:27,-3.81,-0.57,-1.01
17:56:56:27,-3.69,-0.72,-1.02
17:56:56:27,-3.64,-0.87,-1.01
17:56:56:35,-3.58,-1.00,-1.05
17:56:56:35,-3.59,-1.17,-1.25
17:56:56:35,-3.85,-1.43,-1.56
17:56:56:35,-4.28,-1.58,-1.55
17:56:56:35,-4.23,-1.48,-1.28
17:56:56:35,-3.99,-1.49,-1.25
17:56:56:35,-3.95,-1.53,-1.38
17:56:56:198,-4.01,-1.51,-1.28
17:56:56:198,-3.81,-1.45,-1.01
17:56:56:198,-3.44,-1.48,-0.93
17:56:56:198,-3.20,-1.67,-0.82
17:56:56:198,-3.21,-1.68,-0.77
17:56:56:278,-3.27,-1.75,-0.92
17:56:56:376,-3.44,-1.78,-0.93
17:56:56:395,-3.63,-1.78,-0.96
17:56:56:395,-3.78,-1.60,-1.02
17:56:56:408,-3.89,-1.45,-1.10
17:56:56:408,-4.06,-1.26,-1.17
17:56:56:480,-4.17,-1.10,-1.28
17:56:56:488,-4.22,-0.96,-1.35
17:56:56:488,-4.19,-0.86,-1.46
17:56:56:488,-4.42,-0.82,-1.49
17:56:56:536,-4.52,-0.73,-1.71
17:56:56:613,-5.11,-0.68,-2.04
17:56:56:613,-5.42,-0.71,-2.14
17:56:56:613,-5.29,-0.61,-1.89
17:56:56:613,-4.96,-0.17,-1.73
17:56:56:718,-4.55,0.10,-1.70
17:56:56:718,-3.97,0.28,-1.77
17:56:56:777,-3.38,0.38,-1.69
17:56:56:777,-3.32,0.58,-1.80
17:56:56:830,-3.36,0.38,-1.92
17:56:56:830,-3.48,0.28,-1.94
17:56:56:850,-3.61,0.09,-1.91
17:56:56:850,-3.37,-0.21,-1.64
17:56:56:856,-3.14,-0.41,-1.50
17:56:56:898,-2.83,-0.59,-1.44
17:56:56:898,-2.87,-0.51,-1.41
17:56:56:898,-2.90,-0.40,-1.23
17:56:56:898,-3.06,-0.43,-1.23
17:56:56:898,-3.19,-0.47,-1.19
17:56:56:898,-3.43,-0.50,-1.06
17:56:56:899,-3.62,-0.53,-0.89
17:56:56:899,-3.56,-0.54,-0.73
17:56:56:899,-3.66,-0.56,-0.65
17:56:56:899,-3.79,-0.52,-0.54
17:56:56:899,-4.10,-0.51,-0.59
17:56:56:916,-4.38,-0.44,-0.70
17:56:56:934,-4.63,-0.31,-0.98
17:56:56:934,-4.74,-0.26,-1.23
17:56:56:952,-5.04,-0.29,-1.50
17:56:56:986,-5.25,-0.53,-1.87
17:56:57:4,-6.12,-0.87,-2.08
17:56:57:4,-6.56,-1.26,-1.40
17:56:57:4,-5.06,-1.19,-0.67
17:56:57:56,-3.79,-1.33,-1.06
17:56:57:73,-3.66,-1.12,-2.00
17:56:57:73,-4.34,-0.78,-2.65
17:56:57:90,-4.43,-0.65,-2.45
17:56:57:90,-4.20,-0.45,-1.74
17:56:57:90,-3.95,-0.25,-1.02
17:56:57:90,-3.71,-0.32,-0.88
17:56:57:106,-3.40,-0.47,-1.16
17:56:57:106,-3.24,-0.49,-1.28
17:56:57:108,-3.54,-0.72,-1.46
17:56:57:108,-3.48,-1.07,-1.59
17:56:57:108,-3.36,-1.17,-1.69
17:56:57:108,-3.65,-1.00,-1.64
17:56:57:108,-3.81,-0.77,-1.56
17:56:57:126,-3.81,-0.62,-1.41
17:56:57:143,-3.87,-0.50,-1.35
17:56:57:230,-4.28,-0.29,-1.54
17:56:57:247,-4.11,0.29,-1.77
17:56:57:266,-3.90,0.14,-2.04
17:56:57:283,-4.28,-0.10,-2.14
17:56:57:301,-4.89,-0.31,-2.27
17:56:57:301,-5.26,-0.50,-2.56
17:56:57:371,-5.19,-0.94,-2.42
17:56:57:388,-4.35,-0.88,-1.57
17:56:57:405,-3.87,-0.51,-1.09
17:56:57:405,-3.87,-0.42,-1.25
17:56:57:423,-3.94,0.00,-1.74
17:56:57:423,-3.74,0.13,-1.92
17:56:57:439,-3.27,-0.12,-1.71
17:56:57:456,-3.17,-0.38,-1.23
17:56:57:456,-3.15,-0.41,-0.83
17:56:57:490,-2.89,-0.53,-0.71
17:56:57:559,-3.11,-0.55,-0.77
17:56:57:610,-3.38,-0.58,-0.82
17:56:57:635,-3.37,-0.67,-0.86
17:56:57:792,-3.68,-0.67,-0.78
17:56:57:809,-3.72,-0.65,-0.78
17:56:57:824,-3.89,-0.62,-0.66
17:56:57:842,-4.10,-0.56,-0.55
17:56:57:863,-4.15,-0.59,-0.46
17:56:57:918,-4.47,-0.63,-0.43
17:56:57:972,-4.69,-0.68,-0.51
17:56:58:4,-4.84,-0.71,-0.85
17:56:58:17,-5.28,-0.62,-1.22
17:56:58:35,-5.56,-0.69,-1.57
17:56:58:40,-6.24,-0.93,-1.89
17:56:58:40,-6.98,-1.01,-1.40
17:56:58:46,-5.54,-0.81,-0.56
17:56:58:159,-4.05,-0.76,-0.86
17:56:58:159,-4.37,-0.62,-1.57
17:56:58:159,-5.08,-0.45,-2.23
17:56:58:159,-4.93,-0.51,-2.55
17:56:58:159,-4.74,-0.75,-2.16
17:56:58:159,-5.30,-0.26,-1.81
17:56:58:163,-4.53,-0.18,-1.51
17:56:58:173,-4.01,-0.26,-1.78
17:56:58:179,-4.03,-0.13,-1.57
17:56:58:216,-4.31,-0.08,-1.83
17:56:58:249,-3.47,-0.30,-1.99
17:56:58:249,-2.98,-0.45,-1.99
17:56:58:273,-2.79,-0.75,-1.71
17:56:58:280,-3.15,-0.62,-1.57
17:56:58:280,-3.03,-0.40,-1.30
17:56:58:280,-2.89,-0.34,-1.30
17:56:58:296,-3.01,-0.22,-1.39
17:56:58:296,-3.31,-0.08,-1.50
17:56:58:312,-3.38,-0.07,-1.59
17:56:58:328,-3.80,-0.26,-1.71
17:56:58:328,-4.66,-0.39,-2.01
17:56:58:328,-5.66,-0.62,-2.29
17:56:58:345,-5.48,-0.71,-2.04
17:56:58:361,-4.76,-0.72,-1.36
17:56:58:363,-4.74,-0.51,-1.00
17:56:58:363,-4.85,-0.18,-1.26
17:56:58:378,-4.58,0.08,-1.59
17:56:58:395,-4.21,0.17,-1.66
17:56:58:395,-4.05,-0.06,-1.46
17:56:58:464,-3.92,-0.17,-1.08
17:56:58:464,-3.56,-0.27,-0.78
17:56:58:464,-3.45,-0.42,-0.79
17:56:58:480,-3.52,-0.61,-0.84
17:56:58:497,-3.84,-0.80,-0.80
17:56:58:497,-4.15,-0.81,-0.83
17:56:58:546,-3.94,-0.88,-0.88
17:56:58:596,-3.92,-0.91,-0.89
17:56:58:649,-3.94,-0.82,-0.68
17:56:58:666,-4.04,-0.68,-0.45
17:56:58:699,-4.17,-0.70,-0.40
17:56:58:699,-4.10,-0.72,-0.43
17:56:58:718,-4.35,-0.68,-0.58
17:56:58:772,-4.51,-0.65,-0.82
17:56:58:857,-4.80,-0.67,-1.22
17:56:58:892,-5.16,-0.98,-1.81
17:56:58:909,-6.70,-1.23,-1.64
17:56:58:926,-6.47,-1.21,-0.57
17:56:58:992,-4.49,-1.01,-0.62
17:56:59:9,-4.41,-0.88,-1.56
17:56:59:25,-5.08,-0.61,-2.29
17:56:59:42,-5.24,-0.75,-2.49
17:56:59:58,-6.06,-0.32,-2.50
17:56:59:76,-5.41,-0.00,-2.00
17:56:59:93,-4.65,-0.03,-1.66
17:56:59:93,-4.24,-0.04,-1.67
17:56:59:109,-4.03,-0.08,-1.75
17:56:59:110,-3.97,-0.21,-1.73
17:56:59:194,-3.89,-0.37,-1.79
17:56:59:227,-3.57,-0.50,-1.78
17:56:59:243,-3.36,-0.57,-1.70
17:56:59:243,-3.44,-0.29,-1.63
17:56:59:259,-3.36,-0.20,-1.53
17:56:59:259,-3.49,-0.05,-1.45
17:56:59:277,-3.47,0.07,-1.41
17:56:59:292,-3.46,0.03,-1.56
17:56:59:325,-3.57,-0.04,-1.50
17:56:59:357,-3.68,-0.07,-1.50
17:56:59:391,-4.18,-0.03,-1.92
17:56:59:407,-4.57,-0.15,-2.28
17:56:59:423,-4.70,-0.43,-2.09
17:56:59:423,-4.64,-0.57,-1.34
17:56:59:440,-4.59,-0.63,-1.05
17:56:59:440,-4.80,-0.71,-1.23
17:56:59:440,-4.67,-0.71,-1.46
17:56:59:474,-4.58,-0.65,-1.49
17:56:59:526,-4.50,-0.51,-1.26
17:56:59:526,-4.20,-0.42,-1.13
17:56:59:559,-3.60,-0.42,-1.09
17:56:59:559,-3.58,-0.47,-1.15
17:56:59:591,-3.97,-0.70,-1.04
17:56:59:623,-4.18,-1.02,-1.02
17:56:59:641,-4.12,-1.35,-0.82
17:56:59:659,-4.31,-1.42,-0.81
17:56:59:745,-3.95,-1.40,-0.69
17:56:59:782,-3.84,-1.36,-0.58
17:56:59:799,-3.93,-1.31,-0.41
17:56:59:832,-4.27,-1.23,-0.26
17:56:59:937,-4.45,-1.02,-0.27
17:56:59:937,-4.40,-0.75,-0.53
17:56:59:953,-4.93,-0.71,-0.95
17:56:59:989,-5.67,-0.52,-1.37
17:56:59:989,-6.18,-0.67,-1.90
17:56:59:989,-7.25,-0.78,-1.79
17:57:0:84,-6.51,-0.49,-1.22
17:57:0:84,-5.00,-0.46,-1.04
17:57:0:135,-4.73,-0.44,-1.64
17:57:0:169,-4.98,-0.53,-2.33
17:57:0:184,-4.97,-0.88,-2.68
17:57:0:252,-5.32,-1.04,-2.37
17:57:0:269,-5.47,-0.64,-2.25
17:57:0:269,-4.33,-0.51,-1.92
17:57:0:269,-3.78,-0.39,-1.79
17:57:0:285,-3.76,-0.22,-1.66
17:57:0:301,-3.88,-0.07,-1.65
17:57:0:324,-3.52,-0.11,-1.73
17:57:0:342,-3.11,-0.34,-1.66
17:57:0:357,-3.64,-0.41,-1.77
17:57:0:357,-3.33,-0.36,-1.73
17:57:0:373,-3.19,-0.17,-1.65
17:57:0:470,-3.37,-0.03,-1.69
17:57:0:503,-3.63,-0.05,-1.70
17:57:0:597,-3.64,-0.05,-1.77
17:57:0:631,-3.42,-0.04,-1.73
17:57:0:666,-4.18,0.01,-2.50
17:57:0:699,-4.89,-0.37,-2.76
17:57:0:732,-4.55,-0.84,-1.98
17:57:0:803,-4.30,-0.78,-0.88
17:57:0:803,-4.67,-0.85,-0.67
17:57:0:803,-4.88,-0.86,-0.97
17:57:0:821,-4.73,-0.60,-1.33
17:57:0:839,-4.18,-0.37,-1.49
17:57:0:857,-3.76,-0.35,-1.41
17:57:0:874,-3.60,-0.32,-0.98
17:57:0:874,-3.56,-0.37,-0.80
17:57:0:890,-3.34,-0.51,-0.76
17:57:0:907,-3.59,-0.96,-0.82
17:57:0:907,-3.85,-1.43,-0.80
17:57:0:907,-4.07,-1.75,-0.89
17:57:0:972,-3.85,-1.77,-0.85
17:57:0:972,-3.92,-1.75,-0.76
17:57:0:989,-3.86,-1.79,-0.47
17:57:1:40,-4.14,-1.66,-0.24
17:57:1:40,-4.46,-1.48,-0.31
17:57:1:58,-4.74,-1.21,-0.80
17:57:1:91,-5.48,-0.88,-1.22
17:57:1:144,-5.92,-0.65,-2.10
17:57:1:233,-7.34,-0.65,-2.25
17:57:1:249,-7.10,-0.55,-1.32
17:57:1:354,-5.52,-0.41,-0.99
17:57:1:354,-4.51,-0.65,-1.42
17:57:1:354,-4.53,-0.69,-1.97
17:57:1:424,-4.54,-0.96,-2.33
17:57:1:440,-4.60,-1.00,-2.15
17:57:1:440,-4.15,-0.85,-1.63
17:57:1:457,-3.69,-0.68,-1.20
17:57:1:508,-3.54,-0.62,-1.10
17:57:1:508,-3.41,-0.43,-1.33
17:57:1:525,-3.04,-0.30,-1.55
17:57:1:541,-2.96,-0.48,-1.60
17:57:1:577,-3.23,-0.63,-1.53
17:57:1:608,-3.39,-0.68,-1.40
17:57:1:608,-3.52,-0.58,-1.46
17:57:1:623,-3.38,-0.45,-1.58
17:57:1:625,-3.52,-0.42,-1.75
17:57:1:658,-3.97,-0.36,-1.89
17:57:1:710,-4.21,-0.27,-2.03
17:57:1:728,-4.02,-0.19,-2.28
17:57:1:745,-5.13,-0.04,-3.06
17:57:1:761,-5.75,-0.69,-2.95
17:57:1:761,-5.08,-0.98,-1.63
17:57:1:776,-4.91,-0.61,-0.52
17:57:1:877,-5.02,-0.29,-0.56
17:57:1:877,-4.52,0.47,-1.39
17:57:1:895,-4.08,1.42,-1.63
17:57:1:946,-3.28,1.22,-1.60
17:57:1:962,-2.98,0.58,-1.31
17:57:2:46,-3.07,0.32,-0.93
17:57:2:61,-3.12,-0.05,-0.71
17:57:2:61,-2.92,-0.74,-0.85
17:57:2:78,-3.05,-1.19,-1.01
17:57:2:94,-3.10,-1.26,-1.04
17:57:2:94,-3.47,-1.31,-1.14
17:57:2:145,-3.58,-1.32,-0.97
17:57:2:180,-3.80,-1.32,-0.86
17:57:2:180,-3.74,-1.32,-0.75
17:57:2:262,-3.87,-1.37,-0.67
17:57:2:262,-4.00,-1.52,-0.61
17:57:2:296,-4.66,-1.58,-0.69
17:57:2:296,-5.10,-1.40,-0.88
17:57:2:296,-5.05,-0.87,-1.28
17:57:2:296,-5.67,-0.62,-2.20
17:57:2:296,-7.01,-0.64,-1.84
17:57:2:313,-6.37,-0.58,-0.77
17:57:2:332,-5.12,-0.42,-0.65
17:57:2:332,-4.60,-0.60,-1.32
17:57:2:348,-5.04,-0.48,-2.21
17:57:2:382,-5.13,-0.40,-2.33
17:57:2:517,-4.60,-0.52,-2.03
17:57:2:601,-4.15,-0.54,-1.49
17:57:2:617,-3.94,-0.58,-1.22
17:57:2:617,-3.49,-0.68,-1.10
17:57:2:632,-3.19,-0.72,-1.16
17:57:2:632,-2.97,-0.76,-1.18
17:57:2:685,-2.96,-1.01,-1.45
17:57:2:785,-2.85,-1.01,-1.47
17:57:2:971,-2.96,-0.95,-1.36
17:57:3:142,-3.09,-0.82,-1.15
17:57:3:158,-3.32,-0.77,-0.98
17:57:3:192,-3.47,-0.86,-0.99
17:57:3:210,-3.60,-0.92,-1.09
17:57:3:210,-3.97,-0.96,-1.17
17:57:3:210,-3.94,-0.80,-1.45
17:57:3:227,-3.80,-0.64,-1.59
17:57:3:227,-4.31,-0.60,-1.67
17:57:3:227,-5.06,-0.42,-1.92
17:57:3:311,-5.53,-0.48,-2.08
17:57:3:328,-5.51,-0.65,-1.81
17:57:3:328,-4.67,-0.63,-1.28
17:57:3:345,-4.49,-0.33,-1.09
17:57:3:378,-4.26,-0.09,-1.18
17:57:3:378,-4.31,0.26,-1.63
17:57:3:378,-4.44,0.41,-1.90
17:57:3:378,-4.14,0.23,-1.77
17:57:3:378,-3.80,0.12,-1.50
17:57:3:478,-3.38,0.10,-1.26
17:57:3:478,-3.18,-0.18,-1.16
17:57:3:494,-3.27,-0.49,-1.10
17:57:3:494,-3.27,-0.72,-1.16
17:57:3:494,-3.23,-0.95,-1.24
17:57:3:494,-3.40,-0.89,-1.11
17:57:3:494,-3.53,-0.82,-1.08
17:57:3:563,-3.68,-0.69,-0.99
17:57:3:563,-3.74,-0.56,-0.72
17:57:3:662,-3.85,-0.46,-0.52
17:57:3:662,-3.87,-0.36,-0.40
17:57:3:810,-3.81,-0.31,-0.55
17:57:3:810,-3.94,-0.31,-0.75
17:57:3:810,-4.21,-0.38,-0.69
17:57:3:892,-4.55,-0.40,-0.66
17:57:3:917,-4.61,-0.41,-0.71
17:57:3:944,-4.88,-0.38,-0.92
17:57:4:41,-5.07,-0.45,-1.31
17:57:4:52,-5.72,-0.64,-1.52
17:57:4:52,-6.34,-0.52,-1.64
17:57:4:77,-5.74,-0.41,-1.79
17:57:4:98,-5.17,-0.42,-2.05
17:57:4:139,-4.19,-0.41,-2.34
17:57:4:339,-3.79,-0.43,-2.42
17:57:4:339,-4.04,-0.23,-2.54
17:57:4:339,-3.86,0.00,-2.32
17:57:4:339,-3.33,-0.81,-2.07
17:57:4:339,-3.63,-0.64,-1.89
17:57:4:497,-3.50,-0.52,-1.93
17:57:4:602,-3.29,-0.39,-2.22
17:57:4:602,-3.04,-0.05,-2.26
17:57:4:786,-3.03,-0.04,-2.09
17:57:4:786,-3.43,-0.29,-2.04
17:57:4:786,-3.36,-0.53,-1.95
17:57:4:786,-3.53,-0.62,-2.04
17:57:4:786,-3.64,-0.53,-2.02
17:57:4:922,-3.59,-0.50,-1.92
17:57:4:922,-3.55,-0.42,-1.71
17:57:4:922,-3.63,-0.40,-1.71
17:57:4:922,-3.93,-0.42,-1.84
17:57:4:922,-3.99,-0.43,-1.79
17:57:5:59,-4.03,-0.52,-1.67
17:57:5:148,-3.94,-0.58,-1.57
17:57:5:148,-3.89,-0.66,-1.47
17:57:5:181,-3.78,-0.71,-1.39
17:57:5:181,-3.85,-0.70,-1.24
17:57:5:198,-3.97,-0.78,-1.29
17:57:5:198,-4.13,-0.82,-1.24
17:57:5:216,-4.41,-0.73,-1.30
17:57:5:216,-4.50,-0.61,-1.23
17:57:5:216,-4.51,-0.52,-1.19
17:57:5:401,-4.42,-0.46,-1.13
17:57:5:401,-4.36,-0.51,-1.16
17:57:5:417,-4.14,-0.55,-1.21
17:57:5:600,-4.25,-0.56,-1.28
17:57:5:600,-4.18,-0.54,-1.44
17:57:5:600,-4.01,-0.62,-1.43
17:57:5:702,-4.09,-0.64,-1.37
17:57:5:702,-4.06,-0.58,-1.33
17:57:5:702,-3.97,-0.57,-1.39
17:57:5:702,-3.92,-0.55,-1.45
17:57:5:702,-3.98,-0.60,-1.43
17:57:5:769,-4.03,-0.55,-1.50
17:57:5:769,-3.84,-0.57,-1.50
17:57:5:769,-3.82,-0.53,-1.55
17:57:5:769,-3.78,-0.51,-1.57
17:57:5:769,-3.80,-0.50,-1.56
17:57:5:769,-3.81,-0.45,-1.54
17:57:5:835,-3.81,-0.48,-1.51
17:57:5:835,-3.81,-0.48,-1.48
17:57:5:835,-3.71,-0.43,-1.49
17:57:5:835,-3.72,-0.46,-1.46
17:57:5:835,-3.78,-0.46,-1.44
17:57:5:851,-3.74,-0.49,-1.47
17:57:5:851,-3.79,-0.49,-1.49
17:57:5:851,-3.79,-0.54,-1.40
17:57:5:851,-3.88,-0.55,-1.41
17:57:5:851,-3.85,-0.54,-1.39
17:57:5:851,-3.83,-0.56,-1.37
17:57:5:851,-3.93,-0.55,-1.34
17:57:5:851,-3.98,-0.61,-1.35
17:57:5:851,-3.91,-0.64,-1.35
17:57:5:851,-3.96,-0.65,-1.31
17:57:5:851,-3.98,-0.66,-1.35
17:57:5:851,-3.98,-0.65,-1.35
17:57:5:903,-4.02,-0.63,-1.38
17:57:5:903,-3.99,-0.68,-1.31
17:57:5:903,-3.96,-0.68,-1.32
17:57:5:903,-3.98,-0.64,-1.36
17:57:5:903,-3.94,-0.66,-1.37
17:57:5:903,-3.92,-0.66,-1.41
17:57:5:903,-3.96,-0.66,-1.39
17:57:5:938,-3.97,-0.64,-1.42
17:57:5:938,-3.92,-0.64,-1.43
17:57:5:938,-3.93,-0.65,-1.45
17:57:5:938,-3.95,-0.63,-1.48
17:57:5:938,-3.90,-0.62,-1.47
17:57:5:955,-3.94,-0.59,-1.49
17:57:5:955,-4.00,-0.54,-1.51
17:57:6:23,-3.91,-0.54,-1.59
17:57:6:39,-3.95,-0.51,-1.58
17:57:6:55,-3.96,-0.53,-1.57
17:57:6:55,-3.91,-0.51,-1.60
17:57:6:121,-3.93,-0.49,-1.65
17:57:6:121,-3.85,-0.46,-1.63
17:57:6:121,-3.86,-0.42,-1.63
17:57:6:121,-3.75,-0.40,-1.64
17:57:6:208,-3.81,-0.40,-1.71
17:57:6:224,-3.74,-0.39,-1.67
17:57:6:224,-3.80,-0.42,-1.73
17:57:6:224,-3.81,-0.47,-1.67
17:57:6:224,-3.84,-0.48,-1.62
17:57:6:224,-3.83,-0.42,-1.60
17:57:6:224,-3.87,-0.40,-1.61
17:57:6:278,-3.89,-0.37,-1.58
17:57:6:278,-4.11,-0.36,-1.50
17:57:6:278,-4.20,-0.38,-1.58
17:57:6:278,-3.90,-0.37,-1.54
17:57:6:278,-3.83,-0.37,-1.51
17:57:6:311,-3.88,-0.46,-1.56
17:57:6:311,-3.88,-0.49,-1.62
17:57:6:311,-3.91,-0.54,-1.61
17:57:6:379,-3.92,-0.45,-1.54
17:57:6:379,-3.83,-0.42,-1.54
17:57:6:379,-3.78,-0.39,-1.54
17:57:6:396,-3.75,-0.35,-1.46
17:57:6:412,-3.74,-0.26,-1.43
17:57:6:412,-3.71,-0.26,-1.43
17:57:6:412,-3.72,-0.27,-1.37
17:57:6:429,-3.66,-0.22,-1.27
17:57:6:429,-3.72,-0.28,-1.34
17:57:6:445,-3.61,-0.36,-1.46
17:57:6:462,-3.68,-0.47,-1.47
17:57:6:479,-3.79,-0.48,-1.42
17:57:6:479,-3.68,-0.50,-1.34
17:57:6:479,-3.66,-0.53,-1.45
17:57:6:497,-3.82,-0.50,-1.69
17:57:6:531,-4.00,-0.52,-1.70
17:57:6:549,-4.03,-0.53,-1.53
17:57:6:549,-3.94,-0.56,-1.64
17:57:6:565,-4.11,-0.62,-1.84
17:57:6:565,-4.11,-0.62,-1.88
17:57:6:565,-4.15,-0.74,-1.86
17:57:6:582,-4.00,-0.86,-1.82
17:57:6:582,-3.92,-0.94,-2.00
17:57:6:599,-4.21,-0.98,-2.19
17:57:6:599,-4.05,-0.98,-1.95
17:57:6:615,-3.77,-0.88,-1.76
17:57:6:648,-3.60,-0.78,-1.82
17:57:6:664,-3.52,-0.74,-1.87
17:57:6:664,-3.54,-0.71,-1.91
17:57:6:681,-3.76,-0.73,-1.91
17:57:6:732,-3.80,-0.84,-1.89
17:57:6:750,-3.84,-0.83,-1.92
17:57:6:768,-3.86,-0.87,-1.95
17:57:6:768,-3.73,-0.99,-1.82
17:57:6:785,-3.80,-1.05,-1.71
17:57:6:933,-3.75,-1.08,-1.63
17:57:6:983,-3.55,-1.00,-1.49
17:57:7:0,-3.49,-0.95,-1.39
17:57:7:99,-3.62,-0.86,-1.33
17:57:7:115,-3.69,-0.79,-1.36
17:57:7:132,-3.66,-0.76,-1.39
17:57:7:149,-3.80,-0.90,-1.45
17:57:7:165,-4.15,-0.89,-1.55
17:57:7:183,-4.32,-0.90,-1.68
17:57:7:262,-4.13,-0.90,-1.47
17:57:7:295,-4.08,-0.84,-1.36
17:57:7:360,-3.90,-0.80,-1.21
17:57:7:360,-3.69,-0.72,-1.03
17:57:7:360,-3.67,-0.83,-0.99
17:57:7:376,-3.77,-0.88,-0.97
17:57:7:559,-4.00,-0.72,-1.04
17:57:7:628,-3.96,-0.55,-1.05
17:57:7:660,-4.01,-0.35,-0.97
17:57:7:660,-4.11,-0.13,-0.97
17:57:7:660,-4.12,-0.10,-0.93
17:57:7:694,-4.04,-0.65,-1.06
17:57:7:729,-3.96,-0.43,-1.03
17:57:7:744,-3.98,-0.48,-1.01
17:57:7:795,-3.87,-0.43,-1.02
17:57:7:826,-3.97,-0.77,-0.99
17:57:7:859,-4.24,-1.12,-1.22
17:57:7:875,-3.98,-0.94,-1.41
17:57:7:875,-4.04,-0.90,-1.44
17:57:7:892,-4.09,-0.75,-1.21
17:57:7:892,-3.95,-0.60,-1.04
17:57:7:910,-3.75,-0.46,-1.04
17:57:7:926,-3.63,-0.48,-1.10
17:57:7:926,-3.77,-0.58,-1.03
17:57:7:926,-3.96,-0.76,-1.03
17:57:7:926,-3.89,-0.79,-1.06
17:57:7:926,-3.89,-1.00,-1.04
17:57:8:122,-4.14,-1.25,-1.17
17:57:8:122,-4.10,-1.40,-1.16
17:57:8:122,-3.88,-1.52,-1.25
17:57:8:122,-3.69,-1.51,-1.37
17:57:8:187,-3.74,-1.54,-1.40
17:57:8:187,-3.71,-1.45,-1.34
17:57:8:236,-3.61,-1.37,-1.28
17:57:8:271,-3.50,-1.37,-1.29
17:57:8:353,-3.44,-1.30,-1.24
17:57:8:353,-3.67,-1.35,-1.38
17:57:8:369,-3.93,-1.51,-1.50
17:57:8:385,-3.76,-1.51,-1.59
17:57:8:385,-3.69,-1.55,-1.61
17:57:8:403,-3.63,-1.52,-1.60
17:57:8:419,-3.64,-1.43,-1.55
17:57:8:419,-3.63,-1.32,-1.51
17:57:8:434,-3.63,-1.27,-1.50
17:57:8:466,-3.54,-1.18,-1.39
17:57:8:499,-3.56,-1.14,-1.36
17:57:8:595,-3.71,-1.13,-1.32
17:57:8:595,-3.82,-1.09,-1.23
17:57:8:595,-3.75,-1.05,-1.13
17:57:8:595,-3.87,-1.00,-1.20
17:57:8:595,-3.84,-1.01,-1.19
17:57:8:595,-4.00,-0.99,-1.17
17:57:8:595,-4.03,-1.03,-1.15
17:57:8:724,-4.04,-0.95,-1.15
17:57:8:724,-3.94,-0.82,-1.23
17:57:8:724,-3.89,-0.75,-1.23
17:57:8:724,-3.96,-0.75,-1.18
17:57:8:757,-4.06,-0.80,-1.12
17:57:8:774,-4.01,-0.83,-1.04
17:57:8:774,-4.02,-0.81,-0.99
17:57:8:791,-4.00,-0.77,-0.94
17:57:8:791,-4.01,-0.68,-0.80
17:57:8:791,-3.92,-0.58,-0.80
17:57:8:813,-3.79,-0.52,-0.87
17:57:8:813,-3.80,-0.59,-1.08
17:57:8:829,-4.03,-0.66,-1.21
17:57:8:934,-4.31,-0.64,-1.27
17:57:8:934,-4.33,-0.62,-1.25
17:57:8:967,-4.13,-0.54,-1.25
17:57:9:3,-3.95,-0.52,-1.30
17:57:9:3,-3.74,-0.54,-1.35
17:57:9:20,-3.70,-0.59,-1.37
17:57:9:72,-3.72,-0.74,-1.40
17:57:9:90,-3.74,-0.85,-1.41
17:57:9:90,-3.76,-0.94,-1.45
17:57:9:90,-3.81,-1.04,-1.38
17:57:9:90,-3.82,-1.03,-1.34
17:57:9:90,-3.82,-0.93,-1.37
17:57:9:90,-3.80,-0.90,-1.35
17:57:9:90,-3.91,-0.78,-1.34
17:57:9:106,-3.97,-0.74,-1.36
17:57:9:138,-4.01,-0.70,-1.35
17:57:9:171,-4.04,-0.69,-1.32
17:57:9:222,-4.03,-0.78,-1.30
17:57:9:253,-3.93,-0.82,-1.27
17:57:9:286,-3.91,-0.81,-1.25
17:57:9:286,-3.93,-0.74,-1.31
17:57:9:286,-3.94,-0.66,-1.27
17:57:9:436,-3.97,-0.62,-1.26
17:57:9:467,-3.98,-0.62,-1.24
17:57:9:500,-3.94,-0.58,-1.25
17:57:9:532,-3.89,-0.60,-1.29
17:57:9:532,-3.92,-0.65,-1.30
17:57:9:532,-3.93,-0.66,-1.25
17:57:9:548,-3.94,-0.65,-1.33
17:57:9:583,-3.91,-0.66,-1.32
17:57:9:618,-3.92,-0.67,-1.33
17:57:9:649,-3.90,-0.73,-1.32
17:57:9:649,-3.88,-0.75,-1.33
17:57:9:649,-3.84,-0.73,-1.32
17:57:9:666,-3.86,-0.78,-1.30
17:57:9:666,-3.88,-0.83,-1.31
17:57:9:699,-3.86,-0.82,-1.31
17:57:9:699,-3.87,-0.81,-1.30
17:57:9:699,-3.93,-0.79,-1.32
17:57:9:699,-3.95,-0.78,-1.35
17:57:9:715,-3.94,-0.79,-1.27
17:57:9:715,-3.98,-0.79,-1.23
17:57:9:730,-3.89,-0.81,-1.24
17:57:9:798,-3.86,-0.83,-1.20
17:57:9:798,-3.88,-0.90,-1.15
17:57:9:815,-3.86,-0.99,-1.20
17:57:9:815,-3.89,-0.96,-1.20
17:57:9:864,-3.96,-0.92,-1.20
17:57:9:881,-3.93,-0.89,-1.21
17:57:9:881,-3.95,-0.91,-1.20
17:57:9:914,-3.93,-0.95,-1.23
17:57:10:27,-3.88,-0.92,-1.23
17:57:10:27,-3.83,-0.85,-1.21
17:57:10:27,-3.91,-0.83,-1.20
17:57:10:62,-3.89,-0.83,-1.16
17:57:10:79,-3.86,-0.81,-1.13
17:57:10:79,-3.85,-0.90,-1.17
17:57:10:112,-3.90,-0.94,-1.16
17:57:10:176,-3.96,-0.86,-1.06
17:57:10:176,-4.02,-0.74,-1.07
17:57:10:194,-4.01,-0.69,-1.13
17:57:10:228,-3.97,-0.60,-1.20
17:57:10:263,-4.01,-0.57,-1.10
17:57:10:312,-3.92,-0.63,-1.20
17:57:10:346,-4.11,-0.66,-1.39
17:57:10:346,-4.22,-0.68,-1.38
17:57:10:346,-4.19,-0.83,-1.39
17:57:10:384,-4.07,-0.65,-1.17
17:57:10:418,-3.91,-0.29,-0.87
17:57:10:418,-3.70,0.01,-0.69
17:57:10:437,-3.64,0.04,-0.76
17:57:10:437,-3.61,-0.18,-0.82
17:57:10:453,-3.71,-0.36,-0.73
17:57:10:554,-3.75,-0.58,-0.72
17:57:10:554,-3.68,-0.91,-0.66
17:57:10:571,-3.81,-1.00,-0.56
17:57:10:571,-3.95,-1.03,-0.40
17:57:10:571,-3.81,-1.14,-0.35
17:57:10:571,-3.90,-1.10,-0.32
17:57:10:588,-4.13,-1.00,-0.51
17:57:10:621,-4.54,-1.24,-0.97
17:57:10:638,-4.42,-1.26,-1.05
17:57:10:754,-4.03,-1.49,-1.39
17:57:10:785,-4.00,-1.79,-2.01
17:57:10:818,-4.36,-1.54,-2.04
17:57:10:884,-4.12,-1.51,-1.67
17:57:10:903,-3.78,-1.31,-1.35
17:57:10:903,-3.41,-1.16,-1.19
17:57:10:919,-3.45,-1.11,-1.39
17:57:10:919,-3.82,-1.28,-1.67
17:57:10:936,-3.96,-1.26,-1.43
17:57:10:952,-3.71,-1.24,-1.19
17:57:10:952,-3.50,-1.24,-1.09
17:57:10:985,-3.32,-1.28,-1.08
17:57:10:985,-3.27,-1.27,-1.10
17:57:10:985,-3.37,-1.33,-1.10
17:57:10:985,-3.52,-1.42,-1.17
17:57:10:985,-3.56,-1.37,-1.21
17:57:10:985,-3.71,-1.43,-1.21
17:57:11:20,-4.13,-1.26,-1.33
17:57:11:20,-4.21,-1.17,-1.32
17:57:11:55,-4.42,-0.96,-1.31
17:57:11:71,-4.44,-0.75,-1.39
17:57:11:71,-4.95,-0.43,-1.95
17:57:11:71,-5.89,-0.33,-2.45
17:57:11:86,-5.66,-0.41,-1.94
17:57:11:103,-5.29,-0.46,-1.22
17:57:11:119,-4.50,-0.57,-0.91
17:57:11:135,-3.60,-0.46,-1.15
17:57:11:151,-3.18,-0.30,-1.53
17:57:11:167,-3.50,-0.34,-1.48
17:57:11:186,-3.45,-0.16,-0.90
17:57:11:267,-3.05,-0.09,-0.49
17:57:11:299,-2.73,-0.17,-0.48
17:57:11:316,-2.69,-0.38,-0.51
17:57:11:348,-2.68,-0.50,-0.53
17:57:11:348,-3.06,-0.75,-0.48
17:57:11:365,-3.43,-1.11,-0.38
17:57:11:415,-3.60,-1.68,-0.40
17:57:11:415,-3.72,-2.16,-0.02
17:57:11:433,-4.06,-2.40,0.13
17:57:11:433,-3.54,-2.85,0.26
17:57:11:465,-3.55,-3.09,0.67
17:57:11:481,-3.53,-3.03,0.66
17:57:11:481,-3.20,-2.75,0.34
17:57:11:515,-3.30,-2.68,-0.06
17:57:11:532,-3.51,-3.01,-0.61
17:57:11:564,-4.07,-3.58,-0.78
17:57:11:599,-4.80,-3.98,-0.47
17:57:11:617,-4.63,-4.48,-0.32
17:57:11:634,-4.08,-4.55,-0.36
17:57:11:651,-3.51,-3.94,-0.63
17:57:11:651,-3.23,-3.19,-0.85
17:57:11:669,-3.18,-2.93,-0.80
17:57:11:703,-3.09,-2.65,-0.61
17:57:11:771,-2.67,-2.14,-0.28
17:57:11:786,-2.28,-1.96,-0.31
17:57:11:786,-2.01,-1.79,-0.36
17:57:11:802,-1.81,-1.57,-0.43
17:57:11:819,-1.64,-1.49,-0.39
17:57:11:837,-1.70,-1.37,-0.30
17:57:11:885,-1.72,-1.35,-0.41
17:57:11:888,-1.82,-1.67,-0.34
17:57:11:939,-2.43,-1.81,-0.18
17:57:12:9,-2.76,-1.69,-0.01
17:57:12:9,-2.94,-1.43,-0.17
17:57:12:26,-3.17,-1.36,-0.63
17:57:12:42,-3.55,-1.16,-0.83
17:57:12:59,-3.80,-1.08,-1.08
17:57:12:59,-4.20,-1.06,-1.14
17:57:12:129,-5.00,-1.18,-1.70
17:57:12:161,-5.85,-1.35,-2.05
17:57:12:161,-5.32,-1.63,-1.68
17:57:12:179,-4.96,-1.72,-1.31
17:57:12:179,-5.43,-2.00,-1.32
17:57:12:226,-5.70,-2.07,-1.18
17:57:12:243,-5.08,-1.77,-1.19
17:57:12:292,-4.23,-1.67,-0.94
17:57:12:307,-3.71,-1.18,-0.25
17:57:12:324,-3.32,-0.72,0.02
17:57:12:341,-3.03,-0.62,0.03
17:57:12:357,-3.02,-0.87,-0.15
17:57:12:374,-3.17,-0.99,-0.22
17:57:12:407,-3.39,-1.22,-0.32
17:57:12:424,-3.61,-1.31,-0.38
17:57:12:456,-3.95,-1.04,-0.29
17:57:12:521,-4.35,-0.84,-0.13
17:57:12:521,-4.50,-0.66,-0.21
17:57:12:538,-4.63,-0.64,-0.16
17:57:12:589,-4.61,-0.72,-0.27
17:57:12:590,-4.75,-0.78,-0.42
17:57:12:590,-4.85,-0.72,-0.69
17:57:12:639,-4.93,-0.88,-1.21
17:57:12:671,-5.58,-1.17,-1.90
17:57:12:671,-6.88,-1.38,-1.65
17:57:12:689,-6.52,-1.39,-0.92
17:57:12:722,-4.52,-1.21,-0.92
17:57:12:741,-3.82,-1.31,-1.24
17:57:12:776,-4.69,-1.30,-1.55
17:57:12:793,-4.90,-1.13,-1.73
17:57:12:826,-4.44,-0.91,-1.38
17:57:12:877,-4.04,-0.82,-1.08
17:57:12:897,-3.53,-0.93,-0.92
17:57:12:912,-3.32,-0.99,-1.01
17:57:12:912,-3.06,-0.83,-0.99
17:57:12:929,-2.99,-0.68,-1.04
17:57:12:962,-2.82,-0.70,-0.99
17:57:12:979,-2.90,-0.78,-0.99
17:57:13:12,-2.86,-0.79,-1.00
17:57:13:29,-2.81,-0.67,-0.86
17:57:13:47,-3.00,-0.64,-0.92
17:57:13:64,-3.02,-0.79,-1.06
17:57:13:99,-3.31,-0.85,-1.14
17:57:13:131,-3.84,-1.03,-1.19
17:57:13:147,-4.10,-1.04,-1.25
17:57:13:248,-4.15,-0.92,-1.28
17:57:13:248,-4.52,-0.78,-1.82
17:57:13:264,-5.15,-0.70,-2.23
17:57:13:264,-4.68,-0.73,-1.74
17:57:13:280,-4.06,-0.95,-0.97
17:57:13:313,-4.20,-1.15,-0.66
17:57:13:329,-4.61,-1.28,-0.89
17:57:13:363,-4.78,-1.09,-0.97
17:57:13:396,-4.53,-0.80,-0.76
17:57:13:397,-4.13,-0.45,-0.60
17:57:13:415,-3.44,-0.18,-0.47
17:57:13:450,-3.11,0.06,-0.54
17:57:13:450,-3.13,0.04,-0.51
17:57:13:500,-3.39,-0.35,-0.54
17:57:13:518,-3.59,-0.71,-0.52
17:57:13:621,-3.86,-0.81,-0.42
17:57:13:653,-3.86,-0.75,-0.33
17:57:13:653,-3.66,-0.68,-0.36
17:57:13:668,-3.90,-0.56,-0.29
17:57:13:668,-4.18,-0.63,-0.46
17:57:13:685,-4.28,-0.59,-0.60
17:57:13:701,-4.53,-0.59,-0.78
17:57:13:771,-5.06,-0.49,-1.08
17:57:13:820,-5.35,-0.50,-1.66
17:57:13:836,-6.37,-0.63,-2.13
17:57:13:836,-7.62,-0.70,-1.77
17:57:13:867,-5.93,-0.48,-0.95
17:57:13:867,-4.22,-0.59,-1.04
17:57:13:867,-3.37,-0.68,-1.45
17:57:13:950,-4.06,-0.55,-1.81
17:57:13:984,-4.24,-0.75,-1.70
17:57:14:0,-3.99,-0.84,-1.41
17:57:14:1,-3.50,-0.77,-1.01
17:57:14:1,-3.33,-0.83,-0.86
17:57:14:18,-3.10,-0.80,-1.01
17:57:14:18,-2.95,-0.78,-1.07
17:57:14:51,-3.00,-0.67,-1.13
17:57:14:84,-3.08,-0.71,-1.21
17:57:14:115,-3.07,-0.78,-1.29
17:57:14:150,-3.21,-0.58,-1.20
17:57:14:150,-3.12,-0.61,-1.17
17:57:14:166,-3.09,-0.57,-1.23
17:57:14:199,-3.41,-0.66,-1.35
17:57:14:215,-3.72,-0.71,-1.41
17:57:14:234,-3.86,-0.70,-1.62
17:57:14:296,-4.21,-0.73,-1.76
17:57:14:296,-4.66,-0.68,-2.03
17:57:14:328,-5.69,-0.63,-2.64
17:57:14:393,-5.95,-0.58,-2.12
17:57:14:409,-4.68,-0.49,-0.85
17:57:14:425,-4.23,-0.43,-0.53
17:57:14:474,-4.28,-0.49,-0.87
17:57:14:507,-4.57,-0.22,-1.22
17:57:14:524,-4.32,0.12,-1.23
17:57:14:540,-3.82,0.09,-1.08
17:57:14:540,-3.32,-0.05,-0.88
17:57:14:555,-2.99,-0.06,-0.69
17:57:14:555,-2.77,-0.19,-0.63
17:57:14:587,-2.85,-0.47,-0.59
17:57:14:605,-3.00,-0.80,-0.58
17:57:14:623,-3.20,-0.99,-0.63
17:57:14:673,-3.18,-1.04,-0.69
17:57:14:673,-3.29,-0.96,-0.63
17:57:14:689,-3.40,-0.83,-0.52
17:57:14:737,-3.58,-0.89,-0.48
17:57:14:755,-4.06,-0.88,-0.43
17:57:14:773,-4.53,-0.82,-0.65
17:57:14:806,-4.63,-0.71,-1.05
17:57:14:840,-5.01,-0.71,-1.69
17:57:14:840,-6.22,-0.84,-2.57
17:57:14:876,-8.00,-0.77,-2.46
17:57:14:894,-7.37,-0.70,-1.46
17:57:14:910,-4.98,-0.71,-1.03
17:57:14:926,-3.53,-1.02,-0.88
17:57:15:60,-3.78,-1.30,-1.42
17:57:15:95,-4.25,-1.38,-1.65
17:57:15:111,-3.96,-1.34,-1.39
17:57:15:127,-3.53,-1.17,-0.84
17:57:15:127,-3.15,-0.95,-0.46
17:57:15:127,-3.08,-0.88,-0.51
17:57:15:143,-3.01,-0.81,-0.75
17:57:15:224,-3.01,-0.78,-0.98
17:57:15:224,-3.05,-0.93,-1.07
17:57:15:240,-3.25,-1.08,-1.20
17:57:15:241,-3.46,-0.90,-1.24
17:57:15:258,-3.43,-0.76,-1.21
17:57:15:258,-3.47,-0.66,-1.28
17:57:15:275,-3.49,-0.61,-1.31
17:57:15:310,-3.94,-0.57,-1.48
17:57:15:326,-4.01,-0.61,-1.62
17:57:15:375,-4.08,-0.57,-1.69
17:57:15:375,-4.03,-0.56,-1.75
17:57:15:393,-4.65,-0.44,-2.61
17:57:15:452,-5.64,-0.61,-2.78
17:57:15:452,-4.48,-0.71,-1.55
17:57:15:469,-3.84,-0.51,-0.92
17:57:15:485,-4.35,-0.61,-1.17
17:57:15:549,-4.70,-0.63,-1.60
17:57:15:566,-4.48,-0.14,-1.60
17:57:15:566,-3.97,0.15,-1.35
17:57:15:598,-3.41,0.04,-1.09
17:57:15:616,-2.94,-0.17,-0.84
17:57:15:633,-2.74,-0.16,-0.64
17:57:15:667,-2.71,-0.34,-0.61
17:57:15:701,-2.91,-0.73,-0.62
17:57:15:734,-3.29,-1.08,-0.62
17:57:15:784,-3.53,-1.19,-0.66
17:57:15:784,-3.84,-1.08,-0.71
17:57:15:784,-4.02,-1.15,-0.49
17:57:15:816,-4.26,-1.14,-0.26
17:57:15:834,-4.36,-1.03,-0.17
17:57:15:851,-4.52,-0.99,-0.49
17:57:15:936,-4.68,-0.90,-0.92
17:57:15:953,-5.12,-0.76,-1.37
17:57:15:953,-5.96,-0.91,-2.20
17:57:15:968,-7.95,-0.94,-2.32
17:57:15:985,-7.27,-0.61,-1.30
17:57:16:2,-4.71,-0.57,-0.99
17:57:16:35,-3.30,-0.78,-1.24
17:57:16:86,-3.89,-0.85,-1.98
17:57:16:102,-4.55,-0.92,-2.34
17:57:16:118,-4.42,-0.96,-2.15
17:57:16:137,-3.83,-0.88,-1.51
17:57:16:154,-3.41,-0.75,-1.07
17:57:16:170,-3.13,-0.75,-0.99
17:57:16:188,-2.88,-0.66,-1.10
17:57:16:222,-2.84,-0.60,-1.20
17:57:16:254,-2.93,-0.71,-1.37
17:57:16:287,-3.00,-0.84,-1.53
17:57:16:287,-3.13,-0.71,-1.53
17:57:16:319,-3.20,-0.54,-1.44
17:57:16:337,-3.29,-0.30,-1.41
17:57:16:385,-3.42,-0.24,-1.40
17:57:16:402,-3.57,-0.30,-1.47
17:57:16:418,-3.95,-0.37,-1.59
17:57:16:555,-3.93,-0.51,-1.67
17:57:16:555,-4.18,-0.63,-1.75
17:57:16:572,-4.79,-0.58,-2.48
17:57:16:581,-6.24,-0.69,-2.93
17:57:16:609,-5.54,-0.65,-1.81
17:57:16:624,-4.45,-0.40,-0.57
17:57:16:674,-4.50,-0.20,-0.57
17:57:16:674,-4.48,-0.05,-1.11
17:57:16:691,-4.53,0.27,-1.53
17:57:16:708,-4.19,0.44,-1.56
17:57:16:708,-3.91,0.20,-1.30
17:57:16:708,-3.54,0.05,-1.00
17:57:16:727,-3.09,-0.03,-0.80
17:57:16:831,-3.03,-0.26,-0.75
17:57:16:849,-3.11,-0.60,-0.75
17:57:16:880,-3.17,-1.01,-0.85
17:57:16:913,-3.25,-1.14,-0.95
17:57:16:913,-3.23,-0.95,-0.96
17:57:16:962,-3.28,-0.86,-0.96
17:57:17:45,-3.55,-0.73,-0.78
17:57:17:61,-3.86,-0.49,-0.60
17:57:17:94,-4.03,-0.35,-0.63
17:57:17:111,-3.96,-0.27,-0.68
17:57:17:161,-3.97,-0.27,-0.66
17:57:17:193,-4.08,-0.30,-0.63
17:57:17:193,-4.17,-0.43,-0.75
17:57:17:210,-4.57,-0.53,-0.94
17:57:17:210,-5.19,-0.61,-1.42
17:57:17:226,-5.50,-0.77,-1.98
17:57:17:325,-6.45,-0.90,-2.01
17:57:17:444,-6.72,-0.82,-1.25
17:57:17:463,-5.23,-0.64,-0.94
17:57:17:464,-4.10,-0.59,-1.50
17:57:17:500,-3.91,-0.48,-2.17
17:57:17:571,-4.62,-0.48,-2.58
17:57:17:571,-4.81,-0.61,-2.49
17:57:17:607,-4.23,-0.53,-1.95
17:57:17:607,-3.72,-0.40,-1.46
17:57:17:624,-3.37,-0.42,-1.33
17:57:17:643,-3.49,-0.39,-1.48
17:57:17:659,-3.30,-0.25,-1.67
17:57:17:695,-2.86,-0.15,-1.66
17:57:17:764,-3.04,-0.42,-1.62
17:57:17:764,-3.11,-0.49,-1.56
17:57:17:781,-3.00,-0.38,-1.50
17:57:17:797,-2.92,-0.37,-1.41
17:57:17:830,-3.27,-0.47,-1.37
17:57:17:830,-3.39,-0.46,-1.32
17:57:17:864,-3.37,-0.46,-1.36
17:57:17:900,-3.40,-0.52,-1.43
17:57:17:931,-3.60,-0.52,-1.47
17:57:17:949,-3.68,-0.54,-1.33
17:57:17:949,-3.93,-0.61,-1.39
17:57:17:997,-4.27,-0.63,-1.47
17:57:18:61,-4.85,-0.65,-1.76
17:57:18:129,-5.83,-0.76,-2.36
17:57:18:145,-6.12,-0.74,-2.21
17:57:18:162,-5.32,-0.64,-1.37
17:57:18:194,-4.63,-0.45,-0.93
17:57:18:274,-3.85,-0.22,-0.85
17:57:18:323,-3.38,0.11,-0.97
17:57:18:339,-3.54,0.02,-1.22
17:57:18:355,-3.56,-0.06,-1.49
17:57:18:356,-3.71,-0.24,-1.57
17:57:18:438,-4.08,0.03,-1.33
17:57:18:454,-4.08,0.14,-1.06
17:57:18:489,-3.95,-0.13,-0.96
17:57:18:489,-3.92,-0.36,-0.99
17:57:18:506,-3.67,-0.54,-1.16
17:57:18:506,-3.62,-0.62,-1.38
17:57:18:591,-3.65,-0.74,-1.50
17:57:18:658,-3.95,-0.53,-1.45
17:57:18:674,-3.93,-0.26,-1.36
17:57:18:679,-3.91,-0.12,-1.30
17:57:18:701,-3.99,-0.07,-1.29
17:57:18:724,-4.02,-0.12,-1.33
17:57:18:724,-4.03,-0.23,-1.43
17:57:18:795,-3.91,-0.15,-1.46
17:57:18:795,-3.73,-0.16,-1.47
17:57:18:813,-3.94,-0.18,-1.60
17:57:18:861,-3.98,-0.27,-1.52
17:57:18:875,-4.00,-0.28,-1.46
17:57:18:878,-4.06,-0.31,-1.43
17:57:18:897,-3.95,-0.33,-1.41
17:57:18:902,-3.98,-0.24,-1.38
17:57:18:908,-3.87,-0.21,-1.32
17:57:18:918,-3.72,-0.18,-1.30
17:57:19:8,-3.68,-0.20,-1.37
17:57:19:13,-3.72,-0.29,-1.47
17:57:19:13,-3.95,-0.42,-1.49
17:57:19:24,-4.02,-0.45,-1.47
17:57:19:24,-4.00,-0.50,-1.46
17:57:19:24,-3.89,-0.56,-1.45
17:57:19:77,-3.80,-0.52,-1.40
17:57:19:83,-3.83,-0.49,-1.42
17:57:19:98,-3.75,-0.51,-1.42
17:57:19:209,-3.79,-0.50,-1.44
17:57:19:209,-3.90,-0.48,-1.38
17:57:19:209,-3.97,-0.51,-1.41
17:57:19:210,-3.95,-0.55,-1.42
17:57:19:217,-3.98,-0.65,-1.42
17:57:19:245,-4.02,-0.68,-1.40
17:57:19:267,-4.05,-0.71,-1.40
17:57:19:277,-4.01,-0.71,-1.43
17:57:19:287,-4.04,-0.70,-1.48
17:57:19:312,-4.01,-0.66,-1.45
17:57:19:359,-4.02,-0.65,-1.38
17:57:19:369,-4.01,-0.65,-1.36
17:57:19:375,-4.01,-0.65,-1.41
17:57:19:438,-4.00,-0.66,-1.37
17:57:19:534,-4.03,-0.64,-1.43
17:57:19:540,-3.99,-0.61,-1.39
17:57:19:561,-4.03,-0.56,-1.43
17:57:19:625,-4.03,-0.54,-1.45
17:57:19:625,-3.99,-0.53,-1.49
17:57:19:625,-3.94,-0.55,-1.51
17:57:19:659,-3.91,-0.55,-1.52
17:57:19:694,-3.85,-0.55,-1.47
17:57:19:694,-3.90,-0.47,-1.43
17:57:19:711,-3.87,-0.48,-1.49
17:57:19:743,-3.83,-0.42,-1.50
17:57:19:760,-3.86,-0.44,-1.54
17:57:19:808,-3.88,-0.40,-1.54
17:57:19:824,-3.83,-0.44,-1.54
17:57:19:824,-3.84,-0.46,-1.49
17:57:19:889,-3.87,-0.45,-1.52
17:57:19:890,-3.81,-0.47,-1.54
17:57:19:890,-3.79,-0.50,-1.51
17:57:19:890,-3.79,-0.51,-1.46
17:57:19:923,-3.82,-0.48,-1.48
17:57:19:923,-3.78,-0.45,-1.48
17:57:19:923,-3.83,-0.50,-1.45
17:57:19:923,-3.84,-0.55,-1.43
17:57:19:940,-3.89,-0.55,-1.40
17:57:19:956,-3.91,-0.56,-1.46
17:57:20:55,-3.89,-0.57,-1.41
17:57:20:55,-3.90,-0.64,-1.43
17:57:20:55,-3.99,-0.62,-1.40
17:57:20:72,-4.01,-0.63,-1.43
17:57:20:72,-4.00,-0.64,-1.40
17:57:20:107,-3.99,-0.61,-1.36
17:57:20:141,-3.96,-0.63,-1.38
17:57:20:141,-3.99,-0.58,-1.39
17:57:20:190,-4.00,-0.56,-1.36
17:57:20:239,-3.93,-0.61,-1.40
17:57:20:256,-3.96,-0.59,-1.41
17:57:20:273,-3.95,-0.64,-1.39
17:57:20:307,-3.98,-0.57,-1.41
17:57:20:340,-3.95,-0.57,-1.44
17:57:20:340,-3.93,-0.53,-1.44
17:57:20:340,-3.91,-0.54,-1.50
17:57:20:357,-3.94,-0.59,-1.46
17:57:20:423,-3.89,-0.56,-1.45
17:57:20:458,-3.93,-0.49,-1.47
17:57:20:492,-3.88,-0.48,-1.45
17:57:20:510,-3.88,-0.46,-1.50
17:57:20:510,-3.86,-0.51,-1.51
17:57:20:527,-3.84,-0.49,-1.43
17:57:20:527,-3.85,-0.50,-1.47
17:57:20:527,-3.84,-0.51,-1.48
17:57:20:593,-3.84,-0.52,-1.51
17:57:20:593,-3.86,-0.56,-1.48
17:57:20:609,-3.84,-0.61,-1.42
17:57:20:625,-3.91,-0.69,-1.33
17:57:20:641,-3.76,-0.71,-1.29
17:57:20:641,-3.76,-0.92,-1.23
17:57:20:657,-3.85,-1.09,-1.19
17:57:20:657,-3.88,-1.08,-1.20
17:57:20:674,-3.84,-1.08,-1.18
17:57:20:690,-3.80,-1.13,-1.16
17:57:20:771,-3.76,-1.26,-1.19
17:57:20:805,-3.83,-1.46,-1.17
17:57:20:839,-3.90,-1.47,-1.20
17:57:20:858,-3.87,-1.52,-1.36
17:57:20:858,-3.92,-1.62,-1.33
17:57:20:875,-3.83,-1.68,-1.31
17:57:20:892,-3.72,-1.68,-1.33
17:57:20:892,-3.77,-1.82,-1.50
17:57:20:909,-3.78,-1.76,-1.64
17:57:20:975,-3.83,-1.67,-1.64
17:57:20:976,-3.87,-1.59,-1.64
17:57:21:26,-3.87,-1.50,-1.68
17:57:21:26,-3.80,-1.45,-1.79
17:57:21:43,-3.76,-1.42,-1.79
17:57:21:59,-3.71,-1.36,-1.87
17:57:21:125,-3.61,-1.41,-1.79
17:57:21:158,-3.53,-1.37,-1.77
17:57:21:158,-3.33,-1.34,-1.77
17:57:21:176,-3.25,-1.32,-1.82
17:57:21:240,-3.48,-1.33,-1.96
17:57:21:256,-3.61,-1.30,-2.03
17:57:21:355,-3.95,-1.19,-1.92
17:57:21:538,-3.82,-1.15,-1.73
17:57:21:639,-3.75,-1.00,-1.70
17:57:21:705,-3.75,-0.94,-1.67
17:57:21:722,-3.83,-0.78,-1.56
17:57:21:756,-3.87,-0.62,-1.53
17:57:21:773,-4.11,-0.51,-1.65
17:57:21:773,-4.29,-0.44,-1.67
17:57:21:790,-4.26,-0.45,-1.46
17:57:21:859,-4.04,-0.46,-1.21
17:57:21:875,-3.74,-0.52,-1.16
17:57:21:944,-3.60,-0.47,-1.28
17:57:21:977,-3.66,-0.31,-1.42
17:57:22:29,-3.72,-0.26,-1.46
17:57:22:99,-3.70,-0.22,-1.38
17:57:22:99,-3.76,-0.24,-1.39
17:57:22:99,-3.69,-0.33,-1.36
17:57:22:99,-3.70,-0.38,-1.36
17:57:22:99,-3.79,-0.47,-1.42
17:57:22:99,-3.72,-0.43,-1.48
17:57:22:99,-3.66,-0.44,-1.50
17:57:22:99,-3.68,-0.40,-1.52
17:57:22:99,-3.77,-0.39,-1.61
17:57:22:99,-3.69,-0.48,-1.69
17:57:22:115,-3.84,-0.57,-1.78
17:57:22:115,-4.13,-0.70,-1.71
17:57:22:115,-4.11,-0.69,-1.67
17:57:22:132,-3.77,-0.66,-1.70
17:57:22:132,-3.74,-0.65,-1.82
17:57:22:132,-3.88,-0.53,-1.93
17:57:22:148,-3.97,-0.40,-1.99
17:57:22:248,-4.17,-0.30,-2.07
17:57:22:264,-4.32,-0.33,-2.14
17:57:22:280,-4.23,-0.35,-2.09
17:57:22:280,-3.88,-0.51,-1.95
17:57:22:280,-3.57,-0.61,-1.93
17:57:22:297,-3.41,-0.67,-1.93
17:57:22:313,-3.49,-0.69,-1.98
17:57:22:313,-3.62,-0.78,-1.98
17:57:22:330,-3.59,-0.83,-1.90
17:57:22:330,-3.60,-0.77,-1.73
17:57:22:330,-3.53,-0.73,-1.70
17:57:22:429,-3.65,-0.60,-1.71
17:57:22:447,-3.75,-0.58,-1.68
17:57:22:447,-3.96,-0.58,-1.75
17:57:22:497,-3.94,-0.63,-1.74
17:57:22:548,-4.07,-0.63,-1.73
17:57:22:616,-4.20,-0.57,-1.83
17:57:22:665,-4.17,-0.53,-1.89
17:57:22:700,-4.31,-0.55,-1.86
17:57:22:801,-4.27,-0.51,-1.65
17:57:22:832,-4.02,-0.44,-1.52
17:57:22:963,-3.75,-0.35,-1.45
17:57:22:996,-3.63,-0.27,-1.41
17:57:22:996,-3.71,-0.14,-1.37
17:57:23:65,-3.65,-0.17,-1.27
17:57:23:65,-3.73,-0.26,-1.23
17:57:23:65,-3.83,-0.36,-1.19
17:57:23:113,-3.91,-0.48,-1.19
17:57:23:196,-4.05,-0.41,-1.17
17:57:23:196,-3.97,-0.41,-1.19
17:57:23:231,-4.03,-0.10,-0.98
17:57:23:231,-3.95,-0.38,-1.06
17:57:23:301,-3.93,-0.50,-1.17
17:57:23:499,-3.99,-0.41,-1.15
17:57:23:499,-4.08,-0.35,-1.12
17:57:23:499,-4.17,-0.30,-1.17
17:57:23:596,-4.28,-0.29,-1.20
17:57:23:676,-4.17,-0.31,-1.24
17:57:23:694,-4.10,-0.35,-1.29
17:57:23:790,-4.01,-0.34,-1.38
17:57:23:790,-4.03,-0.39,-1.43
17:57:23:790,-3.99,-0.43,-1.49
17:57:23:940,-3.90,-0.47,-1.55
17:57:23:940,-3.90,-0.50,-1.55
17:57:23:940,-3.84,-0.55,-1.59
17:57:24:54,-3.74,-0.61,-1.54
17:57:24:54,-3.68,-0.64,-1.54
17:57:24:54,-3.71,-0.65,-1.56
17:57:24:54,-3.64,-0.64,-1.58
17:57:24:88,-3.64,-0.62,-1.57
17:57:24:190,-3.80,-0.55,-1.54
17:57:24:223,-3.78,-0.53,-1.52
17:57:24:256,-3.79,-0.55,-1.46
17:57:24:256,-3.84,-0.58,-1.46
17:57:24:422,-3.85,-0.58,-1.44
17:57:24:422,-3.88,-0.54,-1.48
17:57:24:488,-3.90,-0.56,-1.41
17:57:24:488,-3.97,-0.58,-1.39
17:57:24:488,-3.95,-0.58,-1.35
17:57:24:504,-3.94,-0.58,-1.38
17:57:24:569,-3.94,-0.59,-1.35
17:57:24:569,-3.94,-0.58,-1.34
17:57:24:569,-3.95,-0.57,-1.34
17:57:24:956,-3.95,-0.58,-1.33
17:57:24:956,-3.96,-0.58,-1.40
17:57:24:956,-3.96,-0.61,-1.39
17:57:24:956,-3.93,-0.65,-1.38
17:57:24:956,-3.95,-0.65,-1.40
17:57:24:956,-3.91,-0.67,-1.39
17:57:24:991,-3.92,-0.67,-1.38
17:57:24:991,-3.94,-0.66,-1.37
17:57:24:991,-3.96,-0.63,-1.39
17:57:24:991,-3.96,-0.63,-1.45
17:57:24:991,-3.95,-0.63,-1.37
17:57:24:991,-3.92,-0.63,-1.38
17:57:25:25,-3.88,-0.63,-1.45
17:57:25:25,-3.88,-0.60,-1.44
17:57:25:25,-3.90,-0.63,-1.42
17:57:25:25,-3.90,-0.66,-1.44
17:57:25:140,-3.90,-0.61,-1.44
17:57:25:172,-3.86,-0.60,-1.51
17:57:25:172,-3.88,-0.63,-1.48
17:57:25:172,-3.86,-0.63,-1.46
17:57:25:172,-3.88,-0.61,-1.47
17:57:25:324,-3.87,-0.60,-1.44
17:57:25:324,-3.88,-0.58,-1.43
17:57:25:324,-3.88,-0.58,-1.43
17:57:25:324,-3.90,-0.60,-1.43
17:57:25:324,-3.89,-0.59,-1.43
17:57:25:324,-3.89,-0.58,-1.43
17:57:25:376,-3.91,-0.60,-1.43
17:57:25:376,-3.88,-0.61,-1.46
17:57:25:376,-3.90,-0.60,-1.41
17:57:25:376,-3.95,-0.61,-1.46
17:57:25:425,-3.88,-0.60,-1.42
17:57:25:425,-3.89,-0.60,-1.38
17:57:25:457,-3.90,-0.64,-1.46
17:57:25:490,-3.87,-0.60,-1.42
17:57:25:556,-3.90,-0.62,-1.40
17:57:25:556,-3.90,-0.63,-1.43
17:57:25:572,-3.89,-0.61,-1.43
17:57:25:657,-3.91,-0.64,-1.46
17:57:25:657,-3.91,-0.66,-1.45
17:57:25:657,-3.90,-0.68,-1.45
17:57:25:688,-3.89,-0.66,-1.43
17:57:25:688,-3.86,-0.67,-1.44
17:57:25:688,-3.88,-0.68,-1.42
17:57:25:688,-3.89,-0.67,-1.41
17:57:25:688,-3.86,-0.67,-1.38
17:57:25:688,-3.90,-0.63,-1.41
17:57:25:688,-3.94,-0.66,-1.42
17:57:25:721,-3.92,-0.65,-1.40
17:57:25:721,-3.92,-0.68,-1.44
17:57:25:721,-3.91,-0.66,-1.42
17:57:25:887,-3.95,-0.66,-1.45
17:57:25:887,-3.94,-0.61,-1.40
17:57:26:94,-3.89,-0.60,-1.42
17:57:26:94,-3.87,-0.62,-1.42
17:57:26:94,-3.86,-0.59,-1.42
17:57:26:94,-3.88,-0.58,-1.41
17:57:26:94,-3.87,-0.60,-1.41
17:57:26:94,-3.88,-0.61,-1.43
17:57:26:240,-3.89,-0.58,-1.43
17:57:26:240,-3.89,-0.61,-1.42
17:57:26:240,-3.92,-0.59,-1.42
17:57:26:240,-3.89,-0.63,-1.41
17:57:26:240,-3.89,-0.61,-1.37
17:57:26:240,-3.89,-0.60,-1.39
17:57:26:289,-3.87,-0.59,-1.36
17:57:26:289,-3.88,-0.58,-1.36
17:57:26:289,-3.91,-0.60,-1.36
17:57:26:289,-3.91,-0.58,-1.39
17:57:26:289,-3.91,-0.59,-1.42
17:57:26:289,-3.89,-0.62,-1.40
17:57:26:289,-3.89,-0.63,-1.40
17:57:26:388,-3.92,-0.62,-1.44
17:57:26:388,-3.93,-0.64,-1.46
17:57:26:388,-4.02,-0.61,-1.44
17:57:26:388,-3.92,-0.59,-1.41
17:57:26:420,-3.78,-0.57,-1.37
17:57:26:420,-3.75,-0.55,-1.28
17:57:26:470,-3.73,-0.58,-1.40
17:57:26:470,-3.84,-0.55,-1.44
17:57:26:470,-3.96,-0.52,-1.45
17:57:26:470,-3.98,-0.50,-1.51
17:57:26:470,-3.83,-0.55,-1.52
17:57:26:470,-3.76,-0.67,-1.53
17:57:26:522,-3.70,-0.74,-1.44
17:57:26:522,-3.61,-0.69,-1.37
17:57:26:554,-3.58,-0.74,-1.32
17:57:26:554,-3.56,-0.70,-1.21
17:57:26:554,-3.69,-0.70,-1.19
17:57:26:571,-3.85,-0.95,-1.48
17:57:26:571,-4.32,-1.26,-1.54
17:57:26:587,-4.43,-1.37,-1.30
17:57:26:587,-4.27,-1.21,-1.22
17:57:26:588,-4.21,-1.21,-1.27
17:57:26:588,-4.21,-1.38,-1.29
17:57:26:588,-4.17,-1.43,-1.09
17:57:26:588,-4.02,-1.34,-0.86
17:57:26:605,-3.60,-1.31,-0.81
17:57:26:605,-3.35,-1.31,-0.75
17:57:26:621,-3.30,-1.39,-0.74
17:57:26:640,-3.39,-1.58,-0.80
17:57:26:745,-3.44,-1.59,-0.90
17:57:26:745,-3.56,-1.55,-0.93
17:57:26:745,-3.74,-1.46,-0.98
17:57:26:745,-3.80,-1.37,-1.14
17:57:26:745,-3.88,-1.31,-1.27
17:57:26:745,-4.00,-1.24,-1.27
17:57:26:994,-4.13,-1.11,-1.31
17:57:26:994,-4.08,-1.02,-1.37
17:57:26:994,-4.32,-0.85,-1.49
17:57:26:994,-4.63,-0.67,-1.86
17:57:26:994,-4.93,-0.57,-1.95
17:57:26:994,-5.01,0.07,-1.99
17:57:27:76,-4.80,0.23,-1.97
17:57:27:76,-5.04,0.19,-2.14
17:57:27:76,-5.02,-0.02,-2.28
17:57:27:76,-4.36,0.16,-2.14
17:57:27:76,-3.69,0.25,-1.95
17:57:27:76,-3.27,0.45,-1.89
17:57:27:76,-3.25,0.49,-2.06
17:57:27:93,-3.39,0.18,-1.92
17:57:27:93,-3.29,-0.29,-1.70
17:57:27:93,-2.93,-0.50,-1.52
17:57:27:93,-2.64,-0.71,-1.43
17:57:27:93,-2.67,-0.59,-1.33
17:57:27:93,-2.81,-0.48,-1.22
17:57:27:93,-3.04,-0.39,-1.05
17:57:27:93,-3.31,-0.35,-1.00
17:57:27:109,-3.52,-0.46,-1.00
17:57:27:126,-3.68,-0.56,-0.98
17:57:27:126,-3.78,-0.66,-0.75
17:57:27:126,-3.95,-0.74,-0.55
17:57:27:178,-4.04,-0.73,-0.57
17:57:27:195,-4.18,-0.65,-0.77
17:57:27:195,-4.46,-0.59,-1.15
17:57:27:243,-4.79,-0.67,-2.05
17:57:27:293,-6.37,-0.93,-2.40
17:57:27:309,-7.49,-1.15,-1.58
17:57:27:325,-5.68,-0.80,-0.79
17:57:27:342,-4.27,-0.73,-0.92
17:57:27:342,-3.77,-0.78,-1.50
17:57:27:375,-4.48,-0.58,-2.03
17:57:27:375,-4.69,-0.75,-1.94
17:57:27:440,-4.42,-0.64,-1.40
17:57:27:440,-3.90,-0.46,-1.02
17:57:27:440,-3.47,-0.54,-0.97
17:57:27:440,-3.34,-0.49,-1.14
17:57:27:440,-3.42,-0.42,-1.37
17:57:27:440,-3.36,-0.44,-1.58
17:57:27:457,-3.55,-0.58,-1.72
17:57:27:457,-3.67,-0.64,-1.77
17:57:27:457,-3.99,-0.42,-1.82
17:57:27:457,-4.25,-0.12,-1.88
17:57:27:457,-4.44,0.40,-1.95
17:57:27:457,-4.51,0.66,-2.13
17:57:27:473,-4.20,0.79,-2.58
17:57:27:473,-4.22,0.71,-3.21
17:57:27:509,-4.98,-0.01,-3.73
17:57:27:626,-4.93,-0.45,-3.10
17:57:27:626,-4.07,-0.57,-2.05
17:57:27:626,-4.03,-0.93,-1.34
17:57:27:659,-3.73,-0.82,-1.31
17:57:27:661,-3.66,-0.09,-1.78
17:57:27:661,-3.64,0.29,-2.17
17:57:27:678,-3.63,0.16,-1.96
17:57:27:749,-3.52,0.06,-1.33
17:57:27:867,-3.30,0.14,-0.86
17:57:27:883,-3.12,-0.08,-0.79
17:57:27:917,-3.07,-0.50,-0.84
17:57:27:968,-3.36,-0.60,-0.77
17:57:27:984,-3.52,-0.64,-0.79
17:57:27:984,-3.55,-0.71,-0.90
17:57:28:1,-3.87,-0.77,-0.85
17:57:28:1,-4.27,-0.78,-0.56
17:57:28:17,-4.12,-0.79,-0.53
17:57:28:34,-4.19,-0.84,-0.55
17:57:28:34,-4.58,-0.92,-0.53
17:57:28:34,-4.94,-0.94,-0.62
17:57:28:34,-5.48,-0.92,-1.00
17:57:28:34,-6.00,-0.92,-1.62
17:57:28:34,-7.30,-0.92,-1.87
17:57:28:53,-7.21,-0.68,-1.43
17:57:28:86,-5.62,-0.35,-1.07
17:57:28:86,-4.24,-0.29,-1.23
17:57:28:86,-3.79,-0.43,-1.48
17:57:28:86,-4.28,-0.75,-1.84
17:57:28:153,-4.82,-1.00,-2.04
17:57:28:153,-4.61,-1.01,-1.88
17:57:28:153,-4.25,-0.83,-1.60
17:57:28:170,-3.73,-0.67,-1.49
17:57:28:188,-3.93,-0.38,-1.53
17:57:28:188,-3.76,-0.25,-1.71
17:57:28:205,-3.41,-0.26,-1.87
17:57:28:205,-3.16,-0.48,-1.81
17:57:28:223,-3.70,-0.62,-1.71
17:57:28:223,-3.71,-0.41,-1.63
17:57:28:241,-3.48,-0.33,-1.68
17:57:28:241,-3.46,-0.01,-1.75
17:57:28:241,-3.69,0.01,-1.80
17:57:28:257,-3.92,0.01,-1.87
17:57:28:257,-3.86,-0.19,-1.91
17:57:28:274,-3.63,-0.17,-1.96
17:57:28:274,-4.05,-0.07,-2.53
17:57:28:340,-5.11,-0.33,-3.12
17:57:28:340,-5.15,-0.86,-2.72
17:57:28:340,-4.27,-0.78,-1.53
17:57:28:356,-4.44,-0.88,-0.92
17:57:28:372,-4.71,-0.87,-1.02
17:57:28:387,-4.56,-0.39,-1.54
17:57:28:387,-4.07,0.19,-1.64
17:57:28:419,-3.62,0.42,-1.55
17:57:28:436,-3.30,0.07,-1.29
17:57:28:455,-3.43,-0.02,-1.05
17:57:28:488,-3.39,-0.12,-0.84
17:57:28:505,-3.38,-0.42,-0.82
17:57:28:522,-3.77,-0.73,-0.72
17:57:28:572,-3.99,-1.04,-0.68
17:57:28:572,-4.36,-1.10,-0.84
17:57:28:621,-4.16,-1.10,-0.77
17:57:28:621,-4.21,-1.13,-0.69
17:57:28:700,-4.36,-1.04,-0.49
17:57:28:715,-4.62,-0.93,-0.28
17:57:28:732,-4.78,-0.85,-0.25
17:57:28:750,-4.91,-0.81,-0.54
17:57:28:750,-5.34,-0.74,-0.89
17:57:28:782,-5.53,-0.71,-1.43
17:57:28:815,-6.50,-0.96,-1.74
17:57:28:880,-7.34,-0.93,-1.45
17:57:28:880,-5.55,-0.67,-0.89
17:57:28:898,-3.98,-0.60,-1.11
17:57:28:914,-4.10,-0.74,-1.60
17:57:28:930,-5.18,-0.73,-2.14
17:57:28:947,-4.97,-0.83,-2.43
17:57:28:966,-4.47,-0.92,-2.24
17:57:29:18,-4.71,-0.73,-1.80
17:57:29:52,-4.41,-0.46,-1.55
17:57:29:70,-4.01,-0.35,-1.72
17:57:29:70,-3.53,-0.27,-1.78
17:57:29:105,-3.43,-0.28,-1.62
17:57:29:122,-3.85,-0.33,-1.74
17:57:29:139,-3.46,-0.39,-1.81
17:57:29:157,-3.19,-0.37,-1.78
17:57:29:174,-3.56,-0.29,-1.79
17:57:29:207,-3.93,-0.18,-1.84
17:57:29:271,-3.71,-0.07,-1.76
17:57:29:287,-3.72,-0.10,-1.80
17:57:29:303,-3.96,0.02,-2.08
17:57:29:303,-4.71,0.15,-3.11
17:57:29:319,-4.83,-0.49,-3.05
17:57:29:352,-4.16,-0.77,-1.87
17:57:29:383,-4.25,-0.60,-0.82
17:57:29:449,-4.45,-0.86,-0.71
17:57:29:449,-4.36,-0.72,-1.03
17:57:29:449,-4.08,-0.25,-1.46
17:57:29:465,-3.67,0.09,-1.57
17:57:29:496,-3.33,0.05,-1.32
17:57:29:528,-3.25,-0.00,-1.13
17:57:29:545,-3.21,0.04,-1.10
17:57:29:629,-3.73,-0.09,-0.99
17:57:29:629,-4.34,-0.30,-0.94
17:57:29:646,-4.71,-0.74,-0.89
17:57:29:696,-4.70,-1.06,-0.89
17:57:29:696,-4.55,-1.26,-1.00
17:57:29:711,-4.49,-1.54,-0.77
17:57:29:743,-4.71,-1.74,-0.39
17:57:29:813,-4.83,-1.54,-0.30
17:57:29:813,-4.71,-1.18,-0.36
17:57:29:829,-4.78,-0.79,-0.54
17:57:29:861,-4.80,-0.54,-0.78
17:57:29:861,-4.84,-0.64,-1.72
17:57:29:894,-6.46,-1.06,-1.96
17:57:29:894,-7.27,-1.06,-0.85
17:57:29:945,-5.14,-0.74,-0.50
17:57:29:962,-4.50,-0.83,-1.34
17:57:30:15,-4.93,-0.64,-2.00
17:57:30:30,-4.94,-0.66,-2.41
17:57:30:30,-4.85,-0.80,-2.28
17:57:30:48,-4.70,-0.69,-1.93
17:57:30:179,-4.37,-0.58,-1.53
17:57:30:179,-4.24,-0.38,-1.55
17:57:30:212,-3.86,-0.28,-1.74
17:57:30:212,-3.75,-0.13,-1.87
17:57:30:212,-3.38,-0.28,-1.87
17:57:30:230,-3.22,-0.47,-1.77
17:57:30:245,-3.09,-0.58,-1.60
17:57:30:262,-3.23,-0.52,-1.50
17:57:30:313,-3.36,-0.37,-1.52
17:57:30:329,-3.47,-0.19,-1.55
17:57:30:348,-3.42,-0.01,-1.64
17:57:30:364,-3.65,0.07,-1.70
17:57:30:379,-3.68,0.04,-1.76
17:57:30:397,-3.74,-0.09,-1.92
17:57:30:493,-4.41,-0.00,-2.64
17:57:30:544,-5.37,-0.55,-3.03
17:57:30:544,-4.81,-0.95,-2.17
17:57:30:594,-4.28,-0.83,-1.19
17:57:30:724,-4.83,-0.78,-1.06
17:57:30:740,-4.87,-0.67,-1.63
17:57:30:740,-4.63,-0.17,-2.07
17:57:30:853,-4.16,0.29,-2.09
17:57:30:853,-3.78,0.19,-1.88
17:57:30:869,-3.67,-0.01,-1.40
17:57:30:884,-3.69,-0.11,-1.19
17:57:30:901,-3.64,-0.27,-1.08
17:57:30:917,-3.70,-0.56,-1.06
17:57:30:933,-3.93,-1.02,-1.07
17:57:30:951,-4.02,-1.33,-1.09
17:57:30:951,-3.91,-1.36,-1.09
17:57:30:967,-3.96,-1.46,-0.98
17:57:30:967,-4.29,-1.58,-0.70
17:57:31:0,-4.41,-1.52,-0.52
17:57:31:100,-4.49,-1.36,-0.43
17:57:31:135,-4.72,-1.03,-0.66
17:57:31:135,-5.14,-0.66,-0.86
17:57:31:150,-5.42,-0.33,-1.10
17:57:31:238,-5.14,-0.36,-1.75
17:57:31:254,-6.53,-0.75,-1.91
17:57:31:288,-7.28,-0.61,-1.19
17:57:31:305,-5.34,-0.44,-0.77
17:57:31:321,-4.16,-0.54,-1.55
17:57:31:355,-4.43,-0.51,-2.37
17:57:31:423,-4.61,-0.61,-2.82
17:57:31:440,-4.16,-0.81,-2.60
17:57:31:458,-4.36,-0.90,-1.85
17:57:31:494,-4.31,-0.89,-1.36
17:57:31:611,-3.76,-0.81,-1.40
17:57:31:627,-3.14,-0.59,-1.71
17:57:31:644,-2.91,-0.51,-1.74
17:57:31:675,-3.32,-0.40,-1.77
17:57:31:691,-3.14,-0.51,-1.73
17:57:31:861,-3.09,-0.44,-1.73
17:57:31:926,-2.94,-0.44,-1.56
17:57:31:974,-3.51,-0.15,-1.58
17:57:32:61,-3.66,0.07,-1.70
17:57:32:61,-3.88,0.06,-1.93
17:57:32:114,-4.11,-0.02,-2.07
17:57:32:131,-4.34,0.07,-2.56
17:57:32:234,-5.27,-0.14,-3.36
17:57:32:416,-5.34,-0.88,-2.96
17:57:32:416,-4.55,-0.78,-1.59
17:57:32:495,-4.76,-0.79,-0.51
17:57:32:513,-4.62,-0.77,-0.78
17:57:32:513,-4.64,-0.20,-1.59
17:57:32:513,-4.26,0.65,-1.87
17:57:32:708,-3.70,0.75,-1.74
17:57:32:822,-3.30,0.52,-1.39
17:57:32:839,-3.13,0.18,-1.20
17:57:32:839,-3.29,0.08,-0.93
17:57:32:886,-3.44,-0.39,-0.76
17:57:32:886,-3.44,-0.87,-0.73
17:57:32:903,-3.40,-1.24,-0.82
17:57:32:903,-3.44,-1.26,-0.91
17:57:32:903,-3.48,-1.20,-0.88
17:57:32:903,-3.71,-1.24,-0.74
17:57:32:903,-3.92,-1.31,-0.64
17:57:32:920,-4.06,-1.24,-0.68
17:57:32:920,-4.26,-1.15,-0.67
17:57:32:936,-4.64,-1.02,-0.76
17:57:32:936,-5.01,-0.79,-0.89
17:57:33:100,-5.02,-0.57,-1.58
17:57:33:100,-5.96,-0.65,-2.48
17:57:33:182,-7.37,-0.75,-1.86
17:57:33:182,-6.33,-0.72,-0.72
17:57:33:182,-4.64,-0.63,-0.86
17:57:33:199,-4.08,-0.71,-1.54
17:57:33:215,-4.42,-0.59,-2.27
17:57:33:232,-4.63,-0.53,-2.34
17:57:33:232,-4.57,-0.55,-1.92
17:57:33:265,-3.96,-0.52,-1.41
17:57:33:265,-3.52,-0.59,-1.14
17:57:33:265,-3.22,-0.69,-1.03
17:57:33:298,-3.23,-0.59,-1.24
17:57:33:298,-3.10,-0.44,-1.42
17:57:33:298,-2.91,-0.54,-1.53
17:57:33:298,-2.90,-0.54,-1.54
17:57:33:298,-3.02,-0.49,-1.38
17:57:33:298,-3.41,-0.38,-1.38
17:57:33:311,-3.51,-0.24,-1.38
17:57:33:311,-3.77,-0.13,-1.44
17:57:33:311,-4.08,-0.06,-1.68
17:57:33:311,-3.94,0.20,-2.06
17:57:33:311,-4.30,0.28,-2.56
17:57:33:363,-5.23,0.34,-3.41
17:57:33:464,-6.01,-0.69,-3.41
17:57:33:464,-4.82,-1.15,-1.99
17:57:33:464,-4.42,-1.04,-0.75
17:57:33:464,-4.59,-0.87,-0.61
17:57:33:464,-4.34,-0.22,-1.37
17:57:33:464,-4.20,0.59,-2.14
17:57:33:496,-4.05,1.01,-2.10
17:57:33:496,-3.68,0.62,-1.81
17:57:33:496,-3.23,0.31,-1.41
17:57:33:496,-3.29,0.20,-1.11
17:57:33:496,-3.45,-0.37,-1.00
17:57:33:601,-3.50,-0.91,-0.91
17:57:33:732,-3.44,-1.07,-0.93
17:57:33:783,-3.14,-1.03,-0.91
17:57:33:783,-3.22,-0.94,-0.82
17:57:33:800,-3.57,-0.87,-0.64
17:57:33:998,-3.76,-0.61,-0.56
17:57:33:998,-3.76,-0.41,-0.70
17:57:33:998,-4.08,-0.37,-0.89
17:57:33:998,-4.36,-0.32,-0.83
17:57:33:998,-4.39,-0.24,-0.65
17:57:33:998,-4.44,-0.12,-0.65
17:57:34:147,-4.71,-0.03,-0.89
17:57:34:147,-5.06,-0.28,-1.60
17:57:34:147,-6.42,-0.47,-1.93
17:57:34:147,-7.20,-0.51,-1.51
17:57:34:194,-5.77,-0.28,-1.14
17:57:34:297,-4.64,-0.18,-1.52
17:57:34:394,-3.58,-0.09,-1.98
17:57:34:524,-3.17,-0.17,-2.07
17:57:34:524,-3.77,-0.22,-2.46
17:57:34:556,-4.06,-0.70,-2.35
17:57:34:571,-4.51,-1.00,-2.07
17:57:34:571,-4.21,-0.89,-1.74
17:57:34:588,-3.68,-0.45,-1.65
17:57:34:588,-3.43,-0.28,-1.90
17:57:34:588,-3.29,-0.16,-2.13
17:57:34:588,-3.23,-0.01,-2.20
17:57:34:654,-3.23,-0.19,-2.06
17:57:34:736,-3.21,-0.51,-1.95
17:57:34:736,-3.71,-0.56,-1.98
17:57:34:736,-3.66,-0.34,-2.06
17:57:34:736,-3.29,-0.25,-2.17
17:57:34:736,-3.37,-0.17,-2.19
17:57:34:736,-3.56,-0.46,-2.20
17:57:34:817,-3.66,-0.57,-2.06
17:57:34:817,-3.74,-0.74,-1.87
17:57:34:817,-3.66,-0.74,-1.62
17:57:34:817,-3.52,-0.79,-1.57
17:57:35:78,-3.62,-0.70,-1.49
17:57:35:78,-3.53,-0.61,-1.37
17:57:35:129,-3.60,-0.44,-1.17
17:57:35:209,-4.10,-0.36,-1.19
17:57:35:263,-4.24,-0.32,-1.20
17:57:35:596,-4.48,-0.37,-1.14
17:57:35:596,-4.64,-0.45,-1.04
17:57:35:596,-4.67,-0.49,-1.03
17:57:35:596,-4.55,-0.60,-1.12
17:57:35:596,-4.56,-0.68,-1.10
17:57:35:596,-4.50,-0.82,-1.13
17:57:35:644,-4.48,-0.80,-1.14
17:57:35:644,-4.35,-0.78,-1.27
17:57:35:644,-4.32,-0.67,-1.27
17:57:35:644,-4.25,-0.59,-1.25
17:57:35:644,-4.13,-0.48,-1.19
17:57:35:644,-4.08,-0.46,-1.20
17:57:35:660,-4.03,-0.49,-1.28
17:57:35:660,-3.98,-0.51,-1.38
17:57:35:740,-4.11,-0.52,-1.49
17:57:35:740,-4.08,-0.52,-1.53
17:57:35:740,-3.95,-0.55,-1.52
17:57:35:740,-3.88,-0.53,-1.62
17:57:35:807,-3.87,-0.54,-1.63
17:57:35:807,-3.82,-0.54,-1.65
17:57:35:807,-3.83,-0.53,-1.64
17:57:35:807,-3.78,-0.56,-1.57
17:57:35:807,-3.80,-0.53,-1.55
17:57:35:824,-3.67,-0.47,-1.56
17:57:35:824,-3.58,-0.42,-1.59
17:57:35:824,-3.57,-0.46,-1.48
17:57:35:841,-3.71,-0.46,-1.44
17:57:35:931,-3.64,-0.48,-1.46
17:57:36:12,-3.64,-0.51,-1.50
17:57:36:23,-3.67,-0.53,-1.40
17:57:36:28,-3.71,-0.62,-1.32
17:57:36:150,-3.86,-0.62,-1.30
17:57:36:150,-3.88,-0.65,-1.31
17:57:36:303,-3.96,-0.65,-1.26
17:57:36:303,-4.00,-0.64,-1.28
17:57:36:303,-4.02,-0.63,-1.28
17:57:36:332,-4.04,-0.64,-1.24
17:57:36:332,-4.14,-0.66,-1.22
17:57:36:332,-4.08,-0.69,-1.23
17:57:36:332,-4.05,-0.73,-1.23
17:57:36:332,-4.07,-0.76,-1.25
17:57:36:364,-4.08,-0.75,-1.23
17:57:36:364,-4.11,-0.73,-1.30
17:57:36:364,-4.01,-0.70,-1.24
17:57:36:364,-3.99,-0.70,-1.26
17:57:36:364,-3.98,-0.67,-1.28
17:57:36:364,-3.99,-0.66,-1.29
17:57:36:370,-3.97,-0.65,-1.33
17:57:36:370,-3.93,-0.69,-1.36
17:57:36:370,-3.92,-0.71,-1.37
17:57:36:370,-3.96,-0.68,-1.36
17:57:36:370,-3.93,-0.65,-1.33
17:57:36:370,-3.89,-0.64,-1.45
17:57:36:504,-3.89,-0.65,-1.40
17:57:36:504,-3.94,-0.59,-1.40
17:57:36:504,-3.91,-0.59,-1.36
17:57:36:552,-3.89,-0.56,-1.42
17:57:36:552,-3.88,-0.55,-1.40
17:57:36:559,-3.90,-0.56,-1.40
17:57:36:559,-3.90,-0.52,-1.38
17:57:36:559,-3.88,-0.52,-1.40
17:57:36:559,-3.90,-0.49,-1.42
17:57:36:559,-3.86,-0.54,-1.43
17:57:36:559,-3.88,-0.52,-1.38
17:57:36:559,-3.88,-0.53,-1.42
17:57:36:565,-3.90,-0.51,-1.41
17:57:36:565,-3.89,-0.50,-1.39
17:57:36:565,-3.91,-0.54,-1.42
17:57:36:565,-3.89,-0.53,-1.40
17:57:36:565,-3.96,-0.49,-1.42
17:57:36:565,-3.95,-0.54,-1.44
17:57:36:636,-3.95,-0.57,-1.46
17:57:36:636,-3.94,-0.57,-1.43
17:57:36:636,-3.89,-0.58,-1.47
17:57:36:636,-3.87,-0.60,-1.51
17:57:36:644,-3.87,-0.59,-1.50
17:57:36:644,-3.88,-0.57,-1.53
17:57:36:644,-3.87,-0.60,-1.53
17:57:36:656,-3.88,-0.59,-1.53
17:57:36:656,-3.87,-0.62,-1.50
17:57:36:668,-3.88,-0.62,-1.50
17:57:36:758,-3.90,-0.60,-1.50
17:57:36:758,-3.97,-0.56,-1.57
17:57:36:758,-3.94,-0.58,-1.54
17:57:36:814,-4.04,-0.51,-1.51
17:57:36:814,-3.98,-0.49,-1.63
17:57:36:829,-3.92,-0.48,-1.66
17:57:36:829,-3.99,-0.50,-1.65
17:57:36:829,-4.01,-0.45,-1.63
17:57:36:841,-3.84,-0.35,-1.68
17:57:36:857,-3.86,-0.26,-1.76
17:57:36:857,-3.95,-0.17,-1.85
17:57:36:857,-4.04,-0.11,-1.97
17:57:36:857,-3.96,-0.17,-1.97
17:57:36:879,-3.88,-0.19,-1.94
17:57:36:879,-3.78,-0.17,-1.96
17:57:36:879,-3.70,-0.26,-1.85
17:57:36:879,-3.71,-0.23,-1.77
17:57:36:879,-3.55,-0.34,-1.76
17:57:36:879,-3.63,-0.36,-1.62
17:57:36:884,-3.82,-0.43,-1.54
17:57:36:884,-3.76,-0.37,-1.43
17:57:36:926,-3.72,-0.42,-1.41
17:57:37:32,-3.75,-0.54,-1.40
17:57:37:32,-3.76,-0.64,-1.38
17:57:37:32,-3.86,-0.65,-1.34
17:57:37:48,-3.76,-0.72,-1.32
17:57:37:48,-3.68,-0.73,-1.33
17:57:37:48,-3.65,-0.79,-1.37
17:57:37:65,-3.66,-0.84,-1.40
17:57:37:65,-3.64,-0.92,-1.29
17:57:37:98,-3.54,-0.96,-1.19
17:57:37:199,-3.50,-0.96,-1.19
17:57:37:199,-3.61,-0.92,-1.24
17:57:37:199,-3.80,-0.88,-1.33
17:57:37:264,-3.92,-0.86,-1.32
17:57:37:298,-3.92,-0.87,-1.37
17:57:37:349,-3.92,-0.87,-1.40
17:57:37:349,-4.02,-0.87,-1.54
17:57:37:349,-4.19,-0.89,-1.54
17:57:37:418,-4.19,-0.84,-1.48
17:57:37:418,-4.05,-0.70,-1.56
17:57:37:568,-4.12,-0.78,-1.80
17:57:37:619,-4.79,-0.76,-1.96
17:57:37:619,-4.92,-0.70,-2.03
17:57:37:767,-4.42,-0.57,-1.92
17:57:37:783,-3.99,-0.56,-1.82
17:57:37:799,-3.94,-0.51,-1.75
17:57:37:799,-4.02,-0.39,-1.94
17:57:37:799,-3.72,-0.37,-1.92
17:57:37:799,-3.51,-0.42,-1.87
17:57:37:862,-3.36,-0.47,-1.78
17:57:37:912,-3.41,-0.54,-2.00
17:57:37:912,-3.50,-0.57,-2.06
17:57:37:912,-3.58,-0.70,-2.05
17:57:37:912,-3.71,-0.83,-1.96
17:57:37:912,-3.79,-0.98,-2.00
17:57:37:928,-3.68,-0.88,-1.92
17:57:37:928,-3.71,-0.94,-1.74
17:57:37:928,-3.83,-1.05,-1.62
17:57:37:928,-3.87,-0.99,-1.73
17:57:37:943,-3.61,-1.13,-1.85
17:57:37:943,-3.45,-1.33,-1.86
17:57:37:992,-3.52,-1.41,-1.89
17:57:37:992,-3.66,-1.49,-1.81
17:57:38:56,-3.65,-1.30,-1.72
17:57:38:56,-3.52,-1.21,-1.70
17:57:38:89,-3.63,-1.10,-1.63
17:57:38:89,-3.78,-1.12,-1.72
17:57:38:89,-3.93,-1.06,-1.70
17:57:38:89,-4.15,-0.90,-1.65
17:57:38:89,-3.91,-0.85,-1.55
17:57:38:105,-3.87,-0.69,-1.44
17:57:38:105,-3.70,-0.71,-1.43
17:57:38:155,-3.76,-0.69,-1.41
17:57:38:155,-3.80,-0.92,-1.28
17:57:38:171,-3.82,-0.90,-1.10
17:57:38:171,-3.92,-0.78,-1.02
17:57:38:171,-3.85,-0.77,-1.05
17:57:38:171,-3.85,-0.74,-1.01
17:57:38:235,-3.93,-0.82,-0.99
17:57:38:268,-4.01,-0.82,-0.89
17:57:38:268,-4.04,-0.74,-0.88
17:57:38:268,-4.12,-0.72,-0.93
17:57:38:284,-4.17,-0.60,-0.91
17:57:38:284,-4.13,-0.55,-0.94
17:57:38:284,-4.09,-0.57,-0.99
17:57:38:319,-4.16,-0.47,-1.01
17:57:38:319,-4.09,-0.43,-1.05
17:57:38:334,-3.95,-0.55,-1.18
17:57:38:431,-3.91,-0.59,-1.11
17:57:38:466,-3.83,-0.64,-1.16
17:57:38:466,-3.82,-0.71,-1.21
17:57:38:484,-3.81,-0.75,-1.32
17:57:38:484,-3.92,-0.77,-1.35
17:57:38:515,-4.08,-0.76,-1.48
17:57:38:515,-4.04,-0.64,-1.44
17:57:38:515,-3.97,-0.57,-1.41
17:57:38:532,-3.86,-0.62,-1.41
17:57:38:532,-3.62,-0.69,-1.36
17:57:38:532,-3.64,-0.85,-1.31
17:57:38:564,-3.60,-0.93,-1.27
17:57:38:628,-3.54,-0.94,-1.21
17:57:38:628,-3.49,-0.98,-1.27
17:57:38:644,-3.61,-1.03,-1.37
17:57:38:677,-3.83,-1.05,-1.56
17:57:38:693,-4.00,-1.10,-1.68
17:57:38:693,-4.07,-1.15,-1.70
17:57:38:693,-3.97,-1.13,-1.51
17:57:38:710,-3.80,-1.07,-1.26
17:57:38:777,-3.73,-1.03,-1.21
17:57:38:842,-3.66,-1.07,-1.23
17:57:38:842,-3.70,-1.11,-1.21
17:57:38:858,-3.87,-1.09,-1.14
17:57:38:875,-4.00,-1.07,-1.20
17:57:38:875,-4.07,-1.00,-1.15
17:57:38:893,-4.33,-0.81,-1.31
17:57:38:893,-4.26,-0.60,-1.31
17:57:38:962,-4.03,-0.49,-1.24
17:57:38:997,-4.09,-0.41,-1.20
17:57:39:32,-4.08,-0.32,-1.18
17:57:39:49,-3.90,-0.43,-1.18
17:57:39:126,-3.91,-0.63,-1.24
17:57:39:193,-3.94,-0.76,-1.21
17:57:39:193,-3.98,-0.74,-1.21
17:57:39:193,-3.93,-0.68,-1.23
17:57:39:225,-3.98,-0.63,-1.23
17:57:39:225,-3.96,-0.48,-1.24
17:57:39:225,-3.95,-0.61,-1.35
17:57:39:242,-3.92,-0.71,-1.32
17:57:39:258,-3.89,-0.74,-1.29
17:57:39:291,-3.90,-0.68,-1.33
17:57:39:340,-3.82,-0.62,-1.38
17:57:39:340,-3.81,-0.49,-1.35
17:57:39:357,-3.76,-0.59,-1.35
17:57:39:357,-3.78,-0.63,-1.35
17:57:39:373,-3.75,-0.62,-1.33
17:57:39:421,-3.91,-0.73,-1.41
17:57:39:436,-3.92,-0.61,-1.38
17:57:39:436,-3.92,-0.52,-1.29
17:57:39:436,-3.95,-0.51,-1.26
17:57:39:502,-3.92,-0.56,-1.26
17:57:39:518,-3.94,-0.59,-1.25
17:57:39:535,-4.02,-0.65,-1.24
17:57:39:551,-3.98,-0.62,-1.21
17:57:39:568,-3.99,-0.58,-1.20
17:57:39:568,-4.00,-0.64,-1.23
17:57:39:584,-3.96,-0.69,-1.26
17:57:39:601,-3.96,-0.74,-1.22
17:57:39:617,-3.95,-0.74,-1.25
17:57:39:650,-3.95,-0.70,-1.25
17:57:39:698,-3.95,-0.69,-1.27
17:57:39:698,-3.96,-0.69,-1.26
17:57:39:698,-3.90,-0.73,-1.29
17:57:39:714,-3.94,-0.71,-1.30
17:57:39:730,-3.92,-0.67,-1.29
17:57:39:730,-3.87,-0.69,-1.32
17:57:39:747,-3.90,-0.67,-1.30
17:57:39:794,-3.93,-0.67,-1.36
17:57:39:795,-3.90,-0.70,-1.32
17:57:39:827,-3.93,-0.60,-1.26
17:57:39:860,-3.91,-0.66,-1.32
17:57:39:876,-3.89,-0.57,-1.32
17:57:39:909,-3.92,-0.61,-1.31
17:57:39:943,-3.94,-0.65,-1.29
17:57:39:962,-3.95,-0.64,-1.32
17:57:39:962,-3.93,-0.62,-1.30
17:57:39:978,-3.91,-0.63,-1.32
17:57:39:995,-3.88,-0.62,-1.30
17:57:40:26,-3.91,-0.63,-1.30
17:57:40:61,-3.91,-0.66,-1.31
17:57:40:95,-3.93,-0.66,-1.30
17:57:40:95,-3.94,-0.69,-1.29
17:57:40:143,-3.92,-0.68,-1.34
17:57:40:224,-3.92,-0.70,-1.33
17:57:40:224,-3.95,-0.69,-1.32
17:57:40:239,-3.91,-0.68,-1.32
17:57:40:256,-3.90,-0.69,-1.32
17:57:40:272,-3.92,-0.69,-1.32
17:57:40:272,-3.95,-0.72,-1.40
17:57:40:305,-3.92,-0.70,-1.34
17:57:40:323,-3.87,-0.68,-1.31
17:57:40:323,-3.84,-0.65,-1.34
17:57:40:341,-3.88,-0.64,-1.36
17:57:40:392,-3.93,-0.62,-1.33
17:57:40:392,-3.92,-0.66,-1.35
17:57:40:409,-3.91,-0.67,-1.34
17:57:40:427,-3.92,-0.68,-1.37
17:57:40:427,-3.92,-0.66,-1.33
17:57:40:444,-3.90,-0.62,-1.30
17:57:40:461,-3.90,-0.64,-1.30
17:57:40:461,-3.92,-0.64,-1.28
17:57:40:493,-3.92,-0.67,-1.31
17:57:40:510,-3.94,-0.70,-1.30
17:57:40:543,-3.92,-0.72,-1.28
17:57:40:593,-3.92,-0.72,-1.29
17:57:40:611,-3.93,-0.72,-1.29
17:57:40:611,-3.89,-0.72,-1.31
17:57:40:629,-3.91,-0.75,-1.32
17:57:40:646,-4.00,-0.68,-1.34
17:57:40:662,-3.92,-0.74,-1.40
17:57:40:679,-3.89,-0.69,-1.29
17:57:40:760,-3.86,-0.75,-1.32
17:57:40:776,-3.83,-0.69,-1.36
17:57:40:809,-3.87,-0.66,-1.33
17:57:40:825,-3.82,-0.67,-1.33
17:57:40:841,-3.91,-0.70,-1.35
17:57:40:872,-4.00,-0.70,-1.37
17:57:40:958,-3.98,-0.69,-1.36
17:57:41:10,-3.89,-0.71,-1.33
17:57:41:10,-3.89,-0.72,-1.31
17:57:41:45,-3.84,-0.71,-1.29
17:57:41:62,-3.87,-0.69,-1.31
17:57:41:128,-3.85,-0.69,-1.31
17:57:41:128,-3.89,-0.73,-1.35
17:57:41:160,-3.91,-0.74,-1.39
17:57:41:160,-3.92,-0.75,-1.44
17:57:41:193,-3.88,-0.73,-1.41
17:57:41:212,-3.83,-0.70,-1.44
17:57:41:212,-3.85,-0.69,-1.42
17:57:41:343,-3.85,-0.68,-1.49
17:57:41:343,-3.85,-0.73,-1.47
17:57:41:360,-3.79,-0.70,-1.34
17:57:41:360,-3.76,-0.70,-1.37
17:57:41:378,-3.84,-0.65,-1.41
17:57:41:379,-3.89,-0.61,-1.43
17:57:41:394,-4.13,-0.58,-1.45
17:57:41:460,-4.24,-0.54,-1.37
17:57:41:507,-4.37,-0.28,-1.31
17:57:41:523,-4.23,-0.37,-1.33
17:57:41:541,-4.03,-0.42,-1.27
17:57:41:594,-3.93,-0.57,-1.28
17:57:41:690,-4.11,-0.67,-1.40
17:57:41:706,-4.26,-0.51,-1.47
17:57:41:755,-4.06,-0.62,-1.43
17:57:41:771,-4.16,-0.39,-1.21
17:57:41:771,-4.07,0.45,-0.66
17:57:41:855,-3.83,0.39,-0.47
17:57:41:921,-3.48,0.10,-0.57
17:57:41:937,-3.29,-0.51,-0.88
17:57:41:954,-3.41,-0.52,-1.05
17:57:41:954,-3.47,-0.68,-1.04
17:57:42:22,-3.55,-0.71,-1.01
17:57:42:57,-3.44,-0.59,-0.94
17:57:42:72,-3.69,-0.62,-0.92
17:57:42:90,-3.98,-0.51,-0.79
17:57:42:107,-4.41,-0.29,-0.38
17:57:42:192,-4.56,-0.45,-0.34
17:57:42:192,-4.79,-0.87,-0.66
17:57:42:209,-4.51,-1.83,-1.25
17:57:42:209,-4.11,-1.61,-1.33
17:57:42:241,-3.82,-1.61,-1.71
17:57:42:241,-4.26,-1.45,-2.08
17:57:42:256,-4.75,-0.79,-1.91
17:57:42:273,-4.37,-0.54,-1.46
17:57:42:291,-3.70,-0.71,-1.24
17:57:42:291,-3.44,-1.00,-1.37
17:57:42:308,-3.62,-1.23,-1.65
17:57:42:308,-3.95,-1.21,-1.70
17:57:42:378,-3.89,-1.00,-1.51
17:57:42:430,-3.58,-0.91,-1.36
17:57:42:447,-3.41,-0.71,-1.24
17:57:42:464,-3.35,-0.79,-1.30
17:57:42:481,-3.36,-0.79,-1.28
17:57:42:497,-3.45,-0.91,-1.43
17:57:42:564,-3.58,-0.98,-1.50
17:57:42:566,-3.73,-0.95,-1.54
17:57:42:566,-3.75,-0.83,-1.49
17:57:42:582,-3.80,-0.74,-1.40
17:57:42:582,-3.90,-0.65,-1.39
17:57:42:598,-4.03,-0.51,-1.47
17:57:42:614,-3.90,-0.43,-1.75
17:57:42:614,-4.71,-0.56,-2.40
17:57:42:629,-5.54,-0.52,-2.36
17:57:42:629,-5.21,-0.53,-1.79
17:57:42:645,-5.29,-0.41,-1.42
17:57:42:662,-4.45,-0.25,-1.31
17:57:42:680,-3.57,0.13,-1.47
17:57:42:729,-3.48,0.37,-1.37
17:57:42:729,-4.02,0.77,-0.97
17:57:42:729,-3.61,-0.07,-0.75
17:57:42:746,-3.02,-0.23,-0.59
17:57:42:762,-2.66,-0.87,-0.77
17:57:42:796,-2.60,-1.07,-0.82
17:57:42:796,-2.64,-0.82,-0.70
17:57:42:813,-2.84,-0.82,-0.84
17:57:42:829,-3.10,-0.56,-0.65
17:57:42:845,-3.42,-0.81,-0.70
17:57:42:845,-3.61,-1.04,-0.67
17:57:42:925,-3.80,-1.08,-0.61
17:57:42:925,-3.97,-0.79,-0.61
17:57:42:942,-4.30,-0.79,-0.64
17:57:42:958,-4.58,-0.84,-0.68
17:57:42:975,-4.88,-0.92,-0.99
17:57:42:975,-5.28,-0.73,-1.29
17:57:43:13,-5.54,-0.81,-1.84
17:57:43:13,-6.25,-1.07,-2.04
17:57:43:29,-6.50,-0.91,-1.34
17:57:43:60,-4.89,-0.75,-0.85
17:57:43:92,-3.56,-0.55,-0.99
17:57:43:110,-3.41,-0.65,-1.50
17:57:43:110,-3.91,-0.60,-1.88
17:57:43:128,-4.08,-0.69,-1.88
17:57:43:146,-4.01,-0.79,-1.66
17:57:43:162,-3.46,-0.59,-1.20
17:57:43:249,-3.10,-0.58,-1.06
17:57:43:285,-2.94,-0.56,-1.20
17:57:43:285,-2.88,-0.54,-1.26
17:57:43:319,-2.80,-0.58,-1.37
17:57:43:319,-2.82,-0.68,-1.40
17:57:43:336,-3.05,-0.55,-1.38
17:57:43:353,-3.14,-0.44,-1.27
17:57:43:371,-3.30,-0.33,-1.30
17:57:43:406,-3.41,-0.36,-1.31
17:57:43:421,-3.56,-0.42,-1.41
17:57:43:454,-3.64,-0.57,-1.54
17:57:43:454,-3.86,-0.74,-1.63
17:57:43:503,-4.43,-0.76,-1.80
17:57:43:518,-4.83,-0.75,-1.95
17:57:43:536,-5.32,-0.71,-2.32
17:57:43:634,-6.67,-0.79,-2.78
17:57:43:651,-6.10,-0.73,-1.83
17:57:43:669,-5.21,-0.68,-0.70
17:57:43:669,-4.53,-0.52,-0.38
17:57:43:685,-3.69,0.03,-1.10
17:57:43:704,-3.59,0.48,-1.59
17:57:43:704,-3.82,0.38,-1.38
17:57:43:721,-3.45,0.37,-1.13
17:57:43:788,-3.15,0.22,-0.90
17:57:43:808,-2.75,0.00,-0.75
17:57:43:857,-2.61,-0.31,-0.99
17:57:43:857,-2.78,-0.48,-1.03
17:57:43:873,-2.83,-0.64,-1.09
17:57:43:890,-2.92,-0.53,-1.07
17:57:43:940,-3.03,-0.48,-1.05
17:57:43:992,-3.16,-0.50,-1.08
17:57:44:9,-3.40,-0.23,-0.98
17:57:44:9,-3.66,-0.35,-0.84
17:57:44:26,-3.85,-0.50,-0.79
17:57:44:26,-4.06,-0.80,-0.66
17:57:44:42,-4.59,-1.16,-0.67
17:57:44:74,-4.81,-1.37,-0.83
17:57:44:121,-5.03,-1.36,-1.11
17:57:44:190,-5.38,-1.43,-1.63
17:57:44:206,-6.63,-1.52,-1.56
17:57:44:223,-6.81,-1.46,-0.81
17:57:44:239,-5.03,-1.37,-0.57
17:57:44:255,-3.96,-1.52,-1.15
17:57:44:273,-4.59,-1.43,-1.66
17:57:44:276,-4.92,-1.10,-1.72
17:57:44:293,-4.52,-0.86,-1.59
17:57:44:325,-3.94,-0.66,-1.07
17:57:44:359,-3.59,-0.60,-0.76
17:57:44:375,-3.28,-0.66,-0.80
17:57:44:391,-3.15,-0.64,-1.06
17:57:44:424,-3.03,-0.56,-1.24
17:57:44:441,-2.97,-0.70,-1.26
17:57:44:458,-3.18,-0.46,-1.22
17:57:44:475,-3.07,-0.44,-1.23
17:57:44:553,-3.13,-0.21,-1.23
17:57:44:565,-3.22,-0.08,-1.33
17:57:44:571,-3.19,-0.07,-1.37
17:57:44:594,-3.33,-0.28,-1.62
17:57:44:616,-3.80,-0.42,-1.75
17:57:44:640,-4.09,-0.58,-1.81
17:57:44:657,-4.30,-0.55,-1.89
17:57:44:743,-4.83,-0.48,-2.62
17:57:44:748,-5.70,-0.54,-2.84
17:57:44:755,-5.24,-0.68,-1.94
17:57:44:904,-4.61,-0.53,-0.75
17:57:44:932,-4.34,-0.57,-0.44
17:57:44:940,-4.31,-0.42,-0.84
17:57:44:985,-4.30,-0.09,-0.89
17:57:45:14,-3.91,-0.22,-0.79
17:57:45:20,-3.57,-0.39,-0.58
17:57:45:89,-3.13,-0.45,-0.37
17:57:45:112,-2.80,-0.55,-0.29
17:57:45:152,-2.90,-0.74,-0.35
17:57:45:171,-3.34,-0.94,-0.50
17:57:45:186,-3.62,-0.98,-0.72
17:57:45:192,-3.84,-0.79,-0.86
17:57:45:228,-3.84,-0.71,-0.77
17:57:45:276,-3.82,-0.58,-0.54
17:57:45:282,-3.74,-0.50,-0.39
17:57:45:304,-3.83,-0.50,-0.53
17:57:45:323,-4.02,-0.62,-0.64
17:57:45:329,-4.27,-0.67,-0.85
17:57:45:335,-4.83,-0.66,-1.21
17:57:45:346,-5.38,-0.66,-1.63
17:57:45:360,-6.11,-0.79,-2.25
17:57:45:370,-7.48,-0.79,-2.08
17:57:45:404,-6.50,-0.69,-1.10
17:57:45:436,-4.53,-0.64,-0.84
17:57:45:436,-3.41,-0.83,-1.36
17:57:45:453,-4.11,-0.63,-1.91
17:57:45:470,-4.49,-0.70,-1.99
17:57:45:488,-4.17,-0.65,-1.64
17:57:45:505,-3.61,-0.42,-1.05
17:57:45:523,-3.23,-0.37,-0.70
17:57:45:523,-3.07,-0.50,-0.81
17:57:45:539,-2.96,-0.53,-1.02
17:57:45:554,-2.90,-0.54,-1.26
17:57:45:604,-2.94,-0.65,-1.39
17:57:45:621,-3.25,-0.69,-1.50
17:57:45:637,-3.21,-0.52,-1.43
17:57:45:637,-3.18,-0.38,-1.43
17:57:45:653,-3.29,-0.29,-1.46
17:57:45:669,-3.51,-0.31,-1.60
17:57:45:700,-3.88,-0.42,-1.87
17:57:45:717,-4.10,-0.55,-1.95
17:57:45:808,-4.21,-0.58,-1.94
17:57:45:839,-4.71,-0.60,-2.51
17:57:45:856,-5.79,-0.79,-2.90
17:57:45:872,-5.58,-0.82,-1.92
17:57:45:904,-4.50,-0.59,-0.67
17:57:45:904,-4.17,-0.60,-0.36
17:57:45:904,-4.33,-0.50,-0.81
17:57:45:937,-4.57,-0.19,-1.15
17:57:45:969,-4.19,0.12,-1.04
17:57:45:984,-3.67,0.18,-0.93
17:57:46:2,-3.12,0.10,-0.83
17:57:46:19,-2.74,0.04,-0.70
17:57:46:19,-2.69,-0.13,-0.56
17:57:46:36,-2.77,-0.52,-0.49
17:57:46:71,-3.02,-0.92,-0.75
17:57:46:140,-3.38,-1.07,-0.93
17:57:46:158,-3.56,-0.98,-0.86
17:57:46:175,-3.79,-0.81,-0.80
17:57:46:192,-3.95,-0.76,-0.85
17:57:46:208,-4.00,-0.76,-0.74
17:57:46:227,-4.14,-0.76,-0.70
17:57:46:242,-4.45,-0.62,-0.79
17:57:46:310,-4.72,-0.57,-1.06
17:57:46:342,-5.15,-0.67,-1.31
17:57:46:358,-5.24,-0.73,-1.67
17:57:46:358,-6.07,-0.89,-2.03
17:57:46:358,-7.03,-1.18,-1.54
17:57:46:390,-5.88,-1.08,-0.52
17:57:46:407,-4.15,-1.21,-0.75
17:57:46:439,-3.96,-1.32,-1.47
17:57:46:503,-4.60,-1.24,-1.84
17:57:46:617,-4.54,-1.02,-1.78
17:57:46:617,-4.38,-0.52,-1.48
17:57:46:633,-3.84,-0.43,-1.20
17:57:46:633,-3.56,-0.48,-1.04
17:57:46:666,-3.38,-0.55,-1.07
17:57:46:699,-3.26,-0.60,-1.13
17:57:46:717,-3.25,-0.69,-1.31
17:57:46:717,-3.06,-0.72,-1.44
17:57:46:733,-3.13,-0.63,-1.45
17:57:46:733,-3.19,-0.45,-1.46
17:57:46:733,-3.33,-0.36,-1.39
17:57:46:751,-3.40,-0.19,-1.35
17:57:46:783,-3.63,-0.22,-1.49
17:57:46:814,-3.82,-0.17,-1.63
17:57:46:865,-3.96,-0.24,-1.73
17:57:46:881,-3.76,-0.26,-1.76
17:57:46:896,-4.35,-0.27,-2.60
17:57:46:896,-5.43,-0.58,-2.82
17:57:46:943,-4.83,-0.74,-1.74
17:57:46:961,-4.22,-0.54,-0.49
17:57:46:976,-4.11,-0.65,-0.38
17:57:46:994,-4.29,-0.55,-1.03
17:57:47:57,-4.37,-0.13,-1.42
17:57:47:73,-4.15,0.08,-1.49
17:57:47:73,-3.83,0.05,-1.24
17:57:47:90,-3.34,-0.09,-1.01
17:57:47:138,-3.01,-0.23,-0.89
17:57:47:140,-2.92,-0.40,-0.84
17:57:47:206,-3.24,-0.79,-0.75
17:57:47:223,-3.55,-1.19,-0.73
17:57:47:286,-3.63,-1.41,-0.77
17:57:47:302,-3.74,-1.37,-0.84
17:57:47:302,-3.80,-1.26,-0.66
17:57:47:302,-3.89,-1.19,-0.42
17:57:47:318,-3.99,-1.00,-0.22
17:57:47:334,-4.24,-0.86,-0.31
17:57:47:350,-4.76,-0.76,-0.68
17:57:47:415,-5.24,-0.67,-1.12
17:57:47:432,-5.67,-0.74,-2.06
17:57:47:448,-7.16,-0.87,-2.50
17:57:47:464,-7.71,-0.88,-1.91
17:57:47:482,-5.80,-0.60,-1.11
17:57:47:502,-4.17,-0.62,-1.20
17:57:47:536,-3.92,-0.62,-1.78
17:57:47:588,-4.50,-0.66,-2.37
17:57:47:588,-4.31,-0.78,-2.38
17:57:47:607,-3.89,-0.83,-1.81
17:57:47:622,-3.40,-0.86,-1.27
17:57:47:656,-3.04,-0.80,-1.05
17:57:47:673,-2.90,-0.61,-1.16
17:57:47:722,-2.69,-0.39,-1.30
17:57:47:842,-2.55,-0.36,-1.37
17:57:47:842,-2.71,-0.54,-1.39
17:57:47:859,-3.08,-0.57,-1.49
17:57:47:893,-3.02,-0.44,-1.45
17:57:47:893,-3.16,-0.39,-1.43
17:57:47:963,-3.38,-0.26,-1.43
17:57:47:997,-3.64,-0.27,-1.64
17:57:47:997,-4.11,-0.34,-1.83
17:57:47:997,-4.28,-0.41,-1.92
17:57:48:15,-4.30,-0.52,-1.96
17:57:48:15,-4.88,-0.39,-2.57
17:57:48:15,-5.76,-0.61,-3.01
17:57:48:50,-5.25,-0.79,-1.86
17:57:48:83,-4.69,-0.66,-0.70
17:57:48:134,-4.43,-0.79,-0.36
17:57:48:185,-4.17,-0.44,-0.88
17:57:48:202,-4.10,0.09,-1.48
17:57:48:202,-4.18,0.35,-1.59
17:57:48:218,-3.82,0.32,-1.31
17:57:48:235,-3.54,0.24,-1.03
17:57:48:235,-3.23,0.16,-0.82
17:57:48:267,-3.09,-0.22,-0.74
17:57:48:316,-3.04,-0.68,-0.80
17:57:48:316,-3.10,-1.02,-0.87
17:57:48:337,-3.09,-1.09,-0.91
17:57:48:355,-3.20,-0.92,-1.05
17:57:48:355,-3.35,-0.79,-1.03
17:57:48:371,-3.58,-0.65,-0.89
17:57:48:404,-3.85,-0.60,-0.72
17:57:48:420,-4.00,-0.47,-0.57
17:57:48:472,-4.10,-0.47,-0.65
17:57:48:498,-4.14,-0.45,-0.77
17:57:48:514,-4.18,-0.47,-0.80
17:57:48:514,-4.45,-0.57,-0.96
17:57:48:539,-5.00,-0.66,-1.16
17:57:48:574,-5.50,-0.76,-1.54
17:57:48:610,-6.20,-0.92,-1.85
17:57:48:657,-6.95,-0.91,-1.54
17:57:48:692,-6.05,-0.68,-0.93
17:57:48:709,-4.61,-0.55,-0.83
17:57:48:709,-3.82,-0.50,-1.23
17:57:48:727,-3.86,-0.43,-1.93
17:57:48:727,-4.30,-0.46,-2.44
17:57:48:761,-4.54,-0.60,-2.43
17:57:48:778,-4.19,-0.57,-1.86
17:57:48:848,-3.93,-0.54,-1.40
17:57:48:900,-3.56,-0.61,-1.30
17:57:48:935,-3.26,-0.50,-1.57
17:57:49:138,-2.84,-0.47,-1.78
17:57:49:205,-2.66,-0.62,-1.73
17:57:49:274,-3.05,-0.73,-1.78
17:57:49:328,-2.88,-0.74,-1.72
17:57:49:396,-2.81,-0.56,-1.61
17:57:49:465,-2.73,-0.46,-1.45
17:57:49:500,-2.94,-0.43,-1.23
17:57:49:500,-3.08,-0.48,-1.17
17:57:49:500,-3.16,-0.56,-1.17
17:57:49:639,-3.49,-0.57,-1.29
17:57:49:675,-3.76,-0.61,-1.36
17:57:49:691,-4.01,-0.62,-1.41
17:57:49:726,-4.41,-0.61,-1.43
17:57:49:726,-5.02,-0.57,-1.25
17:57:49:726,-5.48,-0.43,-1.45
17:57:49:777,-5.90,-0.35,-2.16
17:57:49:777,-6.35,-0.37,-2.40
17:57:49:777,-5.40,-0.48,-1.48
17:57:49:812,-4.69,-0.37,-0.76
17:57:49:812,-4.02,-0.17,-0.79
17:57:49:830,-3.42,-0.01,-1.05
17:57:49:830,-3.49,-0.21,-1.43
17:57:49:830,-3.83,-0.39,-1.54
17:57:49:945,-3.76,-0.49,-1.46
17:57:49:945,-3.48,-0.46,-1.35
17:57:49:979,-3.30,-0.42,-1.17
17:57:49:979,-3.33,-0.59,-1.12
17:57:49:995,-3.53,-0.75,-1.11
17:57:50:112,-3.68,-0.83,-1.25
17:57:50:112,-3.53,-0.87,-1.40
17:57:50:176,-3.49,-0.80,-1.44
17:57:50:176,-3.85,-0.71,-1.40
17:57:50:176,-4.03,-0.53,-1.35
17:57:50:176,-4.00,-0.32,-1.24
17:57:50:192,-3.86,-0.21,-1.24
17:57:50:208,-3.88,-0.18,-1.24
17:57:50:208,-3.91,-0.18,-1.27
17:57:50:208,-4.13,-0.19,-1.31
17:57:50:225,-4.22,-0.25,-1.42
17:57:50:225,-4.27,-0.29,-1.49
17:57:50:225,-4.38,-0.29,-1.44
17:57:50:306,-4.17,-0.32,-1.32
17:57:50:306,-3.93,-0.31,-1.29
17:57:50:306,-3.85,-0.28,-1.41
17:57:50:306,-3.86,-0.27,-1.59
17:57:50:306,-3.95,-0.29,-1.72
17:57:50:306,-4.02,-0.40,-1.68
17:57:50:322,-4.00,-0.42,-1.63
17:57:50:337,-3.88,-0.48,-1.65
17:57:50:337,-3.75,-0.60,-1.68
17:57:50:337,-3.65,-0.63,-1.68
17:57:50:337,-3.66,-0.76,-1.70
17:57:50:337,-3.59,-0.78,-1.72
17:57:50:354,-3.55,-0.71,-1.67
17:57:50:354,-3.58,-0.65,-1.58
17:57:50:370,-3.66,-0.62,-1.56
17:57:50:387,-3.64,-0.62,-1.54
17:57:50:387,-3.73,-0.66,-1.52
17:57:50:419,-3.72,-0.70,-1.53
17:57:50:419,-3.82,-0.72,-1.48
17:57:50:469,-3.90,-0.71,-1.45
17:57:50:486,-3.96,-0.68,-1.43
17:57:50:503,-4.03,-0.67,-1.43
