17:53:46:302,4.15,0.14,-1.04
17:53:46:307,4.73,0.33,-1.08
17:53:46:328,5.60,0.03,-1.07
17:53:46:337,5.37,-1.21,-1.76
17:53:46:388,4.37,-2.44,-1.97
17:53:46:475,3.42,-3.07,-1.04
17:53:46:494,3.17,-3.72,-1.35
17:53:46:494,2.95,-3.03,-1.10
17:53:46:510,3.27,-2.40,-0.84
17:53:46:521,3.79,-1.83,-0.64
17:53:46:525,4.23,-1.35,-0.54
17:53:46:559,4.59,-1.04,-0.60
17:53:46:569,4.49,-0.54,-0.74
17:53:46:591,4.70,-0.43,-0.79
17:53:46:594,4.62,-0.02,-0.68
17:53:46:665,4.59,0.04,-0.70
17:53:46:665,4.65,0.88,-0.46
17:53:46:676,4.54,1.76,-0.78
17:53:46:705,4.17,2.46,-0.94
17:53:46:725,3.98,3.46,-1.21
17:53:46:770,3.83,3.79,-3.00
17:53:46:772,4.82,6.17,-1.66
17:53:46:835,4.56,-2.81,1.25
17:53:46:847,5.02,-0.14,0.49
17:53:46:859,5.39,0.63,-2.02
17:53:46:865,3.75,0.76,-1.49
17:53:46:905,4.63,-0.30,-1.31
17:53:46:935,4.01,0.68,-1.43
17:53:46:950,3.81,-0.13,-1.10
17:53:47:35,3.95,-0.31,-1.19
17:53:47:65,3.90,-0.11,-1.00
17:53:47:75,3.70,0.26,-1.02
17:53:47:94,3.80,0.03,-1.20
17:53:47:117,3.81,0.09,-1.39
17:53:47:127,3.70,-0.07,-1.27
17:53:47:127,3.78,0.33,-1.15
17:53:47:187,3.96,0.24,-1.17
17:53:47:207,3.77,-0.34,-1.76
17:53:47:214,3.70,0.38,-1.54
17:53:47:227,3.85,0.06,-1.42
17:53:47:245,4.03,0.40,-1.14
17:53:47:245,3.88,0.46,-1.55
17:53:47:267,4.24,0.72,-1.66
17:53:47:313,5.68,0.26,-1.50
17:53:47:410,5.54,0.95,-0.79
17:53:47:434,5.70,0.69,-1.28
17:53:47:464,6.67,-0.03,-1.61
17:53:47:474,7.73,-1.55,-2.90
17:53:47:484,8.00,-1.90,-2.16
17:53:47:484,8.00,0.17,-1.09
17:53:47:494,7.82,0.18,-2.84
17:53:47:527,5.86,-3.75,-2.36
17:53:47:559,2.68,-7.83,-3.04
17:53:47:574,1.59,-3.35,-1.80
17:53:47:584,1.19,-2.96,-0.94
17:53:47:589,2.07,-2.34,-0.17
17:53:47:635,2.99,-0.95,-0.06
17:53:47:656,4.05,-0.05,-0.30
17:53:47:664,5.16,0.07,-0.48
17:53:47:704,6.86,0.32,-0.69
17:53:47:734,7.56,0.48,-1.12
17:53:47:754,8.00,2.25,-1.39
17:53:47:759,8.00,3.84,-1.43
17:53:47:778,7.98,5.41,-0.99
17:53:47:804,6.56,6.47,-3.23
17:53:47:856,4.25,8.00,-3.29
17:53:47:884,4.55,8.00,-1.35
17:53:47:956,3.92,4.41,-6.53
17:53:48:4,6.18,-8.00,0.40
17:53:48:9,8.00,1.97,1.29
17:53:48:37,4.88,-0.63,-1.91
17:53:48:97,5.50,2.23,-1.00
17:53:48:104,4.38,2.84,-0.66
17:53:48:104,3.75,0.45,-1.45
17:53:48:119,3.86,0.06,-1.20
17:53:48:135,3.94,-0.67,-1.23
17:53:48:144,4.06,-0.50,-1.16
17:53:48:164,4.04,-0.31,-1.44
17:53:48:177,3.70,-0.07,-1.52
17:53:48:184,3.63,-0.02,-1.52
17:53:48:204,3.90,-0.29,-1.27
17:53:48:217,3.78,-0.03,-1.13
17:53:48:244,3.84,-0.87,-1.87
17:53:48:275,3.61,0.06,-1.68
17:53:48:284,4.37,1.12,-1.10
17:53:48:304,4.99,1.72,-0.32
17:53:48:349,5.29,0.58,-1.00
17:53:48:374,5.65,0.28,-1.39
17:53:48:444,6.76,0.02,-1.72
17:53:48:456,8.00,-1.11,-2.26
17:53:48:464,8.00,-2.60,-0.76
17:53:48:464,8.00,-0.88,-0.69
17:53:48:475,6.92,-0.94,-3.17
17:53:48:495,6.67,-3.41,-2.73
17:53:48:529,2.55,-6.71,-3.10
17:53:48:554,1.99,-4.02,-1.21
17:53:48:566,2.59,-2.44,0.19
17:53:48:594,1.08,-1.51,-0.21
17:53:48:641,2.16,-0.96,-0.23
17:53:48:644,3.02,0.06,-0.86
17:53:48:664,4.09,-0.30,-1.64
17:53:48:701,5.10,0.28,-1.47
17:53:48:724,6.59,0.50,-1.51
17:53:48:758,8.00,2.95,-1.58
17:53:48:789,8.00,4.51,-1.60
17:53:48:807,8.00,6.07,-0.51
17:53:48:824,7.45,8.00,-0.69
17:53:48:834,5.32,8.00,-2.52
17:53:48:869,5.40,8.00,-1.95
17:53:48:887,3.91,-8.00,-2.38
17:53:48:917,5.26,-0.43,2.18
17:53:48:937,7.09,0.31,-0.39
17:53:48:996,6.47,3.76,-1.43
17:53:49:15,5.10,0.93,-0.41
17:53:49:20,3.57,0.63,-1.38
17:53:49:35,3.43,-0.04,-1.12
17:53:49:53,4.33,-0.55,-1.29
17:53:49:70,3.63,-0.49,-1.27
17:53:49:178,3.83,-0.64,-1.44
17:53:49:178,3.76,0.19,-1.11
17:53:49:187,3.77,0.88,-0.96
17:53:49:187,3.84,0.29,-1.10
17:53:49:205,4.13,0.02,-1.50
17:53:49:224,3.80,0.42,-1.42
17:53:49:243,3.84,0.40,-1.23
17:53:49:261,4.02,0.39,-1.63
17:53:49:295,4.28,0.99,-1.74
17:53:49:343,5.10,0.85,-0.91
17:53:49:362,5.29,0.66,-0.56
17:53:49:362,5.22,0.64,-1.56
17:53:49:397,6.30,0.38,-1.99
17:53:49:417,7.58,-0.70,-2.94
17:53:49:437,8.00,-2.33,-2.75
17:53:49:456,6.66,0.84,-0.49
17:53:49:532,8.00,-1.65,-3.58
17:53:49:532,6.13,-2.72,-3.17
17:53:49:549,2.31,-7.59,-2.23
17:53:49:562,1.87,-3.88,-0.47
17:53:49:580,1.02,-3.20,-0.71
17:53:49:596,1.67,-1.79,-0.00
17:53:49:632,2.62,-1.14,-0.54
17:53:49:688,3.93,-0.11,-0.92
17:53:49:707,5.07,0.02,-1.13
17:53:49:737,6.10,0.76,-0.87
17:53:49:755,7.57,1.14,-1.32
17:53:49:756,8.00,2.53,-1.88
17:53:49:774,8.00,4.12,-1.69
17:53:49:812,8.00,6.05,-0.78
17:53:49:829,7.18,8.00,-2.54
17:53:49:902,4.70,8.00,-1.36
17:53:49:902,5.06,8.00,0.01
17:53:49:918,5.11,-8.00,-4.12
17:53:49:937,6.38,-3.26,3.42
17:53:49:937,7.50,1.88,-1.10
17:53:49:958,5.78,3.99,-0.63
17:53:49:975,5.56,0.62,-0.51
17:53:50:12,3.36,0.71,-1.74
17:53:50:44,3.50,-0.13,-1.30
17:53:50:86,4.43,-0.31,-1.22
17:53:50:90,3.62,-0.88,-1.41
17:53:50:115,3.77,-1.01,-1.74
17:53:50:154,3.45,-0.26,-1.51
17:53:50:172,3.74,-0.11,-1.19
17:53:50:172,3.81,0.11,-1.21
17:53:50:248,3.73,-0.40,-1.86
17:53:50:267,3.63,0.11,-1.66
17:53:50:267,3.72,0.62,-1.21
17:53:50:267,3.98,0.46,-1.44
17:53:50:304,4.26,1.60,-1.10
17:53:50:338,4.07,1.43,-1.82
17:53:50:354,5.46,0.64,-0.81
17:53:50:376,5.92,-0.05,-0.99
17:53:50:431,6.27,0.10,-1.76
17:53:50:431,8.00,-0.92,-2.71
17:53:50:431,8.00,-2.29,-2.44
17:53:50:467,8.00,-1.29,-1.90
17:53:50:485,8.00,-3.10,-1.30
17:53:50:521,7.60,-0.48,-2.19
17:53:50:540,4.47,-2.09,-3.36
17:53:50:611,1.92,-4.89,-0.30
17:53:50:627,0.63,-2.41,-0.54
17:53:50:630,1.29,-2.19,-0.34
17:53:50:647,2.02,-1.15,-0.48
17:53:50:667,2.65,-0.86,-0.95
17:53:50:685,4.11,-0.40,-1.24
17:53:50:703,5.62,0.35,-1.11
17:53:50:726,7.06,0.44,-0.71
17:53:50:760,8.00,1.84,-1.26
17:53:50:795,8.00,4.27,-1.65
17:53:50:797,8.00,6.24,-1.61
17:53:50:816,7.14,7.42,-2.44
17:53:50:853,5.77,8.00,-1.91
17:53:50:874,5.19,8.00,-0.25
17:53:50:892,4.49,-8.00,-5.11
17:53:50:925,2.63,3.75,3.95
17:53:50:983,8.00,1.08,-3.14
17:53:51:0,4.55,1.11,-2.18
17:53:51:20,5.77,1.42,-1.11
17:53:51:20,4.14,1.23,-1.56
17:53:51:54,3.16,0.05,-1.66
17:53:51:74,4.22,-0.41,-1.14
17:53:51:96,3.83,-0.45,-1.26
17:53:51:114,4.04,-0.49,-1.22
17:53:51:150,3.76,-0.44,-1.53
17:53:51:167,3.51,-0.25,-1.40
17:53:51:186,3.76,0.07,-1.33
17:53:51:208,3.81,-0.03,-1.30
17:53:51:226,3.75,0.26,-1.36
17:53:51:262,3.97,0.55,-1.41
17:53:51:337,4.08,0.89,-1.33
17:53:51:337,4.57,0.45,-1.78
17:53:51:355,5.34,0.99,-1.40
17:53:51:355,5.70,-0.05,-1.31
17:53:51:374,5.64,0.34,-1.34
17:53:51:428,6.72,-0.06,-1.73
17:53:51:430,8.00,-1.03,-2.68
17:53:51:483,8.00,-3.14,-2.18
17:53:51:505,8.00,-0.71,-1.15
17:53:51:523,6.97,-0.50,-3.34
17:53:51:523,4.42,-1.59,-2.42
17:53:51:541,2.66,-6.28,-2.34
17:53:51:579,2.25,-1.00,-0.20
17:53:51:598,1.12,-2.21,-0.38
17:53:51:633,1.02,-1.18,-0.12
17:53:51:689,1.61,-0.44,-0.45
17:53:51:689,2.27,-0.31,-0.96
17:53:51:705,3.46,-0.09,-1.16
17:53:51:740,4.95,0.37,-0.46
17:53:51:761,6.34,0.36,-0.30
17:53:51:775,8.00,1.96,-0.70
17:53:51:812,8.00,4.27,-1.50
17:53:51:850,8.00,6.65,-0.49
17:53:51:868,8.00,8.00,-0.59
17:53:51:887,4.48,8.00,-2.77
17:53:51:905,5.91,8.00,-1.35
17:53:51:905,5.89,-8.00,1.16
17:53:51:923,4.28,3.24,1.35
17:53:51:951,5.54,-1.33,-3.06
17:53:51:987,4.22,0.15,-0.83
17:53:52:24,3.26,1.04,-1.18
17:53:52:63,3.85,0.66,-1.45
17:53:52:79,3.88,-0.14,-1.21
17:53:52:81,4.08,-0.57,-1.43
17:53:52:99,3.83,-0.63,-1.53
17:53:52:133,3.73,-0.16,-1.51
17:53:52:151,3.64,-0.04,-1.29
17:53:52:169,3.78,0.07,-1.21
17:53:52:233,4.05,-0.10,-1.45
17:53:52:251,3.96,0.10,-1.50
17:53:52:271,3.80,0.49,-1.41
17:53:52:307,4.10,0.60,-1.34
17:53:52:307,4.15,0.66,-1.54
17:53:52:326,4.45,0.17,-2.17
17:53:52:343,5.16,0.25,-0.78
17:53:52:362,5.36,0.21,-1.49
17:53:52:418,6.02,0.41,-1.70
17:53:52:418,7.36,-0.30,-2.47
17:53:52:436,8.00,-1.70,-3.13
17:53:52:471,8.00,-1.42,-2.45
17:53:52:491,8.00,-1.75,-2.67
17:53:52:510,6.96,-0.37,-1.86
17:53:52:529,4.46,-3.54,-3.04
17:53:52:584,1.93,-3.41,-0.23
17:53:52:602,1.26,-3.33,-0.41
17:53:52:602,1.24,-2.18,-0.32
17:53:52:654,1.85,-0.87,-0.63
17:53:52:671,2.79,-0.28,-1.19
17:53:52:671,4.35,0.37,-0.85
17:53:52:708,5.51,1.24,-0.12
17:53:52:782,6.69,1.13,0.14
17:53:52:782,7.67,2.50,-0.51
17:53:52:782,7.26,3.48,-1.51
17:53:52:802,7.52,2.92,-1.74
17:53:52:837,7.53,3.80,-1.04
17:53:52:837,6.49,4.39,-1.30
17:53:52:873,5.20,8.00,-2.29
17:53:52:925,5.03,8.00,-2.03
17:53:52:942,3.23,3.90,-5.07
17:53:52:958,5.57,-8.00,0.54
17:53:52:961,4.98,0.25,-1.88
17:53:53:13,5.66,2.05,-1.98
17:53:53:13,5.46,-0.63,-1.13
17:53:53:32,4.44,0.92,-1.78
17:53:53:69,3.78,0.46,-1.77
17:53:53:106,3.52,-0.64,-2.13
17:53:53:144,3.78,-0.41,-1.17
17:53:53:144,4.02,-0.61,-0.72
17:53:53:162,3.93,-0.55,-1.10
17:53:53:180,3.85,-0.74,-1.27
17:53:53:216,3.88,-0.22,-1.42
17:53:53:236,3.75,0.09,-1.17
17:53:53:309,3.91,0.16,-1.29
17:53:53:309,3.76,0.67,-1.11
17:53:53:327,3.81,0.36,-0.95
17:53:53:327,3.90,0.70,-0.97
17:53:53:345,3.91,0.93,-1.09
17:53:53:366,3.80,0.65,-1.39
17:53:53:400,3.74,1.32,-1.22
17:53:53:418,4.18,0.66,-1.83
17:53:53:436,4.58,1.45,-0.72
17:53:53:487,4.55,1.06,-0.51
17:53:53:523,5.13,1.27,-1.20
17:53:53:539,6.06,1.23,-2.19
17:53:53:539,7.24,0.23,-2.06
17:53:53:572,6.83,-0.54,-1.04
17:53:53:589,7.83,-1.25,-1.18
17:53:53:610,6.83,1.64,-2.12
17:53:53:663,2.87,0.77,-3.74
17:53:53:680,1.19,-4.74,-1.58
17:53:53:681,0.49,-2.45,-0.26
17:53:53:699,0.80,-1.30,-0.00
17:53:53:738,0.69,-0.51,-0.35
17:53:53:755,1.42,0.30,-0.97
17:53:53:774,3.30,1.92,-1.07
17:53:53:793,4.38,4.01,-0.65
17:53:53:865,4.23,4.40,-0.26
17:53:53:865,4.87,4.44,-0.15
17:53:53:865,5.15,4.90,-0.25
17:53:53:901,5.74,5.64,-0.94
17:53:53:920,4.50,4.36,-0.87
17:53:53:953,4.90,3.00,-1.71
17:53:53:986,3.39,3.43,-0.82
17:53:54:25,0.53,6.06,-0.11
17:53:54:43,5.52,-3.31,-0.85
17:53:54:44,4.32,0.88,-0.61
17:53:54:65,3.95,-1.08,-1.09
17:53:54:101,3.54,-0.14,-0.98
17:53:54:118,3.92,-0.13,-0.94
17:53:54:212,3.86,-0.38,-1.26
17:53:54:212,3.78,-0.30,-1.17
17:53:54:230,3.82,-0.31,-1.04
17:53:54:250,3.85,-0.38,-1.05
17:53:54:250,3.87,-0.44,-1.18
17:53:54:267,3.85,-0.23,-1.17
17:53:54:287,3.87,-0.07,-1.08
17:53:54:324,3.87,-0.13,-1.07
17:53:54:389,3.91,-0.40,-1.22
17:53:54:389,3.83,-0.01,-1.04
17:53:54:407,3.90,0.02,-1.11
17:53:54:426,3.81,-0.08,-1.18
17:53:54:462,3.81,-0.07,-1.19
17:53:54:463,3.84,-0.11,-1.14
17:53:54:499,3.85,-0.04,-1.13
17:53:54:499,3.81,-0.17,-1.24
17:53:54:538,3.81,-0.02,-1.17
17:53:54:597,3.85,0.00,-1.24
17:53:54:614,3.82,-0.14,-1.36
17:53:54:615,3.75,-0.13,-1.41
17:53:54:632,3.86,0.05,-1.03
17:53:54:643,3.77,0.19,-1.21
17:53:54:662,3.81,0.23,-1.36
17:53:54:698,3.74,0.02,-1.12
17:53:54:776,3.81,0.07,-1.24
17:53:54:792,4.01,0.26,-1.38
17:53:54:797,3.79,0.14,-1.19
17:53:54:852,4.03,0.12,-1.36
17:53:54:852,3.96,0.21,-1.27
17:53:54:870,3.94,0.06,-1.25
17:53:54:870,3.75,-0.03,-1.29
17:53:54:941,3.86,0.14,-1.26
17:53:54:941,3.84,0.25,-1.31
17:53:54:941,3.79,0.36,-1.47
17:53:54:978,3.83,0.41,-1.33
17:53:54:999,3.87,0.35,-1.26
17:53:54:999,3.82,0.25,-1.50
17:53:55:19,3.87,0.24,-1.32
17:53:55:72,3.78,0.35,-1.36
17:53:55:110,3.87,0.47,-1.08
17:53:55:110,3.92,0.23,-1.36
17:53:55:130,3.80,0.63,-1.27
17:53:55:165,3.59,0.96,-1.09
17:53:55:169,4.42,-0.14,-2.02
17:53:55:187,3.76,0.49,-0.95
17:53:55:216,3.78,0.48,-0.83
17:53:55:330,3.91,0.03,-0.96
17:53:55:330,3.53,-0.61,-1.26
17:53:55:330,4.15,-2.26,-1.42
17:53:55:352,3.91,-1.20,-1.98
17:53:55:352,3.96,-1.89,-2.46
17:53:55:370,3.91,-0.82,-1.81
17:53:55:389,4.19,0.19,-0.57
17:53:55:408,4.38,-0.04,-1.34
17:53:55:483,4.22,-0.02,-1.64
17:53:55:499,3.77,-0.42,-1.71
17:53:55:518,3.44,-0.57,-1.77
17:53:55:542,3.16,-1.02,-1.75
17:53:55:542,3.00,-1.21,-2.01
17:53:55:582,3.25,-0.80,-2.40
17:53:55:598,3.26,0.18,-2.59
17:53:55:632,2.76,0.89,-3.82
17:53:55:658,2.35,1.14,-4.39
17:53:55:658,2.84,0.89,-7.42
17:53:55:681,1.03,2.41,-7.07
17:53:55:719,3.85,3.44,1.56
17:53:55:735,5.58,-0.26,0.21
17:53:55:754,2.47,-1.55,-1.07
17:53:55:776,4.44,0.46,-1.93
17:53:55:858,3.86,0.37,-1.69
17:53:55:874,3.83,0.91,-0.99
17:53:55:906,4.07,0.36,-0.71
17:53:55:921,3.85,0.16,-0.98
17:53:55:937,3.85,0.07,-1.50
17:53:55:952,3.61,0.26,-1.25
17:53:55:952,3.77,-0.08,-1.11
17:53:56:11,3.96,-0.13,-1.29
17:53:56:26,3.76,0.12,-1.62
17:53:56:47,3.71,0.09,-1.09
17:53:56:64,3.98,0.22,-1.34
17:53:56:81,3.94,0.05,-1.33
17:53:56:103,3.44,-0.10,-1.32
17:53:56:146,3.59,-0.06,-1.57
17:53:56:198,3.81,0.46,-0.99
17:53:56:199,3.99,0.37,-0.96
17:53:56:215,4.08,0.21,-0.96
17:53:56:220,3.76,0.19,-0.98
17:53:56:244,3.94,0.20,-0.87
17:53:56:265,3.96,0.14,-0.85
17:53:56:282,3.92,0.08,-0.89
17:53:56:298,3.78,-0.05,-0.53
17:53:56:372,3.90,-0.18,-0.65
17:53:56:393,3.71,0.03,-1.39
17:53:56:411,3.86,0.33,-1.39
17:53:56:434,3.64,0.31,-1.61
17:53:56:453,3.58,0.34,-1.84
17:53:56:453,3.81,-0.02,-1.40
17:53:56:471,3.82,0.04,-1.20
17:53:56:548,3.86,0.05,-1.17
17:53:56:588,3.78,-0.19,-1.22
17:53:56:603,4.07,0.02,-1.21
17:53:56:623,3.79,0.20,-1.00
17:53:56:623,3.94,0.22,-1.05
17:53:56:645,3.87,0.03,-1.21
17:53:56:665,4.14,-0.04,-1.51
17:53:56:666,3.76,-0.06,-1.12
17:53:56:701,3.79,-0.01,-1.13
17:53:56:737,3.88,0.10,-1.11
17:53:56:772,3.83,0.22,-1.08
17:53:56:789,3.85,0.13,-1.24
17:53:56:793,4.55,-0.41,-1.85
17:53:56:809,3.71,0.13,-1.05
17:53:56:824,3.80,0.10,-1.25
17:53:56:858,4.14,0.03,-1.42
17:53:56:912,3.69,0.14,-1.07
17:53:56:948,3.64,0.25,-1.09
17:53:56:948,4.02,-0.90,-1.63
17:53:56:970,4.09,0.25,-1.07
17:53:56:986,3.38,0.44,-0.86
17:53:57:5,3.79,0.34,-0.98
17:53:57:26,3.80,-0.09,-1.72
17:53:57:116,3.94,-0.05,-1.58
17:53:57:153,4.02,0.13,-1.26
17:53:57:172,3.70,0.18,-1.25
17:53:57:172,3.93,0.34,-1.33
17:53:57:267,3.94,0.12,-1.41
17:53:57:371,3.88,-0.08,-1.46
17:53:57:387,3.95,0.30,-1.47
17:53:57:387,3.71,0.49,-1.34
17:53:57:488,3.63,-0.06,-1.40
17:53:57:509,3.98,0.18,-1.30
17:53:57:524,3.88,0.58,-1.11
17:53:57:543,3.67,0.76,-0.95
17:53:57:563,3.88,0.71,-1.06
17:53:57:563,3.67,0.31,-1.69
17:53:57:580,3.77,0.37,-1.35
17:53:57:638,3.63,0.53,-1.28
17:53:57:662,4.05,-0.01,-1.02
17:53:57:664,4.21,0.34,-1.28
17:53:57:680,3.91,0.82,-1.38
17:53:57:680,3.91,0.55,-1.19
17:53:57:698,4.43,0.62,-1.15
17:53:57:700,4.95,0.57,-1.40
17:53:57:700,5.48,0.12,-1.81
17:53:57:720,6.34,0.04,-0.83
17:53:57:720,5.87,-0.34,-2.14
17:53:57:720,6.03,-0.29,-2.56
17:53:57:756,6.98,-1.14,-2.53
17:53:57:756,6.62,0.04,-1.60
17:53:57:776,4.54,0.46,-1.99
17:53:57:838,2.24,-1.03,-0.81
17:53:57:838,1.85,-3.15,-1.05
17:53:57:854,1.39,-3.31,-1.52
17:53:57:885,1.31,-2.44,-1.30
17:53:57:901,2.05,-1.58,-1.14
17:53:57:901,3.28,-1.44,-0.70
17:53:57:932,5.24,-0.14,-0.47
17:53:57:982,6.42,0.33,-0.64
17:53:57:997,6.95,1.56,-1.28
17:53:57:997,7.29,2.77,-1.78
17:53:58:17,8.00,4.79,-0.46
17:53:58:17,7.19,6.34,-0.04
17:53:58:37,4.47,8.00,-2.10
17:53:58:45,3.57,7.75,-3.48
17:53:58:123,3.18,8.00,0.09
17:53:58:144,4.20,-8.00,-2.90
17:53:58:184,4.96,1.87,-1.56
17:53:58:184,4.98,0.30,-1.80
17:53:58:219,4.23,0.28,-0.77
17:53:58:291,4.45,0.79,-0.99
17:53:58:291,3.93,0.25,-1.45
17:53:58:400,3.92,-0.52,-1.55
17:53:58:400,3.80,-0.24,-1.32
17:53:58:417,3.72,-0.20,-1.26
17:53:58:437,3.75,-0.27,-1.20
17:53:58:472,3.85,0.31,-1.13
17:53:58:474,3.88,0.22,-1.24
17:53:58:474,3.90,-0.16,-1.36
17:53:58:546,3.86,0.06,-1.31
17:53:58:546,3.91,0.41,-1.11
17:53:58:579,3.84,-0.23,-1.46
17:53:58:580,4.15,0.67,-1.56
17:53:58:580,3.91,0.29,-2.05
17:53:58:580,4.68,1.18,-1.04
17:53:58:596,5.28,0.66,-0.63
17:53:58:602,5.56,0.33,-0.66
17:53:58:618,5.75,0.45,-1.10
17:53:58:688,5.87,0.18,-1.54
17:53:58:722,7.15,-0.94,-3.38
17:53:58:722,7.24,-2.56,-2.38
17:53:58:740,6.98,0.16,-0.93
17:53:58:740,7.54,-0.96,-2.27
17:53:58:760,7.33,-3.01,-3.73
17:53:58:795,4.83,-0.73,-3.63
17:53:58:795,3.82,-3.28,-2.04
17:53:58:837,2.11,-1.44,-0.91
17:53:58:909,2.29,-1.98,0.20
17:53:58:909,2.04,-1.35,0.22
17:53:58:909,2.58,-1.10,-0.59
17:53:58:925,3.59,-0.45,-1.46
17:53:58:945,5.17,1.19,-1.65
17:53:58:965,6.54,1.68,-1.66
17:53:59:85,7.12,2.56,-1.88
17:53:59:85,8.00,2.81,-2.29
17:53:59:103,8.00,4.91,-2.13
17:53:59:106,7.29,6.28,-1.91
17:53:59:106,6.32,8.00,-2.42
17:53:59:125,4.97,8.00,-0.40
17:53:59:147,4.96,8.00,-0.74
17:53:59:147,3.68,-7.01,-4.02
17:53:59:202,4.59,3.38,1.32
17:53:59:219,8.00,0.73,-3.70
17:53:59:254,4.36,1.68,-1.14
17:53:59:274,3.78,3.84,-1.17
17:53:59:274,4.62,2.04,-1.04
17:53:59:294,3.54,0.40,-0.84
17:53:59:331,4.24,0.12,-1.34
17:53:59:351,3.91,-0.23,-1.58
17:53:59:370,3.79,-0.17,-1.56
17:53:59:434,3.58,-0.06,-1.57
17:53:59:455,3.81,-0.09,-0.92
17:53:59:456,4.18,0.11,-0.85
17:53:59:476,4.03,0.43,-1.31
17:53:59:511,3.80,-0.13,-2.05
17:53:59:529,3.50,1.54,-1.62
17:53:59:567,4.98,1.07,-0.38
17:53:59:625,5.38,0.34,-0.91
17:53:59:644,5.44,0.18,-1.33
17:53:59:648,6.21,-0.13,-1.35
17:53:59:648,7.49,-0.90,-2.71
17:53:59:664,8.00,-1.64,-1.85
17:53:59:684,8.00,-1.68,-0.01
17:53:59:704,8.00,-3.58,-2.27
17:53:59:804,6.65,-0.60,-2.53
17:53:59:804,5.15,2.84,-3.09
17:53:59:820,4.84,-5.41,-1.95
17:53:59:820,2.04,-0.97,-1.47
17:53:59:835,2.47,-1.82,-0.50
17:53:59:851,0.95,-0.64,-0.76
17:53:59:882,2.71,0.22,0.01
17:53:59:898,3.51,0.04,-0.57
17:53:59:944,4.57,-0.21,-1.24
17:53:59:960,5.75,0.83,-1.38
17:53:59:975,7.66,1.81,-1.67
17:54:0:15,8.00,3.52,-1.86
17:54:0:35,7.61,3.61,-2.48
17:54:0:55,7.96,6.73,-1.45
17:54:0:74,6.48,8.00,-0.96
17:54:0:147,5.30,8.00,-1.92
17:54:0:167,4.79,8.00,-0.68
17:54:0:170,5.28,-8.00,0.22
17:54:0:189,7.02,4.04,1.83
17:54:0:192,7.31,-0.81,-2.24
17:54:0:211,5.65,4.41,-1.31
17:54:0:259,3.05,3.98,-1.66
17:54:0:262,4.33,0.79,-1.45
17:54:0:327,3.73,0.24,-0.56
17:54:0:367,4.22,-1.24,-1.54
17:54:0:387,3.87,-0.28,-1.57
17:54:0:387,4.22,-0.26,-1.92
17:54:0:402,4.25,0.29,-1.01
17:54:0:422,3.80,-0.29,-1.30
17:54:0:442,3.61,-0.06,-1.50
17:54:0:458,3.94,-0.09,-1.93
17:54:0:509,3.72,0.01,-1.95
17:54:0:528,4.16,0.67,-1.37
17:54:0:528,4.83,0.70,-0.91
17:54:0:547,5.01,0.41,-1.23
17:54:0:582,5.20,0.52,-1.56
17:54:0:601,5.79,0.23,-1.54
17:54:0:639,6.76,-0.33,-2.64
17:54:0:671,8.00,-1.99,-2.93
17:54:0:698,8.00,-1.43,-1.63
17:54:0:714,8.00,-2.99,-2.38
17:54:0:714,7.20,-1.58,-2.38
17:54:0:735,3.67,-0.84,-2.53
17:54:0:779,2.88,-6.73,-1.61
17:54:0:798,1.84,-1.74,-1.40
17:54:0:818,2.67,-0.56,-0.89
17:54:0:870,3.24,-0.34,-0.21
17:54:0:888,3.82,1.19,-0.27
17:54:0:889,4.01,0.49,-0.53
17:54:0:933,5.18,0.35,-1.57
17:54:0:951,6.04,0.96,-2.37
17:54:0:954,7.04,2.10,-2.28
17:54:0:991,7.79,3.30,-2.43
17:54:1:25,7.33,3.87,-2.30
17:54:1:67,7.56,6.31,0.20
17:54:1:67,6.86,7.27,-0.14
17:54:1:85,4.94,8.00,-1.53
17:54:1:119,4.83,8.00,-0.81
17:54:1:119,5.56,-8.00,-0.89
17:54:1:154,6.41,1.99,0.86
17:54:1:193,7.19,-0.52,-2.38
17:54:1:247,5.02,3.60,-0.01
17:54:1:262,4.87,-0.60,-1.32
17:54:1:304,3.46,0.14,-2.04
17:54:1:304,3.63,0.27,-0.87
17:54:1:304,4.55,-0.50,-1.25
17:54:1:304,3.82,-0.61,-1.45
17:54:1:416,3.73,-0.43,-1.90
17:54:1:417,3.48,-0.05,-1.57
17:54:1:417,3.71,-0.09,-1.24
17:54:1:417,3.88,-0.01,-1.08
17:54:1:434,3.74,-0.13,-1.73
17:54:1:455,3.80,0.37,-1.51
17:54:1:496,3.95,1.62,-1.08
17:54:1:516,4.30,1.13,-1.32
17:54:1:555,4.69,0.93,-2.03
17:54:1:608,5.44,0.83,-1.34
17:54:1:629,5.89,0.38,-1.02
17:54:1:646,6.70,0.33,-2.05
17:54:1:654,7.98,-0.93,-2.92
17:54:1:671,8.00,-1.72,-2.64
17:54:1:672,8.00,-0.31,-2.06
17:54:1:770,8.00,-5.18,-2.79
17:54:1:770,4.76,-0.14,-2.11
17:54:1:788,4.11,-3.67,-4.21
17:54:1:788,1.84,-3.63,-0.49
17:54:1:804,1.26,-2.29,-0.83
17:54:1:835,1.62,-0.90,-0.25
17:54:1:851,2.23,-0.02,-0.23
17:54:1:867,2.62,-0.27,-0.60
17:54:1:943,4.07,-0.47,-1.01
17:54:1:974,5.20,0.19,-1.04
17:54:2:7,5.92,0.32,-1.30
17:54:2:30,7.82,1.99,-1.71
17:54:2:46,8.00,4.73,-1.67
17:54:2:46,8.00,5.26,-0.27
17:54:2:46,8.00,8.00,-0.32
17:54:2:64,5.20,8.00,-3.03
17:54:2:127,4.70,8.00,-0.94
17:54:2:143,5.00,-7.70,-1.07
17:54:2:160,6.46,3.52,1.61
17:54:2:182,7.77,0.01,-1.57
17:54:2:198,4.77,1.35,-2.72
17:54:2:214,4.69,-0.07,-1.31
17:54:2:234,3.53,0.47,-2.06
17:54:2:312,3.37,0.88,-0.84
17:54:2:329,4.63,-0.24,-0.84
17:54:2:347,3.75,-0.53,-1.45
17:54:2:347,3.76,-0.26,-1.56
17:54:2:366,3.71,-0.23,-1.70
17:54:2:366,3.37,-0.37,-1.30
17:54:2:419,3.93,0.43,-0.88
17:54:2:419,4.08,0.24,-1.26
17:54:2:486,4.06,0.73,-1.30
17:54:2:504,4.06,0.15,-1.88
17:54:2:504,4.26,1.43,-1.49
17:54:2:523,4.86,1.41,-1.42
17:54:2:558,5.72,0.48,-0.94
17:54:2:558,5.64,0.38,-1.85
17:54:2:596,6.90,0.06,-2.29
17:54:2:615,8.00,-0.94,-3.11
17:54:2:653,8.00,-3.16,-2.73
17:54:2:674,7.64,0.36,-1.21
17:54:2:694,7.92,-0.95,-3.60
17:54:2:712,4.68,-1.37,-3.24
17:54:2:731,3.10,-5.98,-1.60
17:54:2:783,1.26,-2.20,-0.42
17:54:2:804,1.64,-2.51,0.01
17:54:2:858,1.43,-1.98,-0.52
17:54:2:876,2.18,-0.95,-0.79
17:54:2:876,3.21,0.01,-1.46
17:54:2:876,4.53,0.11,-1.56
17:54:2:914,5.57,0.71,-1.39
17:54:2:953,6.65,1.66,-1.80
17:54:2:972,7.93,2.23,-2.36
17:54:2:972,8.00,5.07,-2.32
17:54:3:27,8.00,6.33,-1.25
17:54:3:45,7.00,8.00,-0.78
17:54:3:45,4.86,8.00,-0.44
17:54:3:84,5.12,8.00,-1.84
17:54:3:102,6.17,-6.09,1.63
17:54:3:138,6.42,2.61,-2.46
17:54:3:138,4.42,0.35,-6.41
17:54:3:230,4.88,0.83,-1.03
17:54:3:231,3.96,0.30,-1.73
17:54:3:231,3.18,0.32,-1.46
17:54:3:251,4.21,-0.90,-0.86
17:54:3:289,3.95,-0.53,-1.27
17:54:3:289,4.12,-0.45,-1.54
17:54:3:323,3.83,-0.06,-1.49
17:54:3:323,3.80,0.17,-1.40
17:54:3:381,3.83,0.43,-1.00
17:54:3:399,3.75,0.65,-1.02
17:54:3:400,3.55,0.90,-0.90
17:54:3:457,2.93,0.71,-1.50
17:54:3:457,4.28,0.82,-0.93
17:54:3:476,4.19,0.75,-1.19
17:54:3:498,3.85,1.10,-1.22
17:54:3:534,4.01,0.43,-1.77
17:54:3:589,4.14,1.01,-1.47
17:54:3:589,4.93,1.58,-1.28
17:54:3:608,5.55,0.82,-1.58
17:54:3:626,5.86,1.02,-1.82
17:54:3:643,8.00,-0.57,-3.13
17:54:3:678,8.00,0.28,-1.47
17:54:3:714,6.96,-0.05,-2.30
17:54:3:751,6.70,0.54,-3.59
17:54:3:751,3.09,-4.92,-2.63
17:54:3:770,0.65,-1.88,-0.50
17:54:3:806,1.26,-2.52,-0.75
17:54:3:807,0.95,-1.39,-0.32
17:54:3:861,1.16,-0.48,-0.58
17:54:3:872,2.62,0.71,-0.28
17:54:3:897,4.09,2.65,0.47
17:54:3:934,4.48,4.96,0.45
17:54:3:970,4.56,4.97,-0.24
17:54:3:970,5.62,5.88,0.40
17:54:3:989,5.13,6.20,0.27
17:54:4:83,4.14,4.57,-0.56
17:54:4:119,3.54,2.17,-1.18
17:54:4:120,5.08,4.73,-0.11
17:54:4:137,5.12,7.03,-1.83
17:54:4:174,4.81,-3.84,-1.27
17:54:4:189,3.89,0.04,-1.48
17:54:4:194,4.03,-0.72,-1.53
17:54:4:212,3.49,-0.11,-1.45
17:54:4:230,3.65,-0.96,-1.28
17:54:4:230,3.85,0.17,-0.87
17:54:4:266,3.86,-0.21,-1.25
17:54:4:319,3.74,-0.03,-1.28
17:54:4:319,3.87,-0.02,-1.26
17:54:4:337,3.88,-0.33,-1.32
17:54:4:375,3.93,-0.42,-1.26
17:54:4:375,3.87,0.04,-1.15
17:54:4:393,3.74,0.16,-1.09
17:54:4:432,3.79,0.04,-1.25
17:54:4:488,3.81,-0.03,-1.29
17:54:4:506,3.81,0.02,-1.25
17:54:4:527,3.85,-0.36,-1.42
17:54:4:545,3.92,0.03,-1.10
17:54:4:545,3.83,0.10,-1.11
17:54:4:566,3.79,0.09,-1.32
17:54:4:603,3.75,-0.01,-1.33
17:54:4:657,3.84,0.04,-1.27
17:54:4:691,3.79,0.05,-1.18
17:54:4:715,3.80,0.03,-1.25
17:54:4:715,3.83,0.03,-1.27
17:54:4:751,3.87,0.15,-1.25
17:54:4:751,3.83,0.14,-1.26
17:54:4:768,3.83,0.15,-1.27
17:54:4:842,3.81,0.18,-1.15
17:54:4:843,3.79,0.12,-1.21
17:54:4:843,3.78,0.16,-1.23
17:54:4:861,3.83,0.14,-1.25
17:54:4:900,3.83,0.16,-1.16
17:54:4:900,3.84,0.22,-1.15
17:54:4:935,3.70,-0.11,-1.06
17:54:4:955,3.95,-0.10,-1.05
17:54:4:991,4.11,-0.02,-1.34
17:54:5:27,3.76,0.20,-1.29
17:54:5:27,3.87,0.07,-1.21
17:54:5:45,3.91,0.19,-1.26
17:54:5:76,3.83,0.29,-0.90
17:54:5:78,3.92,-0.02,-1.17
17:54:5:149,4.05,0.07,-1.28
17:54:5:200,3.81,0.19,-0.84
17:54:5:217,3.84,0.05,-1.16
17:54:5:224,3.89,0.29,-0.91
17:54:5:243,3.74,0.38,-1.16
17:54:5:244,3.96,0.27,-0.99
17:54:5:279,3.91,0.19,-1.00
17:54:5:317,3.85,0.41,-0.82
17:54:5:372,4.01,0.24,-0.89
17:54:5:373,3.98,-0.29,-1.29
17:54:5:431,3.88,-0.06,-1.02
17:54:5:449,4.27,0.12,-0.82
17:54:5:468,4.14,0.30,-0.88
17:54:5:469,4.44,0.45,-0.89
17:54:5:524,4.13,0.43,-1.10
17:54:5:541,3.84,3.65,-2.50
17:54:5:557,3.43,4.44,-4.83
17:54:5:559,4.15,3.30,-3.60
17:54:5:581,3.86,2.26,-2.38
17:54:5:581,3.61,0.61,-3.35
17:54:5:598,4.02,-0.09,-1.92
17:54:5:634,4.03,-0.72,-1.49
17:54:5:652,3.40,-0.92,-1.96
17:54:5:671,3.75,-0.49,-2.19
17:54:5:709,4.25,-0.54,-1.99
17:54:5:744,3.52,-1.17,-2.63
17:54:5:761,3.54,-0.83,-3.46
17:54:5:763,4.21,-3.81,-2.00
17:54:5:782,3.50,-1.11,-3.73
17:54:5:819,3.80,-0.15,-4.48
17:54:5:839,3.50,1.03,-3.91
17:54:5:911,2.91,-1.48,-3.77
17:54:5:911,2.26,-1.14,-2.60
17:54:5:911,2.08,-7.37,-1.12
17:54:5:948,2.87,-2.16,1.21
17:54:5:948,5.89,-0.38,4.71
17:54:6:23,4.64,-1.30,1.35
17:54:6:60,3.91,0.12,-2.89
17:54:6:97,6.61,-0.45,-2.29
17:54:6:97,4.83,1.56,-0.97
17:54:6:116,4.03,0.78,-1.03
17:54:6:132,3.95,0.12,-1.52
17:54:6:150,4.06,-0.07,-1.67
17:54:6:169,3.73,-0.19,-1.50
17:54:6:188,3.45,0.71,-0.98
17:54:6:209,3.80,0.82,-0.62
17:54:6:227,3.88,0.39,-0.80
17:54:6:300,4.15,-0.92,-1.29
17:54:6:319,3.95,0.02,-1.04
17:54:6:319,3.80,0.06,-0.79
17:54:6:337,4.04,0.01,-0.94
17:54:6:355,3.99,0.12,-0.88
17:54:6:391,4.11,0.25,-1.08
17:54:6:391,3.94,0.49,-0.55
17:54:6:431,4.15,0.28,-0.80
17:54:6:465,4.46,0.32,-1.07
17:54:6:515,4.07,-0.17,-1.38
17:54:6:516,3.07,2.69,-3.54
17:54:6:534,3.33,5.11,-5.55
17:54:6:534,4.11,3.93,-5.51
17:54:6:553,3.49,3.25,-3.16
17:54:6:573,3.33,0.73,-1.99
17:54:6:642,3.07,-2.36,0.06
17:54:6:660,2.21,-4.64,1.21
17:54:6:660,2.33,-5.25,2.79
17:54:6:694,5.72,4.41,1.98
17:54:6:715,7.56,-3.91,-2.83
17:54:6:715,4.64,0.97,0.18
17:54:6:804,3.84,0.84,-0.54
17:54:6:823,3.54,1.03,-1.47
17:54:6:841,3.84,0.29,-1.72
17:54:6:841,3.91,-0.38,-1.57
17:54:6:841,3.71,-0.20,-1.46
17:54:6:910,3.65,-0.36,-1.25
17:54:6:928,4.10,0.11,-1.34
17:54:6:928,3.81,0.29,-1.27
17:54:6:928,3.74,-0.01,-1.49
17:54:7:3,3.82,0.23,-1.19
17:54:7:20,3.92,0.39,-0.96
17:54:7:20,3.81,0.15,-1.27
17:54:7:38,3.72,-0.05,-1.38
17:54:7:55,4.03,0.15,-1.45
17:54:7:73,3.73,-0.04,-1.11
17:54:7:160,3.87,0.02,-1.20
17:54:7:230,3.83,0.14,-1.32
17:54:7:230,3.78,0.03,-1.44
17:54:7:248,3.81,0.08,-1.36
17:54:7:264,3.81,0.24,-1.14
17:54:7:281,3.80,0.19,-1.17
17:54:7:297,3.76,-0.12,-1.44
17:54:7:297,3.88,0.38,-1.08
17:54:7:352,3.87,0.29,-1.22
17:54:7:370,3.82,0.12,-1.35
17:54:7:371,3.86,0.01,-1.49
17:54:7:405,3.99,0.15,-1.41
17:54:7:421,3.91,0.06,-1.26
17:54:7:421,3.78,0.23,-1.10
17:54:7:456,3.91,0.15,-1.19
17:54:7:476,3.85,0.11,-1.27
17:54:7:525,3.80,0.09,-1.33
17:54:7:545,3.76,0.04,-1.23
17:54:7:564,3.85,0.13,-1.10
17:54:7:564,3.70,0.18,-0.97
17:54:7:586,3.99,0.01,-1.18
17:54:7:602,3.95,0.26,-1.02
17:54:7:638,3.91,0.03,-1.18
17:54:7:657,3.86,0.35,-1.28
17:54:7:712,3.87,-0.25,-1.53
17:54:7:748,3.78,0.08,-1.16
17:54:7:748,3.91,0.02,-1.23
17:54:7:783,3.89,-0.29,-1.41
17:54:7:819,3.81,0.02,-1.20
17:54:7:874,3.96,0.12,-1.13
17:54:7:891,4.05,0.39,-0.97
17:54:7:928,3.84,-0.15,-0.89
17:54:7:945,3.91,0.15,-1.04
17:54:7:964,4.25,0.20,-1.08
17:54:7:982,4.23,-0.16,-1.30
17:54:7:982,4.64,-0.35,-0.99
17:54:8:3,5.59,-1.25,-1.75
17:54:8:3,5.92,-1.00,-1.34
17:54:8:38,4.59,-3.30,-1.80
17:54:8:73,3.25,-3.65,-1.93
17:54:8:92,3.02,-3.80,-1.25
17:54:8:92,3.19,-3.19,-1.12
17:54:8:110,3.40,-1.58,-0.84
17:54:8:144,4.06,-0.44,-0.95
17:54:8:180,4.36,0.01,-1.18
17:54:8:197,4.35,0.32,-1.40
17:54:8:252,4.90,1.16,-1.50
17:54:8:286,4.74,3.15,-0.93
17:54:8:288,4.53,4.46,-1.07
17:54:8:324,3.58,7.21,-1.24
17:54:8:324,3.86,4.61,-0.78
17:54:8:342,3.95,3.62,-0.81
17:54:8:364,3.30,-1.66,-2.26
17:54:8:364,6.43,-0.02,1.13
17:54:8:470,5.81,0.83,-2.09
17:54:8:486,3.83,1.05,-0.71
17:54:8:504,4.41,-0.14,-1.55
17:54:8:522,3.51,0.60,-1.08
17:54:8:522,4.13,0.41,-0.89
17:54:8:522,3.91,-0.42,-0.98
17:54:8:540,3.87,-0.33,-1.40
17:54:8:611,3.30,-0.12,-1.61
17:54:8:611,3.71,0.36,-1.27
17:54:8:611,4.02,0.20,-1.24
17:54:8:664,3.68,-0.06,-1.51
17:54:8:704,3.74,-0.29,-1.66
17:54:8:704,3.93,0.35,-1.43
17:54:8:723,3.90,0.19,-1.41
17:54:8:756,3.78,0.54,-1.23
17:54:8:807,4.12,1.04,-1.12
17:54:8:825,4.33,1.25,-1.16
17:54:8:843,4.77,1.63,-1.52
17:54:8:843,5.13,0.37,-1.37
17:54:8:859,6.44,-0.06,-1.41
17:54:8:877,6.87,-0.24,-2.39
17:54:8:912,8.00,-3.59,-4.96
17:54:8:969,8.00,-0.12,-1.75
17:54:8:985,7.86,-1.80,-3.04
17:54:9:1,4.00,-4.33,-1.69
17:54:9:2,1.86,-5.07,-1.62
17:54:9:21,1.33,-5.50,-1.08
17:54:9:58,1.89,-3.16,-0.66
17:54:9:148,2.84,-1.98,-0.25
17:54:9:165,3.53,-1.15,0.00
17:54:9:165,4.49,-0.56,-0.17
17:54:9:182,6.01,-0.09,-0.48
17:54:9:199,7.45,1.20,-1.04
17:54:9:200,7.35,2.17,-1.34
17:54:9:219,7.76,2.72,-1.08
17:54:9:238,8.00,3.74,-0.39
17:54:9:256,6.82,5.44,-1.46
17:54:9:327,5.04,8.00,-2.82
17:54:9:327,4.72,8.00,-0.51
17:54:9:344,5.23,6.65,-2.54
17:54:9:360,6.80,-3.48,1.73
17:54:9:395,8.00,2.31,0.89
17:54:9:414,5.67,-0.09,-1.69
17:54:9:448,5.47,2.95,-1.33
17:54:9:483,4.58,0.59,-1.63
17:54:9:516,2.95,-0.46,-2.11
17:54:9:535,3.86,-0.46,-1.46
17:54:9:535,4.00,-0.57,-1.11
17:54:9:570,3.92,-0.36,-1.33
17:54:9:587,3.84,-1.29,-1.58
17:54:9:589,3.51,-0.19,-1.59
17:54:9:625,3.77,-0.01,-1.48
17:54:9:708,3.92,0.09,-1.36
17:54:9:710,3.70,-0.30,-1.56
17:54:9:727,4.16,0.29,-1.33
17:54:9:744,3.82,0.33,-1.73
17:54:9:746,3.79,1.07,-1.81
17:54:9:767,4.88,1.11,-0.86
17:54:9:785,6.00,0.42,-0.76
17:54:9:823,5.65,0.15,-1.38
17:54:9:841,6.24,-0.02,-1.92
17:54:9:859,8.00,-1.12,-2.91
17:54:9:894,8.00,-1.99,-2.60
17:54:9:912,7.88,-0.20,-1.78
17:54:9:945,7.83,-1.20,-3.56
17:54:9:983,5.70,-1.83,-2.19
17:54:10:16,3.56,-7.70,-2.44
17:54:10:66,1.54,-3.58,-0.17
17:54:10:66,1.54,-4.15,-0.15
17:54:10:82,1.70,-1.47,-0.61
17:54:10:83,3.49,-0.71,-0.56
17:54:10:119,3.92,-0.05,-1.11
17:54:10:138,4.41,0.75,-1.37
17:54:10:157,5.78,1.08,-1.64
17:54:10:177,6.44,2.11,-1.62
17:54:10:229,6.68,2.07,-1.89
17:54:10:247,7.34,3.36,-1.88
17:54:10:247,8.00,4.81,-1.21
17:54:10:266,6.92,5.96,-0.72
17:54:10:305,6.11,7.08,-2.39
17:54:10:359,4.40,8.00,-1.91
17:54:10:433,4.83,7.70,-2.01
17:54:10:433,5.91,-8.00,-2.40
17:54:10:452,6.89,2.76,2.14
17:54:10:452,7.47,-1.12,-1.82
17:54:10:470,4.19,1.18,-4.23
17:54:10:488,4.38,-0.03,-1.63
17:54:10:488,3.65,0.61,-2.16
17:54:10:508,3.43,-0.11,-0.61
17:54:10:545,4.06,-0.34,-1.02
17:54:10:582,3.80,-0.87,-1.51
17:54:10:601,3.82,-0.50,-1.71
17:54:10:619,3.70,-0.13,-1.35
17:54:10:638,3.74,-0.13,-1.24
17:54:10:657,3.95,0.24,-0.90
17:54:10:675,3.92,0.09,-1.31
17:54:10:713,3.96,0.11,-1.50
17:54:10:769,3.64,0.87,-1.45
17:54:10:787,4.14,0.41,-1.65
17:54:10:787,4.41,0.72,-1.78
17:54:10:805,5.06,0.20,-1.34
17:54:10:824,5.27,0.51,-1.12
17:54:10:842,5.81,0.41,-1.60
17:54:10:880,7.00,-0.18,-2.39
17:54:10:899,7.98,-0.87,-2.49
17:54:10:918,8.00,-2.79,-2.95
17:54:10:956,8.00,-0.11,-0.52
17:54:10:972,7.10,-0.64,-2.95
17:54:11:8,3.43,-4.37,-2.26
17:54:11:44,1.80,-7.91,-2.13
17:54:11:64,1.59,-3.31,-1.17
17:54:11:84,2.39,-1.87,-0.77
17:54:11:128,2.95,-1.98,-0.11
17:54:11:148,3.70,-0.37,-0.18
17:54:11:155,4.67,0.22,-0.69
17:54:11:155,5.92,-0.09,-1.35
17:54:11:196,7.43,1.04,-1.23
17:54:11:209,8.00,2.21,-1.24
17:54:11:255,8.00,4.81,-1.23
17:54:11:265,8.00,5.42,-0.17
17:54:11:312,7.08,6.48,-0.80
17:54:11:328,5.59,8.00,-3.40
17:54:11:328,4.57,8.00,-0.57
17:54:11:344,3.62,0.15,-2.83
17:54:11:395,7.85,0.48,5.24
17:54:11:407,8.00,1.70,-1.99
17:54:11:423,5.09,-0.62,-2.28
17:54:11:473,5.41,1.76,-1.07
17:54:11:500,4.04,1.65,-1.09
17:54:11:500,3.68,0.40,-1.65
17:54:11:518,4.34,-0.05,-0.56
17:54:11:558,4.06,-0.62,-0.87
17:54:11:580,3.85,-0.88,-1.55
17:54:11:678,3.44,-0.74,-2.25
17:54:11:678,3.37,-0.07,-1.37
17:54:11:700,3.68,0.05,-0.73
17:54:11:718,4.21,0.57,-0.81
17:54:11:719,3.93,0.37,-1.23
17:54:11:739,3.61,-0.02,-2.02
17:54:11:740,3.66,0.54,-1.64
17:54:11:761,4.54,1.31,-1.17
17:54:11:800,5.02,1.65,-1.00
17:54:11:855,5.31,0.63,-0.93
17:54:11:855,5.41,0.54,-1.30
17:54:11:855,6.42,0.15,-2.51
17:54:11:892,7.94,-0.67,-2.94
17:54:11:908,8.00,-2.03,-2.39
17:54:11:926,8.00,-0.35,-0.95
17:54:11:961,8.00,-2.56,-4.31
17:54:11:978,6.04,-1.49,-2.69
17:54:12:32,2.74,-6.38,-2.79
17:54:12:54,1.24,-3.86,0.13
17:54:12:56,2.41,-3.61,0.30
17:54:12:72,2.38,-1.66,0.10
17:54:12:90,2.96,-1.35,-0.37
17:54:12:124,3.41,-0.05,-1.06
17:54:12:160,4.49,0.03,-1.19
17:54:12:176,6.26,0.59,-1.13
17:54:12:252,7.10,1.10,-1.36
17:54:12:278,8.00,2.63,-1.73
17:54:12:278,8.00,3.97,-1.66
17:54:12:280,7.97,5.73,-1.25
17:54:12:299,7.01,5.65,-0.53
17:54:12:317,5.72,8.00,-2.01
17:54:12:332,4.34,8.00,-0.35
17:54:12:385,3.49,2.58,-1.85
17:54:12:404,6.33,-1.78,4.30
17:54:12:422,7.91,3.24,-2.82
17:54:12:443,4.10,0.28,-2.51
17:54:12:477,4.53,1.68,-1.22
17:54:12:482,3.02,4.11,-1.80
17:54:12:504,2.96,0.58,-1.35
17:54:12:547,4.30,-0.04,-1.01
17:54:12:567,3.91,-0.28,-1.21
17:54:12:587,3.84,-0.34,-1.57
17:54:12:607,3.55,-0.13,-1.55
17:54:12:644,3.54,0.08,-1.22
17:54:12:661,3.92,0.07,-1.26
17:54:12:678,3.87,0.57,-1.12
17:54:12:742,4.08,0.25,-1.33
17:54:12:758,4.33,1.14,-1.16
17:54:12:758,4.29,0.85,-1.30
17:54:12:777,4.80,0.71,-1.93
17:54:12:800,5.60,0.68,-1.21
17:54:12:838,5.92,0.57,-1.14
17:54:12:839,6.66,0.37,-1.64
17:54:12:858,8.00,-0.63,-2.63
17:54:12:944,8.00,-1.83,-0.75
17:54:12:988,8.00,-1.16,-0.85
17:54:12:991,8.00,-4.14,-3.58
17:54:13:11,5.93,-1.36,-2.52
17:54:13:11,3.13,-4.40,-3.49
17:54:13:27,1.63,-3.90,-1.22
17:54:13:46,1.81,-1.37,-0.66
17:54:13:103,1.76,-1.86,-0.07
17:54:13:124,1.86,-0.14,-0.43
17:54:13:124,2.75,-0.42,-1.24
17:54:13:140,3.93,-0.41,-1.31
17:54:13:159,5.01,-0.03,-1.04
17:54:13:184,6.72,0.92,-0.84
17:54:13:215,8.00,2.36,-0.74
17:54:13:230,8.00,3.91,-0.91
17:54:13:262,8.00,5.28,-0.51
17:54:13:293,7.30,7.12,-1.21
17:54:13:309,5.82,8.00,-2.58
17:54:13:324,4.55,8.00,-0.20
17:54:13:345,4.37,0.03,-2.12
17:54:13:373,6.45,-0.39,4.46
17:54:13:400,8.00,1.55,-0.63
17:54:13:435,5.03,0.74,-2.25
17:54:13:474,5.17,2.28,-0.93
17:54:13:493,3.32,2.27,-1.76
17:54:13:515,3.36,0.32,-1.91
17:54:13:518,3.88,-0.52,-1.33
17:54:13:560,4.11,-0.30,-0.80
17:54:13:630,4.16,-0.63,-1.38
17:54:13:650,3.58,-0.25,-1.73
17:54:13:650,3.58,-0.09,-1.55
17:54:13:670,3.58,-0.05,-1.34
17:54:13:670,3.92,-0.00,-1.37
17:54:13:690,3.66,-0.85,-1.94
17:54:13:711,3.70,0.58,-1.56
17:54:13:728,4.59,-0.18,-1.22
17:54:13:761,4.09,1.31,-1.07
17:54:13:802,4.34,1.13,-1.79
17:54:13:853,4.98,0.50,-1.05
17:54:13:853,5.50,0.31,-1.46
17:54:13:869,5.96,0.67,-2.05
17:54:13:876,7.80,-0.35,-1.82
17:54:13:913,8.00,-1.51,-2.05
17:54:13:931,8.00,-1.35,-1.79
17:54:13:947,8.00,-2.99,-4.31
17:54:14:7,6.60,-1.39,-2.76
17:54:14:10,3.61,-3.47,-2.98
17:54:14:10,1.30,-3.85,-0.82
17:54:14:74,1.62,-1.95,-0.21
17:54:14:74,1.76,-2.27,0.01
17:54:14:101,1.64,-1.38,-0.59
17:54:14:121,2.47,-0.56,-1.12
17:54:14:198,3.91,0.16,-1.54
17:54:14:234,5.54,1.01,-1.31
17:54:14:236,6.99,1.48,-1.10
17:54:14:236,7.99,2.61,-1.40
17:54:14:252,8.00,4.42,-2.06
17:54:14:269,8.00,5.61,-1.81
17:54:14:289,7.16,6.40,-0.84
17:54:14:314,5.55,8.00,-2.16
17:54:14:364,4.55,8.00,0.02
17:54:14:381,5.30,0.42,-3.04
17:54:14:390,7.88,-6.17,1.86
17:54:14:406,6.81,-2.45,-0.00
17:54:14:424,5.70,0.99,-0.44
17:54:14:443,7.40,4.16,-0.88
17:54:14:477,5.56,1.57,-1.21
17:54:14:549,3.11,-0.57,-1.92
17:54:14:550,3.80,-0.66,-1.18
17:54:14:583,4.27,-0.33,-1.42
17:54:14:583,4.23,-0.21,-0.97
17:54:14:601,3.81,0.10,-1.07
17:54:14:622,3.56,0.25,-1.41
17:54:14:655,3.71,0.35,-1.24
17:54:14:674,3.62,0.06,-1.14
17:54:14:732,3.74,-0.19,-1.24
17:54:14:732,3.68,0.21,-1.20
17:54:14:753,3.47,0.07,-1.31
17:54:14:770,3.89,0.39,-1.06
17:54:14:808,4.06,0.67,-0.73
17:54:14:842,4.25,0.42,-1.35
17:54:14:846,4.13,0.16,-1.89
17:54:14:880,3.93,0.83,-1.21
17:54:14:916,3.56,0.70,-1.48
17:54:14:916,4.46,0.70,-0.84
17:54:14:932,6.27,-0.16,-1.91
17:54:14:969,7.80,0.24,-2.55
17:54:14:984,7.90,-1.42,-1.85
17:54:15:2,5.95,-0.16,-0.42
17:54:15:22,4.35,1.89,-2.60
17:54:15:97,2.69,-0.28,-2.84
17:54:15:120,0.86,-1.15,-0.37
17:54:15:120,0.65,-1.76,-0.46
17:54:15:136,1.05,-0.97,-0.25
17:54:15:154,1.10,-0.01,0.01
17:54:15:173,1.89,0.54,-0.14
17:54:15:236,3.00,1.17,-0.31
17:54:15:283,3.82,3.01,-0.62
17:54:15:308,4.51,4.88,-1.08
17:54:15:319,4.51,5.27,-1.22
17:54:15:319,4.27,3.54,-0.85
17:54:15:335,4.20,1.26,-0.60
17:54:15:366,6.68,3.76,-0.98
17:54:15:385,5.36,0.06,-1.10
17:54:15:389,4.91,-0.23,-0.45
17:54:15:470,4.38,0.61,-1.22
17:54:15:470,3.87,-0.24,-0.89
17:54:15:470,3.70,-0.17,-1.32
17:54:15:487,3.78,-0.44,-1.05
17:54:15:511,3.85,0.23,-1.00
17:54:15:527,3.86,0.12,-1.06
17:54:15:569,3.80,-0.08,-1.20
17:54:15:609,3.90,-0.04,-1.17
17:54:15:641,3.93,-0.10,-1.10
17:54:15:645,3.85,-0.05,-1.13
17:54:15:664,3.96,0.05,-1.17
17:54:15:680,3.86,0.06,-1.08
17:54:15:700,3.81,-0.09,-1.13
17:54:15:738,3.78,-0.01,-1.14
17:54:15:759,3.92,-0.05,-1.27
17:54:15:817,3.84,0.08,-1.16
17:54:15:833,3.83,-0.08,-1.17
17:54:15:853,3.86,-0.03,-1.19
17:54:15:853,3.83,0.07,-1.16
17:54:15:875,3.79,0.07,-1.22
17:54:15:910,3.87,-0.02,-1.26
17:54:15:929,3.85,0.03,-1.16
17:54:15:963,3.83,0.09,-1.17
17:54:16:18,3.79,0.09,-1.23
17:54:16:36,3.84,0.01,-1.27
17:54:16:39,3.81,-0.01,-1.28
17:54:16:55,3.84,0.04,-1.24
17:54:16:74,3.82,0.17,-1.17
17:54:16:94,3.83,0.16,-1.17
17:54:16:109,3.84,0.10,-1.23
17:54:16:185,3.87,-0.06,-1.32
17:54:16:204,3.85,0.04,-1.24
17:54:16:204,3.77,0.18,-1.23
17:54:16:204,3.84,0.13,-1.22
17:54:16:256,3.85,0.14,-1.19
17:54:16:261,3.82,0.11,-1.18
17:54:16:277,3.83,0.09,-1.20
17:54:16:348,3.83,0.11,-1.27
17:54:16:366,3.85,0.06,-1.27
17:54:16:369,3.85,0.15,-1.21
17:54:16:372,3.83,0.14,-1.19
17:54:16:414,3.71,-0.08,-1.45
17:54:16:414,3.88,0.10,-1.26
17:54:16:449,3.78,0.30,-1.09
17:54:16:505,3.79,0.24,-1.18
17:54:16:540,3.79,0.26,-1.19
17:54:16:540,3.70,-0.07,-1.48
17:54:16:557,3.86,-0.18,-1.28
17:54:16:577,3.59,0.35,-1.19
17:54:16:599,3.74,0.63,-0.80
17:54:16:615,3.68,-0.15,-1.47
17:54:16:652,3.94,0.55,-1.23
17:54:16:687,3.93,0.65,-1.31
17:54:16:706,3.90,0.43,-1.15
17:54:16:740,3.97,0.45,-1.17
17:54:16:776,3.96,0.45,-1.17
17:54:16:776,3.80,0.28,-1.15
17:54:16:776,4.02,0.29,-1.08
17:54:16:796,3.81,0.52,-1.05
17:54:16:834,3.91,0.13,-1.26
17:54:16:870,3.88,0.22,-1.24
17:54:16:908,3.93,0.23,-1.17
17:54:16:926,4.14,0.22,-1.22
17:54:16:928,4.24,0.26,-0.96
17:54:16:950,3.52,0.71,-1.20
17:54:16:987,4.29,0.52,-1.30
17:54:17:64,4.46,0.12,-1.05
17:54:17:64,4.57,0.29,-0.76
17:54:17:85,4.64,0.42,-0.88
17:54:17:85,5.00,0.08,0.02
17:54:17:104,4.41,-0.09,0.64
17:54:17:151,3.98,-1.08,-0.46
17:54:17:151,1.52,-1.49,-0.25
17:54:17:182,2.94,-3.16,-4.35
17:54:17:198,2.92,-0.34,-4.11
17:54:17:245,4.05,-0.08,-3.05
17:54:17:300,3.97,-0.06,-2.48
17:54:17:300,4.07,-0.01,-2.58
17:54:17:316,3.62,0.03,-2.67
17:54:17:316,3.30,-0.03,-3.16
17:54:17:337,3.38,0.21,-3.29
17:54:17:357,3.90,0.94,-2.99
17:54:17:430,3.91,1.48,-3.49
17:54:17:456,3.57,2.08,-3.90
17:54:17:456,3.08,3.38,-4.15
17:54:17:456,3.28,3.39,-2.68
17:54:17:477,2.68,1.51,-1.12
17:54:17:638,3.11,-1.10,-3.83
17:54:17:640,4.37,-2.01,-1.47
17:54:17:663,5.82,-0.85,0.06
17:54:17:683,3.91,0.35,-0.04
17:54:17:700,3.82,0.45,-1.65
17:54:17:790,3.99,0.67,-1.22
17:54:17:810,4.08,0.37,-0.82
17:54:17:829,3.92,0.17,-1.20
17:54:17:867,3.83,0.29,-1.14
17:54:17:867,3.82,0.46,-1.23
17:54:17:958,3.89,0.30,-1.27
17:54:17:974,3.64,0.32,-1.03
17:54:17:974,3.78,0.25,-1.22
17:54:17:992,3.76,0.38,-1.13
17:54:18:34,3.86,0.29,-1.18
17:54:18:72,3.71,0.27,-1.34
17:54:18:72,4.19,0.28,-1.33
17:54:18:72,3.84,0.12,-1.25
17:54:18:93,3.83,0.21,-1.20
17:54:18:93,3.56,0.30,-1.08
17:54:18:146,3.77,0.13,-1.27
17:54:18:185,3.69,0.23,-1.22
17:54:18:185,3.79,0.05,-1.24
17:54:18:204,3.83,0.19,-1.14
17:54:18:224,4.06,0.12,-1.21
17:54:18:240,3.79,0.29,-0.99
17:54:18:257,3.90,0.01,-1.10
17:54:18:257,3.98,0.06,-1.17
17:54:18:277,3.83,0.07,-1.18
17:54:18:335,3.85,0.10,-1.08
17:54:18:352,3.86,0.08,-1.14
17:54:18:372,4.12,0.13,-1.22
17:54:18:390,3.83,0.15,-1.15
17:54:18:390,4.01,-0.03,-1.18
17:54:18:390,3.91,0.04,-1.22
17:54:18:409,3.84,0.37,-0.76
17:54:18:454,3.98,-0.05,-0.98
17:54:18:470,3.69,-0.52,-1.58
17:54:18:505,3.61,-0.31,-1.43
17:54:18:523,3.78,0.23,-1.06
17:54:18:539,4.06,0.82,-0.30
17:54:18:542,3.66,0.13,-1.21
17:54:18:580,3.75,0.36,-1.17
17:54:18:596,4.05,-0.29,-1.47
17:54:18:596,4.01,-0.07,-1.04
17:54:18:614,3.91,0.13,-1.05
17:54:18:630,3.79,0.13,-1.13
17:54:18:631,3.73,-0.00,-1.38
17:54:18:685,3.92,-0.04,-1.28
17:54:18:719,3.87,-0.21,-1.20
17:54:18:739,3.80,0.20,-1.06
17:54:18:756,3.81,0.05,-1.18
17:54:18:757,3.87,-0.06,-1.48
17:54:18:775,4.03,-0.12,-1.36
17:54:18:808,3.81,0.43,-1.02
17:54:18:876,3.76,0.22,-1.20
17:54:18:894,3.80,0.22,-1.07
17:54:18:913,3.80,0.20,-1.07
17:54:18:949,3.77,0.28,-1.42
17:54:18:969,3.94,0.31,-1.46
17:54:18:990,3.87,0.67,-1.25
17:54:19:79,4.15,0.22,-1.50
17:54:19:115,3.76,0.27,-1.37
17:54:19:117,3.89,0.27,-1.36
17:54:19:152,3.84,0.37,-1.23
17:54:19:154,3.83,0.39,-1.37
17:54:19:154,3.74,0.28,-1.27
17:54:19:191,3.76,-0.02,-1.41
17:54:19:191,3.79,0.25,-1.29
17:54:19:263,3.85,0.40,-1.38
17:54:19:281,3.79,0.51,-1.08
17:54:19:317,3.89,0.34,-1.30
17:54:19:317,3.71,0.65,-1.16
17:54:19:335,3.93,0.41,-1.18
17:54:19:335,4.02,0.80,-1.18
17:54:19:422,4.13,0.33,-1.38
17:54:19:422,4.28,0.96,-1.30
17:54:19:442,4.55,0.73,-1.27
17:54:19:442,5.74,-0.58,-1.80
17:54:19:461,6.55,-0.54,-1.90
17:54:19:461,5.80,0.29,-1.26
17:54:19:478,6.41,-0.89,-2.01
17:54:19:478,6.02,0.02,-1.45
17:54:19:496,5.13,0.82,-2.44
17:54:19:564,3.14,-3.98,-1.40
17:54:19:600,1.54,-3.63,-1.82
17:54:19:619,1.75,-3.78,-1.33
17:54:19:636,1.90,-2.50,-0.92
17:54:19:652,2.97,-1.55,-0.72
17:54:19:652,3.68,-0.74,-0.45
17:54:19:670,4.73,-0.19,-0.80
17:54:19:691,5.42,0.28,-1.00
17:54:19:709,6.14,1.21,-1.40
17:54:19:745,6.18,2.48,-1.04
17:54:19:781,7.00,3.73,-0.30
17:54:19:800,6.31,6.60,0.52
17:54:19:802,4.63,6.56,-1.09
17:54:19:857,3.51,6.20,-2.59
17:54:19:875,3.28,7.10,-1.15
17:54:19:876,3.05,0.52,-2.70
17:54:19:893,5.55,1.78,-0.00
17:54:19:964,5.68,0.49,-2.61
17:54:20:16,4.05,-0.52,-1.07
17:54:20:16,3.89,0.25,-1.28
17:54:20:33,4.02,0.23,-1.23
17:54:20:51,4.33,0.14,-1.45
17:54:20:51,3.84,-0.04,-1.32
17:54:20:68,3.74,-0.20,-1.35
17:54:20:138,3.90,0.03,-1.29
17:54:20:159,3.85,0.19,-1.47
17:54:20:159,3.60,-0.05,-1.72
17:54:20:177,3.67,-0.85,-1.82
17:54:20:195,3.57,0.11,-1.79
17:54:20:214,3.86,0.12,-1.08
17:54:20:251,3.86,1.01,-1.26
17:54:20:251,4.22,1.36,-0.92
17:54:20:320,5.24,0.75,-0.57
17:54:20:337,5.22,0.57,-0.93
17:54:20:338,5.31,0.67,-1.18
17:54:20:374,5.45,0.41,-1.49
17:54:20:392,6.15,-0.12,-2.05
17:54:20:411,7.34,-1.04,-2.76
17:54:20:429,7.86,-2.25,-2.13
17:54:20:499,8.00,0.03,-1.59
17:54:20:499,7.42,-3.70,-3.55
17:54:20:515,5.55,-1.33,-3.02
17:54:20:532,3.30,-5.89,-3.00
17:54:20:550,2.47,-2.29,-1.47
17:54:20:569,1.23,-2.14,-0.99
17:54:20:639,1.80,-1.40,0.07
17:54:20:676,2.17,-0.08,-0.04
17:54:20:692,3.02,-0.75,-0.59
17:54:20:694,3.88,-0.05,-1.09
17:54:20:694,5.00,0.42,-1.30
17:54:20:712,6.30,0.90,-1.23
17:54:20:732,7.54,1.11,-1.30
17:54:20:770,8.00,1.98,-1.26
17:54:20:804,8.00,4.75,-0.73
17:54:20:824,8.00,7.99,-0.60
17:54:20:860,5.75,8.00,-2.82
17:54:20:876,4.00,8.00,-1.67
17:54:20:893,3.94,8.00,-4.16
17:54:20:913,5.82,-2.74,2.15
17:54:20:931,8.00,3.46,-3.12
17:54:20:964,5.28,0.55,-1.60
17:54:21:2,4.72,1.54,-0.77
17:54:21:38,4.54,1.72,-1.15
17:54:21:56,3.85,0.83,-1.54
17:54:21:73,3.97,0.07,-0.76
17:54:21:75,4.10,-0.59,-1.16
17:54:21:112,3.83,-0.12,-1.09
17:54:21:130,3.75,-0.25,-1.62
17:54:21:148,3.67,-0.55,-1.64
17:54:21:186,3.73,-0.25,-1.48
17:54:21:239,4.11,0.67,-0.98
17:54:21:239,3.95,-0.12,-1.46
17:54:21:257,4.08,0.43,-1.80
17:54:21:276,4.33,0.66,-1.87
17:54:21:294,5.23,1.41,-0.71
17:54:21:333,6.15,0.11,-0.71
17:54:21:382,6.03,0.13,-0.78
17:54:21:417,6.73,-0.31,-2.17
17:54:21:417,8.00,-1.81,-2.71
17:54:21:434,8.00,-2.70,-1.48
17:54:21:437,7.05,-0.49,-0.51
17:54:21:489,7.62,-1.93,-2.91
17:54:21:489,5.81,-1.63,-4.56
17:54:21:524,4.24,-7.85,-2.92
17:54:21:563,1.21,-2.51,-2.04
17:54:21:563,1.64,-3.94,-0.80
17:54:21:581,1.93,-1.07,-0.14
17:54:21:618,2.99,-0.84,-0.38
17:54:21:636,3.40,-0.22,-1.00
17:54:21:656,4.47,-0.44,-1.10
17:54:21:691,5.84,0.30,-1.05
17:54:21:725,8.00,0.44,-0.94
17:54:21:756,8.00,2.74,-1.36
17:54:21:774,8.00,5.55,-1.33
17:54:21:792,8.00,7.26,-2.21
17:54:21:794,6.19,8.00,-3.03
17:54:21:812,4.48,8.00,0.27
17:54:21:848,4.80,8.00,-0.36
17:54:21:866,8.00,-8.00,-3.83
17:54:21:929,7.48,6.49,1.63
17:54:21:947,7.37,0.57,-1.03
17:54:21:983,3.85,-0.39,-4.73
17:54:22:0,3.72,2.86,-1.36
17:54:22:4,4.08,1.26,-1.50
17:54:22:39,3.92,-0.10,-0.80
17:54:22:39,4.32,-0.30,-0.86
17:54:22:75,3.72,-0.56,-1.12
17:54:22:125,4.12,-0.03,-1.64
17:54:22:143,3.62,-0.02,-1.57
17:54:22:160,3.37,0.14,-1.32
17:54:22:161,3.92,0.64,-0.77
17:54:22:197,3.93,0.23,-1.38
17:54:22:231,3.74,-0.57,-1.94
17:54:22:285,4.81,0.59,-1.39
17:54:22:285,4.18,0.31,-2.09
17:54:22:303,5.23,1.41,-0.51
17:54:22:320,5.48,0.33,-0.80
17:54:22:322,5.78,0.29,-2.06
17:54:22:359,6.94,-0.12,-2.39
17:54:22:395,8.00,-1.33,-2.37
17:54:22:411,8.00,-1.45,-2.26
17:54:22:449,8.00,-4.22,-2.25
17:54:22:485,5.91,-0.80,-3.16
17:54:22:485,3.06,-2.06,-3.56
17:54:22:485,3.97,-8.00,-2.41
17:54:22:518,2.12,0.03,-1.65
17:54:22:551,2.57,-1.55,-0.16
17:54:22:571,2.31,-0.89,0.03
17:54:22:607,3.09,-0.56,0.01
17:54:22:646,3.74,0.04,-0.73
17:54:22:683,4.58,-0.23,-1.04
17:54:22:683,5.60,-0.11,-0.83
17:54:22:717,7.53,0.16,-0.96
17:54:22:737,8.00,2.14,-1.29
17:54:22:738,8.00,4.83,-0.96
17:54:22:775,8.00,8.00,-1.04
17:54:22:810,5.66,8.00,-3.29
17:54:22:847,4.81,8.00,-0.12
17:54:22:865,4.21,3.91,-2.10
17:54:22:865,5.40,-0.92,5.37
17:54:22:883,8.00,1.25,-4.42
17:54:22:903,4.08,2.36,-5.58
17:54:22:941,6.79,-1.59,-0.39
17:54:22:977,3.53,1.99,-1.55
17:54:23:13,3.39,1.45,-0.82
17:54:23:30,4.28,-0.24,-1.13
17:54:23:51,3.66,-0.40,-0.94
17:54:23:51,3.93,-0.31,-1.32
17:54:23:69,3.60,-0.33,-1.97
17:54:23:104,3.40,-0.29,-1.72
17:54:23:121,3.78,-0.65,-1.11
17:54:23:140,4.22,0.25,-0.92
17:54:23:157,3.86,-0.26,-1.50
17:54:23:211,3.77,0.08,-1.78
17:54:23:211,4.00,-0.35,-2.13
17:54:23:245,4.40,0.99,-1.57
17:54:23:267,5.93,1.11,-0.70
17:54:23:284,5.72,0.37,-0.80
17:54:23:321,6.17,0.12,-1.29
17:54:23:358,7.94,-1.09,-2.62
17:54:23:413,8.00,-2.38,-2.42
17:54:23:430,8.00,-1.26,-0.96
17:54:23:448,7.96,-4.38,-3.18
17:54:23:467,8.00,-0.02,-3.03
17:54:23:488,6.42,2.60,-4.02
17:54:23:488,3.93,-4.98,-1.51
17:54:23:523,1.68,-0.48,-1.48
17:54:23:561,1.27,-1.35,-0.61
17:54:23:561,1.61,-0.88,-0.17
17:54:23:579,2.22,-0.98,-0.69
17:54:23:618,3.63,-0.33,-1.34
17:54:23:618,4.49,0.04,-1.84
17:54:23:653,6.46,0.44,-1.57
17:54:23:693,8.00,2.17,-1.83
17:54:23:730,8.00,3.64,-1.66
17:54:23:748,8.00,5.73,-1.24
17:54:23:748,8.00,7.60,-1.23
17:54:23:766,5.86,8.00,-1.47
17:54:23:786,4.44,8.00,0.14
17:54:23:821,4.58,3.59,-1.50
17:54:23:841,8.00,-0.98,2.92
17:54:23:955,8.00,1.35,-2.72
17:54:23:956,3.33,1.97,-5.13
17:54:23:956,5.69,1.01,-0.34
17:54:23:975,3.84,3.07,-1.85
17:54:23:994,3.28,0.66,-1.00
17:54:23:994,4.51,0.06,-0.74
17:54:24:11,3.86,-0.58,-1.14
17:54:24:88,3.92,-0.53,-1.58
17:54:24:106,3.92,-0.13,-1.58
17:54:24:106,3.74,-0.46,-1.63
17:54:24:127,3.86,0.24,-1.49
17:54:24:127,4.08,0.38,-1.23
17:54:24:146,3.73,-0.11,-1.58
17:54:24:180,4.16,-0.01,-1.36
17:54:24:216,4.14,1.75,-1.03
17:54:24:252,4.61,-0.03,-1.49
17:54:24:271,5.15,0.60,-1.26
17:54:24:290,5.36,0.40,-0.65
17:54:24:309,6.19,-0.02,-1.81
17:54:24:309,8.00,-0.84,-2.16
17:54:24:363,8.00,-2.31,-2.34
17:54:24:378,8.00,-1.47,-1.71
17:54:24:396,8.00,-5.14,-5.05
17:54:24:449,6.43,-0.76,-2.29
17:54:24:465,4.28,-5.07,-2.56
17:54:24:482,2.39,-3.95,-1.63
17:54:24:483,1.66,-2.31,-1.23
17:54:24:514,1.34,-0.71,-0.50
17:54:24:532,2.16,-0.34,-0.14
17:54:24:639,2.88,-0.24,-0.29
17:54:24:639,4.24,-0.51,-1.37
17:54:24:660,5.47,1.17,-1.72
17:54:24:660,7.11,1.45,-2.36
17:54:24:660,8.00,3.81,-3.03
17:54:24:732,8.00,6.18,-2.29
17:54:24:751,7.96,8.00,-1.36
17:54:24:784,5.95,8.00,-1.45
17:54:24:821,4.66,8.00,-0.11
17:54:24:839,5.37,4.07,0.48
17:54:24:874,8.00,-1.99,2.35
17:54:24:891,8.00,1.09,-2.00
17:54:24:891,6.75,5.22,-5.51
17:54:24:907,4.70,-1.39,-1.54
17:54:24:907,3.51,3.35,-0.46
17:54:24:926,3.49,0.54,-0.37
17:54:24:963,4.22,-0.41,-0.89
17:54:24:999,4.35,-0.14,-1.15
17:54:25:15,3.53,0.02,-1.42
17:54:25:17,3.73,0.25,-1.51
17:54:25:52,3.95,0.02,-1.68
17:54:25:71,3.46,0.06,-1.20
17:54:25:89,3.64,-0.06,-1.17
17:54:25:140,3.66,0.21,-1.19
17:54:25:175,4.21,0.30,-1.28
17:54:25:176,3.98,0.58,-1.01
17:54:25:192,4.11,0.01,-1.19
17:54:25:210,4.04,-0.16,-1.74
17:54:25:227,4.45,0.59,-1.14
17:54:25:278,4.99,0.37,-1.17
17:54:25:278,5.16,1.48,-0.99
17:54:25:327,6.24,0.51,-1.85
17:54:25:379,8.00,-1.13,-2.60
17:54:25:397,5.30,0.43,-2.21
17:54:25:397,3.90,1.78,-3.03
17:54:25:418,3.34,-3.77,-2.20
17:54:25:435,2.15,-2.54,-0.72
17:54:25:455,0.86,-1.70,-0.20
17:54:25:529,0.32,-0.89,-0.31
17:54:25:529,1.08,-0.34,-0.33
17:54:25:547,2.08,0.79,-0.20
17:54:25:547,2.85,2.22,0.06
17:54:25:566,3.53,3.53,0.21
17:54:25:583,4.10,4.71,0.07
17:54:25:706,4.15,3.61,-0.53
17:54:25:723,4.58,2.68,-0.33
17:54:25:743,6.47,4.32,-3.54
17:54:25:758,5.81,0.00,0.96
17:54:25:776,4.48,2.59,0.75
17:54:25:776,4.08,-0.00,-1.47
17:54:25:795,3.74,0.31,-0.99
17:54:25:810,3.98,-0.14,-1.49
17:54:25:828,4.00,-0.03,-1.28
17:54:25:828,3.54,-0.20,-1.20
17:54:25:913,3.88,-0.09,-1.04
17:54:25:915,3.74,-0.36,-1.23
17:54:25:949,3.94,-0.51,-1.32
17:54:26:3,3.88,0.04,-1.10
17:54:26:96,3.88,0.26,-1.12
17:54:26:98,3.88,0.17,-1.08
17:54:26:115,3.92,0.05,-1.18
17:54:26:133,3.77,-0.12,-1.20
17:54:26:170,3.75,-0.17,-1.24
17:54:26:170,3.91,-0.05,-1.36
17:54:26:189,3.83,0.03,-1.09
17:54:26:227,3.84,0.06,-1.11
17:54:26:263,3.84,0.04,-1.23
17:54:26:280,3.83,-0.18,-1.34
17:54:26:318,3.84,-0.00,-1.23
17:54:26:372,3.78,0.05,-1.21
17:54:26:390,3.83,0.01,-1.23
17:54:26:446,3.86,-0.01,-1.28
17:54:26:482,3.84,0.03,-1.22
17:54:26:482,3.81,0.02,-1.23
17:54:26:482,3.83,-0.02,-1.22
17:54:26:501,3.83,0.02,-1.20
17:54:26:518,3.81,0.11,-1.21
17:54:26:521,3.82,0.16,-1.24
17:54:26:521,3.84,0.06,-1.24
17:54:26:539,3.84,0.03,-1.22
17:54:26:625,3.81,0.06,-1.30
17:54:26:627,3.87,0.08,-1.29
17:54:26:663,3.82,0.19,-1.20
17:54:26:663,3.83,0.12,-1.18
17:54:26:736,3.83,0.11,-1.20
