15:14:57:500,3.69,0.11,0.09
15:14:57:500,3.86,0.04,0.12
15:14:57:500,3.97,0.04,0.06
15:14:57:500,4.08,0.11,0.12
15:14:57:500,4.00,0.08,0.17
15:14:57:500,3.85,0.12,0.17
15:14:57:500,3.86,0.15,0.14
15:14:57:500,3.92,0.20,0.10
15:15:2:159,3.96,0.18,0.05
15:15:2:159,3.98,0.11,0.00
15:15:2:159,4.01,0.12,-0.06
15:15:2:159,4.00,0.22,-0.08
15:15:2:159,4.02,0.28,-0.04
15:15:2:159,4.03,0.30,-0.04
15:15:2:159,3.93,0.20,-0.23
15:15:2:597,3.88,-0.05,-0.15
15:15:2:597,4.03,0.08,-0.05
15:15:2:597,4.03,0.22,-0.17
15:15:2:597,3.98,0.27,-0.18
15:15:2:597,3.99,0.28,-0.14
15:15:2:597,4.01,0.17,-0.11
15:15:2:597,4.20,0.19,-0.37
15:15:2:686,4.08,0.27,-0.38
15:15:2:686,4.09,0.34,-0.10
15:15:2:686,4.00,0.57,0.16
15:15:2:686,3.81,0.64,-0.03
15:15:2:686,3.82,0.79,-0.05
15:15:2:686,3.68,0.79,-0.32
15:15:2:686,3.92,0.65,-0.35
15:15:2:686,4.15,0.38,-0.31
15:15:2:686,4.10,0.11,-0.12
15:15:2:686,4.15,0.03,-0.16
15:15:2:686,3.93,0.08,0.00
15:15:2:686,3.80,0.39,-0.13
15:15:2:686,3.79,0.46,-0.28
15:15:2:686,3.93,0.28,-0.18
15:15:2:722,4.12,0.09,-0.09
15:15:2:722,4.21,-0.05,0.12
15:15:2:722,4.00,-0.04,0.07
15:15:2:722,3.85,0.04,0.10
15:15:2:722,3.93,0.06,0.15
15:15:2:722,3.92,0.12,0.05
15:15:2:722,3.89,0.16,0.04
15:15:2:864,3.92,0.10,0.00
15:15:2:864,3.96,0.05,0.04
15:15:2:864,3.95,-0.02,-0.01
15:15:2:864,3.99,-0.01,-0.04
15:15:2:864,4.05,0.09,0.08
15:15:2:864,3.98,0.16,0.09
15:15:2:864,3.91,0.14,0.10
15:15:2:937,3.83,0.14,0.09
15:15:2:937,3.80,0.09,0.01
15:15:2:937,3.84,0.08,0.00
15:15:2:937,3.92,0.08,0.02
15:15:2:937,3.91,0.13,0.03
15:15:2:937,3.88,0.18,0.04
15:15:2:937,3.78,0.11,-0.00
15:15:2:937,3.74,0.02,-0.09
15:15:3:44,3.84,0.05,-0.12
15:15:3:44,4.01,0.11,-0.14
15:15:3:44,4.02,0.17,-0.13
15:15:3:44,4.01,0.17,-0.18
15:15:3:44,3.99,0.14,-0.23
15:15:3:44,4.00,0.04,-0.27
15:15:3:44,4.02,0.05,-0.33
15:15:3:64,4.01,0.08,-0.32
15:15:3:64,4.03,0.14,-0.29
15:15:3:64,4.08,0.16,-0.27
15:15:3:64,4.06,0.15,-0.26
15:15:3:64,4.04,0.07,-0.31
15:15:3:64,4.05,0.07,-0.32
15:15:3:64,4.15,0.11,-0.33
15:15:3:100,4.05,0.15,-0.28
15:15:3:100,3.97,0.16,0.00
15:15:3:100,4.01,0.15,-0.12
15:15:3:100,3.95,0.17,-0.05
15:15:3:100,4.01,0.15,-0.04
15:15:3:100,3.94,0.12,0.02
15:15:3:100,3.93,0.12,0.02
15:15:3:118,3.97,0.17,0.01
15:15:3:118,3.97,0.15,-0.02
15:15:3:118,3.87,0.10,-0.07
15:15:3:118,3.87,0.07,-0.10
15:15:3:118,4.01,0.05,-0.08
15:15:3:118,4.06,0.11,-0.12
15:15:3:118,3.98,0.14,-0.21
15:15:3:135,3.96,0.13,-0.19
15:15:3:135,3.94,0.13,-0.15
15:15:3:135,3.92,0.12,-0.16
15:15:3:135,4.03,0.76,0.03
15:15:3:135,3.79,0.04,-0.28
15:15:3:135,4.00,-0.30,-0.21
15:15:3:135,4.07,0.12,-0.14
15:15:3:224,4.31,0.65,-0.52
15:15:3:224,3.90,0.41,-0.12
15:15:3:224,3.63,-0.03,0.07
15:15:3:224,3.70,0.14,0.08
15:15:3:224,4.00,0.35,-0.20
15:15:3:224,4.26,0.41,-0.23
15:15:3:224,3.94,0.30,-0.02
15:15:3:259,3.85,0.19,0.01
15:15:3:259,3.88,0.21,-0.04
15:15:3:259,3.90,0.14,-0.21
15:15:3:259,3.93,0.25,-0.13
15:15:3:259,4.03,0.26,-0.05
15:15:3:259,3.94,0.28,-0.02
15:15:3:259,3.99,0.17,-0.14
15:15:3:259,4.00,0.14,-0.23
15:15:3:279,3.99,0.05,-0.23
15:15:3:279,3.99,0.08,-0.09
15:15:3:279,3.93,0.12,-0.09
15:15:3:279,3.98,0.17,-0.09
15:15:3:279,3.98,0.18,-0.05
15:15:3:279,3.94,0.10,-0.08
15:15:3:279,3.90,0.09,-0.06
15:15:3:296,3.95,0.15,-0.03
15:15:3:296,4.00,0.22,-0.08
15:15:3:296,3.96,0.14,-0.13
15:15:3:296,3.94,0.13,-0.07
15:15:3:296,3.98,0.16,-0.06
15:15:3:296,3.94,0.23,-0.02
15:15:3:296,3.92,0.17,0.00
15:15:3:485,3.95,0.16,-0.03
15:15:3:485,3.95,0.16,0.03
15:15:3:485,3.91,0.25,0.09
15:15:3:485,3.93,0.23,0.02
15:15:3:485,3.91,0.18,-0.10
15:15:3:485,4.06,0.16,-0.13
15:15:3:485,4.04,0.24,-0.11
15:15:3:593,3.99,0.28,-0.08
15:15:3:593,3.97,0.10,-0.19
15:15:3:593,3.96,0.14,-0.20
15:15:3:593,4.00,0.16,-0.09
15:15:3:593,3.97,0.19,-0.04
15:15:3:593,3.95,0.12,0.01
15:15:3:593,3.99,0.06,-0.03
15:15:3:611,3.95,0.11,0.03
15:15:3:611,3.95,0.13,0.07
15:15:3:611,3.91,0.17,0.11
15:15:3:611,3.90,0.10,0.09
15:15:3:611,3.90,0.10,0.12
15:15:3:611,3.93,0.06,0.13
15:15:3:611,3.93,0.17,0.08
15:15:3:611,3.97,0.24,0.05
15:15:3:645,4.05,0.25,0.05
15:15:3:645,4.01,0.17,0.09
15:15:3:645,3.98,0.12,0.07
15:15:3:645,3.98,0.13,0.02
15:15:3:645,3.98,0.17,0.02
15:15:3:645,4.05,0.20,0.06
15:15:3:645,3.99,0.15,0.00
15:15:3:679,3.95,0.14,0.12
15:15:3:679,3.95,0.18,0.15
15:15:3:679,3.91,0.19,0.12
15:15:3:679,3.97,0.22,0.09
15:15:3:679,3.97,0.16,0.13
15:15:3:679,3.89,0.16,0.16
15:15:3:679,3.99,0.24,0.17
15:15:3:750,4.01,0.27,0.12
15:15:3:750,3.99,0.24,0.07
15:15:3:750,4.02,0.18,-0.02
15:15:3:750,4.00,0.23,0.01
15:15:3:750,4.03,0.23,0.03
15:15:3:750,4.01,0.25,0.08
15:15:3:750,3.95,0.18,0.15
15:15:3:750,3.84,0.09,0.23
15:15:3:784,3.79,0.09,0.26
15:15:3:784,3.90,0.19,0.23
15:15:3:784,3.97,0.25,0.13
15:15:3:784,4.02,0.26,0.15
15:15:3:784,3.89,0.20,0.15
15:15:3:784,3.96,0.17,0.17
15:15:3:784,3.97,0.22,0.13
15:15:3:802,3.93,0.26,0.06
15:15:3:802,3.96,0.22,0.01
15:15:3:802,3.89,0.32,0.02
15:15:3:802,4.06,-0.13,-0.15
15:15:3:802,4.03,-0.01,-0.16
15:15:3:802,4.06,0.16,0.09
15:15:3:802,4.17,0.39,0.00
15:15:3:802,3.96,0.17,-0.07
15:15:3:802,3.74,0.56,-0.17
15:15:3:802,3.70,-0.00,0.01
15:15:3:802,4.31,0.16,0.30
15:15:3:802,4.08,0.16,-0.26
15:15:3:802,4.02,0.12,-0.29
15:15:3:802,3.97,0.19,0.19
15:15:3:802,3.73,0.28,0.41
15:15:3:821,3.81,0.10,0.14
15:15:3:821,4.01,0.00,-0.08
15:15:3:821,4.07,0.04,-0.08
15:15:3:821,3.97,0.16,0.06
15:15:3:821,3.95,0.17,0.13
15:15:3:821,3.95,0.15,-0.03
15:15:3:821,3.93,0.12,-0.17
15:15:3:821,3.96,0.16,-0.13
15:15:3:821,4.00,0.18,-0.15
15:15:3:821,4.03,0.21,-0.15
15:15:3:821,4.00,0.17,-0.15
15:15:3:821,3.91,0.15,-00.16
15:15:3:821,3.98,0.18,-0.13
15:15:3:821,3.97,0.19,-0.12
15:15:3:838,3.94,0.17,-0.14
15:15:3:838,3.97,0.19,-0.11
15:15:3:838,3.97,0.18,-0.12
15:15:3:838,3.94,0.18,-0.15
15:15:3:838,3.95,0.18,-0.13
15:15:3:838,3.97,0.19,-0.12
15:15:3:838,3.97,0.19,-0.14
15:15:3:947,3.94,0.19,-0.14
15:15:3:947,3.96,0.19,-0.08
15:15:3:947,3.98,0.21,-0.11
15:15:3:947,3.95,0.18,-0.13
15:15:3:947,3.98,0.18,-0.14
15:15:3:947,3.98,0.18,-0.14
15:15:3:947,3.96,0.19,-0.13
15:15:3:982,3.97,0.18,-0.13
15:15:3:982,3.96,0.19,-0.15
15:15:3:982,3.97,0.21,-0.12
15:15:3:982,3.95,0.18,-0.13
15:15:3:982,3.96,0.20,-0.15
15:15:3:982,3.97,0.19,-0.14
15:15:3:982,3.95,0.19,-0.16
15:15:3:999,3.99,0.18,-0.20
15:15:3:999,3.95,0.20,-0.20
15:15:3:999,3.98,0.20,-0.17
15:15:3:999,3.94,0.21,-0.15
15:15:3:999,3.95,0.20,-0.15
15:15:3:999,3.95,0.20,-0.14
15:15:3:999,3.96,0.19,-0.14
15:15:4:122,3.98,0.20,-0.16
15:15:4:122,3.97,0.17,-0.16
15:15:4:122,3.96,0.19,-0.18
15:15:4:122,3.97,0.21,-0.19
15:15:4:122,3.94,0.19,-0.18
15:15:4:122,3.94,0.20,-0.18
15:15:4:122,3.96,0.19,-0.19
15:15:4:214,3.95,0.20,-0.21
15:15:4:214,3.96,0.21,-0.19
15:15:4:214,3.94,0.20,-0.20
15:15:4:214,3.94,0.20,-0.24
15:15:4:214,3.96,0.21,-0.20
15:15:4:214,3.95,0.20,-0.20
15:15:4:214,3.94,0.20,-0.21
15:15:4:294,3.94,0.17,-0.20
15:15:4:294,3.96,0.18,-0.24
15:15:4:294,3.95,0.18,-0.21
15:15:4:294,3.94,0.19,-0.24
15:15:4:294,3.96,0.22,-0.22
15:15:4:294,3.94,0.22,-0.22
15:15:4:294,3.96,0.19,-0.22
15:15:4:330,3.98,0.20,-0.21
15:15:4:330,3.95,0.20,-0.22
15:15:4:330,3.96,0.19,-0.18
15:15:4:330,3.97,0.20,-0.21
15:15:4:330,3.96,0.18,-0.25
15:15:4:330,3.96,0.18,-0.23
15:15:4:330,3.95,0.17,-0.22
15:15:4:386,3.96,0.16,-0.19
15:15:4:386,3.98,0.19,-0.19
15:15:4:386,3.96,0.18,-0.21
15:15:4:386,3.96,0.15,-0.18
15:15:4:386,3.96,0.15,-0.20
15:15:4:386,3.95,0.16,-0.20
15:15:4:386,3.95,0.16,-0.18
15:15:4:403,3.99,0.17,-0.14
15:15:4:403,3.95,0.17,-0.14
15:15:4:403,3.94,0.16,-0.13
15:15:4:403,3.96,0.17,-0.14
15:15:4:403,3.95,0.17,-0.13
15:15:4:403,3.96,0.18,-0.14
15:15:4:403,3.94,0.19,-0.18
15:15:4:403,3.93,0.18,-0.15
15:15:4:493,3.95,0.19,-0.17
15:15:4:493,3.99,0.18,-0.18
15:15:4:493,3.96,0.21,-0.17
15:15:4:493,3.96,0.17,-0.18
15:15:4:493,3.97,0.20,-0.17
15:15:4:493,3.95,0.19,-0.16
15:15:4:493,3.95,0.18,-0.16
15:15:4:493,3.95,0.20,-0.16
15:15:4:493,3.96,0.20,-0.19
15:15:4:493,3.97,0.19,-0.16
15:15:4:493,3.96,0.20,-0.13
15:15:4:493,3.94,0.17,-0.14
15:15:4:493,3.96,0.18,-0.15
15:15:4:493,3.97,0.20,-0.15
15:15:4:511,3.95,0.19,-0.13
15:15:4:511,3.97,0.19,-0.13
15:15:4:511,3.96,0.19,-0.14
15:15:4:511,3.96,0.17,-0.15
15:15:4:511,3.95,0.18,-0.13
15:15:4:511,3.96,0.19,-0.16
15:15:4:511,3.96,0.18,-0.17
15:15:4:528,3.96,0.18,-0.14
15:15:4:528,3.96,0.20,-0.19
15:15:4:528,3.93,0.17,-0.15
15:15:4:528,3.96,0.17,-0.14
15:15:4:528,3.95,0.17,-0.15
15:15:4:528,3.96,0.18,-0.11
15:15:4:528,3.95,0.18,-0.13
15:15:4:672,3.97,0.20,-0.14
15:15:4:672,3.96,0.19,-0.11
15:15:4:672,3.96,0.17,-0.15
15:15:4:672,3.96,0.17,-0.14
15:15:4:672,3.97,0.16,-0.09
15:15:4:672,3.94,0.18,-0.12
15:15:4:672,3.97,0.19,-0.12
15:15:4:853,3.96,0.18,-0.13
15:15:4:853,3.96,0.17,-0.11
15:15:4:853,3.98,0.17,-0.12
15:15:4:853,3.99,0.15,-0.12
15:15:4:853,3.96,0.18,-0.09
15:15:4:853,3.96,0.18,-0.13
15:15:4:853,3.98,0.17,-0.11
15:15:4:870,3.98,0.15,-0.08
15:15:4:870,3.99,0.20,-0.09
15:15:4:870,3.97,0.20,-0.04
15:15:4:870,3.97,0.19,-0.03
15:15:4:870,3.96,0.18,-0.09
15:15:4:870,3.97,0.15,-0.06
15:15:4:870,3.95,0.17,-0.06
15:15:4:890,3.94,0.21,-0.08
15:15:4:890,4.00,0.20,-0.06
15:15:4:890,4.01,0.19,-0.12
15:15:4:890,4.01,0.23,-0.11
15:15:4:890,3.94,0.22,-0.07
15:15:4:890,3.92,0.23,-0.09
15:15:4:890,3.93,0.26,-0.10
15:15:4:890,3.96,0.33,-0.09
15:15:4:890,3.93,0.31,-0.11
15:15:4:890,3.93,0.32,-0.12
15:15:4:890,3.92,0.27,-0.12
15:15:4:890,3.95,0.33,-0.11
15:15:4:890,3.98,0.39,-0.13
15:15:4:890,3.99,0.46,-0.12
15:15:4:907,3.95,0.39,-0.09
15:15:4:907,3.92,0.43,-0.08
15:15:4:907,3.92,0.35,-0.13
15:15:4:907,3.96,0.33,-0.09
15:15:4:907,3.83,0.33,-0.12
15:15:4:907,3.78,0.42,-0.20
15:15:4:907,3.87,0.38,-0.34
15:15:4:916,4.02,0.24,-0.30
15:15:4:916,3.92,0.18,-0.07
15:15:4:916,3.81,0.13,-0.06
15:15:4:916,3.92,0.06,-0.14
15:15:4:916,4.04,0.04,-0.02
15:15:4:916,4.17,0.17,0.12
15:15:4:916,4.12,0.22,-0.10
15:15:4:916,3.79,0.22,-0.34
15:15:4:916,4.01,0.07,-0.47
15:15:4:916,4.33,0.01,-0.39
15:15:4:916,4.05,-0.02,-0.51
15:15:4:916,3.91,-0.01,-0.33
15:15:4:916,3.81,-0.04,-0.33
15:15:4:916,3.40,0.00,-0.52
15:15:4:935,3.59,0.00,-0.46
15:15:4:935,3.78,0.09,-0.63
15:15:4:935,3.64,-0.01,-0.58
15:15:4:935,3.64,-0.20,-0.53
15:15:4:935,3.88,-0.26,-0.65
15:15:4:935,4.03,-0.16,-0.55
15:15:4:935,3.92,-0.01,-0.34
15:15:4:935,3.95,-0.04,-0.46
15:15:4:935,4.32,-0.31,-0.69
15:15:4:935,4.56,-0.58,-0.83
15:15:4:935,5.14,-0.50,-0.31
15:15:4:935,5.66,0.39,-0.27
15:15:4:935,4.95,0.70,-0.74
15:15:4:935,3.96,-0.14,0.51
15:15:5:17,4.10,-0.34,0.94
15:15:5:17,4.17,0.08,0.91
15:15:5:17,3.79,0.24,0.87
15:15:5:17,3.66,0.01,0.73
15:15:5:17,3.72,-0.21,0.37
15:15:5:17,4.20,0.12,-0.14
15:15:5:17,3.76,0.47,-0.40
15:15:5:188,3.05,0.79,-0.43
15:15:5:188,3.12,0.66,-0.38
15:15:5:188,3.83,0.40,-0.12
15:15:5:188,3.86,0.15,-0.42
15:15:5:188,3.27,0.05,-0.43
15:15:5:188,3.14,0.27,-0.28
15:15:5:188,3.18,0.67,-0.16
15:15:5:206,3.26,1.01,-0.45
15:15:5:206,4.03,1.22,-0.23
15:15:5:206,4.75,1.16,-0.30
15:15:5:206,4.57,0.24,-0.66
15:15:5:206,4.70,-0.29,-1.47
15:15:5:206,4.55,0.35,-1.75
15:15:5:206,5.49,0.79,0.00
15:15:5:216,5.42,0.48,1.05
15:15:5:216,3.79,0.34,1.21
15:15:5:216,3.49,0.54,0.49
15:15:5:216,3.67,0.45,0.49
15:15:5:216,4.38,0.42,0.63
15:15:5:216,5.04,0.42,0.25
15:15:5:216,4.14,0.34,-0.26
15:15:5:231,2.84,-0.15,-0.22
15:15:5:231,2.79,-0.23,-0.46
15:15:5:231,3.17,0.09,-0.23
15:15:5:231,3.99,0.40,-0.39
15:15:5:231,3.25,0.47,-0.80
15:15:5:231,2.87,-0.05,-0.44
15:15:5:231,3.45,-0.27,-0.64
15:15:5:246,3.68,-0.23,-0.94
15:15:5:246,4.12,-0.11,-0.88
15:15:5:246,4.34,0.30,-0.82
15:15:5:246,4.54,0.78,-0.77
15:15:5:246,4.38,0.88,-1.49
15:15:5:246,5.02,0.82,-0.60
15:15:5:246,5.96,0.98,-0.88
15:15:5:253,5.04,0.28,0.20
15:15:5:253,3.22,-0.47,1.16
15:15:5:253,3.62,-0.84,0.62
15:15:5:253,4.44,-0.28,0.70
15:15:5:253,4.03,-0.12,0.08
15:15:5:253,4.05,-0.11,-0.01
15:15:5:253,4.19,0.04,-0.14
15:15:5:260,3.17,0.53,-0.45
15:15:5:260,2.56,0.76,-0.47
15:15:5:260,2.88,0.60,-0.53
15:15:5:260,3.40,0.44,-0.27
15:15:5:260,3.46,0.45,-0.34
15:15:5:260,3.29,0.34,-0.50
15:15:5:260,3.59,0.65,-0.39
15:15:5:276,3.76,0.87,-0.68
15:15:5:276,4.14,1.04,-0.72
15:15:5:276,4.68,1.01,-0.89
15:15:5:276,4.46,-0.08,-1.53
15:15:5:276,4.60,-0.02,-1.34
15:15:5:276,4.17,0.39,-0.37
15:15:5:276,5.78,0.04,1.30
15:15:5:283,4.83,-1.47,1.32
15:15:5:283,3.56,0.32,0.49
15:15:5:283,3.64,1.18,0.40
15:15:5:283,4.09,1.16,0.11
15:15:5:283,5.16,0.86,-0.21
15:15:5:283,4.10,0.04,-0.64
15:15:5:283,3.12,-0.76,-0.32
15:15:5:298,2.93,-0.27,-0.33
15:15:5:298,3.29,0.22,-0.39
15:15:5:298,3.55,0.31,-0.62
15:15:5:298,3.49,0.27,-0.85
15:15:5:298,3.29,-0.14,-0.29
15:15:5:298,3.33,-0.45,-0.76
15:15:5:298,3.96,-0.15,-0.87
15:15:5:342,4.17,0.06,-1.23
15:15:5:342,3.44,0.42,-1.30
15:15:5:342,3.75,0.81,-1.33
15:15:5:342,4.64,0.85,-1.33
15:15:5:342,6.05,1.00,-0.77
15:15:5:342,5.80,1.03,-0.75
15:15:5:342,4.00,-0.12,1.35
15:15:5:473,3.34,-0.88,0.86
15:15:5:473,4.76,-0.43,0.54
15:15:5:473,4.17,-0.16,0.17
15:15:5:473,3.61,0.10,-0.12
15:15:5:473,4.85,-0.12,-0.52
15:15:5:473,3.60,0.20,-0.65
15:15:5:473,2.17,0.81,-0.30
15:15:5:518,2.65,0.76,-0.33
15:15:5:518,3.51,0.52,-0.23
15:15:5:518,3.39,0.20,-0.18
15:15:5:518,3.24,0.22,-0.32
15:15:5:518,3.20,0.38,-0.55
15:15:5:518,3.59,0.82,-0.56
15:15:5:519,3.85,1.02,-0.89
15:15:5:543,4.32,0.98,-0.77
15:15:5:543,4.58,0.28,-1.20
15:15:5:543,4.43,-0.28,-2.07
15:15:5:543,4.44,0.18,-1.05
15:15:5:543,4.96,0.31,0.13
15:15:5:543,6.04,-1.14,2.18
15:15:5:543,3.70,-0.13,0.93
15:15:5:543,3.49,0.89,0.47
15:15:5:575,4.08,0.84,-0.07
15:15:5:575,5.31,0.52,-0.12
15:15:5:575,5.04,0.64,-0.77
15:15:5:575,2.76,0.00,-0.36
15:15:5:575,2.52,-0.03,-0.39
15:15:5:594,3.20,0.01,-0.54
15:15:5:615,3.63,-0.03,-0.60
15:15:5:621,3.20,-0.19,-0.87
15:15:5:637,3.30,-0.22,-0.28
15:15:5:637,3.37,-0.18,-0.69
15:15:5:637,3.22,0.13,-1.10
15:15:5:637,3.72,0.18,-1.29
15:15:5:637,4.05,0.17,-1.42
15:15:5:637,4.23,0.76,-1.25
15:15:5:637,4.02,1.12,-2.10
15:15:5:644,4.93,1.06,-0.99
15:15:5:649,5.45,0.60,-1.14
15:15:5:662,5.61,0.60,1.28
15:15:5:744,3.62,-0.17,1.18
15:15:5:804,4.17,-0.45,0.65
15:15:5:830,4.98,-0.06,0.12
15:15:5:836,4.26,0.19,-0.69
15:15:5:836,4.20,-0.33,-0.45
15:15:5:917,3.78,-0.27,-0.61
15:15:5:917,2.47,0.44,-0.62
15:15:5:917,2.36,0.95,-0.68
15:15:5:917,3.00,0.86,-0.19
15:15:5:917,3.47,0.24,-0.10
15:15:5:936,3.66,0.03,-0.42
15:15:5:936,3.24,0.13,-0.58
15:15:5:945,2.98,0.53,-0.62
15:15:5:964,3.77,0.98,-0.64
15:15:5:969,4.22,0.89,-1.16
15:15:5:975,4.37,0.57,-1.08
15:15:5:982,4.20,-0.41,-1.39
15:15:5:997,4.18,-0.25,-1.32
15:15:6:0,4.90,-0.04,0.92
15:15:6:0,6.60,-1.36,1.23
15:15:6:18,4.36,0.01,1.21
15:15:6:18,3.79,1.19,0.47
15:15:6:18,4.03,1.57,-0.01
15:15:6:122,4.70,1.05,-0.08
15:15:6:140,4.66,0.31,-0.70
15:15:6:140,3.25,-0.54,-0.40
15:15:6:140,2.69,-0.70,-0.41
15:15:6:140,3.23,-0.27,-0.52
15:15:6:158,3.64,0.06,-0.72
15:15:6:193,3.06,0.28,-0.79
15:15:6:211,2.92,0.05,-0.57
15:15:6:264,3.37,-0.26,-0.53
15:15:6:282,3.57,-0.20,-1.15
15:15:6:282,3.68,0.16,-1.33
15:15:6:300,3.64,0.04,-1.21
15:15:6:317,3.60,0.84,-1.44
15:15:6:317,4.64,1.03,-0.84
15:15:6:334,6.08,1.21,-0.18
15:15:6:351,5.53,0.82,0.66
15:15:6:370,4.09,-0.84,0.91
15:15:6:370,4.35,-0.50,0.10
15:15:6:386,4.67,-0.20,0.17
15:15:6:388,4.83,0.38,-0.08
15:15:6:443,4.58,0.77,-0.55
15:15:6:462,2.88,1.02,-0.21
15:15:6:479,2.33,1.07,-0.16
15:15:6:498,3.38,0.96,-0.26
15:15:6:498,3.86,0.67,-0.40
15:15:6:498,3.51,0.06,-0.48
15:15:6:516,2.90,0.06,-0.50
15:15:6:534,3.30,0.43,-0.53
15:15:6:534,3.65,0.83,-0.81
15:15:6:552,3.28,0.93,-1.05
15:15:6:569,3.36,0.72,-1.12
15:15:6:622,4.19,0.34,-0.89
15:15:6:622,3.99,0.17,-1.18
15:15:6:641,4.63,-0.63,-0.16
15:15:6:659,6.09,-1.88,0.59
15:15:6:729,5.32,-1.32,1.56
15:15:6:729,3.55,0.20,0.87
15:15:6:749,4.60,1.56,-0.08
15:15:6:749,4.91,1.36,-1.07
15:15:6:766,4.62,0.67,-1.41
15:15:6:807,3.89,0.09,-0.61
15:15:6:824,3.13,-0.18,-0.67
15:15:6:842,3.28,-0.25,-0.44
15:15:6:860,3.54,-0.38,-0.71
15:15:6:878,3.53,-0.38,-0.24
15:15:6:913,3.40,-0.46,-0.50
15:15:6:931,3.52,-0.43,-0.43
15:15:7:37,3.73,-0.50,-0.79
15:15:7:74,3.56,-0.24,-0.94
15:15:7:125,3.24,0.20,-0.43
15:15:7:250,3.59,0.26,-0.25
15:15:7:393,4.07,0.28,-0.10
15:15:7:429,4.50,0.54,0.36
15:15:7:445,4.99,0.46,-0.05
15:15:7:569,4.85,0.49,-0.17
15:15:7:569,4.18,0.19,-0.45
15:15:7:588,4.37,0.23,-0.54
15:15:7:588,5.00,0.81,-0.27
15:15:7:622,4.16,0.76,-0.47
15:15:7:623,4.03,0.53,-0.31
15:15:7:639,3.36,0.37,-0.49
15:15:7:727,3.56,0.21,-0.53
15:15:7:781,3.93,0.11,-0.51
15:15:7:906,3.69,0.15,-0.39
15:15:7:906,3.65,0.57,-0.68
15:15:7:906,4.00,0.49,-1.08
15:15:7:906,3.94,0.39,-0.91
15:15:8:12,3.88,0.42,-0.63
15:15:8:157,3.79,0.13,-0.37
15:15:8:174,3.63,-0.15,-0.52
15:15:8:244,3.86,-0.06,-0.41
15:15:8:244,3.58,0.36,-0.41
15:15:8:244,3.21,0.61,-0.13
15:15:8:262,3.49,0.37,-0.35
15:15:8:369,4.44,-0.08,-0.64
15:15:8:461,5.49,-1.25,-0.55
15:15:8:461,4.18,-0.95,-0.40
15:15:8:679,2.86,0.34,-0.68
15:15:8:856,3.72,0.41,-0.69
15:15:8:976,3.73,-0.10,-0.42
15:15:9:137,4.14,-0.23,-0.36
15:15:9:137,4.01,-0.33,-0.40
15:15:9:352,3.57,-0.55,-0.57
15:15:9:536,3.55,-0.44,-0.56
15:15:9:536,3.97,-0.30,-0.59
15:15:9:536,4.05,-0.30,-0.85
15:15:9:536,3.74,-0.43,-0.69
15:15:9:536,3.66,-0.52,-0.64
15:15:9:536,3.64,-0.32,-0.75
15:15:9:857,4.02,-0.06,-0.61
15:15:9:857,4.43,0.24,-0.30
15:15:9:857,4.21,0.29,-0.62
15:15:9:857,3.89,0.23,-0.68
15:15:10:233,3.93,0.08,-0.84
15:15:10:233,4.13,0.08,-0.67
15:15:10:233,4.01,0.11,-0.51
15:15:10:233,3.96,0.29,-0.38
15:15:10:233,4.01,0.35,-0.32
15:15:10:323,4.01,0.30,-0.30
15:15:10:434,3.92,0.18,-0.29
15:15:10:698,3.94,0.03,-0.30
15:15:10:698,3.88,0.07,-0.30
15:15:10:698,4.00,0.08,-0.38
15:15:11:40,4.03,0.24,-0.36
15:15:11:40,3.92,0.25,-0.33
15:15:11:40,3.94,0.20,-0.27
15:15:11:40,3.98,0.14,-0.27
15:15:11:40,3.98,0.07,-0.18
15:15:11:40,4.05,0.10,-0.21
15:15:11:57,4.02,0.19,-0.17
15:15:11:57,3.90,0.37,-0.11
15:15:11:165,3.72,0.41,0.00
15:15:11:329,3.72,0.38,-0.02
15:15:11:329,3.86,0.25,-0.08
15:15:11:329,4.01,0.21,-0.15
15:15:11:329,4.12,0.32,-0.15
15:15:11:329,3.98,0.44,-0.15
15:15:11:329,3.91,0.34,-0.02
15:15:11:329,3.87,0.24,-0.02
15:15:11:613,3.89,0.21,-0.13
15:15:11:613,3.97,0.14,-0.09
15:15:11:613,4.00,0.06,-0.11
15:15:11:613,4.05,0.09,-0.11
15:15:11:613,3.97,0.23,-0.16
15:15:11:613,3.96,0.21,-0.19
15:15:11:613,3.93,0.15,-0.15
15:15:11:743,4.03,0.20,-0.04
15:15:11:743,3.96,0.21,-0.02
15:15:11:743,3.93,0.18,-0.08
15:15:11:743,3.99,0.23,-0.19
15:15:12:63,3.99,0.23,-0.20
15:15:12:63,3.96,0.23,-0.20
15:15:12:63,3.92,0.27,-0.24
15:15:12:119,3.93,0.24,-0.29
15:15:12:119,3.94,0.16,-0.29
15:15:12:119,4.00,0.18,-0.19
15:15:12:119,3.98,0.23,-0.12
15:15:12:119,3.94,0.21,-0.16
15:15:12:119,3.86,0.18,-0.18
15:15:12:119,3.87,0.18,-0.18
15:15:12:463,3.88,0.23,-0.29
15:15:12:463,3.96,0.29,-0.36
15:15:12:463,4.03,0.29,-0.34
15:15:12:463,3.97,0.25,-0.35
15:15:12:463,3.92,0.25,-0.33
15:15:12:498,3.89,0.27,-0.30
15:15:12:498,3.99,0.27,-0.28
15:15:12:498,3.99,0.28,-0.22
15:15:12:498,3.92,0.27,-0.28
15:15:12:498,3.91,0.26,-0.24
15:15:12:498,3.95,0.25,-0.24
15:15:12:498,3.94,0.26,-0.28
15:15:12:498,3.99,0.26,-0.24
15:15:12:498,3.99,0.26,-0.24
15:15:12:498,3.94,0.22,-0.22
15:15:12:498,3.94,0.19,-0.22
15:15:12:553,3.92,0.21,-0.22
15:15:12:553,3.91,0.20,-0.25
15:15:12:553,3.97,0.14,-0.30
15:15:12:553,3.98,0.16,-0.22
15:15:12:553,3.96,0.16,-0.27
15:15:12:553,3.96,0.20,-0.29
15:15:12:553,3.94,0.22,-0.24
15:15:12:588,3.89,0.18,-0.24
15:15:12:588,4.00,0.15,-0.30
15:15:12:588,3.99,0.12,-0.30
15:15:12:588,4.00,0.14,-0.30
15:15:12:588,3.94,0.07,-0.40
15:15:12:588,3.75,-0.06,-0.51
15:15:12:588,3.92,0.01,-0.57
15:15:12:661,3.94,0.10,-0.64
15:15:12:661,3.68,0.16,-0.68
15:15:12:661,3.90,0.14,-0.68
15:15:12:661,4.07,0.06,-0.67
15:15:12:661,3.98,0.03,-0.72
15:15:12:661,3.79,0.11,-0.77
15:15:12:661,3.78,0.10,-0.83
15:15:12:752,3.89,0.02,-0.80
15:15:12:752,3.86,-0.01,-0.70
15:15:12:752,3.91,0.03,-0.51
15:15:12:752,3.90,-0.04,-0.49
15:15:12:752,3.79,-0.12,-0.53
15:15:12:752,3.88,-0.04,-0.38
15:15:12:752,3.98,0.11,-0.34
15:15:12:860,4.21,0.17,-0.40
15:15:12:860,4.40,0.09,-0.68
15:15:12:860,4.27,0.25,-0.97
15:15:12:860,3.95,0.43,-0.86
15:15:12:860,3.97,0.59,-0.55
15:15:12:860,3.75,0.65,-0.62
15:15:12:860,3.54,0.62,-0.42
15:15:12:930,3.46,0.53,-0.60
15:15:12:930,3.26,0.44,-0.50
15:15:12:930,3.25,0.49,-0.53
15:15:12:930,3.46,0.71,-0.60
15:15:12:930,3.67,0.72,-0.48
15:15:12:930,3.82,0.59,-0.49
15:15:12:930,3.78,0.51,-0.71
15:15:12:986,4.17,0.29,-0.70
15:15:12:986,4.68,0.37,-0.92
15:15:12:986,4.75,0.43,-0.94
15:15:12:986,5.01,0.51,-1.07
15:15:12:986,6.38,0.30,-0.54
15:15:12:986,6.44,0.70,-0.18
15:15:12:986,3.84,0.78,1.19
15:15:13:186,3.76,0.51,1.01
15:15:13:186,3.32,0.44,0.75
15:15:13:186,3.28,-0.18,1.10
15:15:13:186,3.60,0.08,0.98
15:15:13:186,3.85,0.41,0.74
15:15:13:186,3.66,0.30,0.18
15:15:13:186,3.03,0.14,0.03
15:15:13:222,2.85,0.20,0.07
15:15:13:222,3.43,0.27,-0.20
15:15:13:222,3.35,0.26,-0.62
15:15:13:222,2.98,0.21,-0.61
15:15:13:222,3.32,-0.20,-0.31
15:15:13:222,3.88,-0.30,-0.67
15:15:13:222,3.65,-0.33,-0.90
15:15:13:332,4.12,-0.39,-0.71
15:15:13:332,4.86,0.07,-1.29
15:15:13:332,4.95,0.50,-1.45
15:15:13:332,4.33,0.50,-1.44
15:15:13:332,5.89,0.68,-0.60
15:15:13:332,6.02,1.01,-0.98
15:15:13:458,4.50,0.26,1.89
15:15:13:458,2.55,-0.72,1.08
15:15:13:458,3.58,-0.56,0.63
15:15:13:458,4.53,-0.36,0.21
15:15:13:458,4.85,-0.23,-0.37
15:15:13:458,4.65,0.04,-0.85
15:15:13:494,2.97,0.67,-0.59
15:15:13:494,2.39,0.99,-0.63
15:15:13:494,2.57,0.80,-0.49
15:15:13:494,3.08,0.67,-0.49
15:15:13:494,3.80,0.59,-0.19
15:15:13:494,3.42,0.32,-0.40
15:15:13:494,3.14,0.49,-0.42
15:15:13:548,3.48,1.06,-0.33
15:15:13:548,3.61,1.13,-1.04
15:15:13:548,4.44,0.91,-0.79
15:15:13:548,4.94,-0.40,-1.35
15:15:13:548,4.46,-0.82,-1.79
15:15:13:548,4.08,0.45,-0.26
15:15:13:548,6.23,0.55,1.64
15:15:13:565,6.63,-1.23,1.19
15:15:13:565,3.17,0.68,0.74
15:15:13:565,3.29,1.35,0.28
15:15:13:565,4.28,1.13,0.22
15:15:13:565,4.87,0.71,-0.06
15:15:13:565,3.67,0.08,-0.41
15:15:13:565,3.02,-0.44,-0.21
15:15:13:655,2.73,0.15,-0.49
15:15:13:655,3.01,0.32,-0.73
15:15:13:655,3.26,0.29,-1.25
15:15:13:655,2.92,0.53,-0.30
15:15:13:655,3.05,0.15,-0.32
15:15:13:655,3.56,-0.23,-0.76
15:15:13:655,3.61,-0.42,-1.31
15:15:13:691,4.40,-0.43,-1.36
15:15:13:691,5.04,0.79,-1.45
15:15:13:691,4.19,1.97,-2.63
15:15:13:691,4.69,1.59,-0.83
15:15:13:691,5.16,0.34,-0.59
15:15:13:691,5.93,0.27,1.76
15:15:13:691,3.75,-0.88,1.45
15:15:13:707,4.12,-0.60,0.60
15:15:13:707,4.30,-0.06,-0.14
15:15:13:707,3.98,0.15,-0.51
15:15:13:707,5.14,-0.23,-0.69
15:15:13:707,3.35,0.26,-0.82
15:15:13:707,2.19,0.66,-0.37
15:15:13:707,2.47,0.59,-0.47
15:15:13:743,3.12,0.62,-0.33
15:15:13:743,3.41,0.52,-0.30
15:15:13:743,3.26,0.47,-0.41
15:15:13:743,3.06,0.70,-0.45
15:15:13:743,3.22,0.80,-0.87
15:15:13:743,4.33,1.06,-0.96
15:15:13:743,4.39,0.81,-1.71
15:15:13:796,4.16,-0.30,-1.51
15:15:13:796,4.27,-0.23,-1.67
15:15:13:847,4.92,-0.03,0.04
15:15:13:847,7.05,-1.31,1.50
15:15:13:865,4.63,-0.23,1.35
15:15:13:865,2.97,0.99,0.72
15:15:13:865,3.80,1.46,0.13
15:15:13:865,5.42,1.28,-0.26
15:15:13:865,5.19,0.37,-1.10
15:15:13:865,2.89,-0.15,-0.39
15:15:13:865,2.66,-0.33,-0.47
15:15:13:937,3.06,0.03,-0.62
15:15:13:937,3.16,-0.27,-0.59
15:15:13:937,3.16,0.00,-0.74
15:15:13:937,3.33,0.04,-0.37
15:15:14:10,3.63,0.04,-0.58
15:15:14:10,3.56,-0.18,-0.95
15:15:14:10,3.23,-0.21,-1.37
15:15:14:26,3.88,-0.02,-1.35
15:15:14:26,4.24,0.93,-1.61
15:15:14:45,3.63,1.15,-2.38
15:15:14:45,5.80,1.19,0.02
15:15:14:45,6.01,0.93,-0.54
15:15:14:45,4.95,0.83,1.04
15:15:14:45,3.40,-0.65,0.70
15:15:14:45,4.72,-0.75,0.54
15:15:14:45,4.74,-0.63,0.09
15:15:14:64,3.94,-0.43,-0.32
15:15:14:64,4.33,-0.15,-0.80
15:15:14:64,3.30,0.35,-0.80
15:15:14:64,2.37,0.68,-0.75
15:15:14:64,2.73,0.54,-0.43
15:15:14:64,3.36,0.42,-0.29
15:15:14:64,3.38,0.15,-0.44
15:15:14:64,2.79,0.27,-0.43
15:15:14:96,2.89,0.67,-0.45
15:15:14:96,3.64,1.43,-0.83
15:15:14:96,4.06,1.64,-1.12
15:15:14:96,4.32,1.21,-1.08
15:15:14:96,4.87,-0.53,-1.64
15:15:14:114,4.73,-0.84,-0.90
15:15:14:188,6.33,-1.10,0.41
15:15:14:188,5.70,-0.67,1.30
15:15:14:188,2.89,1.57,0.66
15:15:14:188,4.38,1.50,0.09
15:15:14:206,4.83,1.18,-0.33
15:15:14:206,4.30,0.31,-0.30
15:15:14:206,3.33,0.04,-0.39
15:15:14:206,2.81,-0.41,-0.38
15:15:14:224,2.80,-0.17,-0.47
15:15:14:224,3.21,0.09,-0.86
15:15:14:224,3.08,0.37,-0.95
15:15:14:275,3.35,-0.03,-0.60
15:15:14:275,3.79,-0.17,-0.62
15:15:14:275,3.68,-0.02,-1.19
15:15:14:294,3.38,-0.09,-1.33
15:15:14:296,3.83,-0.00,-1.28
15:15:14:385,3.89,0.62,-1.67
15:15:14:385,3.79,0.66,-1.23
15:15:14:385,5.62,1.05,0.28
15:15:14:475,6.00,1.46,0.51
15:15:14:475,4.18,0.25,0.83
15:15:14:475,4.40,-0.30,0.21
15:15:14:494,4.87,-0.51,-0.20
15:15:14:558,4.66,-0.51,-0.72
15:15:14:576,4.45,-0.30,-0.70
15:15:14:576,3.74,0.22,-0.87
15:15:14:596,2.68,0.73,-0.84
15:15:14:596,2.66,0.87,-0.72
15:15:14:596,3.20,0.63,-0.57
15:15:14:596,3.37,0.38,-0.39
15:15:14:650,3.03,0.18,-0.51
15:15:14:686,2.65,0.33,-0.80
15:15:14:740,3.20,0.55,-0.89
15:15:14:758,3.63,1.17,-1.27
15:15:14:815,3.63,1.26,-1.08
15:15:14:815,3.85,0.66,-1.18
15:15:14:815,3.90,-0.39,-1.05
15:15:14:834,5.20,-1.20,0.69
15:15:14:834,7.44,-2.21,1.39
15:15:14:834,5.51,-0.08,0.63
15:15:14:834,3.60,0.89,0.96
15:15:14:834,4.51,1.50,0.30
15:15:14:851,5.57,1.28,-0.18
15:15:14:851,4.26,0.32,-0.25
15:15:14:868,2.84,-0.39,0.11
15:15:14:921,3.01,-0.46,-0.11
15:15:14:939,3.70,-0.44,-0.20
15:15:14:957,4.06,-0.08,-0.79
15:15:14:975,3.18,0.36,-0.64
15:15:14:992,3.07,0.22,-0.43
15:15:15:10,3.08,-0.10,-0.99
15:15:15:82,3.62,-0.30,-0.94
15:15:15:101,3.58,-0.42,-0.85
15:15:15:137,3.25,0.02,-0.49
15:15:15:137,3.67,0.30,-0.59
15:15:15:173,4.18,0.27,-0.98
15:15:15:173,4.46,0.07,-1.06
15:15:15:190,5.33,0.58,-0.83
15:15:15:208,5.68,1.35,-0.28
15:15:15:208,4.66,1.10,0.48
15:15:15:208,3.77,0.94,0.54
15:15:15:263,4.13,0.88,0.40
15:15:15:287,4.26,0.89,-0.07
15:15:15:287,4.08,0.56,-0.37
15:15:15:304,4.27,-0.02,-0.64
15:15:15:304,4.15,-0.00,-0.88
15:15:15:322,3.39,0.62,-0.37
15:15:15:322,3.30,0.86,-0.33
15:15:15:339,3.73,0.69,-0.14
15:15:15:358,3.69,0.49,-0.24
15:15:15:358,3.26,0.51,-0.26
15:15:15:376,3.53,0.62,-0.34
15:15:15:393,3.55,0.85,-0.44
15:15:15:450,3.31,0.94,-0.40
15:15:15:450,3.65,1.06,-0.30
15:15:15:468,4.10,1.16,-0.16
15:15:15:486,4.08,0.79,-0.12
15:15:15:486,4.17,0.48,-0.16
15:15:15:520,4.32,0.59,-0.20
15:15:15:538,3.84,0.71,0.13
15:15:15:555,3.43,0.77,0.12
15:15:15:574,3.60,0.41,-0.01
15:15:15:627,4.53,-0.09,0.24
15:15:15:662,5.12,-0.47,-0.23
15:15:15:663,4.51,-0.54,-0.56
15:15:15:681,3.85,-0.15,-0.51
15:15:15:701,4.00,0.35,-0.63
15:15:15:772,4.12,0.34,-0.53
15:15:15:848,3.84,0.08,-0.51
15:15:15:884,3.83,-0.01,-0.66
15:15:15:975,3.83,0.23,-0.86
15:15:16:99,4.01,0.43,-0.91
15:15:16:163,3.93,0.66,-0.75
15:15:16:181,3.80,0.67,-0.30
15:15:16:251,3.82,0.49,-0.24
15:15:16:319,3.51,0.38,-0.23
15:15:16:388,3.71,0.34,-0.11
15:15:16:562,3.82,0.39,-0.32
15:15:16:595,3.97,0.44,-0.38
15:15:16:805,4.16,0.52,-0.48
15:15:17:18,4.23,0.54,-0.30
15:15:17:241,3.99,0.84,-0.28
15:15:17:340,3.92,1.06,-0.16
15:15:17:340,3.78,1.11,-0.22
15:15:17:486,3.63,0.82,-0.21
15:15:17:687,3.71,0.48,-0.30
15:15:17:687,3.95,0.58,-0.51
15:15:17:687,3.88,0.77,-0.57
15:15:17:687,3.98,0.92,-0.44
15:15:17:734,3.98,0.90,-0.36
15:15:17:734,3.68,0.66,-0.27
15:15:17:807,3.75,0.52,-0.30
15:15:18:971,3.80,0.60,-0.23
15:15:18:971,3.97,0.51,-0.17
15:15:19:35,4.09,0.32,-0.26
15:15:19:82,4.00,0.32,-0.29
15:15:19:82,4.12,0.29,-0.21
15:15:19:82,3.85,0.31,-0.36
15:15:19:82,3.83,0.38,-0.43
15:15:19:131,3.90,0.33,-0.44
15:15:19:131,3.90,0.30,-0.43
15:15:19:131,3.96,0.19,-0.32
15:15:19:440,4.17,0.04,-0.25
15:15:19:440,4.14,0.01,-0.29
15:15:19:440,3.91,0.05,-0.31
15:15:19:440,3.87,0.20,-0.44
15:15:19:521,3.90,0.31,-0.49
15:15:19:521,3.91,0.29,-0.56
15:15:19:619,3.98,0.25,-0.63
15:15:19:619,3.92,0.16,-0.70
15:15:19:675,3.94,0.17,-0.58
15:15:19:675,3.98,0.17,-0.43
15:15:19:675,3.95,0.15,-0.37
15:15:19:675,3.92,0.16,-0.32
15:15:19:675,3.85,0.22,-0.42
15:15:19:675,3.87,0.26,-0.46
15:15:19:675,3.91,0.28,-0.54
15:15:19:836,3.96,0.31,-0.56
15:15:19:836,4.01,0.27,-0.53
15:15:19:836,3.97,0.22,-0.52
15:15:19:836,3.94,0.15,-0.50
15:15:19:836,4.00,0.12,-0.34
15:15:19:836,3.87,0.14,-0.39
15:15:19:891,3.82,0.22,-0.43
15:15:19:891,3.79,0.31,-0.52
15:15:19:891,3.88,0.31,-0.50
15:15:19:891,3.93,0.20,-0.48
15:15:19:891,3.92,0.13,-0.47
15:15:19:962,3.91,0.11,-0.44
15:15:19:962,3.89,0.20,-0.43
15:15:19:962,3.90,0.24,-0.41
15:15:19:980,3.96,0.29,-0.49
15:15:19:980,3.94,0.26,-0.48
15:15:19:980,3.94,0.21,-0.48
15:15:19:980,3.92,0.18,-0.47
15:15:19:980,3.91,0.25,-0.42
15:15:20:0,3.90,0.29,-0.43
15:15:20:0,3.92,0.21,-0.46
15:15:20:0,3.96,0.25,-0.44
15:15:20:0,3.96,0.30,-0.48
15:15:20:17,3.93,0.27,-0.46
15:15:20:17,3.93,0.21,-0.43
15:15:20:17,3.91,0.25,-0.48
15:15:20:17,3.92,0.28,-0.50
15:15:20:17,3.96,0.26,-0.47
15:15:20:17,3.94,0.25,-0.46
15:15:20:18,3.95,0.24,-0.49
15:15:20:18,3.97,0.32,-0.49
15:15:20:18,4.00,0.38,-0.49
15:15:20:18,4.00,0.38,-0.47
15:15:20:18,3.97,0.34,-0.41
15:15:20:18,3.93,0.29,-0.36
15:15:20:18,3.90,0.25,-0.36
15:15:20:53,3.92,0.23,-0.34
15:15:20:53,3.91,0.16,-0.40
15:15:20:53,3.92,0.21,-0.41
15:15:20:53,3.90,0.21,-0.43
15:15:20:53,3.93,0.22,-0.44
15:15:20:90,3.91,0.22,-0.44
15:15:20:90,3.91,0.20,-0.42
15:15:20:183,3.92,0.19,-0.47
15:15:20:183,3.92,0.26,-0.40
15:15:20:183,3.91,0.28,-0.37
15:15:20:183,3.87,0.27,-0.45
15:15:20:183,3.89,0.25,-0.46
15:15:20:183,3.92,0.25,-0.47
15:15:20:183,3.97,0.34,-0.45
15:15:20:312,3.97,0.36,-0.40
15:15:20:312,3.89,0.32,-0.38
15:15:20:312,3.86,0.31,-0.36
15:15:20:313,3.97,0.26,-0.34
15:15:20:313,3.94,0.22,-0.39
15:15:20:313,3.91,0.26,-0.45
15:15:20:313,3.96,0.33,-0.56
15:15:20:386,4.12,0.29,-0.53
15:15:20:386,3.96,0.44,-0.45
15:15:20:386,3.69,0.55,-0.50
15:15:20:386,3.87,0.57,-0.56
15:15:20:386,3.85,0.46,-0.62
15:15:20:386,3.70,0.41,-0.55
15:15:20:386,3.84,0.50,-0.53
15:15:20:421,3.97,0.52,-0.62
15:15:20:421,4.04,0.52,-0.58
15:15:20:421,3.89,0.42,-0.53
15:15:20:421,3.77,0.26,-0.56
15:15:20:421,3.86,0.22,-0.64
15:15:20:421,3.98,0.15,-0.37
15:15:20:421,4.18,0.09,-0.13
15:15:20:424,4.02,-0.01,-0.07
15:15:20:424,3.80,0.09,0.02
15:15:20:424,3.57,0.23,-0.11
15:15:20:424,3.64,0.35,-0.24
15:15:20:424,4.46,0.29,-0.33
15:15:20:424,4.66,0.15,-1.12
15:15:20:424,4.35,0.06,-0.83
15:15:20:590,3.65,0.00,-0.46
15:15:20:590,3.25,0.06,-0.57
15:15:20:590,3.69,0.10,-0.51
15:15:20:590,3.84,0.10,-0.75
15:15:20:590,3.30,0.10,-0.87
15:15:20:590,3.13,-0.15,-0.75
15:15:20:590,3.69,-0.27,-0.85
15:15:20:665,4.17,-0.03,-0.61
15:15:20:665,3.80,0.11,-0.70
15:15:20:665,3.94,-0.01,-0.74
15:15:20:665,4.57,-0.26,-0.86
15:15:20:665,4.88,-0.33,-1.07
15:15:20:665,4.44,-0.10,-1.14
15:15:20:665,5.24,0.46,-0.31
15:15:20:682,6.26,0.94,-0.54
15:15:20:682,5.10,0.43,0.59
15:15:20:682,3.22,-0.21,1.28
15:15:20:682,3.61,-0.31,1.03
15:15:20:682,3.88,-0.24,0.76
15:15:20:682,3.47,-0.31,0.87
15:15:20:682,3.58,-0.34,0.56
15:15:20:702,4.20,0.17,0.04
15:15:20:702,3.99,0.37,-0.49
15:15:20:702,2.88,0.50,-0.45
15:15:20:702,2.74,0.56,-0.37
15:15:20:702,3.36,0.42,-0.47
15:15:20:702,4.04,0.22,-0.71
15:15:20:702,3.54,-0.01,-0.75
15:15:20:702,3.15,0.20,-0.19
15:15:20:702,3.28,0.64,-0.18
15:15:20:702,3.31,0.85,-0.59
15:15:20:702,3.94,0.96,-0.69
15:15:20:702,4.70,0.85,-0.60
15:15:20:702,4.84,0.43,-0.97
15:15:20:702,4.56,-0.18,-1.79
15:15:20:772,4.57,0.16,-0.61
15:15:20:772,5.72,0.46,-0.18
15:15:20:772,6.36,0.09,1.75
15:15:20:772,3.29,0.59,0.81
15:15:20:772,3.16,1.06,0.54
15:15:20:772,4.04,0.64,0.46
15:15:20:772,4.66,0.55,0.20
15:15:20:907,4.72,0.18,-0.45
15:15:20:907,3.24,-0.06,-0.55
15:15:20:907,2.32,-0.27,-0.63
15:15:20:907,2.71,-0.21,-0.58
15:15:20:907,3.50,0.07,-0.18
15:15:20:907,3.84,0.29,-1.04
15:15:20:907,3.20,0.34,-0.81
15:15:20:945,3.14,-0.25,-0.34
15:15:20:945,3.56,-0.45,-0.89
15:15:20:945,3.65,-0.55,-1.27
15:15:20:945,4.42,-0.06,-0.97
15:15:20:945,4.55,0.67,-1.54
15:15:20:945,4.75,1.17,-1.39
15:15:20:945,5.74,1.52,-0.28
15:15:20:962,5.16,1.30,-1.14
15:15:20:963,5.07,0.19,1.17
15:15:20:963,3.57,-1.15,0.94
15:15:20:999,4.07,-0.71,0.84
15:15:20:999,4.71,-0.44,0.09
15:15:21:36,3.85,-0.20,-0.26
15:15:21:36,3.97,-0.07,-0.21
15:15:21:36,3.62,0.49,-0.56
15:15:21:53,2.26,0.99,-0.44
15:15:21:53,2.09,0.88,-0.47
15:15:21:53,2.94,0.45,-0.59
15:15:21:53,3.94,0.27,-0.28
15:15:21:53,3.68,0.07,-0.71
15:15:21:72,3.10,0.24,-0.32
15:15:21:72,3.56,0.87,-0.57
15:15:21:72,4.28,1.41,-0.98
15:15:21:72,4.71,1.03,-1.39
15:15:21:142,4.33,-0.08,-1.97
15:15:21:211,4.10,-0.44,-1.87
15:15:21:247,4.46,0.30,0.13
15:15:21:249,6.27,-0.16,1.79
15:15:21:249,5.37,-0.72,1.31
15:15:21:249,3.28,0.93,0.46
15:15:21:249,3.97,1.58,0.09
15:15:21:249,5.31,0.89,-0.45
15:15:21:249,4.89,0.27,-0.88
15:15:21:249,2.99,-0.25,-0.25
15:15:21:249,2.55,-0.34,-0.36
15:15:21:267,3.00,0.03,-0.50
15:15:21:284,3.44,0.06,-0.47
15:15:21:285,2.84,0.15,-1.19
15:15:21:411,2.96,0.11,-0.30
15:15:21:411,3.51,-0.16,-0.61
15:15:21:568,3.95,-0.23,-1.16
15:15:21:568,3.86,0.10,-1.55
15:15:21:568,3.96,0.46,-1.68
15:15:21:568,3.59,1.25,-1.99
15:15:21:568,4.17,1.09,-1.27
15:15:21:570,5.75,0.87,-0.11
15:15:21:570,6.02,1.15,0.29
15:15:21:588,3.99,-0.32,1.04
15:15:21:605,4.02,-1.15,0.42
15:15:21:621,5.18,-0.74,0.22
15:15:21:638,4.43,-0.11,-0.62
15:15:21:656,4.54,-0.04,-0.65
15:15:21:674,3.94,0.12,-0.78
15:15:21:674,2.03,0.58,-0.25
15:15:21:674,2.12,0.65,-0.63
15:15:21:674,3.16,0.66,-0.57
15:15:21:674,3.43,0.29,0.00
15:15:21:674,3.01,0.18,-0.21
15:15:21:744,3.03,0.38,-0.56
15:15:21:760,3.47,1.03,-0.73
15:15:21:762,3.90,1.25,-1.44
15:15:21:778,4.04,1.21,-1.56
15:15:21:817,4.33,0.04,-1.63
15:15:21:817,3.96,-0.16,-1.75
15:15:21:817,4.52,-0.09,0.08
15:15:21:817,7.45,-0.97,0.90
15:15:21:817,4.74,-0.68,1.07
15:15:22:12,2.58,0.86,0.73
15:15:22:12,4.52,1.43,-0.15
15:15:22:12,6.05,1.28,-0.61
15:15:22:12,4.80,0.39,-1.12
15:15:22:12,2.63,-0.35,-0.43
15:15:22:12,2.44,-0.48,-0.68
15:15:22:28,2.93,-0.20,-0.71
15:15:22:98,3.03,-0.24,-0.73
15:15:22:116,3.04,0.03,-0.83
15:15:22:170,3.30,-0.01,-0.54
15:15:22:188,3.39,0.00,-0.64
15:15:22:206,3.27,-0.15,-1.26
15:15:22:206,3.74,0.03,-1.37
15:15:22:206,4.14,0.23,-1.33
15:15:22:382,3.91,1.32,-1.81
15:15:22:400,4.56,1.73,-1.57
15:15:22:400,5.60,0.97,-0.95
15:15:22:454,5.74,0.49,-0.56
15:15:22:508,4.55,0.09,1.06
15:15:22:508,3.80,-0.97,0.68
15:15:22:508,5.06,-0.73,0.58
15:15:22:508,4.40,-0.28,-0.32
15:15:22:508,3.61,-0.13,-0.53
15:15:22:508,4.22,-0.12,-0.80
15:15:22:508,3.10,0.37,-0.73
15:15:22:526,2.12,0.89,-0.64
15:15:22:526,2.86,1.01,-0.56
15:15:22:527,3.53,0.43,-0.57
15:15:22:527,3.27,0.16,-0.37
15:15:22:527,2.67,0.17,-0.57
15:15:22:561,2.80,0.57,-0.83
15:15:22:578,3.43,0.92,-0.91
15:15:22:649,4.40,1.32,-1.21
15:15:22:665,4.78,1.12,-1.52
15:15:22:668,3.84,-0.77,-1.26
15:15:22:668,4.86,-1.13,0.04
15:15:22:668,6.25,-1.29,0.30
15:15:22:668,5.27,-0.21,0.98
15:15:22:687,3.58,1.08,0.33
15:15:22:687,4.38,1.48,-0.12
15:15:22:687,4.61,1.33,-0.51
15:15:22:704,4.15,0.35,-0.55
15:15:22:722,3.40,-0.53,-0.49
15:15:22:740,2.98,-0.58,-0.41
15:15:22:758,3.13,-0.35,-0.65
15:15:22:775,3.65,0.05,-0.68
15:15:22:830,3.29,0.41,-1.38
15:15:22:830,2.96,0.16,-0.62
15:15:22:848,2.91,-0.22,-0.96
15:15:22:865,3.62,-0.19,-1.31
15:15:22:865,3.93,-0.39,-1.24
15:15:22:865,3.41,-0.43,-1.41
15:15:22:883,3.58,0.71,-1.82
15:15:22:900,4.01,0.74,-1.90
15:15:22:900,5.19,0.80,-1.08
15:15:22:918,6.38,1.08,-0.64
15:15:22:936,4.85,0.78,1.14
15:15:22:936,3.14,-0.66,0.67
15:15:22:952,4.92,-0.33,0.21
15:15:23:20,5.11,0.20,-0.49
15:15:23:22,4.55,0.20,-0.55
15:15:23:38,4.02,0.19,-0.43
15:15:23:38,3.17,0.56,-0.47
15:15:23:73,2.90,0.91,-0.57
15:15:23:73,3.27,0.89,-0.46
15:15:23:73,3.63,0.48,-0.16
15:15:23:90,3.67,0.22,-0.44
15:15:23:127,2.84,0.21,-0.56
15:15:23:127,3.18,0.40,-0.83
15:15:23:145,3.52,0.66,-0.73
15:15:23:181,3.24,0.90,-0.81
15:15:23:216,3.37,1.11,-0.72
15:15:23:232,3.81,0.39,-0.80
15:15:23:253,3.90,0.05,-0.73
15:15:23:270,4.71,-1.07,0.37
15:15:23:270,6.72,-1.72,0.01
15:15:23:270,5.42,-0.34,0.74
15:15:23:341,2.85,1.09,0.97
15:15:23:375,4.62,1.12,-0.35
15:15:23:392,5.22,0.79,-1.29
15:15:23:394,4.75,0.32,-1.24
15:15:23:410,3.84,-0.08,-1.24
15:15:23:430,3.09,-0.17,-0.68
15:15:23:447,3.44,-0.09,-0.79
15:15:23:466,3.60,-0.08,-0.53
15:15:23:538,3.31,-0.29,-0.67
15:15:23:554,3.36,-0.44,-0.46
15:15:23:554,3.28,-0.23,-0.48
15:15:23:607,3.58,-0.38,-0.59
15:15:23:607,3.52,-0.74,-0.64
15:15:23:642,3.68,-0.53,-0.21
15:15:23:714,3.98,0.32,-0.22
15:15:23:731,4.26,1.11,0.08
15:15:23:731,5.03,1.47,0.28
15:15:23:823,4.70,0.89,-0.25
15:15:23:840,3.55,-0.01,-0.36
15:15:23:859,3.67,0.02,-0.78
15:15:23:930,4.95,0.78,-0.58
15:15:23:947,4.98,1.12,-1.01
15:15:23:987,3.86,1.01,-0.81
15:15:24:20,3.48,0.76,-0.66
15:15:24:75,3.99,0.48,-0.74
15:15:24:128,4.06,0.29,-0.69
15:15:24:130,3.58,0.16,-0.66
15:15:24:166,3.37,0.21,-0.54
15:15:24:183,3.69,0.33,-0.55
15:15:24:183,3.61,0.26,-0.57
15:15:24:202,3.49,-0.01,-0.27
15:15:24:202,3.49,0.37,-0.44
15:15:24:343,3.33,0.62,-1.16
15:15:24:471,3.96,0.43,-0.75
15:15:24:506,4.09,0.02,-0.70
15:15:24:700,4.21,-0.36,-0.80
15:15:24:737,4.72,-0.82,-0.94
15:15:24:841,4.68,-0.67,-0.70
15:15:24:878,3.54,-0.12,-0.37
15:15:24:916,3.61,0.24,-0.92
15:15:24:934,3.71,0.06,-1.09
15:15:24:950,3.93,-0.34,-0.89
15:15:25:107,4.16,-0.68,-0.93
15:15:25:107,3.75,-0.69,-1.00
15:15:25:213,3.61,-0.83,-0.83
15:15:25:322,3.91,-0.92,-0.52
15:15:25:631,3.79,-0.80,-0.41
15:15:25:631,3.72,-0.47,-0.50
15:15:25:631,3.72,-0.35,-0.49
15:15:25:631,3.83,-0.44,-0.77
15:15:25:631,3.99,-0.41,-0.84
15:15:25:631,3.81,-0.41,-0.91
15:15:25:722,3.83,-0.33,-0.71
15:15:25:722,4.08,-0.28,-0.74
15:15:25:722,4.33,-0.19,-0.44
15:15:25:722,3.97,-0.22,-0.24
15:15:25:722,3.87,-0.19,-0.23
15:15:25:882,3.94,-0.20,-0.34
15:15:25:882,4.09,-0.25,-0.37
15:15:26:60,4.22,-0.15,-0.35
15:15:26:78,3.97,-0.23,-0.19
15:15:26:166,3.90,-0.10,-0.09
15:15:26:166,3.98,0.56,-0.69
15:15:26:166,3.84,0.56,-0.68
15:15:26:166,3.80,0.45,-0.33
15:15:26:166,3.98,0.20,-0.16
15:15:26:255,4.13,-0.06,-0.22
15:15:26:273,3.92,0.09,-0.42
15:15:26:291,3.75,0.43,-0.69
15:15:26:326,3.73,0.55,-0.68
15:15:26:380,4.01,0.46,-0.75
15:15:26:539,4.10,0.50,-0.64
15:15:26:539,3.89,0.53,-0.60
15:15:26:539,3.84,0.46,-0.48
15:15:26:610,3.84,0.37,-0.40
15:15:26:790,3.93,0.35,-0.36
15:15:26:790,4.08,0.38,-0.30
15:15:26:790,3.97,0.40,-0.36
15:15:26:790,3.92,0.39,-0.38
15:15:26:860,4.03,0.49,-0.51
15:15:26:860,4.18,0.34,-0.53
15:15:27:246,3.99,0.37,-0.46
15:15:27:246,3.85,0.43,-0.37
15:15:27:246,3.93,0.45,-0.42
15:15:27:246,3.93,0.36,-0.49
15:15:27:246,3.92,0.27,-0.50
15:15:27:335,3.84,0.32,-0.56
15:15:27:335,3.88,0.31,-0.56
15:15:27:335,3.88,0.27,-0.51
15:15:27:335,3.76,0.23,-0.50
15:15:27:335,3.91,0.25,-0.47
15:15:27:335,3.98,0.28,-0.41
15:15:27:335,3.88,0.18,-0.38
15:15:27:394,3.79,0.14,-0.34
15:15:27:394,3.86,0.12,-0.34
15:15:27:394,3.85,0.20,-0.44
15:15:27:394,3.86,0.23,-0.49
15:15:27:394,3.92,0.32,-0.57
15:15:27:521,3.90,0.35,-0.65
15:15:27:521,3.88,0.36,-0.59
15:15:27:521,3.89,0.33,-0.52
15:15:27:521,3.91,0.32,-0.54
15:15:27:609,3.91,0.33,-0.47
15:15:27:609,3.86,0.35,-0.51
15:15:27:609,3.86,0.36,-0.50
15:15:27:609,3.90,0.36,-0.45
15:15:27:609,3.94,0.30,-0.47
15:15:27:609,3.95,0.19,-0.50
15:15:27:609,3.92,0.10,-0.51
15:15:27:682,3.99,0.14,-0.50
15:15:27:682,3.99,0.28,-0.54
15:15:27:682,3.97,0.27,-0.55
15:15:27:682,3.98,0.14,-0.52
15:15:27:682,3.91,0.08,-0.50
15:15:27:682,3.88,0.08,-0.46
15:15:27:682,3.88,0.14,-0.43
15:15:27:700,3.96,0.18,-0.43
15:15:27:736,3.92,0.22,-0.48
15:15:27:736,3.89,0.22,-0.55
15:15:27:736,3.93,0.19,-0.53
15:15:27:736,3.92,0.21,-0.48
15:15:27:771,3.96,0.23,-0.53
15:15:27:771,3.88,0.21,-0.55
15:15:27:771,3.90,0.23,-0.49
15:15:27:771,3.89,0.22,-0.47
15:15:27:808,3.92,0.25,-0.45
15:15:27:934,3.87,0.26,-0.47
15:15:27:953,3.89,0.21,-0.44
15:15:27:953,3.92,0.21,-0.47
15:15:27:953,3.92,0.20,-0.50
15:15:27:986,3.90,0.20,-0.45
15:15:27:986,3.90,0.20,-0.42
15:15:27:986,3.95,0.20,-0.45
15:15:27:986,3.91,0.21,-0.45
15:15:27:986,3.92,0.21,-0.45
15:15:27:986,3.92,0.26,-0.47
15:15:28:130,3.96,0.25,-0.43
15:15:28:130,3.93,0.24,-0.44
15:15:28:130,3.92,0.20,-0.48
15:15:28:238,3.91,0.21,-0.46
15:15:28:238,3.94,0.16,-0.40
15:15:28:238,3.90,0.15,-0.41
15:15:28:238,3.89,0.13,-0.44
15:15:28:238,4.04,0.19,-0.38
15:15:28:238,3.96,0.21,-0.48
15:15:28:238,3.91,0.22,-0.52
15:15:28:293,4.01,0.21,-0.51
15:15:28:293,4.01,0.21,-0.52
15:15:28:293,3.94,0.25,-0.49
15:15:28:293,3.89,0.23,-0.47
15:15:28:584,3.87,0.23,-0.46
15:15:28:584,3.89,0.21,-0.44
15:15:28:584,3.89,0.18,-0.49
15:15:28:584,3.97,0.18,-0.42
15:15:28:584,3.87,0.30,-0.52
15:15:28:584,3.78,0.39,-0.69
15:15:28:584,4.03,0.42,-0.82
15:15:28:602,3.91,0.36,-0.84
15:15:28:602,3.79,0.35,-0.63
15:15:28:602,3.84,0.27,-0.59
15:15:28:602,3.84,0.32,-0.70
15:15:28:602,3.96,0.38,-0.78
15:15:28:602,3.90,0.37,-0.72
15:15:28:602,3.84,0.29,-0.52
15:15:28:619,3.94,0.22,-0.47
15:15:28:619,3.79,0.14,-0.20
15:15:28:619,3.66,0.09,-0.20
15:15:28:619,3.69,-0.03,-0.09
15:15:28:619,3.78,0.11,-0.12
15:15:28:619,3.94,0.15,-0.44
15:15:28:619,4.11,0.23,-0.62
15:15:28:779,4.22,0.10,-0.90
15:15:28:779,4.41,0.05,-1.19
15:15:28:779,4.12,0.00,-1.15
15:15:28:779,3.42,-0.08,-0.81
15:15:28:779,3.43,0.01,-1.04
15:15:28:779,3.77,-0.07,-0.95
15:15:28:886,3.49,0.13,-0.99
15:15:28:886,3.41,0.16,-0.92
15:15:28:886,3.59,0.38,-0.76
15:15:29:11,3.66,0.15,-0.91
15:15:29:11,3.83,-0.10,-0.73
15:15:29:11,4.22,-0.43,-0.94
15:15:29:11,4.20,-0.58,-1.01
15:15:29:28,4.37,-0.23,-1.37
15:15:29:45,5.08,0.22,-1.50
15:15:29:133,5.95,0.41,-0.36
15:15:29:167,5.28,0.47,-1.21
15:15:29:170,5.61,0.37,0.62
15:15:29:170,3.61,-0.14,1.37
15:15:29:187,3.49,-0.16,0.90
15:15:29:187,3.70,-0.16,0.49
15:15:29:187,3.38,-0.11,0.71
15:15:29:206,3.64,-0.20,0.32
15:15:29:206,3.84,0.19,-0.37
15:15:29:223,3.71,0.45,-0.70
15:15:29:241,2.94,0.51,-0.46
15:15:29:241,2.61,0.41,-0.42
15:15:29:241,3.34,0.28,-0.40
15:15:29:241,3.74,0.26,-0.91
15:15:29:241,3.52,0.10,-0.78
15:15:29:241,3.28,0.50,-0.34
15:15:29:241,3.19,1.14,-0.51
15:15:29:241,3.82,1.44,-0.73
15:15:29:313,4.72,1.22,-0.94
15:15:29:313,4.67,-0.08,-1.40
15:15:29:313,4.65,-0.50,-1.43
15:15:29:313,5.50,-0.29,-0.32
15:15:29:368,7.12,0.11,1.11
15:15:29:386,3.69,-0.08,1.63
15:15:29:386,2.91,0.90,0.67
15:15:29:386,3.53,0.81,0.31
15:15:29:386,4.17,0.48,0.10
15:15:29:386,5.44,0.28,-0.61
15:15:29:386,4.40,0.04,-0.94
15:15:29:386,1.67,-0.12,-0.49
15:15:29:563,2.27,-0.06,-0.72
15:15:29:563,3.61,0.06,-0.59
15:15:29:563,3.83,0.18,-0.78
15:15:29:563,3.21,0.19,-1.34
15:15:29:563,3.18,0.02,-0.43
15:15:29:563,3.48,-0.26,-0.93
15:15:29:563,3.69,-0.24,-0.93
15:15:29:672,4.26,-0.09,-0.87
15:15:29:672,4.30,0.31,-1.65
15:15:29:672,4.67,1.27,-1.57
15:15:29:672,5.51,1.51,-0.52
15:15:29:672,5.19,1.07,-1.21
15:15:29:672,5.33,-0.36,1.11
15:15:29:672,3.88,-1.04,1.04
15:15:29:740,4.48,-0.68,0.70
15:15:29:740,4.12,-0.50,0.04
15:15:29:740,3.61,-0.14,-0.27
15:15:29:740,4.34,0.18,-0.57
15:15:29:740,3.49,0.55,-0.73
15:15:29:758,2.01,0.73,-0.26
15:15:29:758,2.31,0.75,-0.48
15:15:29:758,3.41,0.46,-0.47
15:15:29:758,3.92,0.22,-0.35
15:15:29:810,3.44,-0.02,-0.68
15:15:29:896,3.15,0.54,-0.44
15:15:29:896,3.38,1.05,-0.67
15:15:29:896,3.92,1.03,-1.05
15:15:29:896,4.27,0.57,-1.49
15:15:29:898,4.35,-0.17,-1.66
15:15:29:898,4.47,-0.14,-1.18
15:15:29:916,5.36,-0.17,0.52
15:15:29:956,6.78,-1.34,1.01
15:15:29:973,3.37,0.62,0.90
15:15:30:44,3.55,1.20,0.45
15:15:30:133,4.74,1.27,-0.06
15:15:30:133,5.10,0.97,-0.25
15:15:30:170,3.93,0.50,-0.42
15:15:30:170,3.07,-0.17,-0.54
15:15:30:205,2.97,-0.37,-0.54
15:15:30:205,2.91,-0.24,-0.54
15:15:30:242,2.95,0.11,-0.58
15:15:30:242,3.16,0.24,-0.89
15:15:30:242,3.26,0.01,-0.59
15:15:30:242,3.23,-0.17,-0.86
15:15:30:242,3.50,-0.41,-1.16
15:15:30:242,4.17,-0.36,-1.21
15:15:30:278,4.36,0.18,-1.28
15:15:30:278,3.71,1.46,-2.47
15:15:30:278,4.87,1.45,-0.79
15:15:30:278,5.63,1.01,-1.16
15:15:30:278,6.05,0.77,0.61
15:15:30:295,4.02,0.26,1.04
15:15:30:295,3.29,-0.69,0.60
15:15:30:295,4.76,-0.24,0.28
15:15:30:331,4.16,-0.06,-0.42
15:15:30:348,4.26,-0.48,-0.52
15:15:30:348,4.17,-0.41,-0.74
15:15:30:421,2.55,0.28,-0.54
15:15:30:421,2.36,0.59,-0.63
15:15:30:438,3.07,0.91,-0.30
15:15:30:454,3.47,0.67,-0.25
15:15:30:455,3.24,0.49,-0.61
15:15:30:455,3.07,0.28,-0.72
15:15:30:473,3.20,0.64,-0.65
15:15:30:473,3.41,0.80,-0.88
15:15:30:473,4.23,1.08,-1.19
15:15:30:473,4.63,0.29,-1.54
15:15:30:491,4.06,-0.68,-1.97
15:15:30:491,3.81,0.07,-1.25
15:15:30:491,5.36,0.17,1.29
15:15:30:561,7.21,-1.72,1.18
15:15:30:561,4.20,0.35,0.57
15:15:30:561,3.07,1.68,0.39
15:15:30:579,4.21,1.46,-0.30
15:15:30:579,5.84,0.76,-1.01
15:15:30:595,3.50,0.18,-0.55
15:15:30:614,2.79,-0.29,-0.20
15:15:30:670,2.73,-0.28,-0.19
15:15:30:670,2.75,-0.25,-0.40
15:15:30:775,3.07,-0.12,-0.77
15:15:30:843,3.42,-0.04,-0.62
15:15:30:843,3.25,-0.03,-0.46
15:15:30:859,3.46,-0.15,-1.18
15:15:30:897,3.62,0.05,-1.65
15:15:30:914,3.94,0.49,-1.55
15:15:30:931,3.71,1.09,-1.57
15:15:30:967,3.98,1.08,-2.32
15:15:30:987,5.48,0.77,-1.02
15:15:31:4,6.12,0.61,-0.94
15:15:31:4,5.14,0.49,1.25
15:15:31:22,3.50,-0.60,0.94
15:15:31:22,4.70,-0.31,0.19
15:15:31:40,4.83,0.05,-0.25
15:15:31:40,4.18,0.01,-0.61
15:15:31:40,4.33,-0.15,-0.69
15:15:31:40,3.32,0.16,-0.49
15:15:31:40,2.29,0.95,-0.79
15:15:31:111,2.37,0.98,-0.53
15:15:31:111,3.17,0.77,-0.15
15:15:31:111,3.51,0.56,-0.25
15:15:31:111,3.39,0.28,-0.75
15:15:31:128,3.20,0.12,-0.92
15:15:31:145,3.44,0.56,-0.85
15:15:31:146,3.81,1.06,-1.04
15:15:31:165,3.88,1.12,-1.33
15:15:31:200,4.12,-0.16,-1.26
15:15:31:218,4.19,-0.83,-1.66
15:15:31:218,4.58,0.02,-0.74
15:15:31:253,5.98,0.19,1.39
15:15:31:303,6.01,-0.80,0.77
15:15:31:304,3.61,0.67,0.33
15:15:31:321,3.83,1.34,0.00
15:15:31:340,4.93,1.00,-0.30
15:15:31:340,4.76,0.48,-0.39
15:15:31:358,3.15,0.07,-0.39
15:15:31:374,2.93,-0.22,-0.33
15:15:31:376,2.93,-0.11,-0.53
15:15:31:393,3.54,0.36,-0.43
15:15:31:393,3.43,0.51,-1.11
15:15:31:514,2.73,0.19,-0.44
15:15:31:517,3.27,-0.15,-0.67
15:15:31:533,3.57,-0.30,-1.36
15:15:31:551,3.83,-0.16,-1.14
15:15:31:552,3.68,0.02,-1.38
15:15:31:569,3.64,0.88,-1.68
15:15:31:569,3.57,0.78,-1.77
15:15:31:587,4.54,0.82,-0.24
15:15:31:659,5.46,0.59,-0.23
15:15:31:676,5.61,0.68,1.51
15:15:31:694,5.09,0.11,-0.04
15:15:31:729,4.27,-0.66,0.16
15:15:31:730,4.11,-0.35,-0.74
15:15:31:748,5.31,-0.26,-1.02
15:15:31:767,4.41,0.31,-1.08
15:15:31:767,2.99,0.75,-0.67
15:15:31:821,2.56,0.86,-0.49
15:15:31:838,3.13,0.71,-0.52
15:15:31:856,3.62,0.58,-0.30
15:15:31:856,3.57,0.29,-0.29
15:15:31:893,2.75,0.37,-0.93
15:15:31:929,2.95,0.23,-1.25
15:15:31:929,3.61,0.74,-0.87
15:15:31:947,3.25,0.94,-1.12
15:15:32:1,3.84,0.92,-0.92
15:15:32:88,3.90,0.30,-0.99
15:15:32:88,3.60,-0.24,-0.93
15:15:32:105,4.33,-0.43,-0.07
15:15:32:139,5.88,-1.03,0.84
15:15:32:191,5.88,-0.87,0.58
15:15:32:191,3.75,0.47,0.26
15:15:32:206,3.59,1.18,0.01
15:15:32:225,5.45,1.07,-0.52
15:15:32:225,5.32,0.29,-1.28
15:15:32:225,3.70,-0.22,-0.59
15:15:32:258,3.08,-0.47,-0.50
15:15:32:274,3.77,-0.37,-0.56
15:15:32:275,4.04,-0.32,-0.85
15:15:32:292,3.51,-0.23,-0.63
15:15:32:310,3.44,-0.23,-0.61
15:15:32:328,3.49,-0.23,-1.00
15:15:32:364,3.35,-0.20,-1.06
15:15:32:384,3.66,-0.38,-1.12
15:15:32:384,3.92,-0.00,-1.27
15:15:32:401,3.76,0.15,-0.98
15:15:32:422,3.68,0.04,-0.97
15:15:32:440,3.85,0.07,-1.02
15:15:32:457,3.81,0.06,-0.93
15:15:32:511,4.24,0.60,-0.53
15:15:32:619,5.98,1.35,-0.06
15:15:32:637,5.33,2.02,-0.21
15:15:32:654,2.91,0.35,0.33
15:15:32:654,3.51,0.31,-0.66
15:15:32:690,3.96,0.77,-0.72
15:15:32:708,3.40,0.52,-0.71
15:15:32:747,3.44,0.41,-0.52
15:15:32:764,3.91,0.49,-0.69
15:15:32:765,3.84,0.86,-0.90
15:15:32:765,3.42,1.03,-0.78
15:15:32:781,3.49,1.06,-0.74
15:15:32:799,3.50,1.15,-0.55
15:15:32:818,3.60,1.06,-0.50
15:15:32:818,3.76,0.93,-0.40
15:15:32:873,3.83,0.71,-0.42
15:15:32:908,3.78,0.54,-0.37
15:15:32:908,3.66,0.56,-0.20
15:15:32:926,4.11,0.53,-0.34
15:15:32:980,4.69,0.68,-0.17
15:15:32:980,4.41,1.18,-0.04
15:15:32:998,3.62,1.66,-0.26
15:15:33:69,3.26,1.31,-0.24
15:15:33:123,4.25,0.29,0.17
15:15:33:123,4.86,-0.07,-0.02
15:15:33:142,4.32,-0.38,-0.42
15:15:33:178,3.70,-0.29,-0.15
15:15:33:263,3.80,0.32,-0.16
15:15:33:299,4.11,0.54,-0.31
15:15:33:336,3.95,0.41,-0.25
15:15:33:356,3.87,0.23,-0.24
15:15:33:480,3.87,0.07,-0.34
15:15:33:547,3.84,0.04,-0.46
15:15:33:565,4.05,0.31,-0.44
15:15:33:567,4.39,0.65,-0.49
15:15:33:585,3.72,0.61,-0.19
15:15:33:674,3.56,0.39,0.04
15:15:33:691,3.67,0.27,-0.10
15:15:33:691,3.68,0.15,-0.30
15:15:33:726,4.08,0.32,-0.32
15:15:33:889,4.20,0.45,-0.18
15:15:33:906,3.92,0.65,-0.12
15:15:34:10,4.12,0.47,-0.08
15:15:34:64,3.95,0.43,-0.17
15:15:34:101,3.74,0.46,-0.23
15:15:34:171,3.68,0.49,-0.37
15:15:34:189,3.82,0.55,-0.42
15:15:34:272,4.12,0.67,-0.42
15:15:34:272,4.08,0.56,-0.43
15:15:34:272,3.96,0.54,-0.37
15:15:34:450,3.93,0.56,-0.40
15:15:34:537,3.88,0.50,-0.33
15:15:34:709,3.89,0.39,-0.30
15:15:34:709,3.94,0.44,-0.33
15:15:34:816,3.86,0.43,-0.41
15:15:34:816,3.98,0.38,-0.46
15:15:34:816,3.99,0.46,-0.55
15:15:34:816,3.81,0.46,-0.59
15:15:34:870,3.73,0.47,-0.67
15:15:34:958,3.90,0.42,-0.59
15:15:35:65,4.09,0.41,-0.52
15:15:35:260,4.05,0.36,-0.43
15:15:35:260,3.84,0.38,-0.31
15:15:35:260,3.91,0.42,-0.32
15:15:35:260,4.01,0.45,-0.33
15:15:35:330,3.88,0.39,-0.31
15:15:35:542,3.94,0.30,-0.24
15:15:35:542,3.95,0.26,-0.30
15:15:35:686,3.97,0.29,-0.36
15:15:35:686,3.91,0.30,-0.42
15:15:35:686,3.91,0.32,-0.45
15:15:35:686,3.92,0.35,-0.43
15:15:35:832,3.93,0.34,-0.38
15:15:35:832,3.96,0.31,-0.37
15:15:35:832,3.95,0.30,-0.33
15:15:35:851,3.90,0.27,-0.34
15:15:35:869,3.86,0.28,-0.34
15:15:35:869,3.89,0.27,-0.35
15:15:35:869,3.92,0.29,-0.38
15:15:35:869,3.92,0.30,-0.45
15:15:35:887,3.96,0.28,-0.46
15:15:35:887,3.94,0.25,-0.49
15:15:35:887,3.89,0.19,-0.45
15:15:36:82,3.91,0.14,-0.43
15:15:36:82,3.94,0.18,-0.40
15:15:36:82,3.95,0.22,-0.38
15:15:36:880,3.92,0.16,-0.38
15:15:36:880,3.94,0.07,-0.42
15:15:36:880,3.92,0.05,-0.39
15:15:36:880,3.86,0.11,-0.43
15:15:36:880,3.93,0.17,-0.45
15:15:36:880,3.99,0.22,-0.50
15:15:36:880,3.96,0.22,-0.55
15:15:36:990,3.92,0.20,-0.56
15:15:36:990,3.94,0.20,-0.51
15:15:36:990,3.99,0.23,-0.50
15:15:36:990,3.96,0.25,-0.51
15:15:36:990,3.94,0.24,-0.51
15:15:37:120,3.88,0.24,-0.43
15:15:37:120,3.91,0.23,-0.44
15:15:37:120,3.91,0.22,-0.49
15:15:37:120,3.93,0.23,-0.52
15:15:37:120,3.92,0.28,-0.56
15:15:37:157,3.88,0.27,-0.62
15:15:37:157,3.97,0.23,-0.56
15:15:37:266,3.94,0.23,-0.54
15:15:37:266,3.93,0.22,-0.53
15:15:37:266,3.93,0.19,-0.51
15:15:37:266,3.91,0.21,-0.56
15:15:37:535,3.93,0.20,-0.48
15:15:37:535,3.94,0.18,-0.49
15:15:37:535,3.90,0.16,-0.48
15:15:37:535,3.88,0.20,-0.49
15:15:37:535,3.95,0.24,-0.49
15:15:37:535,3.92,0.27,-0.53
15:15:37:535,3.88,0.23,-0.50
15:15:37:591,3.92,0.19,-0.47
15:15:37:591,3.92,0.18,-0.50
15:15:37:591,3.93,0.20,-0.46
15:15:37:679,3.91,0.24,-0.45
15:15:37:679,3.91,0.25,-0.40
15:15:37:679,3.91,0.25,-0.43
15:15:37:679,3.85,0.22,-0.47
15:15:37:679,3.90,0.24,-0.45
15:15:37:679,3.93,0.24,-0.48
15:15:37:679,3.91,0.24,-0.45
15:15:37:770,3.94,0.25,-0.45
15:15:37:770,3.96,0.24,-0.41
15:15:37:770,3.94,0.26,-0.43
15:15:37:770,3.93,0.23,-0.42
15:15:37:770,3.90,0.18,-0.38
15:15:37:770,3.91,0.17,-0.39
15:15:37:770,3.87,0.19,-0.38
15:15:37:807,3.94,0.24,-0.47
15:15:37:807,3.96,0.24,-0.46
15:15:37:825,3.97,0.30,-0.49
15:15:37:825,3.87,0.28,-0.50
15:15:37:825,3.90,0.30,-0.51
15:15:37:825,3.96,0.37,-0.59
15:15:37:843,3.97,0.39,-0.63
15:15:37:843,3.96,0.40,-0.60
15:15:37:843,3.88,0.37,-0.57
15:15:37:863,3.96,0.33,-0.44
15:15:37:880,3.92,0.34,-0.49
15:15:37:880,3.91,0.38,-0.51
15:15:37:880,3.94,0.39,-0.52
15:15:37:880,3.98,0.30,-0.30
15:15:37:880,3.94,0.25,-0.30
15:15:37:880,3.89,0.27,-0.22
15:15:37:880,3.96,0.20,-0.24
15:15:37:880,4.01,0.22,-0.20
15:15:37:951,3.86,0.21,-0.21
15:15:38:37,3.85,0.31,-0.23
15:15:38:37,3.98,0.22,-0.29
15:15:38:37,3.95,0.17,-0.17
15:15:38:37,3.87,0.14,-0.09
15:15:38:37,3.77,0.15,-0.07
15:15:38:37,3.74,0.09,-0.01
15:15:38:37,3.80,0.14,0.04
15:15:38:91,4.00,0.24,0.19
15:15:38:91,3.87,0.28,-0.19
15:15:38:91,3.65,0.15,-0.57
15:15:38:91,3.95,0.19,-0.35
15:15:38:91,4.35,0.09,-0.98
15:15:38:91,4.67,-0.09,-0.98
15:15:38:91,4.22,-0.09,-0.74
15:15:38:145,3.50,0.06,-0.61
15:15:38:145,3.67,0.20,-0.65
15:15:38:145,3.94,0.16,-0.74
15:15:38:145,3.54,0.12,-0.75
15:15:38:145,3.30,0.03,-0.78
15:15:38:145,3.66,0.01,-0.95
15:15:38:145,3.77,-0.05,-0.77
15:15:38:181,3.63,-0.12,-0.80
15:15:38:181,3.95,-0.12,-0.52
15:15:38:181,4.17,-0.11,-0.52
15:15:38:181,4.28,-0.10,-0.66
15:15:38:181,4.43,-0.12,-0.82
15:15:38:181,4.31,-0.04,-1.02
15:15:38:199,4.88,0.27,-0.50
15:15:38:199,5.69,0.48,-0.73
15:15:38:199,5.25,0.37,-0.44
15:15:38:199,3.82,-0.24,0.82
15:15:38:199,3.78,-0.56,0.96
15:15:38:199,4.31,-0.18,0.86
15:15:38:199,3.93,-0.11,1.00
15:15:38:236,3.62,-0.10,0.54
15:15:38:236,3.96,0.20,-0.01
15:15:38:236,4.32,0.52,-0.70
15:15:38:237,3.44,0.67,-0.53
15:15:38:237,2.62,0.90,0.12
15:15:38:237,3.14,0.43,-0.22
15:15:38:237,3.83,0.23,-0.44
15:15:38:237,3.45,0.16,-0.31
15:15:38:306,2.99,0.20,-0.17
15:15:38:306,3.17,0.56,-0.05
15:15:38:306,3.07,0.84,-0.66
15:15:38:306,3.84,0.87,-0.57
15:15:38:306,4.88,0.81,-0.74
15:15:38:306,4.95,0.18,-1.16
15:15:38:306,4.33,-0.34,-1.37
15:15:38:324,4.75,-0.06,-0.78
15:15:38:324,6.06,0.54,-0.45
15:15:38:324,6.25,0.02,1.31
15:15:38:324,2.57,0.75,1.13
15:15:38:324,3.50,0.91,0.50
15:15:38:324,4.10,0.50,0.46
15:15:38:324,4.25,0.47,0.32
15:15:38:343,4.73,0.33,-0.25
15:15:38:343,3.30,0.16,-0.47
15:15:38:343,2.51,0.07,-0.46
15:15:38:343,3.13,0.27,-0.38
15:15:38:343,3.60,0.26,-0.27
15:15:38:343,3.28,0.13,-0.89
15:15:38:343,3.20,-0.16,-0.45
15:15:38:362,3.22,-0.50,-0.37
15:15:38:362,3.74,-0.72,-0.84
15:15:38:362,4.01,-0.34,-1.50
15:15:38:362,4.40,0.26,-1.09
15:15:38:362,4.07,1.24,-1.64
15:15:38:362,3.85,1.18,-1.75
15:15:38:362,6.00,0.54,0.03
15:15:38:362,5.52,-0.06,-0.70
15:15:38:362,4.92,1.01,1.51
15:15:38:380,3.20,-0.28,1.03
15:15:38:416,3.80,-0.27,0.52
15:15:38:416,4.32,-0.25,-0.13
15:15:38:416,4.87,-0.23,-0.69
15:15:38:488,4.92,-0.13,-1.12
15:15:38:488,2.96,0.35,-0.85
15:15:38:523,2.04,0.81,-0.47
15:15:38:523,2.70,0.63,-0.50
15:15:38:523,3.45,0.46,-0.48
15:15:38:524,3.60,0.13,-0.63
15:15:38:524,3.11,0.16,-0.26
15:15:38:524,2.86,0.58,-0.54
15:15:38:524,3.45,1.08,-0.91
15:15:38:524,4.26,1.01,-1.01
15:15:38:560,4.55,0.76,-1.24
15:15:38:579,4.31,-0.42,-1.92
15:15:38:579,4.27,-0.18,-1.18
15:15:38:596,4.76,0.25,0.44
15:15:38:596,5.86,-0.30,1.08
15:15:38:596,4.44,-0.69,0.89
15:15:38:596,3.60,0.66,0.53
15:15:38:631,4.50,1.24,0.11
15:15:38:668,5.38,1.08,-0.33
15:15:38:686,4.67,0.45,-1.20
15:15:38:722,2.54,0.03,-0.31
15:15:38:757,2.30,-0.01,-0.40
15:15:38:776,3.13,0.24,-0.09
15:15:38:776,3.25,0.10,-0.76
15:15:38:776,2.77,0.08,-1.33
15:15:38:794,3.44,-0.50,-0.43
15:15:38:866,3.63,-0.64,-0.88
15:15:38:883,3.37,-0.25,-1.32
15:15:38:885,3.87,0.23,-1.41
15:15:38:902,4.34,0.50,-1.51
15:15:38:903,3.90,1.05,-1.92
15:15:38:920,5.10,1.47,-0.53
15:15:38:973,6.42,1.39,-1.27
15:15:38:973,5.54,0.10,0.14
15:15:38:991,3.24,-0.59,0.73
15:15:39:26,3.86,-0.89,0.59
15:15:39:61,4.70,-0.51,0.57
15:15:39:61,3.99,-0.13,-0.13
15:15:39:98,4.14,0.28,-0.37
15:15:39:116,4.14,0.42,-0.79
15:15:39:132,2.81,0.57,-0.46
15:15:39:132,2.08,0.80,-0.43
15:15:39:151,2.88,0.74,-0.40
15:15:39:206,3.60,0.45,-0.37
15:15:39:224,3.49,0.16,-0.51
15:15:39:241,3.24,0.21,-0.46
15:15:39:260,3.13,0.53,-0.87
15:15:39:279,3.44,0.94,-0.92
15:15:39:296,3.88,0.75,-1.33
15:15:39:331,4.44,0.33,-1.52
15:15:39:401,4.21,-0.10,-1.79
15:15:39:419,4.27,0.63,-1.12
15:15:39:436,5.38,0.26,0.98
15:15:39:470,7.54,-1.79,1.09
15:15:39:470,3.88,-0.10,0.89
15:15:39:489,2.83,1.34,0.43
15:15:39:505,4.65,1.42,0.15
15:15:39:557,5.92,0.94,-0.92
15:15:39:609,4.33,0.27,-1.37
15:15:39:630,2.09,-0.26,-0.46
15:15:39:648,2.50,-0.36,-0.51
15:15:39:665,3.36,-0.24,-0.47
15:15:39:667,3.11,-0.18,-0.78
15:15:39:667,2.79,0.10,-0.72
15:15:39:684,3.09,0.08,-0.57
15:15:39:684,3.08,-0.03,-0.78
15:15:39:721,3.69,-0.25,-1.35
15:15:39:757,4.38,0.09,-1.78
15:15:39:793,4.61,0.23,-1.57
15:15:39:793,3.69,1.26,-2.59
15:15:39:810,4.22,1.23,-1.31
15:15:39:829,5.45,0.80,-0.86
15:15:39:829,6.17,0.95,-0.21
15:15:39:847,4.46,0.72,0.92
15:15:39:847,3.09,-0.87,0.88
15:15:39:936,4.56,-0.55,0.49
15:15:39:954,4.77,-0.44,-0.45
15:15:39:954,4.08,-0.20,-0.52
15:15:39:972,3.88,0.04,-0.92
15:15:39:990,2.96,0.63,-0.60
15:15:40:24,2.16,0.99,-0.58
15:15:40:42,2.60,0.85,-0.54
15:15:40:127,3.34,0.33,-0.33
15:15:40:129,3.64,0.01,-0.64
15:15:40:129,3.18,0.02,-0.71
15:15:40:147,2.79,0.47,-0.89
15:15:40:164,3.60,1.00,-1.09
15:15:40:182,4.46,1.07,-1.32
15:15:40:202,4.47,0.61,-1.27
15:15:40:235,4.22,-0.46,-1.68
15:15:40:288,4.22,0.06,-1.55
15:15:40:306,4.40,0.52,-0.25
15:15:40:324,6.14,-0.47,1.45
15:15:40:324,5.42,-1.16,1.13
15:15:40:342,3.15,0.83,0.46
15:15:40:342,3.75,1.26,0.14
15:15:40:359,5.07,1.01,-0.27
15:15:40:375,5.56,0.43,-1.95
15:15:40:375,3.59,0.08,-1.09
15:15:40:463,2.01,-0.13,-0.37
15:15:40:463,2.73,-0.17,-0.48
15:15:40:481,3.38,-0.09,-0.85
15:15:40:499,2.85,0.03,-0.87
15:15:40:534,3.22,-0.13,-0.61
15:15:40:550,3.12,-0.27,-0.95
15:15:40:552,3.36,-0.07,-1.47
15:15:40:570,3.89,0.33,-1.72
15:15:40:588,3.66,0.57,-1.79
15:15:40:604,3.08,1.03,-2.10
15:15:40:660,4.35,1.02,-0.73
15:15:40:693,6.24,0.82,-0.28
15:15:40:694,6.34,0.56,0.53
15:15:40:730,3.95,-0.54,1.00
15:15:40:836,4.47,-0.27,0.13
15:15:40:836,4.83,-0.49,-0.41
15:15:40:853,4.77,-0.28,-0.70
15:15:40:869,4.59,-0.12,-1.07
15:15:40:889,3.12,0.61,-0.13
15:15:40:889,2.41,1.34,-0.12
15:15:40:908,3.30,1.48,-0.39
15:15:40:926,3.47,0.84,-0.47
15:15:40:944,3.36,0.25,-0.58
15:15:40:944,3.17,0.12,-0.59
15:15:40:980,3.03,0.25,-0.76
15:15:41:34,3.10,0.51,-1.06
15:15:41:52,3.03,0.53,-1.13
15:15:41:88,3.46,0.59,-1.04
15:15:41:125,4.11,0.40,-0.90
15:15:41:177,4.08,0.09,-1.10
15:15:41:194,4.93,-0.97,-0.06
15:15:41:212,6.23,-1.27,-0.06
15:15:41:246,5.03,-0.62,1.31
15:15:41:299,3.98,0.24,0.37
15:15:41:299,5.13,0.79,-0.13
15:15:41:333,4.83,1.03,-0.68
15:15:41:421,4.31,0.72,-1.17
15:15:41:439,3.88,0.07,-0.90
15:15:41:459,3.28,-0.40,-0.82
15:15:41:477,3.04,-0.35,-0.41
15:15:41:477,3.40,-0.03,-0.36
15:15:41:495,3.16,-0.08,-0.68
15:15:41:639,3.23,-0.16,-0.43
15:15:41:710,3.55,-0.05,-0.62
15:15:41:745,3.32,0.06,-0.93
15:15:41:763,3.31,-0.11,-0.60
15:15:41:941,3.74,-0.25,-0.75
15:15:41:995,4.28,0.24,-0.34
15:15:42:10,4.72,0.91,-0.47
15:15:42:102,5.47,1.42,0.30
15:15:42:119,5.14,0.54,-0.40
15:15:42:119,3.27,-0.58,-0.26
15:15:42:190,3.69,-0.65,-0.48
15:15:42:318,4.33,0.46,-0.09
15:15:42:336,4.76,1.14,0.05
15:15:42:336,4.31,1.23,-0.98
15:15:42:374,3.20,1.01,-0.68
15:15:42:374,3.30,0.77,-0.44
15:15:42:374,4.22,0.62,-0.73
15:15:42:392,4.06,0.18,-0.77
15:15:42:463,3.76,-0.10,-0.62
15:15:42:551,3.52,0.00,-0.38
15:15:42:603,3.60,0.51,-0.67
15:15:42:657,3.94,0.68,-1.08
15:15:42:657,3.63,0.78,-1.01
15:15:42:657,3.24,0.64,-0.75
15:15:42:657,3.81,0.23,-0.65
15:15:42:657,4.12,0.01,-0.61
15:15:42:727,3.61,0.15,-0.96
15:15:42:727,3.97,0.18,-1.00
15:15:42:727,4.26,0.07,-0.83
15:15:42:746,4.20,-0.11,-0.75
15:15:42:764,4.03,-0.01,-0.49
15:15:42:764,3.79,-0.39,-0.38
15:15:42:799,3.96,-0.64,-0.05
15:15:42:817,3.93,-0.48,-0.31
15:15:42:817,3.94,-0.08,-0.60
15:15:42:835,3.76,-0.07,-0.91
15:15:42:853,3.57,-0.13,-1.23
15:15:42:853,3.69,-0.21,-0.98
15:15:42:908,4.14,-0.45,-0.86
15:15:42:908,3.75,-0.54,-0.85
15:15:42:908,3.48,-0.64,-0.61
15:15:42:908,3.85,-0.78,-0.66
15:15:42:961,4.13,-0.65,-0.51
15:15:42:979,4.10,-0.31,-0.59
15:15:42:979,3.85,0.05,-0.70
15:15:42:997,4.02,0.14,-0.76
15:15:42:997,3.88,0.04,-0.82
15:15:43:33,3.92,-0.18,-0.85
15:15:43:33,4.00,-0.30,-0.91
15:15:43:50,3.80,-0.30,-0.77
15:15:43:50,3.70,-0.33,-0.86
15:15:43:50,3.66,-0.29,-0.83
15:15:43:66,3.87,-0.24,-0.79
15:15:43:66,3.76,-0.17,-1.02
15:15:43:66,3.88,-0.28,-0.89
15:15:43:91,4.12,-0.25,-0.84
15:15:43:194,4.12,-0.25,-0.75
15:15:43:194,3.95,-0.34,-0.52
15:15:43:194,3.78,-0.43,-0.40
15:15:43:283,3.82,-0.36,-0.53
15:15:43:283,4.09,-0.08,-0.84
15:15:43:283,4.08,0.15,-0.89
15:15:43:353,4.11,0.13,-0.61
15:15:43:404,4.07,0.15,-0.34
15:15:43:404,4.01,0.16,-0.06
15:15:43:422,3.86,0.14,-0.12
15:15:43:510,3.77,0.17,-0.18
15:15:43:564,3.83,0.37,-0.36
15:15:43:599,3.87,0.55,-0.48
15:15:43:599,3.97,0.51,-0.54
15:15:43:616,4.04,0.33,-0.72
15:15:43:616,4.25,0.12,-0.90
15:15:43:725,3.96,0.20,-0.81
15:15:43:796,3.72,0.43,-0.61
15:15:43:815,3.71,0.53,-0.49
15:15:43:815,3.73,0.61,-0.39
15:15:43:815,3.85,0.58,-0.36
15:15:43:815,3.91,0.41,-0.46
15:15:43:815,4.02,0.25,-0.51
15:15:43:851,4.17,0.00,-0.42
15:15:43:887,4.34,-0.09,-0.26
15:15:43:887,4.08,-0.05,-0.26
15:15:43:887,3.82,0.37,-0.22
15:15:43:957,3.84,0.63,-0.45
15:15:43:975,3.70,0.65,-0.71
15:15:44:79,3.84,0.57,-0.56
15:15:44:79,3.94,0.28,-0.45
15:15:44:79,4.01,0.12,-0.40
15:15:44:100,3.90,0.10,-0.48
15:15:44:100,3.70,0.09,-0.46
15:15:44:100,3.79,0.21,-0.36
15:15:44:100,3.98,0.32,-0.36
15:15:44:118,4.04,0.34,-0.41
15:15:44:118,4.01,0.34,-0.31
15:15:44:134,3.88,0.29,-0.43
15:15:44:152,3.78,0.26,-0.49
15:15:44:152,3.87,0.30,-0.58
15:15:44:241,3.86,0.38,-0.66
15:15:44:241,3.96,0.44,-0.67
15:15:44:241,3.93,0.39,-0.71
15:15:44:241,3.89,0.30,-0.69
15:15:44:259,3.88,0.23,-0.59
15:15:44:259,3.86,0.23,-0.61
15:15:44:259,3.90,0.29,-0.54
15:15:44:295,3.91,0.28,-0.52
15:15:44:314,3.91,0.24,-0.55
15:15:44:314,3.87,0.24,-0.54
15:15:44:314,3.90,0.20,-0.51
15:15:44:314,3.91,0.22,-0.54
15:15:44:332,3.90,0.23,-0.54
15:15:44:332,3.91,0.24,-0.56
15:15:44:367,3.93,0.28,-0.59
15:15:44:367,3.93,0.31,-0.64
15:15:44:367,3.88,0.31,-0.63
15:15:44:367,3.86,0.28,-0.58
15:15:44:439,3.93,0.23,-0.54
15:15:44:493,3.91,0.22,-0.57
15:15:44:547,3.92,0.22,-0.59
15:15:44:547,3.88,0.21,-0.54
15:15:44:618,3.94,0.21,-0.56
15:15:44:674,3.93,0.26,-0.51
15:15:44:708,4.00,0.27,-0.50
15:15:44:811,3.86,0.23,-0.50
15:15:44:863,3.83,0.20,-0.45
15:15:44:881,3.90,0.24,-0.45
15:15:44:934,3.92,0.26,-0.44
15:15:44:988,3.88,0.25,-0.49
15:15:45:148,3.93,0.22,-0.50
15:15:45:254,3.93,0.22,-0.48
15:15:45:254,3.92,0.22,-0.48
15:15:45:254,3.93,0.21,-0.43
15:15:45:254,3.91,0.22,-0.46
15:15:45:254,3.95,0.21,-0.48
15:15:45:580,3.92,0.22,-0.53
15:15:45:580,3.89,0.22,-0.54
15:15:45:580,3.91,0.27,-0.49
15:15:45:689,3.92,0.24,-0.55
15:15:45:778,3.99,0.23,-0.56
15:15:45:938,3.95,0.19,-0.49
15:15:45:938,3.73,0.14,-0.54
15:15:45:938,3.95,0.25,-0.68
15:15:46:98,3.88,0.26,-0.98
15:15:46:115,4.05,0.37,-0.85
15:15:46:115,3.92,0.23,-0.98
15:15:46:115,4.17,0.28,-0.41
15:15:46:151,3.95,0.34,-0.50
15:15:46:151,3.97,0.46,-0.37
15:15:46:222,3.86,0.37,-0.35
15:15:46:275,3.73,0.28,-0.23
15:15:46:275,3.90,0.20,-0.25
15:15:46:275,3.93,0.15,-0.29
15:15:46:326,3.88,0.12,-0.32
15:15:46:326,3.93,0.21,-0.25
15:15:46:326,3.95,0.21,-0.32
15:15:46:416,3.89,0.10,-0.31
15:15:46:522,3.85,0.05,-0.25
15:15:46:522,3.86,0.10,-0.24
15:15:46:522,3.97,0.08,-0.28
15:15:46:522,3.95,0.08,-0.31
15:15:46:522,3.92,0.12,-0.29
15:15:46:594,3.88,0.16,-0.30
15:15:46:594,3.89,0.20,-0.32
15:15:46:594,3.93,0.20,-0.32
15:15:46:594,4.07,-0.03,-0.29
15:15:46:594,4.13,-0.03,-0.38
15:15:46:769,4.12,0.22,-0.43
15:15:46:769,3.88,0.39,-0.38
15:15:46:769,3.77,0.33,-0.30
15:15:46:841,3.90,0.15,-0.34
15:15:46:841,4.07,0.07,-0.39
15:15:46:841,4.00,0.02,-0.39
15:15:46:841,3.91,0.15,-0.44
15:15:46:841,3.98,0.44,-0.62
15:15:46:841,4.06,0.40,-0.68
15:15:46:841,3.98,0.27,-0.50
15:15:46:858,3.94,0.26,-0.53
15:15:46:858,4.04,0.39,-0.55
15:15:46:858,3.73,0.45,-0.51
15:15:46:858,3.55,0.53,-0.56
15:15:46:964,3.78,0.62,-0.63
15:15:46:964,3.88,0.65,-0.73
15:15:46:964,3.68,0.49,-0.58
15:15:46:964,3.87,0.20,-0.33
15:15:46:984,3.92,0.12,-0.27
15:15:46:984,3.83,0.14,0.02
15:15:46:984,3.82,0.44,0.17
15:15:47:38,3.78,0.49,-0.13
15:15:47:38,3.91,0.60,-0.34
15:15:47:38,3.94,0.47,-0.62
15:15:47:38,4.00,0.33,-0.65
15:15:47:38,4.44,0.12,-0.83
15:15:47:38,4.94,-0.32,-1.36
15:15:47:38,4.13,-0.43,-1.24
15:15:47:57,2.93,-0.49,-0.52
15:15:47:57,3.58,-0.38,-0.57
15:15:47:57,4.19,-0.19,-1.00
15:15:47:57,3.61,0.16,-0.84
15:15:47:57,2.96,0.27,-1.03
15:15:47:57,3.53,0.19,-0.87
15:15:47:91,3.93,0.21,-0.87
15:15:47:181,3.93,0.22,-0.87
15:15:47:181,3.97,0.20,-0.63
15:15:47:198,4.09,0.04,-0.73
15:15:47:198,4.03,-0.16,-0.73
15:15:47:198,4.75,-0.17,-0.64
15:15:47:217,5.85,0.54,-0.14
15:15:47:217,5.92,0.78,-1.23
15:15:47:217,5.05,0.42,0.23
15:15:47:307,3.41,-0.15,0.85
15:15:47:359,3.88,-0.33,1.10
15:15:47:359,4.25,-0.44,0.69
15:15:47:359,3.51,-0.74,0.90
15:15:47:359,3.45,-0.71,0.46
15:15:47:359,4.08,0.15,-0.11
15:15:47:558,4.10,0.55,-0.68
15:15:47:558,3.03,0.62,-0.33
15:15:47:558,2.65,0.56,-0.15
15:15:47:558,3.49,0.36,-0.30
15:15:47:576,3.76,0.08,-0.47
15:15:47:576,3.40,0.02,-0.72
15:15:47:576,3.18,0.34,-0.40
15:15:47:594,3.30,0.66,-0.15
15:15:47:701,3.38,1.13,-0.62
15:15:47:701,4.04,1.30,-0.17
15:15:47:701,4.59,0.81,-0.80
15:15:47:701,4.77,-0.49,-1.24
15:15:47:701,4.30,-0.34,-1.88
15:15:47:701,4.42,0.63,-1.04
15:15:47:774,5.68,0.96,0.17
15:15:47:774,6.07,-0.19,1.51
15:15:47:774,3.67,-0.37,1.34
15:15:47:810,3.23,0.48,0.62
15:15:47:846,3.61,0.52,0.16
15:15:47:846,4.59,0.79,0.18
15:15:47:846,5.24,0.73,-0.72
15:15:47:846,3.42,0.16,-0.62
15:15:47:864,2.09,-0.26,-0.32
15:15:47:882,2.67,-0.12,-0.35
15:15:47:882,3.72,-0.06,-0.44
15:15:47:899,3.67,0.25,-1.02
15:15:47:899,3.38,0.21,-0.61
15:15:47:899,3.56,0.01,-0.63
15:15:47:935,3.39,-0.29,-1.26
15:15:47:935,3.52,-0.49,-1.23
15:15:47:935,4.18,0.21,-1.25
15:15:47:936,4.00,0.77,-1.72
15:15:47:971,4.07,1.02,-1.29
15:15:48:70,4.95,1.04,-0.90
15:15:48:70,5.39,0.86,-1.26
15:15:48:70,5.43,0.22,0.80
15:15:48:125,3.81,-0.53,0.94
15:15:48:125,4.29,-0.73,0.52
15:15:48:142,4.67,-0.51,0.08
15:15:48:142,3.92,-0.21,-0.44
15:15:48:142,4.39,0.18,-0.80
15:15:48:142,3.87,0.34,-0.96
15:15:48:142,2.41,0.56,-0.49
15:15:48:142,2.15,0.70,-0.38
15:15:48:142,3.17,0.37,-0.42
15:15:48:196,3.73,0.13,-0.53
15:15:48:196,3.30,0.13,-0.43
15:15:48:233,2.91,0.42,-0.45
15:15:48:233,3.56,0.95,-0.80
15:15:48:305,4.02,1.19,-1.06
15:15:48:305,4.28,0.84,-1.44
15:15:48:305,4.32,-0.04,-1.68
15:15:48:305,4.64,-0.44,-1.87
15:15:48:412,4.62,0.54,-0.97
15:15:48:412,6.05,0.16,1.02
15:15:48:412,4.95,-0.80,0.77
15:15:48:501,2.80,0.43,0.69
15:15:48:501,3.88,1.12,0.10
15:15:48:570,4.68,1.09,-0.29
15:15:48:570,5.32,0.71,-0.67
15:15:48:570,3.62,0.27,-0.78
15:15:48:623,2.60,-0.33,-0.49
15:15:48:641,3.06,-0.09,-0.68
15:15:48:659,3.57,0.17,-0.50
15:15:48:677,3.31,0.37,-0.91
15:15:48:735,2.80,0.24,-0.81
15:15:48:735,2.97,-0.06,-0.73
15:15:48:735,3.43,-0.27,-1.17
15:15:48:786,3.75,-0.43,-1.26
15:15:48:786,4.18,-0.43,-0.79
15:15:48:786,4.12,0.49,-1.67
15:15:48:786,3.88,1.55,-2.71
15:15:48:805,4.44,0.95,-1.21
15:15:48:822,5.44,0.32,-1.49
15:15:48:822,6.20,0.61,0.22
15:15:48:855,4.40,0.80,1.31
15:15:48:855,3.22,-0.62,0.66
15:15:48:855,4.42,-0.26,0.17
15:15:48:943,4.01,0.05,-0.45
15:15:48:943,4.11,-0.17,-0.49
15:15:48:943,4.40,-0.51,-0.73
15:15:48:943,3.04,0.09,-0.67
15:15:48:960,2.48,0.51,-0.76
15:15:48:960,2.98,0.66,-0.69
15:15:48:960,3.27,0.63,-0.27
15:15:48:998,3.28,0.54,-0.39
15:15:48:998,3.15,0.40,-0.48
15:15:48:998,3.25,0.38,-0.78
15:15:49:15,3.45,0.82,-0.95
15:15:49:32,4.25,1.03,-0.89
15:15:49:50,4.54,0.76,-1.16
15:15:49:122,3.95,-0.29,-1.58
15:15:49:157,4.37,-0.03,-1.53
15:15:49:227,4.80,0.20,-0.51
15:15:49:229,6.85,-0.73,1.76
15:15:49:229,4.89,-0.70,1.04
15:15:49:301,2.92,0.83,0.51
15:15:49:301,4.09,1.51,0.31
15:15:49:353,5.21,1.28,-0.12
15:15:49:389,4.74,0.51,-0.97
15:15:49:498,3.17,-0.05,-0.27
15:15:49:498,2.80,-0.17,-0.28
15:15:49:498,3.02,0.05,-0.41
15:15:49:498,3.25,0.29,-0.62
15:15:49:498,3.03,0.37,-0.75
15:15:49:533,2.96,0.02,-0.33
15:15:49:550,3.22,-0.13,-0.46
15:15:49:567,3.52,-0.21,-1.12
15:15:49:568,4.12,-0.21,-1.26
15:15:49:585,4.12,0.10,-1.03
15:15:49:585,3.73,0.89,-1.55
15:15:49:585,3.95,1.23,-2.17
15:15:49:638,5.29,0.90,-0.78
15:15:49:673,6.40,0.86,-1.39
15:15:49:690,5.39,0.47,1.09
15:15:49:690,2.60,-0.50,1.10
15:15:49:691,4.30,-0.81,0.49
15:15:49:725,5.00,-0.20,0.01
15:15:49:725,3.85,0.44,-0.29
15:15:49:725,4.30,0.09,-0.39
15:15:49:726,4.05,0.00,-0.85
15:15:49:726,2.74,0.33,-0.63
15:15:49:745,2.75,0.67,-0.75
15:15:49:745,3.33,0.60,-0.41
15:15:49:815,3.01,0.30,-0.15
15:15:49:815,3.02,0.28,-0.50
15:15:49:815,3.31,0.48,-0.43
15:15:49:851,3.10,0.71,-0.80
15:15:49:851,3.62,1.11,-1.00
15:15:49:868,4.29,1.19,-1.28
15:15:49:868,4.35,0.37,-1.52
15:15:49:886,4.25,-0.32,-1.97
15:15:49:904,4.38,0.23,-1.16
15:15:49:939,5.69,-0.01,0.83
15:15:49:991,6.44,-1.45,0.67
15:15:50:79,3.17,0.60,0.74
15:15:50:79,3.36,1.62,0.17
15:15:50:98,4.32,1.28,0.07
15:15:50:116,4.98,0.55,-0.28
15:15:50:201,4.16,0.11,-0.95
15:15:50:201,3.01,-0.28,-0.33
15:15:50:201,2.88,-0.09,-0.58
15:15:50:219,3.28,-0.01,-0.38
15:15:50:219,3.46,0.26,-1.15
15:15:50:254,3.37,0.33,-1.00
15:15:50:272,3.27,-0.13,-0.45
15:15:50:273,3.37,-0.23,-1.00
15:15:50:291,3.46,-0.39,-1.09
15:15:50:363,3.61,-0.14,-0.93
15:15:50:381,3.63,0.53,-1.73
15:15:50:381,3.22,1.36,-2.29
15:15:50:398,4.14,1.00,-0.44
15:15:50:398,5.89,0.40,-0.03
15:15:50:417,6.50,0.71,0.94
15:15:50:436,4.54,0.06,0.59
15:15:50:454,4.18,-0.31,0.34
15:15:50:490,4.47,-0.28,-0.39
15:15:50:597,5.27,-0.02,-0.80
15:15:50:614,4.93,0.06,-1.12
15:15:50:615,3.18,0.34,-0.37
15:15:50:630,2.36,0.71,-0.45
15:15:50:701,3.04,0.94,-0.40
15:15:50:737,3.74,0.73,-0.51
15:15:50:756,3.68,-0.14,-0.67
15:15:50:773,2.71,0.10,-0.70
15:15:50:790,2.82,0.30,-1.05
15:15:50:826,3.22,0.86,-0.86
15:15:50:879,3.32,1.13,-1.23
15:15:50:898,3.13,0.74,-1.06
15:15:50:915,3.79,0.14,-0.89
15:15:50:915,3.86,-0.48,-1.31
15:15:50:915,4.56,-0.40,-0.70
15:15:50:934,6.22,-0.58,-0.20
15:15:50:934,6.02,-0.08,0.95
15:15:50:968,3.51,0.52,0.43
15:15:50:969,4.14,1.06,0.32
15:15:50:986,5.25,0.55,0.10
15:15:50:986,4.88,0.45,0.15
15:15:50:986,3.70,0.09,-0.20
15:15:50:986,3.52,-0.23,0.13
15:15:51:4,3.32,-0.54,-0.21
15:15:51:21,3.84,-0.27,-0.39
15:15:51:21,4.03,0.06,-0.69
15:15:51:39,3.41,0.01,-0.45
15:15:51:57,3.32,0.13,-0.50
15:15:51:106,3.61,0.20,-0.94
15:15:51:107,3.89,-0.05,-0.72
15:15:51:107,3.84,-0.22,-0.77
15:15:51:125,3.61,-0.00,-0.68
15:15:51:143,4.05,0.33,-0.66
15:15:51:143,3.97,0.06,-0.76
15:15:51:159,3.82,-0.22,-0.82
15:15:51:161,4.84,0.02,-0.84
15:15:51:179,5.42,0.96,-0.67
15:15:51:179,5.01,1.78,0.12
15:15:51:234,3.42,0.83,0.21
15:15:51:250,3.44,0.43,-0.28
15:15:51:268,4.11,0.62,-0.32
15:15:51:268,4.03,0.92,-0.61
15:15:51:286,3.66,0.73,-0.34
15:15:51:303,3.74,0.49,-0.41
15:15:51:303,3.73,0.60,-0.46
15:15:51:339,3.33,0.74,-0.53
15:15:51:359,3.54,0.84,-0.44
15:15:51:359,3.85,0.81,-0.44
15:15:51:394,3.69,0.86,-0.32
15:15:51:466,3.72,0.73,-0.27
15:15:51:483,3.77,0.60,-0.45
15:15:51:483,3.72,0.58,-0.59
15:15:51:554,3.84,0.77,-0.67
15:15:51:554,3.88,1.00,-0.37
15:15:51:590,4.11,1.05,-0.37
15:15:51:643,4.29,1.09,-0.37
15:15:51:661,3.88,1.22,-0.35
15:15:51:679,3.56,1.34,-0.22
15:15:51:679,3.55,1.43,-0.29
15:15:51:696,3.46,1.47,-0.36
15:15:51:731,3.83,1.35,-0.21
15:15:51:784,4.11,0.92,-0.08
15:15:51:818,4.38,0.01,0.06
15:15:51:836,4.37,-0.18,0.08
15:15:51:855,3.68,0.07,-0.18
15:15:51:856,3.60,0.52,-0.28
15:15:51:891,4.37,0.58,0.00
15:15:51:926,4.35,0.55,-0.30
15:15:51:959,3.74,0.17,-0.38
15:15:51:981,3.77,-0.19,-0.15
15:15:52:51,4.13,-0.09,-0.46
15:15:52:86,4.22,0.26,-0.53
15:15:52:174,4.25,0.33,-0.85
15:15:52:411,4.29,0.43,-0.54
15:15:52:609,3.67,0.31,-0.57
15:15:52:791,3.72,0.21,-0.32
15:15:52:889,4.22,0.23,-0.43
15:15:52:923,3.93,0.27,-0.59
15:15:53:117,3.67,0.11,-0.45
15:15:53:152,3.58,0.11,-0.22
15:15:53:189,3.67,0.23,-0.28
15:15:53:348,3.63,0.25,-0.33
15:15:53:639,3.77,0.36,-0.29
15:15:53:677,4.38,0.63,-0.28
15:15:53:801,4.49,0.88,-0.34
15:15:53:801,3.91,0.59,-0.37
15:15:53:801,3.83,0.45,-0.17
15:15:53:801,3.92,0.33,-0.42
15:15:53:801,4.00,0.49,-0.17
15:15:53:801,3.99,0.71,-0.20
15:15:54:54,3.74,0.71,-0.27
15:15:54:54,3.72,0.80,-0.25
15:15:54:88,4.02,0.83,-0.50
15:15:54:88,4.16,0.67,-0.42
15:15:54:194,4.09,0.31,-0.34
15:15:54:194,3.82,0.14,-0.34
15:15:54:194,3.83,0.32,-0.31
15:15:54:194,3.98,0.56,-0.24
15:15:54:194,4.04,0.67,-0.18
15:15:54:194,3.87,0.58,-0.32
15:15:54:335,3.89,0.34,-0.29
15:15:54:335,4.00,0.19,-0.30
15:15:54:335,4.10,0.20,-0.39
15:15:54:335,3.87,0.26,-0.42
15:15:54:335,4.00,0.36,-0.26
15:15:54:335,3.85,0.42,-0.29
15:15:54:335,3.81,0.32,-0.21
15:15:54:385,4.08,0.05,-0.09
15:15:54:385,3.96,-0.02,-0.09
15:15:54:385,3.82,-0.05,-0.01
15:15:54:385,3.83,0.14,-0.14
15:15:54:385,3.90,0.30,-0.40
15:15:54:548,3.92,0.40,-0.62
15:15:54:548,3.93,0.40,-0.45
15:15:54:582,3.80,0.21,-0.30
15:15:54:582,3.92,0.13,-0.27
15:15:54:582,4.04,0.14,-0.23
15:15:54:582,3.99,0.18,-0.16
15:15:54:582,3.86,0.21,-0.17
15:15:54:582,3.89,0.25,-0.20
15:15:54:582,3.89,0.22,-0.30
15:15:54:599,3.93,0.22,-0.42
15:15:54:673,3.96,0.25,-0.41
15:15:54:744,4.00,0.24,-0.40
15:15:54:744,4.02,0.23,-0.40
15:15:54:761,3.92,0.20,-0.47
15:15:54:761,3.87,0.23,-0.45
15:15:54:779,3.96,0.21,-0.46
15:15:54:779,4.00,0.19,-0.44
15:15:54:779,3.93,0.18,-0.46
15:15:54:779,3.92,0.13,-0.51
15:15:54:797,3.93,0.13,-0.48
15:15:54:797,3.94,0.17,-0.46
15:15:54:797,3.91,0.18,-0.46
15:15:54:797,3.94,0.19,-0.49
15:15:54:797,3.91,0.18,-0.51
15:15:54:797,3.92,0.11,-0.45
15:15:54:797,3.90,0.11,-0.45
15:15:54:903,3.91,0.15,-0.55
15:15:54:903,3.90,0.22,-0.60
15:15:54:903,3.94,0.29,-0.58
15:15:54:903,3.92,0.28,-0.51
15:15:54:903,3.96,0.24,-0.46
15:15:54:903,3.91,0.22,-0.46
15:15:54:977,3.86,0.16,-0.49
15:15:54:977,3.91,0.22,-0.51
15:15:54:977,3.92,0.30,-0.53
15:15:55:101,3.91,0.27,-0.54
15:15:55:101,3.89,0.24,-0.56
15:15:55:101,3.90,0.23,-0.59
15:15:55:243,3.96,0.23,-0.58
15:15:55:243,3.98,0.23,-0.58
15:15:55:243,3.91,0.22,-0.54
15:15:55:243,3.90,0.22,-0.50
15:15:55:243,3.99,0.23,-0.55
15:15:55:243,3.92,0.21,-0.50
15:15:55:243,3.94,0.18,-0.39
15:15:55:406,3.95,0.16,-0.36
15:15:55:406,3.88,0.15,-0.30
15:15:55:406,3.95,0.21,-0.33
15:15:55:406,3.94,0.21,-0.40
15:15:55:406,3.90,0.17,-0.38
15:15:55:406,3.96,0.19,-0.35
15:15:55:441,3.97,0.16,-0.33
15:15:55:441,3.96,0.16,-0.35
15:15:55:441,3.91,0.15,-0.34
15:15:55:494,3.91,0.08,-0.28
15:15:55:494,3.92,0.11,-0.29
15:15:55:494,3.93,0.10,-0.32
15:15:55:494,3.93,0.12,-0.34
15:15:55:494,3.95,0.17,-0.34
15:15:55:494,3.97,0.24,-0.31
15:15:55:494,3.91,0.30,-0.35
15:15:55:512,3.97,0.24,-0.42
15:15:55:618,3.97,0.30,-0.41
15:15:55:618,3.99,0.40,-0.31
15:15:55:618,3.98,0.47,-0.30
15:15:55:618,3.74,0.46,-0.37
15:15:55:618,3.84,0.43,-0.49
15:15:55:618,3.94,0.39,-0.66
15:15:55:653,3.99,0.45,-0.74
15:15:55:691,4.17,0.42,-0.68
15:15:55:691,4.06,0.40,-0.65
15:15:55:814,4.00,0.43,-0.43
15:15:55:814,3.88,0.44,-0.38
15:15:55:814,3.85,0.43,-0.29
15:15:55:814,3.87,0.27,-0.04
15:15:55:814,3.60,0.15,0.24
15:15:55:832,3.61,0.04,0.14
15:15:55:848,3.73,0.04,0.23
15:15:55:887,3.52,0.19,0.06
15:15:56:12,3.76,0.10,-0.26
15:15:56:12,4.26,0.14,0.04
15:15:56:12,4.36,-0.02,-0.35
15:15:56:12,4.35,0.10,-0.44
15:15:56:12,4.36,0.27,-0.38
15:15:56:30,4.02,0.12,-0.47
15:15:56:30,3.92,-0.03,-0.31
15:15:56:30,3.93,0.07,-0.31
15:15:56:46,3.53,0.20,-0.48
15:15:56:46,3.46,0.25,-0.37
15:15:56:46,3.57,0.13,-0.52
15:15:56:46,3.60,-0.06,-0.75
15:15:56:46,3.67,-0.15,-0.76
15:15:56:46,3.67,-0.06,-0.75
15:15:56:172,3.82,-0.12,-0.68
15:15:56:172,4.04,-0.16,-0.50
15:15:56:172,4.20,-0.24,-0.50
15:15:56:172,4.32,-0.25,-0.54
15:15:56:172,4.52,-0.28,-0.69
15:15:56:207,4.72,-0.23,-1.44
15:15:56:207,4.58,0.11,-1.02
15:15:56:207,4.91,0.17,-0.65
15:15:56:207,5.23,0.59,-0.86
15:15:56:207,5.42,0.23,-0.34
15:15:56:207,4.16,-0.30,0.56
15:15:56:207,3.45,-0.29,1.14
15:15:56:207,3.68,-0.19,0.80
15:15:56:207,3.80,-0.00,0.75
15:15:56:243,3.55,-0.11,0.74
15:15:56:243,3.70,0.09,0.17
15:15:56:259,4.50,0.37,-0.38
15:15:56:311,3.49,0.43,-0.26
15:15:56:311,2.60,0.53,-0.13
15:15:56:311,3.04,0.48,-0.27
15:15:56:311,3.81,0.51,-0.19
15:15:56:366,3.70,0.19,-0.47
15:15:56:366,3.20,0.04,-0.46
15:15:56:366,3.41,0.52,-0.23
15:15:56:366,3.39,0.88,-0.27
15:15:56:366,3.45,0.92,-0.26
15:15:56:366,4.22,1.05,-0.63
15:15:56:400,4.80,0.91,-0.56
15:15:56:400,4.97,0.17,-1.09
15:15:56:403,4.38,0.21,-1.61
15:15:56:403,4.89,0.50,-0.22
15:15:56:492,6.17,0.53,-0.08
15:15:56:492,4.91,-0.13,2.06
15:15:56:526,2.55,0.78,1.08
15:15:56:526,3.56,0.92,0.54
15:15:56:526,4.09,0.48,0.51
15:15:56:526,4.69,0.20,0.07
15:15:56:544,4.53,0.17,-0.71
15:15:56:560,2.80,-0.02,-0.46
15:15:56:613,2.37,-0.07,-0.44
15:15:56:613,3.31,-0.05,-0.54
15:15:56:613,4.07,0.21,-0.71
15:15:56:613,3.47,0.43,-1.25
15:15:56:613,3.06,0.20,-0.14
15:15:56:680,3.46,-0.26,-0.45
15:15:56:700,3.92,-0.51,-0.72
15:15:56:700,3.88,-0.23,-1.33
15:15:56:701,4.24,0.12,-1.40
15:15:56:719,4.31,0.97,-1.37
15:15:56:719,5.21,1.13,-0.82
15:15:56:736,5.65,0.81,-1.11
15:15:56:736,5.71,0.52,0.55
15:15:56:736,3.72,-0.65,1.23
15:15:56:880,3.47,-0.64,0.56
15:15:56:881,4.87,-0.26,0.49
15:15:56:881,3.94,-0.24,-0.18
15:15:56:899,3.77,-0.05,-0.33
15:15:56:934,3.89,0.31,-0.65
15:15:56:934,2.70,0.67,-0.60
15:15:56:952,2.35,0.94,-0.26
15:15:56:989,2.67,0.72,-0.38
15:15:57:22,3.58,0.36,-0.44
15:15:57:22,3.95,0.30,-0.50
15:15:57:42,3.14,0.34,-0.39
15:15:57:42,2.95,0.86,-0.71
15:15:57:42,4.02,1.07,-0.71
15:15:57:59,4.42,0.74,-1.19
15:15:57:76,4.51,0.26,-1.38
15:15:57:94,4.37,-0.38,-2.08
15:15:57:94,4.38,0.46,-1.02
15:15:57:113,5.38,0.34,0.74
15:15:57:113,6.67,-1.30,1.16
15:15:57:113,3.59,0.26,0.72
15:15:57:113,3.72,1.13,0.61
15:15:57:131,4.47,1.16,-0.07
15:15:57:166,4.79,0.87,-0.45
15:15:57:217,4.06,0.44,-0.88
15:15:57:233,3.04,-0.22,-0.49
15:15:57:233,2.82,-0.26,-0.38
15:15:57:233,3.11,-0.23,-0.49
15:15:57:251,3.32,0.15,-0.81
15:15:57:286,3.04,0.37,-0.74
15:15:57:304,3.14,-0.05,-0.49
15:15:57:322,3.25,-0.24,-0.97
15:15:57:412,3.86,-0.12,-1.13
15:15:57:429,4.02,-0.14,-1.20
15:15:57:429,3.58,0.36,-1.37
15:15:57:466,3.64,1.38,-1.92
15:15:57:502,5.08,1.53,-0.85
15:15:57:556,6.10,0.83,-1.25
15:15:57:556,6.30,0.47,0.45
15:15:57:574,3.21,-1.12,1.22
15:15:57:592,3.94,-0.96,0.68
15:15:57:609,5.16,-0.11,0.33
15:15:57:609,3.83,0.10,-0.46
15:15:57:627,4.19,0.06,-0.58
15:15:57:661,4.15,0.02,-0.82
15:15:57:663,2.47,0.43,-0.58
15:15:57:663,2.19,0.92,-0.52
15:15:57:680,3.50,0.74,-0.23
15:15:57:680,3.59,0.27,-0.50
15:15:57:738,3.10,-0.10,-0.76
15:15:57:756,3.06,-0.01,-0.74
15:15:57:756,3.13,0.74,-0.86
15:15:57:773,3.50,1.39,-1.01
15:15:57:791,4.42,1.37,-1.01
15:15:57:809,4.59,0.15,-1.60
15:15:57:826,3.71,-0.80,-2.13
15:15:57:826,4.12,0.38,-1.00
15:15:57:862,5.62,0.33,0.82
15:15:57:916,6.80,-1.79,1.25
15:15:57:935,3.27,0.19,0.88
15:15:57:935,3.25,1.20,0.57
15:15:57:971,4.96,1.01,-0.43
15:15:58:6,6.37,0.61,-1.19
15:15:58:6,4.06,0.31,-0.98
15:15:58:24,2.04,-0.05,-0.26
15:15:58:24,2.88,0.04,-0.73
15:15:58:42,3.55,0.04,-0.66
15:15:58:66,3.26,-0.03,-0.92
15:15:58:158,2.86,-0.05,-0.77
15:15:58:177,3.17,0.00,-0.21
15:15:58:183,3.43,-0.12,-0.77
15:15:58:189,3.12,0.00,-1.35
15:15:58:213,3.85,-0.12,-1.07
15:15:58:213,4.17,-0.04,-1.45
15:15:58:232,4.04,1.04,-1.69
15:15:58:290,4.13,1.37,-1.91
15:15:58:320,5.21,1.00,-0.89
15:15:58:326,6.13,0.66,-0.83
15:15:58:339,5.26,0.53,1.02
15:15:58:363,2.89,-1.16,1.13
15:15:58:363,4.53,-0.50,0.33
15:15:58:379,4.69,-0.35,-0.37
15:15:58:397,3.93,-0.15,-0.60
15:15:58:450,4.39,-0.32,-0.99
15:15:58:468,3.36,0.17,-0.70
15:15:58:468,2.08,0.74,-0.50
15:15:58:486,2.58,0.90,-0.54
15:15:58:504,3.54,0.46,-0.45
15:15:58:504,3.74,0.36,-0.39
15:15:58:541,3.22,0.09,-0.77
15:15:58:558,3.11,0.29,-0.81
15:15:58:576,3.43,1.10,-0.69
15:15:58:648,3.85,1.26,-1.01
15:15:58:668,4.07,0.87,-1.05
15:15:58:668,3.78,-0.20,-1.66
15:15:58:686,4.35,-0.12,-1.49
15:15:58:722,4.87,0.60,0.07
15:15:58:739,6.14,0.25,0.89
15:15:58:758,5.57,-1.26,1.16
15:15:58:847,3.22,0.83,0.14
15:15:58:866,3.99,1.43,0.05
15:15:58:884,4.89,1.22,-0.49
15:15:58:884,5.68,0.38,-1.35
15:15:58:901,3.38,-0.37,-1.18
15:15:58:938,1.65,-0.56,-0.44
15:15:58:954,2.84,-0.31,-0.49
15:15:58:973,3.98,-0.31,-0.70
15:15:59:8,2.99,-0.00,-1.36
15:15:59:8,2.86,-0.04,-0.73
15:15:59:8,3.25,-0.21,-0.70
15:15:59:64,3.32,-0.21,-1.15
15:15:59:64,3.75,0.05,-1.52
15:15:59:96,3.77,0.01,-1.63
15:15:59:115,3.63,0.75,-1.87
15:15:59:258,4.33,1.18,-0.97
15:15:59:274,5.96,1.06,-0.51
15:15:59:280,6.38,1.11,0.05
15:15:59:299,3.76,0.02,0.52
15:15:59:328,4.01,-0.46,0.42
15:15:59:381,4.99,-0.59,-0.17
15:15:59:381,4.91,0.08,-0.43
15:15:59:415,4.65,0.09,-0.97
15:15:59:416,3.42,0.25,-0.60
15:15:59:416,2.44,0.53,-0.41
15:15:59:435,3.00,0.75,-0.64
15:15:59:435,3.65,0.80,-0.52
15:15:59:453,3.35,0.36,-0.50
15:15:59:453,3.19,0.15,-0.49
15:15:59:472,3.11,0.52,-0.66
15:15:59:524,2.91,0.81,-0.92
15:15:59:544,3.12,0.75,-1.12
15:15:59:561,3.46,0.82,-1.25
15:15:59:579,3.77,0.60,-0.76
15:15:59:596,3.92,-0.11,-1.15
15:15:59:614,5.21,-0.87,0.03
15:15:59:650,7.06,-1.00,-0.44
15:15:59:668,4.48,-0.56,1.18
15:15:59:684,3.20,0.19,0.44
15:15:59:790,5.22,0.73,-0.55
15:15:59:790,5.36,0.65,-0.49
15:15:59:807,4.61,0.40,-1.28
15:15:59:807,3.61,0.29,-0.75
15:15:59:825,3.08,0.06,-0.63
15:15:59:825,2.97,-0.09,-0.60
15:15:59:929,3.21,-0.08,-0.38
15:15:59:949,3.33,-0.01,-0.52
15:15:59:967,3.05,-0.12,-0.61
15:15:59:967,3.17,0.06,-0.62
15:15:59:985,3.65,0.11,-1.07
15:16:0:19,3.95,0.28,-1.03
15:16:0:21,3.52,0.37,-0.56
15:16:0:21,3.23,0.14,-0.65
15:16:0:74,4.24,-0.07,-0.47
15:16:0:109,4.95,0.31,-0.31
15:16:0:109,5.54,1.28,0.40
15:16:0:147,5.59,1.42,-0.04
15:16:0:147,3.47,0.80,0.44
15:16:0:164,3.22,-0.49,-0.39
15:16:0:182,4.84,-0.04,-0.42
15:16:0:271,5.44,0.87,-0.99
15:16:0:307,3.79,0.82,-0.54
15:16:0:307,3.02,0.63,-0.15
15:16:0:325,3.90,0.60,-0.32
15:16:0:381,3.73,0.51,-0.47
15:16:0:416,3.37,0.32,-0.57
15:16:0:452,3.35,0.34,-0.57
15:16:0:452,3.85,0.43,-0.52
15:16:0:523,4.09,0.61,-0.69
15:16:0:523,3.79,0.66,-0.86
15:16:0:523,3.75,0.53,-0.71
15:16:0:559,3.93,0.46,-0.61
15:16:0:612,3.89,0.71,-0.58
15:16:0:702,3.82,0.54,-0.62
15:16:0:704,3.67,0.38,-0.52
15:16:0:991,4.10,0.12,-0.45
15:16:1:10,4.20,-0.51,-0.42
15:16:1:10,4.17,-1.05,-0.30
15:16:1:45,3.72,-0.51,-0.17
15:16:1:61,3.67,0.09,-0.48
15:16:1:78,3.86,0.41,-0.95
15:16:1:78,3.60,0.12,-1.27
15:16:1:165,3.92,-0.12,-0.94
15:16:1:167,4.14,-0.38,-1.03
15:16:1:185,4.04,-0.47,-0.83
15:16:1:203,3.81,-0.49,-0.70
15:16:1:236,3.63,-0.43,-0.50
15:16:1:273,3.81,-0.34,-0.42
15:16:1:346,4.11,-0.21,-0.80
15:16:1:346,4.09,-0.20,-0.67
15:16:1:346,4.03,-0.12,-0.54
15:16:1:346,3.71,-0.15,-0.62
15:16:1:346,3.68,-0.35,-0.69
15:16:1:346,4.00,-0.43,-0.78
15:16:1:346,3.96,-0.40,-0.69
15:16:1:364,3.52,-0.24,-0.74
15:16:1:382,3.58,-0.30,-0.89
15:16:1:438,4.14,-0.56,-0.83
15:16:1:455,4.15,-0.55,-0.63
15:16:1:546,4.30,-0.37,-0.30
15:16:1:620,3.96,-0.37,-0.37
15:16:1:637,3.75,-0.46,-0.26
15:16:1:670,4.21,-0.37,-0.38
15:16:1:775,4.30,-0.11,-0.38
15:16:1:808,3.99,0.02,-0.45
15:16:1:879,3.89,-0.08,-0.26
15:16:1:914,3.96,-0.23,0.04
15:16:1:914,4.24,-0.03,-0.01
15:16:1:914,4.24,0.23,-0.34
15:16:1:932,3.90,0.48,-0.26
15:16:2:74,3.60,0.56,-0.27
15:16:2:74,3.83,0.41,-0.35
15:16:2:182,4.34,0.27,-0.43
15:16:2:291,4.15,0.11,-0.45
15:16:2:434,3.78,-0.01,-0.50
15:16:2:507,3.82,0.12,-0.52
15:16:2:507,4.01,0.38,-0.56
15:16:2:682,4.00,0.48,-0.38
15:16:2:682,3.94,0.50,-0.44
15:16:2:773,4.03,0.46,-0.43
15:16:2:790,3.95,0.42,-0.55
15:16:2:826,3.80,0.27,-0.40
15:16:2:826,3.73,0.17,-0.20
15:16:2:882,3.83,0.31,-0.09
15:16:2:882,4.42,0.22,-0.64
15:16:2:882,4.32,0.03,-0.33
15:16:2:882,3.92,-0.02,-0.14
15:16:2:969,3.62,0.25,-0.08
15:16:3:59,3.71,0.36,0.03
15:16:3:59,3.93,0.46,-0.05
15:16:3:59,3.83,0.32,-0.19
15:16:3:219,3.79,0.32,-0.28
15:16:3:253,3.84,0.25,-0.46
15:16:3:254,3.80,0.29,-0.49
15:16:3:394,3.92,0.17,-0.38
15:16:3:394,4.11,0.10,-0.29
15:16:3:394,4.08,-0.02,-0.27
15:16:3:394,3.96,0.04,-0.25
15:16:3:394,3.79,0.25,-0.33
15:16:3:429,3.80,0.38,-0.41
15:16:3:447,3.96,0.42,-0.42
15:16:3:447,3.97,0.36,-0.46
15:16:3:447,3.95,0.25,-0.46
15:16:3:447,3.97,0.22,-0.48
15:16:3:447,3.90,0.23,-0.49
15:16:3:501,3.87,0.28,-0.47
15:16:3:535,3.91,0.33,-0.46
15:16:3:535,3.95,0.30,-0.53
15:16:3:591,3.90,0.27,-0.62
15:16:3:591,3.91,0.27,-0.53
15:16:3:591,3.93,0.25,-0.52
15:16:3:591,3.92,0.21,-0.49
15:16:3:591,3.86,0.20,-0.48
15:16:3:591,3.90,0.23,-0.43
15:16:3:591,3.92,0.25,-0.50
15:16:3:624,3.96,0.20,-0.50
15:16:3:624,3.98,0.16,-0.47
15:16:3:677,3.90,0.16,-0.47
15:16:3:677,3.88,0.22,-0.49
15:16:3:677,3.94,0.26,-0.47
15:16:3:677,3.93,0.27,-0.48
15:16:3:677,3.94,0.23,-0.46
15:16:3:677,3.97,0.20,-0.48
15:16:3:677,3.95,0.20,-0.50
15:16:3:714,3.93,0.25,-0.49
15:16:3:714,3.95,0.26,-0.42
15:16:3:714,3.92,0.27,-0.45
15:16:3:714,3.96,0.21,-0.48
15:16:3:731,3.92,0.24,-0.49
15:16:3:731,3.91,0.24,-0.49
15:16:3:749,3.94,0.22,-0.42
15:16:3:749,3.94,0.20,-0.46
15:16:3:749,3.85,0.22,-0.43
15:16:4:107,3.96,0.27,-0.45
15:16:4:107,3.93,0.22,-0.47
15:16:4:107,3.86,0.23,-0.47
15:16:4:161,3.88,0.26,-0.50
15:16:4:161,3.93,0.27,-0.54
15:16:4:161,3.98,0.25,-0.57
15:16:4:161,3.91,0.18,-0.53
15:16:4:230,3.95,0.20,-0.47
15:16:4:285,3.93,0.30,-0.48
15:16:4:285,3.93,0.36,-0.44
15:16:4:285,3.87,0.30,-0.46
15:16:4:285,3.92,0.23,-0.37
15:16:4:285,3.87,0.22,-0.40
15:16:4:285,3.94,0.25,-0.44
15:16:4:393,3.94,0.25,-0.44
15:16:4:393,3.83,0.25,-0.43
15:16:4:411,3.86,0.23,-0.45
15:16:4:411,3.96,0.27,-0.44
15:16:4:411,3.96,0.27,-0.48
15:16:4:411,3.93,0.25,-0.49
15:16:4:411,3.95,0.26,-0.52
15:16:4:520,3.92,0.22,-0.40
15:16:4:574,3.95,0.22,-0.47
15:16:4:574,3.95,0.26,-0.47
15:16:4:640,3.94,0.25,-0.46
15:16:4:642,3.94,0.21,-0.43
15:16:4:642,3.94,0.25,-0.42
15:16:4:659,3.99,0.26,-0.48
15:16:4:659,3.99,0.20,-0.45
15:16:4:767,3.94,0.20,-0.43
15:16:4:767,3.98,0.33,-0.43
15:16:4:767,3.91,0.42,-0.41
15:16:4:803,3.86,0.27,-0.30
15:16:4:840,3.90,0.27,-0.54
15:16:4:840,3.89,0.51,-0.73
15:16:4:840,3.67,0.58,-0.75
15:16:4:965,3.65,0.50,-0.73
15:16:4:997,3.94,0.46,-0.73
15:16:4:997,3.86,0.51,-0.67
15:16:4:997,3.48,0.56,-0.70
15:16:4:997,3.55,0.54,-0.74
15:16:4:997,3.86,0.45,-0.85
15:16:4:997,3.99,0.17,-0.90
15:16:4:997,4.65,-0.19,-0.81
15:16:5:15,4.54,-0.46,-0.25
15:16:5:15,3.74,-0.03,0.51
15:16:5:15,3.61,0.54,0.13
15:16:5:15,3.86,0.82,-0.23
15:16:5:15,4.06,0.92,-0.61
15:16:5:15,4.27,0.35,-1.17
15:16:5:15,4.52,-0.32,-1.48
15:16:5:139,4.09,-0.50,-0.94
15:16:5:139,3.28,-0.37,-0.56
15:16:5:139,3.24,-0.12,-0.52
15:16:5:139,3.68,0.15,-0.94
15:16:5:139,3.33,0.29,-0.72
15:16:5:156,3.16,0.45,-0.75
15:16:5:156,3.63,0.35,-1.25
15:16:5:191,4.07,-0.14,-0.95
15:16:5:227,4.21,-0.36,-0.42
15:16:5:227,4.21,-0.65,-0.25
15:16:5:227,3.90,-0.68,-0.64
15:16:5:227,4.24,-0.56,-1.00
15:16:5:312,4.68,-0.42,-1.70
15:16:5:312,5.97,0.02,-0.48
15:16:5:312,5.94,0.40,-1.01
15:16:5:312,5.18,0.55,0.07
15:16:5:312,3.38,0.63,1.34
15:16:5:330,3.30,-0.15,1.51
15:16:5:330,3.75,-0.22,0.88
15:16:5:330,3.60,-0.44,0.96
15:16:5:347,3.63,-0.68,0.53
15:16:5:347,4.09,-0.04,-0.16
15:16:5:364,4.05,0.44,-0.50
15:16:5:420,3.10,0.46,-0.44
15:16:5:420,2.79,0.57,-0.44
15:16:5:420,3.21,0.35,-0.22
15:16:5:420,3.58,0.16,-0.34
15:16:5:582,3.37,0.03,-0.44
15:16:5:582,3.20,0.29,-0.11
15:16:5:583,3.66,0.76,-0.33
15:16:5:779,3.66,1.54,-0.66
15:16:5:779,4.27,1.43,-0.67
15:16:5:779,5.34,0.64,-1.20
15:16:5:779,4.62,-0.31,-2.29
15:16:5:779,4.58,0.37,-0.71
15:16:5:779,5.38,0.60,0.37
15:16:5:850,6.11,-0.56,2.01
15:16:5:850,3.20,-0.79,1.04
15:16:5:867,2.78,0.52,0.44
15:16:5:867,3.85,1.13,0.50
15:16:5:867,4.91,1.15,0.03
15:16:5:867,5.61,0.57,-1.22
15:16:5:867,3.48,0.00,-0.82
15:16:5:920,1.32,-0.27,-0.63
15:16:6:46,2.86,-0.13,-0.37
15:16:6:46,4.18,-0.32,-0.01
15:16:6:83,3.47,-0.09,-1.49
15:16:6:83,2.89,0.11,-0.72
15:16:6:83,3.03,-0.06,-0.20
15:16:6:101,3.41,-0.11,-1.02
15:16:6:101,4.34,0.05,-0.90
15:16:6:117,4.52,-0.09,-1.23
15:16:6:135,3.89,0.95,-1.66
15:16:6:170,4.27,1.05,-1.52
15:16:6:170,5.94,0.89,-0.81
15:16:6:273,6.27,0.75,-0.74
15:16:6:273,4.19,0.25,1.68
15:16:6:273,3.39,-0.62,0.83
15:16:6:273,5.00,-0.47,0.37
15:16:6:273,4.05,-0.46,-0.20
15:16:6:273,3.64,-0.37,-0.43
15:16:6:291,4.31,-0.19,-0.57
15:16:6:291,2.98,0.42,-0.59
15:16:6:327,2.16,0.97,-0.57
15:16:6:327,2.74,0.98,-0.52
15:16:6:327,3.80,0.57,-0.36
15:16:6:327,3.92,0.10,-0.85
15:16:6:327,3.25,0.05,-0.65
15:16:6:327,2.82,0.32,-0.58
15:16:6:454,3.44,1.08,-0.58
15:16:6:454,4.18,1.32,-1.04
15:16:6:454,4.65,0.99,-0.83
15:16:6:454,4.40,-0.15,-1.62
15:16:6:489,4.57,-0.22,-0.68
15:16:6:489,5.40,-0.57,0.87
15:16:6:558,5.96,-1.19,0.91
15:16:6:558,3.78,0.27,0.77
15:16:6:558,3.78,1.44,0.48
15:16:6:558,4.79,1.62,-0.13
15:16:6:558,5.00,1.06,-0.83
15:16:6:558,3.92,-0.01,-1.06
15:16:6:593,2.72,-0.75,-0.46
15:16:6:611,2.59,-0.49,-0.50
15:16:6:647,3.44,0.20,-0.13
15:16:6:647,3.28,0.32,-0.75
15:16:6:665,2.69,0.28,-0.80
15:16:6:665,3.19,-0.33,-0.40
15:16:6:682,3.49,-0.42,-0.95
15:16:6:682,3.79,-0.09,-1.24
15:16:6:682,4.04,0.33,-1.08
15:16:6:755,3.99,0.99,-1.59
15:16:6:755,3.73,1.22,-2.01
15:16:6:755,5.23,0.96,-0.97
15:16:6:772,6.26,0.76,-1.26
15:16:6:772,5.19,0.28,0.78
15:16:6:772,2.95,-0.73,0.80
15:16:6:772,4.01,-0.78,0.42
15:16:6:772,5.21,-0.14,0.25
15:16:6:809,4.08,0.27,-0.23
15:16:6:844,4.14,0.01,-0.67
15:16:6:844,3.97,0.06,-0.83
15:16:6:844,2.37,0.41,-0.61
15:16:6:860,2.31,0.48,-0.51
15:16:6:937,3.30,0.46,-0.29
15:16:6:954,3.31,0.36,-0.30
15:16:6:971,3.17,0.45,-0.46
15:16:6:971,3.59,0.61,-0.73
15:16:6:986,3.51,0.84,-0.86
15:16:7:113,3.51,0.97,-1.05
15:16:7:131,3.99,1.08,-1.00
15:16:7:151,4.75,0.29,-1.31
15:16:7:169,4.21,-0.54,-1.87
15:16:7:188,4.18,-0.16,-0.93
15:16:7:188,6.33,-0.04,1.49
15:16:7:206,5.63,-0.88,0.58
15:16:7:314,3.09,0.99,0.83
15:16:7:332,4.14,1.52,0.25
15:16:7:332,5.10,1.09,-0.33
15:16:7:349,5.29,0.11,-0.94
15:16:7:452,3.13,0.13,-0.29
15:16:7:469,2.35,-0.23,-0.27
15:16:7:469,2.95,0.06,-0.36
15:16:7:506,3.32,0.01,-0.41
15:16:7:506,2.97,0.08,-1.06
15:16:7:506,2.88,-0.05,-0.27
15:16:7:523,3.57,-0.23,-0.48
15:16:7:541,3.75,-0.01,-1.16
15:16:7:541,3.78,-0.14,-1.69
15:16:7:541,3.80,0.08,-1.57
15:16:7:561,4.43,0.69,-1.62
15:16:7:579,3.88,0.92,-2.48
15:16:7:579,4.28,0.69,-1.47
15:16:7:649,6.08,0.68,-0.87
15:16:7:649,5.86,0.97,0.19
15:16:7:685,3.67,0.11,1.10
15:16:7:703,3.24,-0.75,0.41
15:16:7:721,4.76,-0.19,0.16
15:16:7:739,4.61,0.06,-0.63
15:16:7:739,4.17,0.01,-0.44
15:16:7:739,3.61,-0.14,-0.49
15:16:7:847,2.76,0.32,-0.56
15:16:7:848,2.47,0.75,-0.86
15:16:7:848,3.12,0.83,-0.53
15:16:7:866,3.63,0.33,-0.39
15:16:7:866,3.71,0.14,-0.66
15:16:7:919,3.27,0.12,-0.61
15:16:7:919,2.98,0.50,-0.62
15:16:8:9,3.33,1.29,-0.80
15:16:8:27,4.04,1.18,-1.19
15:16:8:45,4.42,0.58,-1.59
15:16:8:65,4.14,-0.58,-1.30
15:16:8:82,4.25,-0.39,-0.97
15:16:8:118,5.34,-0.24,0.74
15:16:8:211,6.16,-0.90,0.75
15:16:8:211,3.97,0.41,0.76
15:16:8:228,3.75,1.30,0.29
15:16:8:228,4.61,1.41,-0.09
15:16:8:264,5.08,0.86,-0.69
15:16:8:300,4.19,0.24,-0.73
15:16:8:300,3.25,-0.47,-0.47
15:16:8:336,2.85,-0.26,-0.60
15:16:8:406,3.46,0.34,-0.31
15:16:8:407,3.35,0.41,-1.21
15:16:8:407,2.63,0.22,-0.64
15:16:8:424,3.16,-0.35,-0.75
15:16:8:425,3.77,-0.56,-0.99
15:16:8:460,3.63,-0.22,-1.30
15:16:8:478,3.17,0.08,-1.40
15:16:8:478,3.64,0.59,-1.25
15:16:8:478,3.46,1.04,-2.03
15:16:8:552,3.86,0.83,-1.77
15:16:8:588,5.67,0.70,-0.79
15:16:8:606,6.01,1.03,0.38
15:16:8:624,4.52,0.86,1.19
15:16:8:645,3.45,-0.28,0.45
15:16:8:663,4.48,-0.38,0.41
15:16:8:663,4.70,-0.21,-0.44
15:16:8:715,4.80,0.04,-0.51
15:16:8:752,4.52,-0.06,-1.02
15:16:8:770,3.28,0.39,-0.52
15:16:8:806,2.68,1.05,-0.42
15:16:8:806,3.27,0.99,-0.51
15:16:8:825,3.74,0.36,-0.21
15:16:8:825,3.10,-0.15,-0.29
15:16:8:843,2.90,-0.07,-0.59
15:16:8:904,3.16,0.25,-0.90
15:16:8:904,3.49,1.02,-0.63
15:16:8:922,2.92,0.90,-0.97
15:16:8:940,3.32,0.21,-0.66
15:16:8:994,4.19,-0.25,-1.15
15:16:9:10,5.17,-0.41,-1.17
15:16:9:12,6.81,-0.74,0.36
15:16:9:29,4.52,-0.04,0.56
15:16:9:118,3.23,1.42,0.48
15:16:9:135,4.34,0.88,0.17
15:16:9:153,5.26,0.14,0.16
15:16:9:170,5.13,0.05,-0.26
15:16:9:188,3.74,-0.26,-0.19
15:16:9:188,3.05,-0.56,0.29
15:16:9:188,3.70,-0.37,-0.31
15:16:9:207,4.08,0.00,-0.30
15:16:9:207,3.68,0.13,-0.44
15:16:9:278,3.38,-0.11,-0.40
15:16:9:279,3.69,-0.23,-0.68
15:16:9:298,3.74,-0.21,-0.88
15:16:9:298,3.42,-0.32,-0.62
15:16:9:316,3.41,-0.32,-0.85
15:16:9:316,4.15,-0.05,-1.02
15:16:9:333,3.86,0.02,-1.02
15:16:9:334,3.85,-0.10,-0.90
15:16:9:352,4.04,0.29,-1.06
15:16:9:353,3.76,0.73,-0.65
15:16:9:370,4.58,1.16,-0.32
15:16:9:444,5.49,1.65,-0.11
15:16:9:463,4.73,1.35,0.00
15:16:9:517,3.49,0.54,-0.14
15:16:9:535,4.15,0.55,-0.62
15:16:9:570,4.15,0.58,-0.95
15:16:9:604,3.48,0.38,-0.66
15:16:9:623,3.21,0.25,-0.53
15:16:9:641,3.54,0.36,-0.67
15:16:9:676,3.78,0.72,-0.68
15:16:9:711,3.62,1.00,-0.63
15:16:9:728,3.54,1.17,-0.59
15:16:9:887,3.53,1.04,-0.56
15:16:9:905,3.88,0.76,-0.52
15:16:9:922,3.90,0.59,-0.65
15:16:9:940,3.80,0.56,-0.79
15:16:9:994,3.90,0.78,-0.81
15:16:10:12,3.81,1.21,-0.55
15:16:10:12,3.65,1.47,-0.47
15:16:10:64,3.63,1.39,-0.25
15:16:10:100,4.07,0.98,-0.24
15:16:10:189,4.46,0.78,-0.12
15:16:10:207,4.04,0.73,0.02
15:16:10:263,3.54,0.90,-0.07
15:16:10:263,3.86,0.75,0.03
15:16:10:263,4.00,0.41,-0.17
15:16:10:371,3.84,0.21,-0.15
15:16:10:389,4.00,0.07,-0.13
15:16:10:425,4.09,0.10,-0.65
15:16:10:460,4.33,0.20,-0.42
15:16:10:533,4.52,0.27,-0.61
15:16:10:533,3.98,0.43,-0.53
15:16:10:586,3.67,0.43,-0.30
15:16:10:677,3.67,0.18,-0.45
15:16:10:731,3.52,0.04,-0.29
15:16:10:768,3.74,0.08,-0.37
15:16:10:802,3.65,0.21,-0.35
15:16:10:803,3.76,0.61,-0.42
15:16:10:908,4.69,0.86,-0.09
15:16:10:908,4.61,1.37,-0.32
15:16:10:908,3.96,0.75,-0.43
15:16:10:942,3.93,0.21,-0.42
15:16:10:978,4.03,-0.04,-0.59
15:16:10:996,3.76,0.35,-0.59
15:16:11:153,4.01,0.70,-0.50
15:16:11:153,3.94,0.70,-0.54
15:16:11:153,3.76,0.57,-0.44
15:16:11:153,3.67,0.56,-0.40
15:16:11:153,3.66,0.54,-0.42
15:16:11:153,3.88,0.51,-0.38
15:16:11:187,4.00,0.48,-0.34
15:16:11:277,4.04,0.46,-0.14
15:16:11:277,3.96,0.45,-0.17
15:16:11:456,3.80,0.49,-0.29
15:16:11:456,3.91,0.47,-0.25
15:16:11:507,3.95,0.43,-0.29
15:16:11:507,3.81,0.42,-0.36
15:16:11:507,3.95,0.28,-0.43
15:16:11:689,3.95,0.27,-0.55
15:16:11:689,4.09,0.30,-0.54
15:16:11:689,3.94,0.22,-0.51
15:16:11:689,3.82,0.24,-0.58
15:16:11:738,3.89,0.25,-0.50
15:16:11:862,3.91,0.26,-0.45
15:16:11:937,3.97,0.25,-0.45
15:16:12:28,3.90,0.19,-0.47
15:16:12:64,3.84,0.14,-0.46
15:16:12:136,3.87,0.18,-0.42
15:16:12:225,3.99,0.17,-0.40
15:16:12:225,3.96,0.15,-0.47
15:16:12:225,3.92,0.15,-0.47
15:16:12:225,3.91,0.25,-0.49
15:16:12:261,3.92,0.23,-0.40
15:16:12:365,3.91,0.13,-0.37
15:16:12:458,3.89,0.10,-0.36
15:16:12:757,3.92,0.15,-0.41
15:16:12:757,3.93,0.23,-0.41
15:16:12:884,3.94,0.28,-0.47
15:16:12:884,3.96,0.26,-0.48
15:16:12:884,3.95,0.20,-0.46
15:16:12:884,3.91,0.22,-0.44
15:16:12:884,3.96,0.25,-0.38
15:16:12:920,3.91,0.25,-0.40
15:16:13:80,3.90,0.26,-0.40
15:16:13:136,3.94,0.26,-0.38
15:16:13:136,3.96,0.23,-0.43
15:16:13:152,3.93,0.22,-0.44
15:16:13:152,3.94,0.19,-0.49
15:16:13:152,3.91,0.19,-0.37
15:16:13:152,3.93,0.27,-0.37
15:16:13:152,3.97,0.24,-0.39
15:16:13:152,3.96,0.24,-0.41
15:16:13:152,3.91,0.23,-0.38
15:16:13:172,3.92,0.28,-0.34
15:16:13:172,3.90,0.33,-0.40
15:16:13:172,3.90,0.32,-0.42
15:16:13:243,3.94,0.28,-0.44
15:16:13:243,3.98,0.25,-0.44
15:16:13:243,3.95,0.25,-0.45
15:16:13:243,3.93,0.30,-0.45
15:16:13:243,3.90,0.31,-0.38
15:16:13:243,3.92,0.22,-0.37
15:16:13:243,3.95,0.22,-0.40
