18:28:55:599,3.40,1.49,1.04
18:28:55:599,3.40,1.48,1.06
18:28:55:615,3.40,1.47,1.06
18:28:55:677,3.42,1.48,1.06
18:28:55:693,3.43,1.46,1.05
18:28:55:709,3.42,1.47,1.07
18:28:55:724,3.44,1.49,1.04
18:28:55:740,3.45,1.50,1.07
18:28:55:755,3.43,1.46,1.04
18:28:55:823,3.44,1.43,1.02
18:28:55:840,3.43,1.43,1.05
18:28:55:855,3.43,1.44,1.04
18:28:55:871,3.41,1.42,1.01
18:28:55:902,3.40,1.45,1.00
18:28:55:902,3.40,1.47,1.07
18:28:55:918,3.43,1.47,1.05
18:28:55:951,3.44,1.50,1.06
18:28:56:13,3.44,1.50,1.06
18:28:56:64,3.44,1.50,1.06
18:28:56:97,3.42,1.49,1.04
18:28:56:113,3.42,1.48,1.08
18:28:56:134,3.42,1.47,1.08
18:28:56:141,3.42,1.46,1.04
18:28:56:150,3.42,1.47,1.05
18:28:56:163,3.42,1.48,1.03
18:28:56:249,3.44,1.50,1.02
18:28:56:272,3.43,1.48,1.03
18:28:56:285,3.44,1.47,1.01
18:28:56:310,3.42,1.45,1.02
18:28:56:324,3.42,1.46,1.02
18:28:56:348,3.42,1.45,1.03
18:28:56:424,3.41,1.44,1.04
18:28:56:498,3.41,1.45,1.04
18:28:56:508,3.42,1.48,1.04
18:28:56:518,3.42,1.48,1.01
18:28:56:550,3.44,1.48,1.02
18:28:56:649,3.42,1.47,1.02
18:28:56:656,3.43,1.46,1.02
18:28:56:663,3.44,1.46,1.05
18:28:56:680,3.44,1.46,1.06
18:28:56:686,3.43,1.45,1.00
18:28:56:701,3.41,1.47,1.03
18:28:56:710,3.44,1.45,1.02
18:28:56:792,3.42,1.45,1.03
18:28:56:802,3.42,1.45,1.05
18:28:56:831,3.44,1.42,1.04
18:28:56:847,3.42,1.42,1.03
18:28:56:891,3.44,1.42,1.01
18:28:56:891,3.45,1.44,1.04
18:28:56:916,3.44,1.45,1.02
18:28:56:965,3.44,1.46,1.03
18:28:56:980,3.43,1.46,1.02
18:28:56:994,3.42,1.46,1.01
18:28:57:40,3.43,1.48,1.05
18:28:57:81,3.42,1.48,1.05
18:28:57:146,3.41,1.49,1.03
18:28:57:154,3.39,1.49,1.08
18:28:57:172,3.40,1.50,1.06
18:28:57:179,3.40,1.47,1.07
18:28:57:214,3.41,1.47,1.05
18:28:57:224,3.41,1.47,1.08
18:28:57:231,3.38,1.49,1.06
18:28:57:304,3.41,1.50,1.04
18:28:57:326,3.41,1.50,1.05
18:28:57:351,3.43,1.47,1.04
18:28:57:368,3.41,1.47,1.04
18:28:57:375,3.43,1.46,1.04
18:28:57:376,3.42,1.43,1.05
18:28:57:383,3.41,1.40,1.04
18:28:57:392,3.42,1.45,1.06
18:28:57:451,3.41,1.46,1.06
18:28:57:476,3.40,1.47,1.04
18:28:57:498,3.43,1.46,1.07
18:28:57:523,3.43,1.47,1.07
18:28:57:555,3.41,1.49,1.08
18:28:57:564,3.43,1.48,1.05
18:28:57:574,3.42,1.47,1.06
18:28:57:593,3.44,1.48,1.04
18:28:57:600,3.42,1.46,1.08
18:28:57:633,3.43,1.47,1.03
18:28:57:740,3.43,1.46,1.07
18:28:57:754,3.42,1.46,1.06
18:28:57:761,3.43,1.45,1.07
18:28:57:771,3.42,1.46,1.03
18:28:57:837,3.42,1.48,1.04
18:28:57:888,3.42,1.44,1.04
18:28:57:897,3.42,1.46,1.05
18:28:57:905,3.42,1.48,1.04
18:28:57:920,3.42,1.46,1.06
18:28:57:968,3.39,1.47,1.09
18:28:58:25,3.39,1.46,1.07
18:28:58:35,3.39,1.46,1.12
18:28:58:59,3.38,1.52,1.09
18:28:58:59,3.41,1.53,1.06
18:28:58:59,3.41,1.53,1.03
18:28:58:80,3.41,1.55,1.09
18:28:58:105,3.40,1.56,1.11
18:28:58:109,3.41,1.48,1.07
18:28:58:134,3.40,1.46,1.08
18:28:58:224,3.40,1.46,1.04
18:28:58:234,3.43,1.47,1.05
18:28:58:244,3.39,1.46,1.05
18:28:58:259,3.41,1.46,1.04
18:28:58:269,3.42,1.45,1.06
18:28:58:299,3.40,1.46,1.06
18:28:58:359,3.40,1.48,1.08
18:28:58:403,3.42,1.48,1.05
18:28:58:439,3.43,1.45,1.06
18:28:58:449,3.40,1.45,1.05
18:28:58:459,3.41,1.47,1.07
18:28:58:470,3.38,1.47,1.09
18:28:58:534,3.39,1.47,1.08
18:28:58:610,3.39,1.49,1.08
18:28:58:610,3.35,1.48,1.12
18:28:58:626,3.40,1.53,1.11
18:28:58:641,3.37,1.54,1.15
18:28:58:675,3.30,1.52,1.14
18:28:58:726,3.30,1.50,1.12
18:28:58:773,3.30,1.52,1.18
18:28:58:805,3.34,1.44,1.20
18:28:58:805,3.39,1.41,1.23
18:28:58:805,3.40,1.32,1.24
18:28:58:821,3.35,1.31,1.19
18:28:58:838,3.33,1.29,1.23
18:28:58:854,3.35,1.34,1.22
18:28:58:982,3.35,1.46,1.19
18:28:58:997,3.30,1.60,1.15
18:28:58:997,3.20,1.64,1.18
18:28:59:13,3.06,1.62,1.24
18:28:59:30,2.84,1.57,1.18
18:28:59:30,3.05,1.70,1.07
18:28:59:30,3.49,2.06,1.24
18:28:59:31,3.69,2.21,1.40
18:28:59:103,3.71,2.23,1.32
18:28:59:121,3.55,2.18,1.23
18:28:59:121,3.27,2.07,1.11
18:28:59:121,3.04,2.09,1.11
18:28:59:122,2.93,2.05,1.10
18:28:59:242,2.87,2.06,1.09
18:28:59:313,2.94,2.01,1.14
18:28:59:330,3.02,1.92,1.16
18:28:59:349,3.08,1.86,1.14
18:28:59:349,3.12,1.79,1.15
18:28:59:349,3.13,1.82,1.19
18:28:59:349,3.10,1.82,1.14
18:28:59:349,3.08,1.76,1.19
18:28:59:349,3.08,1.72,1.10
18:28:59:367,3.16,1.88,1.03
18:28:59:384,3.23,2.00,1.04
18:28:59:403,3.34,1.94,1.10
18:28:59:457,3.42,1.83,1.13
18:28:59:457,3.63,1.73,0.99
18:28:59:492,3.88,1.71,0.98
18:28:59:511,4.26,1.73,1.00
18:28:59:511,4.35,1.69,1.08
18:28:59:511,4.25,1.53,0.96
18:28:59:529,3.91,1.46,0.86
18:28:59:529,3.77,1.44,1.07
18:28:59:529,3.35,1.30,1.04
18:28:59:529,3.08,1.17,0.90
18:28:59:529,3.33,1.04,0.87
18:28:59:565,3.59,0.88,0.89
18:28:59:565,3.84,0.76,0.97
18:28:59:599,3.84,0.79,1.06
18:28:59:640,3.44,0.75,1.07
18:28:59:657,2.98,0.89,0.98
18:28:59:675,2.63,0.90,0.87
18:28:59:693,2.56,0.82,0.92
18:28:59:711,2.84,0.88,0.92
18:28:59:749,3.00,0.77,0.81
18:28:59:838,3.22,0.80,0.87
18:28:59:894,3.44,1.00,1.00
18:28:59:894,3.51,1.16,1.08
18:28:59:930,3.42,1.27,1.02
18:29:0:10,3.29,1.20,1.09
18:29:0:28,3.18,1.15,1.15
18:29:0:44,3.26,1.17,1.22
18:29:0:47,3.67,1.41,1.36
18:29:0:65,4.08,1.69,1.49
18:29:0:99,4.28,1.88,1.59
18:29:0:152,4.12,1.82,1.59
18:29:0:188,3.93,1.78,1.55
18:29:0:188,4.63,2.41,1.86
18:29:0:206,4.56,2.61,2.20
18:29:0:206,3.84,2.21,1.79
18:29:0:206,3.21,1.59,1.21
18:29:0:258,3.17,1.28,1.02
18:29:0:258,3.58,1.20,1.20
18:29:0:276,4.15,1.55,1.39
18:29:0:276,4.56,1.64,1.36
18:29:0:276,4.31,1.47,1.05
18:29:0:293,3.76,1.21,0.81
18:29:0:295,3.39,1.03,0.60
18:29:0:367,3.29,1.09,0.57
18:29:0:423,3.25,1.20,0.49
18:29:0:423,3.20,1.17,0.48
18:29:0:441,3.22,1.32,0.47
18:29:0:459,3.10,1.29,0.50
18:29:0:477,2.97,1.33,0.46
18:29:0:531,2.83,1.26,0.42
18:29:0:549,2.68,1.27,0.52
18:29:0:549,2.68,1.29,0.63
18:29:0:566,2.86,1.25,0.63
18:29:0:584,3.21,1.26,0.75
18:29:0:602,3.56,1.26,0.98
18:29:0:744,3.77,1.28,1.17
18:29:0:763,3.81,1.21,1.21
18:29:0:833,4.10,1.02,1.10
18:29:0:868,5.16,0.83,1.05
18:29:0:904,5.29,1.04,1.21
18:29:0:922,3.70,0.84,0.98
18:29:0:972,3.02,0.99,0.86
18:29:0:993,3.55,1.32,0.98
18:29:1:30,4.50,1.97,1.50
18:29:1:118,4.72,2.08,1.56
18:29:1:120,4.01,1.55,1.22
18:29:1:173,3.18,1.05,1.09
18:29:1:190,2.63,0.73,0.99
18:29:1:190,2.55,0.87,0.74
18:29:1:190,2.67,1.28,0.89
18:29:1:244,2.90,1.75,0.80
18:29:1:244,3.17,2.03,1.00
18:29:1:244,3.21,2.25,1.19
18:29:1:262,3.07,2.00,1.39
18:29:1:262,2.94,1.55,1.31
18:29:1:280,2.98,1.44,1.24
18:29:1:280,3.26,1.61,1.41
18:29:1:318,3.56,1.83,1.51
18:29:1:339,4.08,2.07,1.66
18:29:1:410,4.25,1.99,1.79
18:29:1:410,4.01,1.83,1.81
18:29:1:427,3.71,1.76,1.67
18:29:1:461,4.28,2.11,1.75
18:29:1:461,4.62,2.49,2.23
18:29:1:463,4.51,2.34,2.04
18:29:1:463,3.91,1.86,1.48
18:29:1:463,3.92,1.64,1.11
18:29:1:481,4.13,1.61,1.17
18:29:1:516,4.52,1.76,1.24
18:29:1:516,4.73,1.70,1.12
18:29:1:535,4.28,1.42,0.83
18:29:1:553,3.68,1.09,0.61
18:29:1:553,3.21,1.08,0.44
18:29:1:639,3.06,1.06,0.34
18:29:1:655,3.06,1.21,0.31
18:29:1:671,2.99,1.31,0.38
18:29:1:707,2.96,1.39,0.45
18:29:1:726,2.87,1.37,0.35
18:29:1:726,2.83,1.20,0.29
18:29:1:726,2.74,1.22,0.40
18:29:1:817,2.69,1.21,0.48
18:29:1:869,2.75,1.16,0.51
18:29:1:870,3.04,1.07,0.53
18:29:1:887,3.28,1.09,0.67
18:29:1:908,3.37,1.11,0.82
18:29:1:925,3.53,1.11,0.98
18:29:1:943,3.83,1.09,0.97
18:29:1:979,4.46,1.05,0.94
18:29:2:30,5.34,1.31,1.19
18:29:2:50,4.47,1.65,1.61
18:29:2:50,2.87,1.23,1.34
18:29:2:68,3.23,1.27,1.29
18:29:2:86,3.87,1.34,1.49
18:29:2:86,4.72,1.66,2.02
18:29:2:86,4.71,1.82,2.25
18:29:2:86,3.96,1.29,1.69
18:29:2:104,3.22,1.18,1.51
18:29:2:104,2.72,1.21,1.37
18:29:2:122,2.63,1.43,1.12
18:29:2:176,2.64,1.92,0.78
18:29:2:176,2.80,2.15,0.87
18:29:2:193,2.88,2.32,0.92
18:29:2:211,2.93,2.14,1.09
18:29:2:247,2.89,1.85,1.16
18:29:2:268,2.88,1.74,1.30
18:29:2:268,3.07,1.70,1.24
18:29:2:322,3.37,1.86,1.30
18:29:2:357,3.71,1.98,1.46
18:29:2:393,3.82,1.91,1.57
18:29:2:410,3.78,1.84,1.56
18:29:2:410,3.71,1.83,1.50
18:29:2:428,3.98,1.95,1.45
18:29:2:446,4.68,2.46,1.95
18:29:2:446,4.34,2.65,2.21
18:29:2:464,3.78,2.44,1.88
18:29:2:483,3.80,2.05,1.32
18:29:2:554,4.26,1.93,1.24
18:29:2:573,4.64,1.89,1.37
18:29:2:593,4.65,1.67,1.30
18:29:2:611,4.21,1.30,1.00
18:29:2:611,3.59,0.87,0.66
18:29:2:611,3.19,0.84,0.50
18:29:2:719,3.10,0.89,0.40
18:29:2:792,3.21,1.12,0.45
18:29:2:792,3.34,1.35,0.57
18:29:2:879,3.21,1.39,0.62
18:29:2:881,2.97,1.37,0.63
18:29:2:899,2.74,1.24,0.52
18:29:2:899,2.50,1.15,0.32
18:29:3:25,2.31,1.07,0.34
18:29:3:61,2.34,1.08,0.56
18:29:3:79,2.52,1.04,0.67
18:29:3:79,2.99,1.00,0.79
18:29:3:169,3.38,1.09,0.96
18:29:3:169,3.66,1.11,1.06
18:29:3:186,3.90,1.15,1.24
18:29:3:257,4.75,1.09,1.12
18:29:3:293,5.56,1.34,1.06
18:29:3:293,4.36,1.52,1.35
18:29:3:293,2.97,1.42,1.32
18:29:3:309,3.29,1.67,1.21
18:29:3:328,4.31,1.91,1.36
18:29:3:328,4.80,1.98,1.47
18:29:3:345,4.50,1.92,1.46
18:29:3:345,3.72,1.15,1.25
18:29:3:345,3.02,0.68,1.18
18:29:3:345,2.83,0.91,1.25
18:29:3:416,2.68,1.29,1.32
18:29:3:416,2.66,1.51,1.13
18:29:3:434,2.72,1.82,1.16
18:29:3:434,2.84,1.87,1.17
18:29:3:452,2.94,1.74,1.31
18:29:3:452,2.99,1.70,1.38
18:29:3:488,3.03,1.42,1.40
18:29:3:524,3.21,1.53,1.45
18:29:3:524,3.37,1.75,1.62
18:29:3:560,3.66,1.89,1.60
18:29:3:560,3.96,1.93,1.73
18:29:3:596,4.06,1.81,1.82
18:29:3:613,4.10,1.69,1.86
18:29:3:615,4.26,1.62,1.79
18:29:3:615,4.72,1.93,2.01
18:29:3:633,4.50,2.00,2.06
18:29:3:684,3.90,1.73,1.74
18:29:3:684,3.56,1.49,1.24
18:29:3:703,3.92,1.48,1.10
18:29:3:703,4.37,1.55,1.19
18:29:3:773,4.53,1.53,1.14
18:29:3:827,4.30,1.41,0.97
18:29:3:827,3.71,1.17,0.79
18:29:3:880,3.29,1.23,0.56
18:29:3:896,3.15,1.26,0.37
18:29:3:949,3.18,1.35,0.37
18:29:3:967,3.14,1.40,0.50
18:29:3:986,3.09,1.47,0.53
18:29:4:145,2.96,1.26,0.46
18:29:4:161,2.82,1.30,0.37
18:29:4:179,2.69,1.35,0.38
18:29:4:250,2.58,1.35,0.49
18:29:4:321,2.58,1.32,0.51
18:29:4:339,2.56,1.25,0.54
18:29:4:372,2.68,1.31,0.69
18:29:4:389,2.78,1.42,0.79
18:29:4:460,3.16,1.43,0.89
18:29:4:498,3.49,1.40,1.07
18:29:4:498,3.88,1.31,1.17
18:29:4:515,4.65,1.19,1.05
18:29:4:515,5.24,1.41,1.27
18:29:4:548,4.55,1.72,1.68
18:29:4:567,3.11,1.72,1.66
18:29:4:567,2.91,1.76,1.52
18:29:4:567,3.69,1.60,1.47
18:29:4:567,4.54,1.67,1.58
18:29:4:567,4.75,1.66,1.61
18:29:4:693,4.22,1.12,1.50
18:29:4:693,3.36,0.92,1.42
18:29:4:693,2.89,0.91,1.30
18:29:4:710,2.66,1.29,1.21
18:29:4:710,2.58,1.75,1.16
18:29:4:728,2.62,2.10,1.12
18:29:4:728,2.80,2.19,1.27
18:29:4:746,2.94,1.99,1.44
18:29:4:762,3.08,1.70,1.48
18:29:4:781,3.12,1.45,1.45
18:29:4:886,3.17,1.36,1.45
18:29:4:886,3.37,1.53,1.60
18:29:4:886,3.41,1.61,1.56
18:29:4:886,3.46,1.74,1.51
18:29:4:955,3.74,1.46,1.55
18:29:4:973,3.66,1.64,1.60
18:29:4:973,3.53,1.56,1.52
18:29:4:973,3.31,1.79,1.54
18:29:5:79,3.49,1.86,1.54
18:29:5:79,4.07,2.13,1.69
18:29:5:115,4.08,2.34,1.83
18:29:5:115,4.12,2.49,1.80
18:29:5:131,3.63,2.25,1.47
18:29:5:131,3.69,1.99,0.93
18:29:5:186,4.14,1.36,0.72
18:29:5:276,4.27,1.61,0.74
18:29:5:347,4.30,1.61,0.69
18:29:5:404,3.92,1.51,0.60
18:29:5:404,3.37,1.47,0.42
18:29:5:404,3.04,1.52,0.44
18:29:5:422,2.93,1.57,0.35
18:29:5:422,2.96,1.81,0.23
18:29:5:422,2.95,1.99,0.15
18:29:5:440,3.01,2.14,0.27
18:29:5:531,3.14,2.17,0.24
18:29:5:673,3.32,1.98,0.23
18:29:5:815,3.53,1.87,0.21
18:29:5:815,3.71,1.77,0.22
18:29:5:815,3.75,1.71,0.23
18:29:5:868,3.68,1.62,0.18
18:29:5:957,3.56,1.59,0.22
18:29:6:25,3.53,1.72,0.31
18:29:6:25,3.77,1.89,0.45
18:29:6:25,3.92,1.93,0.54
18:29:6:45,4.18,1.92,0.59
18:29:6:45,4.71,1.93,0.72
18:29:6:45,3.89,1.93,1.04
18:29:6:115,3.05,1.79,1.19
18:29:6:115,2.82,1.55,1.05
18:29:6:168,3.09,1.14,0.79
18:29:6:185,3.51,1.00,0.76
18:29:6:185,3.67,1.06,0.98
18:29:6:220,3.53,1.17,1.27
18:29:6:237,3.19,1.26,1.37
18:29:6:307,2.95,1.36,1.39
18:29:6:361,2.89,1.42,1.42
18:29:6:361,3.07,1.42,1.37
18:29:6:361,3.19,1.39,1.37
18:29:6:361,3.29,1.40,1.29
18:29:6:361,3.30,1.29,1.28
18:29:6:361,3.43,1.23,1.30
18:29:6:361,3.46,1.35,1.37
18:29:6:361,3.47,1.42,1.38
18:29:6:379,3.49,1.48,1.35
18:29:6:379,3.47,1.50,1.29
18:29:6:379,3.54,1.55,1.17
18:29:6:379,3.61,1.49,1.12
18:29:6:379,3.70,1.46,1.04
18:29:6:379,3.73,1.49,1.03
18:29:6:379,3.60,1.44,1.02
18:29:6:396,3.45,1.39,0.88
18:29:6:413,3.39,1.35,0.73
18:29:6:413,3.42,1.30,0.58
18:29:6:536,3.60,1.37,0.63
18:29:6:536,3.77,1.48,0.77
18:29:6:536,3.57,1.63,0.89
18:29:6:573,3.36,1.65,0.88
18:29:6:573,3.30,1.67,0.80
18:29:6:695,3.45,1.64,0.71
18:29:6:729,3.66,1.46,0.64
18:29:6:729,3.78,1.37,0.54
18:29:6:729,3.74,1.31,0.55
18:29:6:747,3.67,1.45,0.54
18:29:6:747,3.49,1.56,0.60
18:29:6:767,3.43,1.83,0.64
18:29:6:839,3.43,2.03,0.68
18:29:6:913,3.52,2.17,0.70
18:29:7:19,3.56,2.03,0.70
18:29:7:19,3.58,1.88,0.70
18:29:7:19,3.63,1.68,0.71
18:29:7:93,3.67,1.57,0.74
18:29:7:93,3.76,1.54,0.81
18:29:7:110,3.81,1.56,0.79
18:29:7:128,3.80,1.54,0.81
18:29:7:252,3.58,1.55,0.88
18:29:7:252,3.43,1.46,0.97
18:29:7:252,3.30,1.25,1.02
18:29:7:252,3.21,1.16,1.08
18:29:7:252,3.15,1.08,1.21
18:29:7:285,3.23,1.03,1.22
18:29:7:285,3.41,0.92,1.10
18:29:7:500,3.75,0.93,1.12
18:29:7:500,4.07,1.09,1.32
18:29:7:500,4.02,1.22,1.56
18:29:7:500,3.78,1.22,1.61
18:29:7:554,3.48,1.11,1.56
18:29:7:572,3.24,1.07,1.46
18:29:7:572,3.14,1.10,1.45
18:29:7:589,3.12,1.04,1.38
18:29:7:645,3.19,1.08,1.41
18:29:7:698,3.19,1.17,1.37
18:29:7:734,3.22,1.33,1.33
18:29:7:734,3.49,1.51,1.34
18:29:7:750,3.61,1.62,1.46
18:29:7:750,3.18,1.43,1.33
18:29:7:821,3.22,1.26,1.13
18:29:7:969,3.35,1.28,1.21
18:29:7:969,3.31,1.33,1.23
18:29:7:969,3.34,1.44,1.19
18:29:7:969,3.31,1.46,1.17
18:29:8:22,3.42,1.38,1.15
18:29:8:22,3.48,1.33,1.14
18:29:8:22,3.50,1.29,1.08
18:29:8:40,3.47,1.29,1.08
18:29:8:94,3.45,1.31,1.02
18:29:8:146,3.42,1.27,0.99
18:29:8:146,3.36,1.29,1.05
18:29:8:181,3.29,1.29,1.15
18:29:8:181,3.22,1.29,1.11
18:29:8:181,3.21,1.32,1.10
18:29:8:317,3.25,1.37,1.08
18:29:8:317,3.31,1.47,1.16
18:29:8:317,3.43,1.52,1.26
18:29:8:317,3.47,1.53,1.26
18:29:8:317,3.51,1.53,1.29
18:29:8:317,3.53,1.47,1.25
18:29:8:317,3.54,1.46,1.27
18:29:8:317,3.51,1.47,1.31
18:29:8:387,3.47,1.45,1.29
18:29:8:387,3.44,1.44,1.28
18:29:8:387,3.39,1.41,1.25
18:29:8:387,3.37,1.44,1.22
18:29:8:387,3.35,1.43,1.15
18:29:8:444,3.34,1.44,1.10
18:29:8:462,3.33,1.47,1.08
18:29:8:462,3.37,1.50,1.06
18:29:8:515,3.37,1.51,1.02
18:29:8:515,3.38,1.52,1.01
18:29:8:515,3.34,1.52,1.01
18:29:8:567,3.35,1.51,1.00
18:29:8:653,3.34,1.55,1.05
18:29:8:653,3.33,1.56,1.10
18:29:8:653,3.34,1.54,1.14
18:29:8:673,3.34,1.52,1.14
18:29:8:673,3.33,1.44,1.15
18:29:8:673,3.33,1.53,1.20
18:29:8:673,3.34,1.56,1.18
18:29:8:673,3.37,1.57,1.18
18:29:8:673,3.38,1.57,1.18
18:29:8:673,3.37,1.58,1.18
18:29:8:742,3.38,1.56,1.18
18:29:8:742,3.36,1.55,1.17
18:29:8:815,3.39,1.54,1.17
18:29:8:867,3.39,1.52,1.14
18:29:8:884,3.40,1.51,1.15
18:29:8:884,3.38,1.53,1.15
18:29:8:884,3.36,1.47,1.10
18:29:8:902,3.36,1.50,1.12
18:29:8:936,3.34,1.54,1.14
18:29:8:936,3.33,1.53,1.12
18:29:8:936,3.39,1.50,1.12
18:29:8:936,3.39,1.51,1.13
18:29:8:937,3.37,1.52,1.15
18:29:8:937,3.36,1.51,1.17
18:29:9:10,3.35,1.54,1.14
18:29:9:10,3.34,1.57,1.14
18:29:9:10,3.37,1.57,1.16
18:29:9:28,3.36,1.54,1.15
18:29:9:45,3.37,1.57,1.13
18:29:9:45,3.36,1.59,1.18
18:29:9:62,3.35,1.56,1.17
18:29:9:80,3.35,1.54,1.12
18:29:9:80,3.33,1.54,1.16
18:29:9:80,3.31,1.55,1.18
18:29:9:134,3.34,1.54,1.17
18:29:9:134,3.35,1.55,1.13
18:29:9:134,3.38,1.50,1.12
18:29:9:169,3.38,1.51,1.16
18:29:9:186,3.37,1.51,1.06
18:29:9:204,3.32,1.46,1.10
18:29:9:204,3.31,1.45,1.15
18:29:9:291,3.32,1.48,1.13
18:29:9:291,3.31,1.48,1.13
18:29:9:291,3.33,1.50,1.10
18:29:9:291,3.36,1.51,1.18
18:29:9:342,3.36,1.50,1.19
18:29:9:342,3.28,1.49,1.12
18:29:9:395,3.04,1.53,1.08
18:29:9:395,2.85,1.61,0.95
18:29:9:413,3.03,1.60,0.94
18:29:9:413,3.31,1.96,1.18
18:29:9:431,3.48,2.20,1.34
18:29:9:449,3.58,2.36,1.33
18:29:9:449,3.40,2.32,1.29
18:29:9:466,3.16,2.14,1.23
18:29:9:503,3.05,2.10,1.21
18:29:9:538,3.11,2.19,1.23
18:29:9:556,3.18,2.21,1.23
18:29:9:556,3.22,2.39,1.29
18:29:9:556,3.22,2.50,1.27
18:29:9:610,3.20,2.47,1.19
18:29:9:610,3.12,2.39,1.18
18:29:9:626,3.00,2.36,1.17
18:29:9:626,2.96,2.32,1.15
18:29:9:626,2.86,2.29,1.07
18:29:9:644,2.79,2.26,1.07
18:29:9:644,2.74,2.16,1.02
18:29:9:644,2.82,2.15,1.01
18:29:9:660,2.92,2.14,1.03
18:29:9:663,3.01,2.09,1.06
18:29:9:681,3.22,1.97,0.95
18:29:9:733,3.51,1.84,0.91
18:29:9:751,3.98,1.72,0.87
18:29:9:751,4.48,1.77,0.90
18:29:9:786,4.24,1.74,0.98
18:29:9:837,3.83,1.45,0.87
18:29:9:855,3.62,1.21,0.93
18:29:9:942,3.63,1.18,1.07
18:29:10:10,3.35,1.05,0.93
18:29:10:82,3.37,0.60,0.60
18:29:10:100,3.66,0.34,0.52
18:29:10:135,3.95,0.26,0.70
18:29:10:152,4.22,0.70,0.95
18:29:10:171,3.88,1.01,1.11
18:29:10:188,3.21,0.85,0.97
18:29:10:205,2.80,0.92,0.84
18:29:10:259,2.65,1.16,0.90
18:29:10:311,2.71,1.25,0.95
18:29:10:311,2.96,1.43,0.93
18:29:10:311,3.19,1.38,0.91
18:29:10:311,3.37,1.50,1.04
18:29:10:311,3.34,1.53,1.16
18:29:10:327,3.28,1.59,1.20
18:29:10:346,3.27,1.68,1.33
18:29:10:346,3.47,1.88,1.51
18:29:10:362,3.82,2.05,1.64
18:29:10:385,4.16,2.05,1.66
18:29:10:385,4.24,1.89,1.69
18:29:10:403,4.07,1.65,1.69
18:29:10:457,3.98,1.68,1.66
18:29:10:493,4.75,2.28,2.03
18:29:10:528,4.45,2.36,2.21
18:29:10:546,3.81,2.05,1.74
18:29:10:547,3.23,1.55,1.20
18:29:10:565,3.39,1.36,1.08
18:29:10:583,3.86,1.49,1.28
18:29:10:637,4.33,1.64,1.31
18:29:10:655,4.40,1.52,1.13
18:29:10:655,4.03,1.23,0.81
18:29:10:690,3.57,1.12,0.64
18:29:10:690,3.38,1.10,0.57
18:29:10:707,3.41,1.25,0.51
18:29:10:743,3.51,1.38,0.56
18:29:10:761,3.56,1.46,0.59
18:29:10:796,3.44,1.20,0.62
18:29:10:796,3.34,1.20,0.52
18:29:10:814,3.10,1.22,0.45
18:29:10:832,2.96,1.16,0.49
18:29:10:833,2.75,1.24,0.57
18:29:10:866,2.62,1.25,0.63
18:29:10:883,2.77,1.22,0.63
18:29:10:901,2.98,1.22,0.71
18:29:10:919,3.24,1.24,0.85
18:29:10:919,3.37,1.23,0.97
18:29:10:992,3.60,1.32,1.11
18:29:11:7,3.85,1.34,1.32
18:29:11:24,4.68,1.23,1.13
18:29:11:76,5.18,1.33,1.20
18:29:11:161,4.28,1.50,1.43
18:29:11:162,2.72,1.19,1.30
18:29:11:180,3.04,1.04,1.18
18:29:11:252,3.82,1.02,1.11
18:29:11:270,4.66,1.44,1.24
18:29:11:270,4.52,1.45,1.24
18:29:11:306,3.77,1.14,1.05
18:29:11:360,3.10,0.82,1.06
18:29:11:377,2.74,0.87,1.14
18:29:11:377,2.69,1.13,1.21
18:29:11:394,2.69,1.60,0.93
18:29:11:429,2.86,1.74,1.05
18:29:11:449,3.18,1.90,1.12
18:29:11:449,3.33,1.75,1.31
18:29:11:449,3.29,1.68,1.44
18:29:11:537,3.19,1.56,1.39
18:29:11:537,3.17,1.58,1.44
18:29:11:553,3.40,1.75,1.54
18:29:11:553,3.83,1.88,1.77
18:29:11:554,3.98,1.94,1.90
18:29:11:572,4.02,1.87,1.91
18:29:11:572,3.94,1.93,1.90
18:29:11:590,4.02,1.97,1.78
18:29:11:609,4.88,2.39,2.08
18:29:11:644,4.63,2.30,2.16
18:29:11:662,3.96,1.98,1.73
18:29:11:717,3.23,1.66,1.17
18:29:11:734,3.57,1.73,1.08
18:29:11:788,4.08,1.95,1.31
18:29:11:788,4.27,1.90,1.33
18:29:11:805,4.14,1.80,1.16
18:29:11:805,3.81,1.45,0.96
18:29:11:805,3.44,1.23,0.77
18:29:11:841,3.13,1.07,0.67
18:29:11:912,3.01,0.96,0.53
18:29:11:912,3.06,0.97,0.49
18:29:11:912,3.05,1.07,0.57
18:29:11:930,3.05,1.16,0.60
18:29:11:930,2.89,1.28,0.55
18:29:11:947,2.72,1.35,0.58
18:29:11:948,2.70,1.33,0.68
18:29:11:967,2.61,1.25,0.64
18:29:11:967,2.92,1.16,0.57
18:29:11:983,3.36,1.11,0.67
18:29:11:986,3.77,1.18,0.93
18:29:12:56,3.90,1.09,1.12
18:29:12:74,4.02,1.02,1.11
18:29:12:90,5.00,0.95,1.01
18:29:12:92,5.36,1.18,1.13
18:29:12:109,3.76,0.99,1.10
18:29:12:127,2.90,1.09,1.04
18:29:12:127,3.54,1.38,1.19
18:29:12:145,4.45,1.72,1.51
18:29:12:182,4.57,1.69,1.38
18:29:12:183,3.96,1.27,1.10
18:29:12:200,3.30,0.75,1.06
18:29:12:255,2.87,0.74,1.19
18:29:12:255,2.67,0.66,1.18
18:29:12:255,2.75,1.11,1.00
18:29:12:291,2.92,1.49,1.18
18:29:12:308,3.07,1.92,1.29
18:29:12:344,3.15,1.76,1.43
18:29:12:396,3.19,1.84,1.44
18:29:12:432,3.17,1.77,1.61
18:29:12:449,3.27,1.77,1.76
18:29:12:449,3.45,1.86,1.84
18:29:12:486,3.70,1.91,1.84
18:29:12:504,3.86,1.95,1.92
18:29:12:558,3.91,2.02,1.98
18:29:12:595,3.87,2.02,2.01
18:29:12:595,3.69,1.92,1.84
18:29:12:630,4.30,2.18,1.83
18:29:12:666,4.52,2.46,2.32
18:29:12:700,3.84,2.07,1.97
18:29:12:700,3.76,1.92,1.41
18:29:12:735,4.35,1.89,1.31
18:29:12:770,4.78,1.87,1.36
18:29:12:770,5.06,1.82,1.29
18:29:12:804,4.81,1.52,1.12
18:29:12:806,4.25,1.12,0.92
18:29:12:825,3.67,0.95,0.67
18:29:12:825,3.38,0.97,0.46
18:29:12:843,3.14,1.02,0.33
18:29:12:877,3.11,1.23,0.46
18:29:12:878,2.93,1.29,0.43
18:29:12:896,2.75,1.38,0.32
18:29:12:932,2.62,1.25,0.25
18:29:12:983,2.44,1.23,0.26
18:29:13:4,2.33,1.21,0.41
18:29:13:4,2.31,1.18,0.46
18:29:13:37,2.43,1.07,0.43
18:29:13:55,2.85,1.16,0.56
18:29:13:73,3.29,1.23,0.78
18:29:13:73,3.58,1.32,1.05
18:29:13:126,3.90,1.29,1.22
18:29:13:144,4.41,1.04,1.07
18:29:13:144,5.35,1.03,0.98
18:29:13:162,4.99,1.45,1.45
18:29:13:198,3.34,1.00,1.31
18:29:13:198,3.35,1.47,1.29
18:29:13:216,4.12,1.49,1.52
18:29:13:233,4.77,1.83,1.80
18:29:13:322,4.49,1.67,1.78
18:29:13:339,3.81,1.13,1.37
18:29:13:358,3.13,0.83,1.17
18:29:13:393,2.79,0.60,1.25
18:29:13:411,2.87,1.19,1.21
18:29:13:428,2.94,1.80,1.16
18:29:13:447,3.00,2.32,1.20
18:29:13:501,3.05,2.44,1.40
18:29:13:502,3.10,2.09,1.49
18:29:13:519,3.03,1.89,1.48
18:29:13:536,3.01,1.73,1.55
18:29:13:606,3.19,1.76,1.62
18:29:13:607,3.49,1.86,1.62
18:29:13:607,3.77,1.81,1.75
18:29:13:642,3.89,1.77,1.78
18:29:13:710,3.80,1.71,1.77
18:29:13:727,3.68,1.72,1.71
18:29:13:745,3.89,1.74,1.57
18:29:13:762,5.17,2.44,2.04
18:29:13:797,5.03,2.31,2.24
18:29:13:869,4.22,1.73,1.58
18:29:13:869,3.85,1.36,1.09
18:29:13:888,4.16,1.26,1.03
18:29:13:925,4.41,1.43,1.10
18:29:13:979,4.49,1.56,1.06
18:29:14:31,4.30,1.44,0.96
18:29:14:48,3.75,1.14,0.74
18:29:14:66,3.41,1.01,0.44
18:29:14:84,3.19,1.00,0.32
18:29:14:104,3.26,1.13,0.29
18:29:14:141,3.32,1.21,0.41
18:29:14:141,3.45,1.29,0.40
18:29:14:158,3.30,1.33,0.37
18:29:14:245,3.08,1.19,0.38
18:29:14:267,2.73,1.13,0.38
18:29:14:267,2.45,1.05,0.29
18:29:14:267,2.27,1.03,0.30
18:29:14:302,2.17,1.07,0.41
18:29:14:320,2.25,1.19,0.57
18:29:14:337,2.57,1.29,0.80
18:29:14:427,2.92,1.32,0.98
18:29:14:465,3.28,1.38,1.13
18:29:14:465,3.76,1.33,1.31
18:29:14:482,4.17,1.19,1.31
18:29:14:516,4.84,0.98,1.23
18:29:14:589,5.34,1.11,1.42
18:29:14:624,5.03,1.28,1.47
18:29:14:640,3.57,1.19,1.26
18:29:14:644,3.49,1.63,1.44
18:29:14:698,3.96,2.13,1.84
18:29:14:814,4.57,2.58,1.87
18:29:14:814,4.46,2.17,1.57
18:29:14:834,3.69,1.50,1.28
18:29:14:886,3.08,0.83,1.25
18:29:14:905,2.83,0.68,1.20
18:29:15:10,2.75,0.80,1.06
18:29:15:28,2.76,1.12,0.94
18:29:15:28,2.96,1.77,1.06
18:29:15:46,3.09,2.08,1.16
18:29:15:65,3.19,1.82,1.11
18:29:15:119,3.16,1.53,1.01
18:29:15:137,3.14,1.27,0.94
18:29:15:137,3.33,1.15,1.00
18:29:15:190,3.44,1.16,1.00
18:29:15:190,3.65,1.25,1.05
18:29:15:190,3.82,1.32,1.09
18:29:15:244,3.85,1.25,1.05
18:29:15:315,3.70,1.15,1.03
18:29:15:333,3.63,0.97,0.87
18:29:15:333,3.49,0.93,0.75
18:29:15:351,3.59,0.98,0.77
18:29:15:351,5.11,1.45,1.12
18:29:15:388,5.97,2.12,1.67
18:29:15:388,4.33,1.48,1.01
18:29:15:388,3.46,0.89,0.32
18:29:15:441,3.45,0.76,0.63
18:29:15:458,3.83,0.54,0.98
18:29:15:477,4.10,0.05,0.75
18:29:15:494,4.19,0.05,0.66
18:29:15:530,4.01,0.07,0.59
18:29:15:551,3.83,0.14,0.50
18:29:15:551,3.75,0.35,0.48
18:29:15:568,3.68,0.34,0.46
18:29:15:568,3.79,0.54,0.58
18:29:15:568,3.84,0.75,0.60
18:29:15:570,3.98,0.80,0.57
18:29:15:587,3.89,0.80,0.52
18:29:15:605,3.86,0.86,0.47
18:29:15:660,3.86,0.94,0.49
18:29:15:677,3.95,1.09,0.52
18:29:15:695,3.94,1.13,0.46
18:29:15:712,3.81,1.10,0.37
18:29:15:730,3.68,1.10,0.25
18:29:15:730,3.63,1.24,0.23
18:29:15:748,3.64,1.31,0.19
18:29:15:783,3.73,1.48,0.04
18:29:15:835,3.71,1.66,-0.08
18:29:15:853,3.66,1.77,-0.10
18:29:15:872,3.59,1.85,-0.13
18:29:15:889,3.47,1.90,-0.17
18:29:15:889,3.40,1.94,-0.20
18:29:15:906,3.42,2.01,-0.15
18:29:15:910,3.59,2.02,-0.08
18:29:15:928,4.14,2.02,-0.03
18:29:15:928,4.89,2.13,0.02
18:29:15:962,4.57,2.09,0.06
18:29:16:15,3.50,1.93,0.08
18:29:16:32,2.91,1.89,0.32
18:29:16:66,2.95,1.88,0.59
18:29:16:84,3.05,1.93,0.68
18:29:16:84,3.20,2.10,0.91
18:29:16:101,3.10,2.09,1.12
18:29:16:101,3.12,1.85,1.33
18:29:16:138,3.11,1.45,1.40
18:29:16:138,3.16,1.14,1.43
18:29:16:211,3.07,1.00,1.46
18:29:16:227,3.22,1.04,1.46
18:29:16:230,3.29,1.32,1.69
18:29:16:247,3.35,1.49,1.88
18:29:16:247,3.18,1.39,1.85
18:29:16:318,3.16,1.39,1.71
18:29:16:354,3.17,1.44,1.58
18:29:16:372,3.19,1.66,1.40
18:29:16:406,3.13,1.74,1.24
18:29:16:406,3.16,1.87,1.13
18:29:16:406,3.23,1.74,1.19
18:29:16:437,3.30,1.73,1.21
18:29:16:457,3.34,1.70,1.22
18:29:16:474,3.31,1.69,1.25
18:29:16:474,3.38,1.53,1.15
18:29:16:493,3.51,1.57,1.06
18:29:16:510,3.48,1.71,0.95
18:29:16:527,3.26,1.60,0.84
18:29:16:563,3.15,1.66,0.76
18:29:16:581,3.39,1.75,0.77
18:29:16:599,3.66,1.96,0.99
18:29:16:616,3.74,2.03,1.10
18:29:16:616,3.62,1.89,0.97
18:29:16:634,3.44,1.70,0.80
18:29:16:652,3.37,1.61,0.80
18:29:16:669,3.43,1.54,0.76
18:29:16:688,3.53,1.66,0.84
18:29:16:724,3.51,1.70,0.88
18:29:16:742,3.52,1.74,0.99
18:29:16:742,3.45,1.66,1.02
18:29:16:759,3.36,1.53,0.92
18:29:16:777,3.39,1.41,0.85
18:29:16:795,3.55,1.42,0.83
18:29:16:795,3.59,1.44,0.83
18:29:16:830,3.58,1.49,0.78
18:29:16:848,3.34,1.59,0.72
18:29:16:884,3.19,1.69,0.74
18:29:16:936,3.15,1.79,0.75
18:29:16:972,3.14,1.92,0.88
18:29:16:972,3.19,1.96,0.98
18:29:16:972,3.32,1.87,1.10
18:29:17:7,3.38,1.69,1.16
18:29:17:46,3.42,1.50,1.15
18:29:17:63,3.50,1.38,1.20
18:29:17:99,3.54,1.36,1.24
18:29:17:99,3.53,1.38,1.29
18:29:17:135,3.54,1.36,1.25
18:29:17:135,3.50,1.33,1.29
18:29:17:168,3.48,1.37,1.26
18:29:17:188,3.43,1.33,1.21
18:29:17:223,3.35,1.37,1.15
18:29:17:243,3.29,1.40,1.07
18:29:17:280,3.23,1.46,1.08
18:29:17:298,3.21,1.50,1.02
18:29:17:315,3.23,1.52,0.99
18:29:17:333,3.28,1.57,0.99
18:29:17:352,3.39,1.60,1.02
18:29:17:385,3.43,1.61,1.01
18:29:17:424,3.45,1.62,0.99
18:29:17:456,3.47,1.61,1.02
18:29:17:458,3.49,1.56,1.00
18:29:17:492,3.48,1.50,1.03
18:29:17:492,3.46,1.45,1.04
18:29:17:528,3.48,1.44,1.05
18:29:17:546,3.42,1.41,1.02
18:29:17:566,3.41,1.37,1.03
18:29:17:584,3.38,1.33,1.08
18:29:17:693,3.39,1.33,1.09
18:29:17:710,3.39,1.31,1.06
18:29:17:746,3.43,1.33,1.06
18:29:17:762,3.42,1.36,1.09
18:29:17:783,3.39,1.40,1.06
18:29:17:837,3.40,1.47,1.06
18:29:17:853,3.42,1.49,1.07
18:29:17:870,3.40,1.50,1.02
18:29:17:871,3.38,1.54,1.05
18:29:17:889,3.42,1.53,1.05
18:29:17:889,3.43,1.54,1.02
18:29:17:906,3.43,1.57,1.02
18:29:17:907,3.41,1.60,1.02
18:29:17:924,3.41,1.58,1.01
18:29:17:995,3.42,1.55,0.99
18:29:17:995,3.43,1.53,1.04
18:29:18:14,3.46,1.47,1.02
18:29:18:51,3.44,1.46,1.03
18:29:18:67,3.46,1.45,1.06
18:29:18:69,3.46,1.46,1.04
18:29:18:121,3.47,1.45,1.07
18:29:18:139,3.48,1.42,1.07
18:29:18:188,3.45,1.39,1.06
18:29:18:241,3.44,1.41,1.05
18:29:18:258,3.43,1.39,1.02
18:29:18:258,3.42,1.41,1.08
18:29:18:274,3.43,1.45,1.01
18:29:18:291,3.40,1.45,1.03
18:29:18:310,3.41,1.45,1.00
18:29:18:396,3.43,1.48,1.01
18:29:18:431,3.43,1.52,1.02
18:29:18:450,3.41,1.51,1.02
18:29:18:508,3.42,1.46,0.99
18:29:18:525,3.42,1.49,1.00
18:29:18:541,3.43,1.53,1.00
18:29:18:563,3.43,1.50,1.00
18:29:18:596,3.41,1.47,1.03
18:29:18:614,3.42,1.45,1.08
18:29:18:614,3.40,1.46,1.08
18:29:18:632,3.38,1.49,1.03
18:29:18:649,3.43,1.45,1.02
18:29:18:649,3.39,1.48,1.08
18:29:18:686,3.41,1.49,1.06
18:29:18:722,3.40,1.47,1.06
18:29:18:740,3.40,1.46,1.02
18:29:18:740,3.38,1.49,1.05
18:29:18:772,3.38,1.52,1.02
18:29:18:813,3.38,1.51,1.04
18:29:18:848,3.38,1.53,1.03
18:29:18:866,3.40,1.53,1.04
18:29:18:901,3.38,1.56,1.07
18:29:18:918,3.44,1.56,1.08
18:29:18:937,3.41,1.50,1.11
18:29:18:954,3.39,1.50,1.08
18:29:18:972,3.42,1.53,1.09
18:29:18:990,3.37,1.49,1.12
18:29:18:990,3.33,1.44,1.11
18:29:19:7,3.34,1.39,1.07
18:29:19:93,3.32,1.31,1.09
18:29:19:111,3.36,1.34,1.17
18:29:19:129,3.31,1.34,1.20
18:29:19:147,3.29,1.29,1.22
18:29:19:164,3.35,1.35,1.24
18:29:19:164,3.35,1.43,1.25
18:29:19:181,3.29,1.51,1.26
18:29:19:181,3.36,1.60,1.28
18:29:19:253,3.40,1.59,1.24
18:29:19:271,3.40,1.62,1.19
18:29:19:271,3.29,1.69,1.21
18:29:19:288,2.97,1.64,1.22
18:29:19:306,2.94,1.70,1.03
18:29:19:324,3.27,1.99,1.04
18:29:19:340,3.54,2.43,1.24
18:29:19:377,3.62,2.68,1.26
18:29:19:377,3.51,2.56,1.11
18:29:19:412,3.24,2.32,1.01
18:29:19:466,3.03,2.17,1.01
18:29:19:520,2.96,2.06,0.99
18:29:19:520,2.96,2.16,0.99
18:29:19:538,3.05,2.16,0.97
18:29:19:538,3.13,2.09,0.99
18:29:19:556,3.12,1.98,0.97
18:29:19:591,3.08,1.97,1.04
18:29:19:610,3.11,1.86,0.99
18:29:19:663,3.07,1.92,0.98
18:29:19:701,3.13,1.86,1.01
18:29:19:718,3.19,1.91,1.01
18:29:19:736,3.23,1.94,1.02
18:29:19:821,3.25,1.91,0.99
18:29:19:840,3.34,1.85,0.99
18:29:19:840,3.68,1.75,0.94
18:29:19:858,4.18,1.63,0.86
18:29:19:875,4.64,1.44,0.87
18:29:19:875,4.71,1.45,0.99
18:29:19:893,4.09,1.25,0.97
18:29:19:911,3.33,1.08,0.87
18:29:19:965,3.09,1.03,0.83
18:29:19:983,2.84,0.86,0.78
18:29:20:0,3.25,0.64,0.65
18:29:20:89,3.63,0.53,0.64
18:29:20:106,4.02,0.50,0.72
18:29:20:124,4.21,0.66,0.87
18:29:20:160,3.99,1.04,1.02
18:29:20:230,3.38,0.83,0.99
18:29:20:230,2.94,0.87,0.83
18:29:20:248,2.76,0.88,0.86
18:29:20:266,2.82,0.83,0.84
18:29:20:302,3.03,0.86,0.85
18:29:20:337,3.23,1.11,0.99
18:29:20:355,3.26,1.23,1.13
18:29:20:374,3.29,1.44,1.27
18:29:20:392,3.29,1.49,1.33
18:29:20:392,3.25,1.56,1.35
18:29:20:410,3.39,1.74,1.45
18:29:20:426,3.70,1.89,1.54
18:29:20:427,4.17,2.06,1.68
18:29:20:445,4.21,2.07,1.86
18:29:20:463,4.04,1.97,1.89
18:29:20:531,4.10,2.02,1.85
18:29:20:531,4.78,2.58,2.17
18:29:20:548,4.49,2.59,2.27
18:29:20:565,3.83,2.12,1.72
18:29:20:598,3.26,1.72,1.22
18:29:20:598,3.53,1.62,1.16
18:29:20:616,3.96,1.78,1.30
18:29:20:650,4.32,1.83,1.28
18:29:20:687,4.44,1.73,1.14
18:29:20:724,4.33,1.43,1.04
18:29:20:759,3.89,1.10,0.81
18:29:20:777,3.55,0.82,0.61
18:29:20:794,3.34,0.99,0.56
18:29:20:795,3.22,0.96,0.60
18:29:20:795,3.11,1.29,0.61
18:29:20:814,2.99,1.38,0.42
18:29:20:849,2.94,1.44,0.37
18:29:20:885,2.84,1.48,0.41
18:29:20:885,2.82,1.62,0.52
18:29:20:919,2.76,1.45,0.55
18:29:20:919,2.79,1.33,0.52
18:29:20:937,2.97,1.30,0.51
18:29:20:955,3.31,1.40,0.61
18:29:20:972,3.65,1.55,0.88
18:29:21:7,3.70,1.53,1.06
18:29:21:26,4.13,1.17,1.07
18:29:21:62,4.94,0.92,0.98
18:29:21:80,4.39,0.85,1.14
18:29:21:115,3.07,0.65,1.05
18:29:21:115,3.16,0.88,0.96
18:29:21:151,3.85,1.21,1.05
18:29:21:187,4.71,1.57,1.57
18:29:21:204,4.61,1.79,1.68
18:29:21:259,3.80,1.40,1.35
18:29:21:276,2.89,1.07,1.20
18:29:21:293,2.55,1.08,1.26
18:29:21:294,2.66,1.42,1.23
18:29:21:312,2.97,1.89,1.22
18:29:21:382,3.20,2.27,1.09
18:29:21:400,3.23,2.38,1.26
18:29:21:418,3.12,2.27,1.56
18:29:21:435,3.14,1.94,1.63
18:29:21:456,3.18,1.81,1.64
18:29:21:456,3.25,1.84,1.62
18:29:21:508,3.55,2.09,1.70
18:29:21:526,3.94,2.35,1.82
18:29:21:543,4.02,2.29,1.92
18:29:21:577,3.83,2.12,1.86
18:29:21:596,3.66,1.94,1.63
18:29:21:632,4.51,2.25,1.75
18:29:21:648,4.81,2.61,2.33
18:29:21:651,3.92,2.32,2.03
18:29:21:669,3.52,2.06,1.33
18:29:21:704,3.87,1.90,1.17
18:29:21:722,4.28,1.91,1.38
18:29:21:776,4.63,1.86,1.40
18:29:21:793,4.55,1.57,1.22
18:29:21:812,4.02,1.11,0.93
18:29:21:812,3.52,0.80,0.69
18:29:21:846,3.19,0.93,0.56
18:29:21:880,3.14,0.94,0.47
18:29:21:898,3.17,1.19,0.51
18:29:21:916,3.25,1.47,0.59
18:29:21:952,3.22,1.46,0.55
18:29:22:22,3.22,1.27,0.54
18:29:22:22,2.92,1.15,0.45
18:29:22:22,2.69,1.08,0.50
18:29:22:39,2.59,0.97,0.52
18:29:22:60,2.57,0.93,0.49
18:29:22:77,2.81,1.00,0.54
18:29:22:112,3.15,1.18,0.76
18:29:22:148,3.28,1.37,0.96
18:29:22:165,3.42,1.40,1.14
18:29:22:183,4.36,1.16,0.93
18:29:22:200,5.53,1.22,0.86
18:29:22:235,4.67,1.51,1.35
18:29:22:253,3.27,1.33,1.29
18:29:22:288,3.46,1.59,1.30
18:29:22:305,4.18,1.50,1.50
18:29:22:340,4.68,1.63,1.56
18:29:22:360,4.33,1.66,1.32
18:29:22:379,3.43,1.21,1.10
18:29:22:379,2.80,0.87,1.22
18:29:22:417,2.65,0.63,1.15
18:29:22:434,2.77,0.87,1.12
18:29:22:470,2.96,1.44,1.09
18:29:22:505,3.13,2.05,1.41
18:29:22:541,3.19,2.16,1.57
18:29:22:560,3.19,2.22,1.64
18:29:22:578,3.11,2.11,1.68
18:29:22:596,3.05,1.94,1.61
18:29:22:631,3.23,1.83,1.62
18:29:22:650,3.64,1.87,1.72
18:29:22:668,4.02,1.97,1.84
18:29:22:703,4.11,2.01,1.89
18:29:22:705,3.90,1.84,1.85
18:29:22:721,3.73,1.79,1.76
18:29:22:754,3.98,1.91,1.67
18:29:22:790,4.50,2.33,2.02
18:29:22:807,4.25,2.32,2.00
18:29:22:826,3.74,2.02,1.53
18:29:22:863,3.76,1.83,1.10
18:29:22:900,4.17,1.87,1.20
18:29:22:918,4.56,1.86,1.33
18:29:22:935,4.60,1.72,1.31
18:29:22:935,4.41,1.50,1.08
18:29:22:972,3.94,1.22,0.81
18:29:23:6,3.42,0.85,0.62
18:29:23:24,3.12,1.00,0.40
18:29:23:41,3.01,1.03,0.38
18:29:23:62,3.05,1.12,0.48
18:29:23:97,3.00,1.30,0.54
18:29:23:132,3.00,1.29,0.46
18:29:23:150,2.93,1.37,0.43
18:29:23:166,2.75,1.17,0.42
18:29:23:187,2.55,1.16,0.48
18:29:23:239,2.47,1.04,0.45
18:29:23:239,2.70,0.98,0.48
18:29:23:257,3.03,1.10,0.63
18:29:23:277,3.34,1.32,0.89
18:29:23:294,3.47,1.39,1.06
18:29:23:402,3.89,1.24,1.05
18:29:23:419,5.20,1.12,0.88
18:29:23:419,5.94,1.50,1.12
18:29:23:437,4.16,1.76,1.42
18:29:23:457,3.11,1.61,1.15
18:29:23:457,3.53,1.88,1.41
18:29:23:493,4.32,1.84,1.79
18:29:23:529,4.67,2.09,1.62
18:29:23:578,4.09,2.01,1.20
18:29:23:578,3.30,1.41,1.05
18:29:23:596,2.75,0.86,0.90
18:29:23:614,2.50,0.71,1.03
18:29:23:614,2.52,0.99,1.03
18:29:23:632,2.67,1.34,0.97
18:29:23:668,2.83,1.86,1.06
18:29:23:686,2.91,2.32,1.33
18:29:23:722,2.93,2.14,1.59
18:29:23:775,2.98,1.86,1.55
18:29:23:806,3.20,1.78,1.57
18:29:23:828,3.37,1.74,1.64
18:29:23:828,3.64,1.71,1.72
18:29:23:828,3.91,1.60,1.79
18:29:23:861,4.00,1.61,1.87
18:29:23:881,3.83,1.67,1.79
18:29:23:898,3.71,1.61,1.61
18:29:23:953,4.31,1.92,1.69
18:29:23:972,5.16,2.39,2.35
18:29:24:7,4.52,2.28,2.26
18:29:24:42,3.94,1.95,1.55
18:29:24:42,3.99,1.64,1.08
18:29:24:60,4.40,1.50,1.05
18:29:24:94,4.58,1.48,1.08
18:29:24:147,4.37,1.35,1.10
18:29:24:165,3.83,1.18,0.89
18:29:24:202,3.34,1.05,0.62
18:29:24:202,3.05,1.07,0.44
18:29:24:220,3.05,1.15,0.37
18:29:24:380,3.16,1.32,0.39
18:29:24:416,3.22,1.29,0.48
18:29:24:469,3.16,1.45,0.50
18:29:24:469,3.08,1.28,0.40
18:29:24:487,2.84,1.08,0.37
18:29:24:505,2.64,1.02,0.28
18:29:24:539,2.43,1.04,0.35
18:29:24:555,2.33,1.12,0.41
18:29:24:591,2.51,1.24,0.55
18:29:24:591,2.84,1.41,0.74
18:29:24:630,3.16,1.54,0.97
18:29:24:701,3.32,1.61,1.14
18:29:24:720,3.57,1.52,1.30
18:29:24:737,4.48,1.28,1.14
18:29:24:737,5.59,1.44,1.29
18:29:24:755,5.09,1.72,1.71
18:29:24:789,3.25,1.34,1.56
18:29:24:807,3.01,1.46,1.40
18:29:24:842,3.58,1.36,1.50
18:29:24:860,4.24,1.75,1.70
18:29:24:878,4.38,1.80,1.69
18:29:24:893,3.83,1.21,1.36
18:29:24:911,3.16,0.89,1.31
18:29:24:928,2.79,0.83,1.33
18:29:24:929,2.65,1.17,1.29
18:29:24:929,2.75,1.61,1.25
18:29:24:947,2.92,1.96,1.28
18:29:24:965,3.10,2.19,1.35
18:29:25:36,3.17,2.04,1.42
18:29:25:162,3.27,1.90,1.48
18:29:25:162,3.29,1.65,1.50
18:29:25:216,3.23,1.45,1.43
18:29:25:233,3.30,1.35,1.45
18:29:25:233,3.37,1.34,1.51
18:29:25:269,3.38,1.25,1.52
18:29:25:287,3.52,1.34,1.48
18:29:25:304,3.66,1.46,1.52
18:29:25:321,3.71,1.67,1.52
18:29:25:501,3.69,1.64,1.53
18:29:25:569,3.57,1.59,1.49
18:29:25:587,3.74,1.60,1.49
18:29:25:605,4.16,1.87,1.57
18:29:25:639,4.02,1.96,1.55
18:29:25:657,3.99,1.97,1.39
18:29:25:675,3.69,1.86,1.35
18:29:25:764,3.25,1.71,1.12
18:29:25:836,3.22,1.64,0.98
18:29:25:854,3.36,1.61,0.88
18:29:25:944,3.46,1.55,0.77
18:29:25:999,3.71,1.63,0.58
18:29:26:17,3.58,1.82,0.54
18:29:26:35,3.26,2.00,0.55
18:29:26:35,3.00,2.04,0.37
18:29:26:35,3.05,2.04,0.21
18:29:26:35,3.17,2.01,0.19
18:29:26:108,3.21,2.11,0.17
18:29:26:126,3.33,2.13,0.19
18:29:26:126,3.52,2.10,0.21
18:29:26:143,3.67,1.97,0.23
18:29:26:143,3.71,1.84,0.26
18:29:26:252,3.66,1.70,0.20
18:29:26:375,3.54,1.63,0.22
18:29:26:375,3.42,1.62,0.26
18:29:26:393,3.31,1.65,0.33
18:29:26:516,3.35,1.69,0.34
18:29:26:516,3.47,1.67,0.39
18:29:26:516,3.62,1.69,0.39
18:29:26:571,4.19,1.76,0.45
18:29:26:571,4.25,1.95,0.81
18:29:26:644,3.44,1.86,0.83
18:29:26:644,3.23,1.77,0.73
18:29:26:679,3.49,1.54,0.58
18:29:26:679,3.74,1.44,0.60
18:29:26:679,3.75,1.46,0.73
18:29:26:715,3.65,1.47,0.86
18:29:26:715,3.38,1.43,0.94
18:29:26:715,3.10,1.42,0.95
18:29:26:715,3.06,1.47,0.93
18:29:26:733,3.25,1.64,0.92
18:29:26:751,3.38,1.69,0.93
18:29:26:751,3.45,1.70,1.00
18:29:26:856,3.43,1.67,1.07
18:29:26:923,3.40,1.58,1.06
18:29:27:14,3.43,1.52,1.02
18:29:27:14,3.49,1.58,1.01
18:29:27:52,3.59,1.56,0.98
18:29:27:52,3.68,1.60,1.01
18:29:27:69,3.66,1.63,0.97
18:29:27:69,3.73,1.66,0.98
18:29:27:69,3.65,1.65,0.95
18:29:27:123,3.51,1.61,0.86
18:29:27:123,3.41,1.57,0.70
18:29:27:192,3.57,1.57,0.66
18:29:27:192,3.87,1.58,0.74
18:29:27:192,4.00,1.59,0.81
18:29:27:192,3.80,1.57,0.84
18:29:27:209,3.57,1.53,0.78
18:29:27:209,3.50,1.50,0.69
18:29:27:209,3.52,1.45,0.67
18:29:27:209,3.51,1.39,0.59
18:29:27:243,3.36,1.33,0.55
18:29:27:243,3.26,1.39,0.49
18:29:27:245,3.28,1.48,0.54
18:29:27:262,3.34,1.63,0.61
18:29:27:297,3.40,1.75,0.66
18:29:27:418,3.51,1.79,0.66
18:29:27:434,3.52,1.76,0.67
18:29:27:484,3.43,1.69,0.67
18:29:27:571,3.33,1.67,0.68
18:29:27:571,3.35,1.70,0.73
18:29:27:571,3.49,1.73,0.86
18:29:27:645,3.69,1.69,0.88
18:29:27:733,3.98,1.58,0.88
18:29:27:733,4.18,1.50,0.87
18:29:27:733,3.94,1.30,0.90
18:29:27:733,3.39,1.17,0.94
18:29:27:769,3.01,1.07,0.98
18:29:27:769,3.06,1.11,0.99
18:29:27:769,3.21,1.12,1.01
18:29:27:804,3.45,1.30,1.12
18:29:27:804,3.88,1.42,1.34
18:29:27:804,3.87,1.28,1.60
18:29:27:837,3.68,0.95,1.57
18:29:27:837,3.41,0.69,1.38
18:29:27:837,3.33,0.62,1.25
18:29:27:857,3.42,0.81,1.33
18:29:27:857,3.53,0.97,1.48
18:29:27:893,3.53,1.10,1.52
18:29:27:928,3.56,1.39,1.60
18:29:27:998,3.47,1.25,1.60
18:29:28:16,3.14,0.99,1.47
18:29:28:124,3.05,1.11,1.28
18:29:28:230,3.23,1.35,1.26
18:29:28:230,3.44,1.53,1.24
18:29:28:230,3.52,1.64,1.21
18:29:28:230,3.48,1.58,1.13
18:29:28:265,3.41,1.45,1.08
18:29:28:265,3.37,1.18,0.94
18:29:28:299,3.40,1.17,0.96
18:29:28:299,3.49,1.32,0.99
18:29:28:353,3.54,1.44,0.99
18:29:28:353,3.53,1.45,0.95
18:29:28:353,3.52,1.40,0.96
18:29:28:353,3.46,1.33,0.99
18:29:28:353,3.41,1.34,0.96
18:29:28:493,3.38,1.37,0.97
18:29:28:493,3.33,1.38,1.01
18:29:28:493,3.33,1.40,1.02
18:29:28:493,3.37,1.46,1.06
18:29:28:530,3.40,1.50,1.14
18:29:28:531,3.41,1.54,1.15
18:29:28:531,3.39,1.55,1.11
18:29:28:548,3.36,1.58,1.12
18:29:28:548,3.37,1.60,1.13
18:29:28:620,3.41,1.67,1.12
18:29:28:636,3.43,1.69,1.13
18:29:28:653,3.46,1.69,1.14
18:29:28:653,3.45,1.65,1.13
18:29:28:671,3.44,1.57,1.11
18:29:28:689,3.41,1.50,1.06
18:29:28:706,3.41,1.48,1.06
18:29:28:706,3.45,1.46,1.03
18:29:28:740,3.43,1.44,1.04
18:29:28:740,3.40,1.44,1.01
18:29:28:740,3.39,1.43,1.00
18:29:28:740,3.39,1.43,1.01
18:29:28:740,3.41,1.43,0.98
18:29:28:740,3.45,1.44,1.03
18:29:28:850,3.48,1.41,1.01
18:29:28:850,3.49,1.37,1.00
18:29:28:850,3.49,1.36,1.01
18:29:28:885,3.47,1.34,1.03
18:29:28:885,3.48,1.33,1.02
18:29:28:936,3.44,1.34,1.02
18:29:28:936,3.45,1.33,1.03
18:29:28:990,3.43,1.33,1.07
18:29:29:6,3.41,1.36,1.05
18:29:29:6,3.43,1.41,1.08
18:29:29:6,3.40,1.42,1.05
18:29:29:6,3.42,1.48,1.07
18:29:29:93,3.42,1.49,1.10
18:29:29:93,3.44,1.51,1.05
18:29:29:110,3.43,1.53,1.10
18:29:29:163,3.40,1.54,1.10
18:29:29:198,3.42,1.54,1.07
18:29:29:249,3.43,1.55,1.10
18:29:29:249,3.39,1.54,1.07
18:29:29:285,3.43,1.53,1.08
18:29:29:375,3.43,1.52,1.07
18:29:29:391,3.42,1.49,1.06
18:29:29:479,3.44,1.48,1.08
18:29:29:479,3.44,1.46,1.05
18:29:29:600,3.44,1.44,1.04
18:29:29:600,3.44,1.43,1.06
18:29:29:600,3.43,1.41,1.06
18:29:29:600,3.43,1.40,1.02
18:29:29:670,3.40,1.41,1.03
18:29:29:704,3.38,1.44,1.02
18:29:29:722,3.40,1.46,1.03
18:29:29:722,3.41,1.47,1.02
18:29:29:758,3.41,1.47,1.05
18:29:29:758,3.42,1.47,1.07
18:29:29:774,3.42,1.49,1.05
18:29:29:912,3.42,1.49,1.10
18:29:29:912,3.40,1.49,1.08
18:29:29:912,3.41,1.48,1.13
18:29:29:947,3.40,1.47,1.08
18:29:29:964,3.41,1.46,1.11
18:29:29:964,3.44,1.45,1.07
18:29:29:964,3.43,1.43,1.03
18:29:29:964,3.42,1.45,1.06
18:29:29:982,3.41,1.42,1.08
18:29:30:20,3.43,1.40,1.03
18:29:30:74,3.45,1.38,1.04
18:29:30:91,3.42,1.38,1.06
18:29:30:178,3.44,1.39,1.07
18:29:30:178,3.44,1.42,1.04
18:29:30:178,3.44,1.41,1.06
18:29:30:267,3.43,1.43,1.06
18:29:30:267,3.41,1.43,1.06
18:29:30:267,3.43,1.43,1.06
18:29:30:267,3.42,1.43,1.08
18:29:30:283,3.42,1.42,1.07
18:29:30:283,3.41,1.44,1.09
18:29:30:283,3.41,1.45,1.09
18:29:30:299,3.41,1.42,1.08
18:29:30:299,3.42,1.44,1.09
18:29:30:299,3.42,1.43,1.08
18:29:30:299,3.41,1.44,1.09
18:29:30:337,3.37,1.46,1.08
18:29:30:337,3.34,1.43,1.04
18:29:30:337,3.44,1.42,1.07
18:29:30:356,3.42,1.42,1.15
18:29:30:374,3.38,1.36,1.11
18:29:30:393,3.38,1.34,1.13
18:29:30:411,3.36,1.31,1.12
18:29:30:411,3.40,1.35,1.15
18:29:30:411,3.38,1.36,1.17
18:29:30:411,3.38,1.37,1.13
18:29:30:411,3.37,1.35,1.12
18:29:30:411,3.40,1.32,1.12
18:29:30:466,3.42,1.35,1.19
18:29:30:468,3.44,1.47,1.15
18:29:30:486,3.41,1.42,1.15
18:29:30:539,3.37,1.38,1.12
18:29:30:593,3.36,1.40,1.13
18:29:30:623,3.37,1.64,1.13
18:29:30:652,3.30,1.87,1.33
18:29:30:689,3.13,1.92,1.28
18:29:30:689,2.82,1.87,1.11
18:29:30:689,2.89,2.04,1.09
18:29:30:690,3.15,2.46,1.24
18:29:30:690,3.37,2.74,1.29
18:29:30:690,3.47,2.92,1.25
18:29:30:690,3.39,2.84,1.19
18:29:30:690,3.16,2.59,1.13
18:29:30:716,2.91,2.41,1.23
18:29:30:807,2.89,2.29,1.19
18:29:30:842,3.06,2.23,1.13
18:29:30:842,3.12,2.32,1.24
18:29:30:859,3.07,2.25,1.11
18:29:30:876,3.06,2.19,1.05
18:29:30:876,3.02,2.07,1.01
18:29:30:893,2.94,1.99,1.03
18:29:30:979,2.83,1.97,1.04
18:29:30:979,2.79,2.01,0.91
18:29:30:979,2.79,2.06,0.91
18:29:30:979,2.77,2.05,0.91
18:29:30:979,2.85,2.00,0.88
18:29:30:979,2.96,1.99,0.93
18:29:30:979,3.00,1.96,0.91
18:29:30:997,3.07,1.97,0.88
18:29:31:14,3.51,1.99,0.93
18:29:31:14,4.15,1.91,0.86
18:29:31:32,4.65,1.72,0.84
18:29:31:86,4.58,1.70,0.93
18:29:31:86,3.92,1.56,1.08
18:29:31:86,3.45,1.30,1.19
18:29:31:86,3.25,1.00,1.09
18:29:31:106,3.09,0.71,0.74
18:29:31:142,3.28,0.61,0.62
18:29:31:142,3.63,0.64,0.72
18:29:31:177,4.06,0.81,0.95
18:29:31:248,4.06,1.18,1.18
18:29:31:315,3.57,1.27,1.23
18:29:31:350,3.02,1.24,1.14
18:29:31:379,2.75,1.41,1.05
18:29:31:416,2.70,1.48,1.00
18:29:31:488,2.86,1.46,1.00
18:29:31:506,3.03,1.31,1.02
18:29:31:523,3.29,1.20,1.15
18:29:31:523,3.32,1.18,1.18
18:29:31:541,3.29,1.44,1.26
18:29:31:558,3.31,1.71,1.36
18:29:31:576,3.39,1.91,1.41
18:29:31:593,3.57,1.92,1.49
18:29:31:611,3.83,1.96,1.65
18:29:31:611,3.85,1.91,1.75
18:29:31:647,3.71,1.74,1.64
18:29:31:701,3.66,1.84,1.56
18:29:31:701,4.38,2.30,1.73
18:29:31:701,4.95,2.77,2.28
18:29:31:701,4.60,2.58,2.13
18:29:31:718,3.65,1.86,1.24
18:29:31:718,3.43,1.57,0.91
18:29:31:718,3.76,1.55,1.09
18:29:31:718,4.16,1.69,1.30
18:29:31:735,4.52,1.70,1.21
18:29:31:735,4.33,1.50,0.96
18:29:31:753,3.95,1.22,0.71
18:29:31:788,3.53,1.07,0.64
18:29:31:789,3.31,0.96,0.61
18:29:31:825,3.27,1.16,0.58
18:29:31:859,3.21,1.19,0.50
18:29:31:878,3.13,1.16,0.53
18:29:31:893,3.09,1.19,0.50
18:29:31:928,3.04,1.16,0.42
18:29:31:929,2.97,1.14,0.50
18:29:31:947,2.90,1.23,0.69
18:29:31:964,2.85,1.17,0.56
18:29:31:964,3.07,1.09,0.48
18:29:31:999,3.39,1.19,0.58
18:29:32:51,3.74,1.31,0.78
18:29:32:87,3.82,1.35,0.99
18:29:32:157,4.03,1.28,1.00
18:29:32:210,5.16,1.19,0.97
18:29:32:229,5.32,1.41,1.22
18:29:32:263,3.51,1.33,1.28
18:29:32:280,2.78,1.29,1.10
18:29:32:297,3.29,1.23,1.21
18:29:32:318,4.12,1.32,1.45
18:29:32:336,4.23,1.49,1.42
18:29:32:390,3.59,1.14,1.22
18:29:32:405,3.00,0.72,1.17
18:29:32:440,2.67,0.65,1.12
18:29:32:476,2.74,0.95,1.05
18:29:32:511,3.04,1.61,1.16
18:29:32:546,3.32,2.11,1.20
18:29:32:599,3.46,2.40,1.27
18:29:32:669,3.29,2.20,1.35
18:29:32:670,3.14,1.96,1.38
18:29:32:670,3.10,1.76,1.34
18:29:32:704,3.29,1.79,1.50
18:29:32:757,3.63,1.64,1.58
18:29:32:774,3.89,1.68,1.70
18:29:32:774,3.91,1.75,1.72
18:29:32:811,3.62,1.80,1.64
18:29:32:845,3.49,1.86,1.58
18:29:32:845,3.63,2.02,1.57
18:29:32:863,4.68,2.65,1.98
18:29:32:880,4.71,2.65,2.17
18:29:32:880,4.11,2.41,1.70
18:29:32:880,3.55,1.83,1.08
18:29:32:915,3.88,1.80,1.10
18:29:32:936,4.36,1.91,1.32
18:29:32:970,4.57,1.94,1.35
18:29:32:970,4.29,1.66,1.05
18:29:32:987,3.76,1.30,0.71
18:29:32:987,3.34,0.94,0.65
18:29:33:5,3.15,0.91,0.54
18:29:33:23,3.11,1.02,0.51
18:29:33:40,3.01,1.09,0.52
18:29:33:58,3.02,1.25,0.58
18:29:33:126,2.96,1.26,0.59
18:29:33:144,2.83,1.34,0.57
18:29:33:144,2.77,1.21,0.54
18:29:33:161,2.65,1.22,0.72
18:29:33:178,2.52,1.06,0.64
18:29:33:178,2.67,0.98,0.52
18:29:33:196,3.30,1.07,0.71
18:29:33:212,3.84,1.23,0.97
18:29:33:213,3.89,1.27,1.15
18:29:33:303,4.03,1.23,1.20
18:29:33:339,5.00,1.06,1.05
18:29:33:356,4.99,1.21,1.21
18:29:33:371,3.61,1.07,1.21
18:29:33:373,2.87,1.19,1.05
18:29:33:390,3.47,1.44,1.13
18:29:33:390,4.33,1.76,1.52
18:29:33:408,4.43,1.76,1.55
18:29:33:442,3.80,1.51,1.30
18:29:33:492,3.08,0.95,1.20
18:29:33:492,2.64,0.87,1.16
18:29:33:509,2.59,0.90,1.12
18:29:33:509,2.70,1.48,1.11
18:29:33:525,2.91,2.10,1.11
18:29:33:543,3.11,2.49,1.37
18:29:33:543,3.12,2.22,1.57
18:29:33:574,3.03,1.90,1.63
18:29:33:591,3.01,1.83,1.67
18:29:33:662,3.15,1.78,1.68
18:29:33:682,3.42,1.81,1.61
18:29:33:719,3.82,1.98,1.68
18:29:33:720,3.97,2.11,1.89
18:29:33:720,3.91,2.04,1.91
18:29:33:738,3.86,1.96,1.81
18:29:33:828,4.35,2.12,1.81
18:29:33:844,5.08,2.45,2.20
18:29:33:844,4.59,2.28,2.12
18:29:33:932,3.67,1.74,1.48
18:29:33:933,3.59,1.62,1.05
18:29:33:933,3.91,1.68,1.18
18:29:33:950,4.30,1.87,1.39
18:29:33:985,4.37,1.74,1.32
18:29:34:76,4.11,1.48,1.06
18:29:34:93,3.68,1.11,0.79
18:29:34:93,3.31,0.85,0.59
18:29:34:113,3.07,0.91,0.45
18:29:34:129,2.96,0.88,0.47
18:29:34:131,2.86,1.07,0.47
18:29:34:148,2.81,1.03,0.45
18:29:34:200,2.79,1.18,0.30
18:29:34:218,2.72,1.28,0.33
18:29:34:218,2.63,1.44,0.52
18:29:34:235,2.61,1.50,0.66
18:29:34:270,2.64,1.36,0.60
18:29:34:270,2.94,1.17,0.54
18:29:34:270,3.39,1.18,0.79
18:29:34:305,3.86,1.33,1.07
18:29:34:322,3.92,1.29,1.27
18:29:34:339,4.29,1.10,1.18
18:29:34:373,5.25,1.08,1.08
18:29:34:390,4.78,1.29,1.30
18:29:34:408,3.33,1.19,1.20
18:29:34:408,3.47,1.49,1.16
18:29:34:425,3.97,1.59,1.50
18:29:34:443,4.44,1.81,1.85
18:29:34:459,4.17,1.81,1.73
18:29:34:461,3.40,1.58,1.45
18:29:34:481,2.65,1.25,1.42
18:29:34:619,2.41,1.14,1.27
18:29:34:619,2.43,1.24,1.42
18:29:34:637,2.59,1.64,1.38
18:29:34:637,2.84,1.92,1.33
18:29:34:654,3.10,2.19,1.30
18:29:34:671,3.20,2.25,1.50
18:29:34:671,3.08,2.04,1.70
18:29:34:758,3.15,1.85,1.63
18:29:34:758,3.26,1.92,1.59
18:29:34:776,3.50,1.94,1.59
18:29:34:776,3.73,1.96,1.64
18:29:34:827,3.79,1.92,1.74
18:29:34:829,3.56,1.67,1.61
18:29:34:829,3.39,1.68,1.49
18:29:34:865,3.66,1.80,1.39
18:29:34:917,4.75,2.32,1.86
18:29:34:917,4.43,2.37,2.12
18:29:34:935,3.67,2.00,1.70
18:29:34:953,3.58,1.64,1.11
18:29:34:953,4.14,1.54,1.07
18:29:34:971,4.50,1.55,1.25
18:29:35:6,4.52,1.37,1.25
18:29:35:24,4.12,1.12,0.96
18:29:35:24,3.57,1.02,0.66
18:29:35:58,3.18,1.03,0.51
18:29:35:110,2.99,1.16,0.50
18:29:35:161,3.01,1.25,0.49
18:29:35:161,3.03,1.38,0.53
18:29:35:178,2.93,1.32,0.54
18:29:35:178,2.82,1.16,0.57
18:29:35:197,2.69,1.11,0.54
18:29:35:214,2.56,1.03,0.54
18:29:35:286,2.39,1.11,0.60
18:29:35:321,2.35,1.08,0.66
18:29:35:338,2.43,0.99,0.71
18:29:35:338,2.60,1.03,0.82
18:29:35:355,2.99,1.22,1.00
18:29:35:374,3.31,1.36,1.21
18:29:35:389,3.68,1.44,1.42
18:29:35:406,3.96,1.31,1.38
18:29:35:460,4.71,1.20,1.15
18:29:35:477,5.77,1.49,1.25
18:29:35:495,5.44,1.63,1.50
18:29:35:529,3.68,1.78,1.49
18:29:35:545,2.92,1.91,1.42
18:29:35:581,3.34,2.12,1.53
18:29:35:599,4.05,2.32,1.52
18:29:35:651,4.34,2.00,1.30
18:29:35:690,4.04,1.28,1.20
18:29:35:724,3.38,0.28,1.09
18:29:35:740,2.98,0.21,1.08
18:29:35:742,2.75,0.52,1.01
18:29:35:849,2.79,0.97,0.89
18:29:35:867,2.95,1.43,0.87
18:29:35:903,3.23,1.69,0.91
18:29:35:938,3.37,1.56,0.91
18:29:35:975,3.35,1.34,0.94
18:29:35:992,3.31,1.28,0.92
18:29:36:9,3.28,1.33,0.93
18:29:36:44,3.32,1.38,0.92
18:29:36:62,3.43,1.35,1.00
18:29:36:62,3.69,1.27,1.06
18:29:36:96,3.90,1.18,1.05
18:29:36:114,3.84,1.04,1.03
18:29:36:202,3.60,1.08,1.00
18:29:36:206,3.39,1.11,1.04
18:29:36:223,3.40,1.07,0.94
18:29:36:342,4.19,1.38,1.07
18:29:36:360,5.32,1.84,1.53
18:29:36:377,5.05,1.79,1.55
18:29:36:377,3.83,1.26,0.92
18:29:36:395,3.19,0.86,0.60
18:29:36:465,3.29,0.93,0.89
18:29:36:465,3.77,0.82,1.12
18:29:36:553,3.96,0.40,0.96
18:29:36:604,3.96,0.25,0.69
18:29:36:622,3.89,0.49,0.69
18:29:36:639,3.93,0.57,0.77
18:29:36:656,3.87,0.58,0.74
18:29:36:728,3.78,0.43,0.67
18:29:36:730,3.68,0.44,0.64
18:29:36:730,3.73,0.50,0.58
18:29:36:765,3.70,0.61,0.61
18:29:36:765,3.67,0.83,0.60
18:29:36:765,3.73,0.97,0.59
18:29:36:783,3.76,1.07,0.54
18:29:36:818,3.83,0.97,0.49
18:29:36:818,3.89,0.97,0.46
18:29:36:818,3.88,0.99,0.48
18:29:36:871,3.86,1.10,0.48
18:29:36:906,3.77,1.19,0.44
18:29:36:959,3.56,1.33,0.41
18:29:36:993,3.45,1.43,0.41
18:29:37:66,3.45,1.53,0.48
18:29:37:83,3.49,1.55,0.47
18:29:37:118,3.46,1.57,0.46
18:29:37:119,3.44,1.62,0.42
18:29:37:136,3.48,1.64,0.40
18:29:37:154,3.53,1.68,0.37
18:29:37:171,3.63,1.72,0.31
18:29:37:171,3.84,1.86,0.34
18:29:37:281,4.29,1.91,0.28
18:29:37:299,4.72,2.02,0.34
18:29:37:317,3.93,1.92,0.21
18:29:37:317,3.21,1.79,0.09
18:29:37:334,3.04,1.71,0.17
18:29:37:334,3.12,1.77,0.45
18:29:37:334,3.48,1.94,0.68
18:29:37:334,3.57,1.67,0.70
18:29:37:334,3.48,1.49,0.77
18:29:37:352,3.36,1.20,0.83
18:29:37:370,3.29,1.00,0.93
18:29:37:385,3.38,0.91,1.06
18:29:37:404,3.50,0.98,1.22
18:29:37:439,3.63,1.39,1.54
18:29:37:456,3.79,0.79,1.80
18:29:37:559,3.51,0.06,2.04
18:29:37:561,3.47,-0.25,2.04
18:29:37:596,3.46,0.48,1.78
18:29:37:632,3.45,0.94,1.37
18:29:37:668,3.43,1.13,1.07
18:29:37:668,3.36,1.20,0.97
18:29:37:688,3.42,1.26,0.95
18:29:37:688,3.50,1.39,0.85
18:29:37:705,3.55,1.52,0.89
18:29:37:723,3.36,1.49,0.91
18:29:37:741,3.23,1.20,0.80
18:29:37:795,3.18,1.15,0.80
18:29:37:813,3.24,1.23,0.84
18:29:37:830,3.32,1.51,0.94
18:29:37:830,3.32,1.60,1.00
18:29:37:864,3.32,1.71,1.21
18:29:37:864,3.33,1.83,1.39
18:29:37:864,3.24,2.03,1.49
18:29:37:864,3.10,1.97,1.37
18:29:37:902,3.03,1.70,1.14
18:29:37:902,3.32,1.77,1.08
18:29:37:902,3.89,1.83,1.16
18:29:37:920,4.29,1.95,1.31
18:29:37:989,4.16,1.66,1.19
18:29:37:989,3.66,1.45,0.89
18:29:38:6,3.32,1.46,0.73
18:29:38:24,3.26,1.54,0.82
18:29:38:59,3.30,1.60,0.85
18:29:38:77,3.37,1.70,0.90
18:29:38:77,3.43,1.70,0.85
18:29:38:131,3.47,1.55,0.86
18:29:38:148,3.47,1.44,0.87
18:29:38:166,3.42,1.28,0.82
18:29:38:202,3.57,1.24,0.82
18:29:38:235,3.57,1.28,0.77
18:29:38:235,3.65,1.38,0.79
18:29:38:253,3.53,1.41,0.85
18:29:38:268,3.27,1.47,0.71
18:29:38:286,3.00,1.52,0.62
18:29:38:303,2.90,1.67,0.65
18:29:38:337,2.95,1.86,0.70
18:29:38:371,3.07,2.23,0.89
18:29:38:388,3.14,2.20,1.12
18:29:38:389,3.18,2.11,1.27
18:29:38:389,3.23,1.90,1.17
18:29:38:424,3.33,1.87,1.34
18:29:38:424,3.53,1.84,1.63
18:29:38:424,3.60,1.47,1.75
18:29:38:442,3.68,1.66,1.79
18:29:38:460,3.67,1.38,1.61
18:29:38:496,3.67,1.20,1.40
18:29:38:514,3.56,1.09,1.19
18:29:38:532,3.52,1.06,1.06
18:29:38:532,3.52,1.22,1.00
18:29:38:550,3.42,1.33,0.99
18:29:38:550,3.36,1.44,1.00
18:29:38:603,3.25,1.46,0.96
18:29:38:620,3.24,1.47,0.93
18:29:38:620,3.33,1.42,0.90
18:29:38:673,3.39,1.36,0.92
18:29:38:745,3.46,1.36,0.97
18:29:38:762,3.53,1.37,0.95
18:29:38:763,3.51,1.39,0.95
18:29:38:763,3.49,1.44,0.97
18:29:38:796,3.43,1.44,0.96
18:29:38:798,3.43,1.46,0.99
18:29:38:816,3.42,1.51,1.05
18:29:38:888,3.39,1.52,1.02
18:29:38:906,3.37,1.53,1.02
18:29:38:940,3.29,1.54,1.04
18:29:38:941,3.31,1.56,1.04
18:29:38:958,3.35,1.58,1.09
18:29:38:993,3.39,1.55,1.08
18:29:38:993,3.42,1.52,1.11
18:29:39:11,3.41,1.50,1.11
18:29:39:62,3.40,1.50,1.09
18:29:39:78,3.40,1.47,1.11
18:29:39:113,3.38,1.47,1.10
18:29:39:131,3.40,1.44,1.10
18:29:39:166,3.35,1.43,1.08
18:29:39:182,3.33,1.44,1.11
18:29:39:182,3.34,1.45,1.12
18:29:39:289,3.36,1.48,1.11
18:29:39:324,3.34,1.50,1.16
18:29:39:342,3.34,1.50,1.13
18:29:39:360,3.35,1.53,1.15
18:29:39:412,3.36,1.56,1.17
18:29:39:428,3.35,1.50,1.13
18:29:39:448,3.37,1.57,1.12
18:29:39:482,3.38,1.58,1.12
18:29:39:482,3.38,1.60,1.14
18:29:39:516,3.33,1.61,1.13
18:29:39:516,3.33,1.58,1.12
18:29:39:534,3.33,1.59,1.09
18:29:39:586,3.35,1.63,1.14
18:29:39:604,3.36,1.62,1.11
18:29:39:621,3.38,1.62,1.04
18:29:39:639,3.34,1.62,1.11
18:29:39:657,3.37,1.58,1.12
18:29:39:675,3.38,1.53,1.11
18:29:39:675,3.40,1.49,1.12
18:29:39:694,3.40,1.46,1.14
18:29:39:730,3.39,1.46,1.09
18:29:39:799,3.39,1.48,1.09
18:29:39:799,3.41,1.49,1.08
18:29:39:816,3.38,1.50,1.10
18:29:39:870,3.38,1.50,1.07
18:29:39:887,3.38,1.50,1.05
18:29:39:902,3.39,1.53,1.08
18:29:39:956,3.38,1.50,1.07
18:29:39:974,3.38,1.51,1.07
18:29:39:990,3.36,1.52,1.07
18:29:39:990,3.37,1.52,1.06
18:29:40:42,3.39,1.51,1.05
18:29:40:42,3.39,1.50,1.07
18:29:40:59,3.40,1.51,1.06
18:29:40:75,3.39,1.53,1.06
18:29:40:144,3.41,1.53,1.11
18:29:40:160,3.40,1.52,1.06
18:29:40:160,3.40,1.52,1.06
18:29:40:180,3.40,1.52,1.08
18:29:40:216,3.39,1.54,1.05
18:29:40:217,3.38,1.54,1.08
18:29:40:234,3.42,1.53,1.05
18:29:40:251,3.43,1.52,1.07
18:29:40:285,3.41,1.53,1.08
18:29:40:300,3.40,1.51,1.09
18:29:40:336,3.38,1.51,1.08
18:29:40:371,3.39,1.49,1.06
18:29:40:389,3.37,1.48,1.06
18:29:40:406,3.38,1.51,1.06
18:29:40:424,3.39,1.51,1.05
18:29:40:476,3.41,1.51,1.02
18:29:40:494,3.40,1.53,1.03
18:29:40:511,3.42,1.52,1.06
18:29:40:527,3.41,1.49,1.05
18:29:40:543,3.40,1.48,1.04
18:29:40:577,3.39,1.48,1.06
18:29:40:577,3.38,1.49,1.05
18:29:40:595,3.37,1.51,1.05
18:29:40:613,3.38,1.49,1.05
18:29:40:613,3.38,1.49,1.04
18:29:40:666,3.39,1.50,1.06
18:29:40:720,3.38,1.50,1.01
18:29:40:737,3.38,1.49,1.06
18:29:40:737,3.40,1.50,1.11
18:29:40:754,3.39,1.51,1.08
18:29:40:791,3.38,1.54,1.08
18:29:40:791,3.38,1.48,1.09
18:29:40:861,3.35,1.48,1.09
18:29:40:878,3.39,1.47,1.10
18:29:40:879,3.38,1.47,1.11
18:29:40:894,3.36,1.37,1.16
18:29:40:911,3.40,1.37,1.18
18:29:40:929,3.35,1.38,1.21
18:29:40:964,3.32,1.37,1.25
18:29:40:982,3.33,1.43,1.35
18:29:41:15,3.34,1.45,1.39
18:29:41:49,3.27,1.45,1.35
18:29:41:67,3.26,1.46,1.29
18:29:41:82,3.15,1.57,1.33
18:29:41:135,2.89,1.75,1.36
18:29:41:153,2.69,1.82,1.25
18:29:41:171,2.94,2.04,1.12
18:29:41:189,3.25,2.42,1.40
18:29:41:243,3.47,2.60,1.53
18:29:41:261,3.69,2.65,1.49
18:29:41:278,3.65,2.56,1.42
18:29:41:278,3.37,2.42,1.26
18:29:41:296,3.03,2.28,1.11
18:29:41:313,2.76,2.21,1.11
18:29:41:332,2.74,2.11,1.09
18:29:41:419,2.90,2.03,1.05
18:29:41:438,2.87,1.87,1.00
18:29:41:438,2.93,1.96,0.92
18:29:41:455,3.06,1.73,0.94
18:29:41:455,3.20,1.73,0.94
18:29:41:490,3.24,1.62,0.93
18:29:41:508,3.26,1.61,0.89
18:29:41:545,3.20,1.56,0.85
18:29:41:564,3.40,1.54,0.84
18:29:41:617,3.81,1.62,0.98
18:29:41:634,4.21,1.66,1.17
18:29:41:652,4.30,1.58,1.05
18:29:41:688,4.44,1.37,0.92
18:29:41:759,4.36,1.20,0.93
18:29:41:826,3.89,1.20,1.02
18:29:41:826,3.22,1.19,0.98
18:29:41:844,2.89,1.05,0.89
18:29:41:862,3.23,1.07,0.86
18:29:41:879,3.76,0.95,0.89
18:29:41:879,4.19,0.85,0.95
18:29:41:982,4.27,0.84,1.11
18:29:41:982,3.79,0.94,1.17
18:29:42:1,3.15,0.91,1.00
18:29:42:2,2.73,0.88,0.88
18:29:42:37,2.59,0.87,0.86
18:29:42:89,2.68,0.91,0.88
18:29:42:106,2.83,1.01,0.88
18:29:42:123,3.04,1.02,0.94
18:29:42:141,3.14,1.19,1.07
18:29:42:141,3.07,1.27,1.20
18:29:42:158,3.10,1.25,1.14
18:29:42:177,3.26,1.39,1.37
18:29:42:215,3.41,1.71,1.64
18:29:42:215,3.45,1.59,1.64
18:29:42:234,3.99,1.54,1.70
18:29:42:298,4.43,1.58,1.80
18:29:42:315,4.64,1.71,1.92
18:29:42:333,4.48,1.72,1.90
18:29:42:333,4.95,2.04,1.99
18:29:42:350,4.82,2.11,2.19
18:29:42:384,4.02,1.79,1.82
18:29:42:400,3.27,1.54,1.26
18:29:42:489,3.42,1.47,1.12
18:29:42:523,3.79,1.54,1.35
18:29:42:524,4.09,1.74,1.43
18:29:42:541,4.23,1.72,1.25
18:29:42:577,4.09,1.52,1.00
18:29:42:577,3.85,1.26,0.77
18:29:42:610,3.53,1.10,0.58
18:29:42:662,3.25,0.89,0.49
18:29:42:681,2.99,1.00,0.52
18:29:42:681,2.85,1.04,0.38
18:29:42:699,2.81,1.21,0.36
18:29:42:735,2.83,1.34,0.42
18:29:42:753,2.90,1.43,0.44
18:29:42:753,2.88,1.51,0.51
18:29:42:770,2.93,1.37,0.53
18:29:42:841,2.93,1.26,0.47
18:29:42:876,3.10,1.13,0.43
18:29:42:876,3.33,1.21,0.56
18:29:42:895,3.55,1.38,0.92
18:29:42:912,3.51,1.44,1.08
18:29:42:930,3.74,1.27,1.03
18:29:42:930,4.92,1.06,0.87
18:29:42:947,4.91,1.26,1.12
18:29:42:982,3.64,1.16,1.07
18:29:43:32,3.06,0.92,0.79
18:29:43:34,3.76,1.34,1.18
18:29:43:50,4.79,1.95,1.82
18:29:43:68,4.90,2.04,1.91
18:29:43:86,4.01,1.28,1.22
18:29:43:103,3.07,0.55,0.97
18:29:43:119,2.58,0.43,1.06
18:29:43:138,2.46,0.59,1.10
18:29:43:156,2.60,1.00,1.00
18:29:43:189,2.90,1.71,0.95
18:29:43:242,3.00,2.17,1.20
18:29:43:261,3.03,2.36,1.36
18:29:43:261,3.02,2.23,1.60
18:29:43:278,3.15,1.93,1.60
18:29:43:296,3.30,1.80,1.57
18:29:43:330,3.59,1.79,1.61
18:29:43:330,4.01,1.87,1.87
18:29:43:398,4.18,1.96,1.97
18:29:43:415,4.05,2.01,1.88
18:29:43:415,3.97,1.91,1.64
18:29:43:433,4.87,2.40,1.96
18:29:43:433,4.63,2.54,2.32
18:29:43:452,3.80,2.29,1.78
18:29:43:487,3.63,2.07,1.27
18:29:43:538,4.01,2.00,1.33
18:29:43:555,4.38,2.00,1.45
18:29:43:573,4.63,1.83,1.36
18:29:43:591,4.48,1.41,1.10
18:29:43:591,4.00,1.04,0.79
18:29:43:624,3.57,0.91,0.59
18:29:43:642,3.35,0.92,0.46
18:29:43:660,3.23,1.07,0.45
18:29:43:678,3.17,1.24,0.48
18:29:43:746,3.06,1.30,0.44
18:29:43:764,2.84,1.47,0.37
18:29:43:764,2.68,1.36,0.31
18:29:43:799,2.50,1.26,0.40
18:29:43:816,2.44,1.23,0.41
18:29:43:834,2.56,1.12,0.41
18:29:43:885,2.77,1.11,0.42
18:29:43:920,3.03,1.22,0.61
18:29:43:920,3.26,1.35,0.80
18:29:43:957,3.45,1.45,0.96
18:29:43:957,3.73,1.38,0.99
18:29:43:991,4.96,1.21,0.87
18:29:44:8,5.51,1.56,1.27
18:29:44:26,3.93,1.69,1.62
18:29:44:60,2.71,1.44,1.36
18:29:44:112,3.26,1.38,1.32
18:29:44:112,4.13,1.30,1.45
18:29:44:129,4.66,1.56,1.53
18:29:44:148,4.23,1.46,1.48
18:29:44:166,3.36,1.00,1.43
18:29:44:200,2.71,0.91,1.46
18:29:44:218,2.54,1.01,1.45
18:29:44:269,2.63,1.36,1.43
18:29:44:286,2.72,1.70,1.41
18:29:44:302,2.89,2.00,1.38
18:29:44:302,2.95,2.15,1.53
18:29:44:338,2.97,2.09,1.55
18:29:44:356,3.06,1.94,1.70
18:29:44:392,3.24,1.81,1.73
18:29:44:408,3.38,1.75,1.71
18:29:44:497,3.74,1.78,1.67
18:29:44:497,3.94,2.00,1.84
18:29:44:515,3.84,2.09,1.83
18:29:44:515,3.71,1.99,1.69
18:29:44:551,3.81,1.97,1.59
18:29:44:551,4.70,2.34,1.93
18:29:44:568,4.27,2.31,2.13
18:29:44:640,3.79,2.07,1.64
18:29:44:659,3.68,1.91,1.25
18:29:44:659,4.09,1.86,1.26
18:29:44:676,4.58,1.78,1.43
18:29:44:692,4.66,1.73,1.37
18:29:44:728,4.14,1.35,1.08
18:29:44:745,3.44,1.04,0.74
18:29:44:782,2.96,1.05,0.59
18:29:44:852,2.80,1.03,0.45
18:29:44:870,2.77,1.11,0.50
18:29:44:870,2.88,1.26,0.59
18:29:44:870,2.90,1.24,0.65
18:29:44:888,2.98,1.28,0.61
18:29:44:908,2.89,1.26,0.57
18:29:44:942,2.75,1.13,0.54
18:29:45:13,2.65,1.11,0.54
18:29:45:46,2.63,1.04,0.51
18:29:45:47,2.87,1.02,0.57
18:29:45:65,3.28,1.14,0.79
18:29:45:83,3.75,1.25,0.98
18:29:45:99,3.82,1.32,1.17
18:29:45:116,4.08,1.25,1.09
18:29:45:150,5.21,1.24,1.02
18:29:45:166,5.24,1.50,1.35
18:29:45:237,3.97,1.73,1.53
18:29:45:255,2.88,1.57,1.27
18:29:45:255,3.45,1.73,1.50
18:29:45:290,4.25,1.69,1.84
18:29:45:360,4.35,1.82,1.73
18:29:45:377,3.77,1.69,1.31
18:29:45:377,3.22,1.22,0.98
18:29:45:396,2.63,0.88,1.11
18:29:45:396,2.46,0.75,1.06
18:29:45:396,2.58,1.08,0.97
18:29:45:415,2.75,1.70,0.97
18:29:45:449,2.88,2.16,1.14
18:29:45:465,2.88,2.40,1.40
18:29:45:484,2.79,2.05,1.43
18:29:45:540,2.90,1.81,1.39
18:29:45:558,3.13,1.56,1.38
18:29:45:558,3.44,1.39,1.44
18:29:45:575,3.70,1.34,1.40
18:29:45:610,3.89,1.45,1.45
18:29:45:627,3.91,1.69,1.63
18:29:45:644,3.68,1.78,1.73
18:29:45:712,3.46,1.89,1.67
18:29:45:795,3.90,2.05,1.67
18:29:45:797,4.81,2.50,2.19
18:29:45:797,4.82,2.57,2.48
18:29:45:833,4.22,2.07,1.90
18:29:45:850,4.23,1.63,1.22
18:29:45:868,4.40,1.41,1.14
18:29:45:903,4.63,1.30,1.22
18:29:45:921,4.43,1.35,1.16
18:29:45:939,3.65,1.14,0.89
18:29:45:939,3.11,1.06,0.72
18:29:45:975,2.77,1.17,0.55
18:29:46:29,2.82,1.14,0.31
18:29:46:100,3.00,1.39,0.35
18:29:46:119,3.10,1.38,0.41
18:29:46:156,3.13,1.53,0.54
18:29:46:173,3.09,1.48,0.46
18:29:46:191,2.91,1.33,0.28
18:29:46:191,2.74,1.19,0.17
18:29:46:206,2.56,1.25,0.27
18:29:46:264,2.50,1.33,0.24
18:29:46:299,2.55,1.47,0.34
18:29:46:317,2.66,1.66,0.55
18:29:46:478,2.94,1.83,0.77
18:29:46:531,3.29,1.94,1.10
18:29:46:637,3.61,1.83,1.30
18:29:46:692,4.21,1.59,1.19
18:29:46:709,5.51,1.36,1.04
18:29:46:826,5.77,1.49,1.44
18:29:46:861,4.20,1.33,1.74
18:29:46:879,2.47,0.99,1.42
18:29:46:897,2.48,1.12,1.09
18:29:46:915,3.39,1.71,1.49
18:29:46:933,4.15,2.29,1.92
18:29:47:22,4.14,2.14,2.00
18:29:47:56,3.66,1.53,1.71
18:29:47:56,3.00,0.98,1.58
18:29:47:56,2.72,1.01,1.42
18:29:47:257,2.72,1.46,1.23
18:29:47:257,2.75,2.05,1.08
18:29:47:257,2.98,2.37,0.97
18:29:47:257,3.21,2.59,1.09
18:29:47:435,3.28,2.26,1.34
18:29:47:435,3.18,1.92,1.37
18:29:47:438,2.99,1.50,1.26
18:29:47:456,3.06,1.27,1.23
18:29:47:546,3.15,1.30,1.27
18:29:47:546,3.22,1.93,1.36
18:29:47:546,3.34,1.05,1.34
18:29:47:546,3.49,0.56,1.41
18:29:47:581,3.58,0.64,1.43
18:29:47:597,3.68,1.11,1.43
18:29:47:599,3.75,1.15,1.41
18:29:47:669,3.57,1.81,1.36
18:29:47:741,3.60,2.20,1.34
18:29:47:777,3.89,2.39,1.37
18:29:47:777,4.26,2.39,1.54
18:29:47:777,3.98,2.45,1.44
18:29:47:795,3.75,2.07,1.17
18:29:47:795,3.39,1.07,1.11
18:29:47:813,3.25,1.53,1.11
18:29:47:972,3.41,1.63,0.90
18:29:47:972,3.57,1.91,0.76
18:29:47:972,3.73,2.13,0.71
18:29:47:972,3.63,2.11,0.59
18:29:47:972,3.43,1.88,0.36
18:29:47:972,3.29,1.70,0.25
18:29:47:972,3.25,1.79,0.21
18:29:48:60,3.30,1.97,0.17
18:29:48:60,3.36,2.14,0.10
18:29:48:60,3.48,2.37,0.10
18:29:48:60,3.65,2.51,0.10
18:29:48:60,3.89,2.54,0.04
18:29:48:60,4.03,2.41,-0.04
18:29:48:60,4.00,2.21,-0.11
18:29:48:79,3.92,2.00,-0.09
18:29:48:132,3.90,1.88,-0.03
18:29:48:132,3.97,1.93,-0.00
18:29:48:132,4.06,1.96,0.05
18:29:48:132,4.19,2.03,0.06
18:29:48:150,4.29,2.06,0.12
18:29:48:150,4.11,2.04,0.21
18:29:48:150,3.69,2.03,0.40
18:29:48:167,3.64,1.80,0.41
18:29:48:167,3.58,1.64,0.44
18:29:48:167,3.75,1.37,0.45
18:29:48:184,3.71,1.07,0.36
18:29:48:218,3.51,1.00,0.46
18:29:48:255,3.49,1.15,0.66
18:29:48:255,3.39,1.37,0.90
18:29:48:272,3.27,1.43,1.00
18:29:48:308,3.13,1.42,1.14
18:29:48:308,3.13,1.48,1.18
18:29:48:326,3.33,1.40,1.17
18:29:48:326,3.44,1.24,1.20
18:29:48:326,3.50,1.08,1.31
18:29:48:326,3.53,1.04,1.45
18:29:48:326,3.50,1.06,1.55
18:29:48:414,3.45,1.13,1.55
18:29:48:414,3.50,1.17,1.51
18:29:48:414,3.50,1.21,1.51
18:29:48:414,3.54,1.17,1.54
18:29:48:469,3.62,1.15,1.57
18:29:48:487,3.55,1.11,1.47
18:29:48:504,3.53,0.99,1.38
18:29:48:504,3.49,1.03,1.35
18:29:48:608,3.38,1.01,1.28
18:29:48:625,3.30,1.00,1.22
18:29:48:661,3.26,1.08,1.17
18:29:48:745,3.42,1.11,1.18
18:29:48:815,3.60,1.11,1.23
18:29:48:834,3.62,1.14,1.23
18:29:48:867,3.47,1.13,1.18
18:29:48:867,3.34,1.17,1.14
18:29:48:884,3.37,1.22,1.11
18:29:48:884,3.46,1.19,1.12
18:29:48:884,3.54,1.25,1.11
18:29:48:955,3.60,1.21,1.06
18:29:48:990,3.65,1.21,1.01
18:29:48:990,3.77,1.27,1.01
18:29:49:26,3.73,1.28,0.97
18:29:49:45,3.70,1.34,0.93
18:29:49:45,3.61,1.45,0.87
18:29:49:45,3.35,1.54,0.91
18:29:49:62,3.20,1.61,0.96
18:29:49:62,3.22,1.67,1.03
18:29:49:81,3.21,1.70,1.04
18:29:49:134,3.15,1.63,0.98
18:29:49:167,3.63,1.60,0.95
18:29:49:167,4.15,1.73,1.13
18:29:49:220,3.54,1.61,1.27
18:29:49:220,3.01,1.62,1.19
18:29:49:220,2.89,1.67,1.16
18:29:49:238,3.11,1.64,1.19
18:29:49:238,3.36,1.79,1.32
18:29:49:255,3.55,1.78,1.50
18:29:49:329,3.56,1.61,1.59
18:29:49:381,3.47,1.49,1.69
18:29:49:381,3.42,1.42,1.73
18:29:49:399,3.40,1.40,1.81
18:29:49:452,3.42,1.22,1.72
18:29:49:470,3.55,1.13,1.51
18:29:49:505,3.54,1.22,1.39
18:29:49:542,3.52,1.32,1.34
18:29:49:542,3.42,1.30,1.25
18:29:49:542,3.29,1.23,1.18
18:29:49:542,3.23,1.31,1.12
18:29:49:578,3.26,1.41,1.08
18:29:49:578,3.27,1.50,1.06
18:29:49:578,3.27,1.53,1.04
18:29:49:612,3.27,1.55,0.96
18:29:49:721,3.25,1.57,0.97
18:29:49:739,3.23,1.63,1.06
18:29:49:739,3.26,1.64,1.07
18:29:49:739,3.29,1.62,1.13
18:29:49:757,3.31,1.59,1.17
18:29:49:757,3.30,1.60,1.21
18:29:49:794,3.31,1.58,1.22
18:29:49:899,3.34,1.56,1.24
18:29:49:934,3.33,1.59,1.24
18:29:49:934,3.29,1.60,1.24
18:29:49:934,3.34,1.61,1.24
18:29:49:950,3.34,1.63,1.23
18:29:49:969,3.39,1.60,1.17
18:29:50:24,3.37,1.55,1.18
18:29:50:41,3.38,1.54,1.15
18:29:50:41,3.33,1.53,1.14
18:29:50:97,3.30,1.52,1.10
18:29:50:97,3.30,1.49,1.06
18:29:50:97,3.31,1.50,1.09
18:29:50:132,3.30,1.50,1.10
18:29:50:132,3.30,1.53,1.12
18:29:50:150,3.29,1.52,1.09
18:29:50:185,3.31,1.51,1.10
18:29:50:202,3.34,1.54,1.15
18:29:50:202,3.35,1.54,1.17
18:29:50:237,3.36,1.52,1.18
18:29:50:237,3.36,1.54,1.21
18:29:50:237,3.35,1.56,1.25
18:29:50:291,3.33,1.58,1.28
18:29:50:328,3.30,1.60,1.29
18:29:50:345,3.29,1.61,1.37
18:29:50:399,3.30,1.62,1.35
18:29:50:415,3.32,1.61,1.36
18:29:50:415,3.29,1.62,1.33
18:29:50:436,3.30,1.65,1.30
18:29:50:453,3.29,1.68,1.26
18:29:50:453,3.30,1.71,1.21
18:29:50:504,3.32,1.71,1.19
18:29:50:609,3.33,1.68,1.14
18:29:50:609,3.34,1.64,1.11
18:29:50:626,3.38,1.61,1.10
18:29:50:661,3.36,1.58,1.10
18:29:50:661,3.36,1.54,1.05
18:29:50:661,3.34,1.51,1.08
18:29:50:679,3.33,1.49,1.08
18:29:50:679,3.34,1.51,1.13
18:29:50:697,3.32,1.45,1.13
18:29:50:788,3.32,1.47,1.15
18:29:50:805,3.33,1.46,1.19
18:29:50:857,3.36,1.46,1.19
18:29:50:928,3.38,1.47,1.21
18:29:50:945,3.33,1.51,1.19
18:29:51:12,3.34,1.54,1.17
18:29:51:47,3.31,1.58,1.21
18:29:51:63,3.33,1.59,1.15
18:29:51:118,3.34,1.63,1.16
18:29:51:224,3.32,1.63,1.14
18:29:51:277,3.34,1.64,1.12
18:29:51:330,3.31,1.66,1.14
18:29:51:348,3.33,1.63,1.15
18:29:51:366,3.35,1.62,1.11
18:29:51:366,3.33,1.59,1.12
18:29:51:419,3.33,1.59,1.13
18:29:51:419,3.33,1.55,1.15
18:29:51:468,3.37,1.56,1.11
18:29:51:468,3.40,1.53,1.15
18:29:51:503,3.35,1.51,1.17
18:29:51:503,3.33,1.49,1.20
18:29:51:504,3.36,1.47,1.18
18:29:51:504,3.37,1.43,1.17
18:29:51:521,3.40,1.47,1.21
18:29:51:538,3.36,1.44,1.17
18:29:51:538,3.34,1.44,1.19
18:29:51:538,3.30,1.40,1.19
18:29:51:558,3.30,1.37,1.16
18:29:51:594,3.33,1.43,1.16
18:29:51:663,3.31,1.42,1.17
18:29:51:663,3.32,1.43,1.10
18:29:51:663,3.35,1.48,1.08
18:29:51:663,3.37,1.61,1.14
18:29:51:681,3.36,1.59,1.15
18:29:51:681,3.22,1.56,1.10
18:29:51:681,3.01,1.66,1.04
18:29:51:716,2.81,1.77,1.06
18:29:51:716,2.97,1.98,1.03
18:29:51:716,3.40,2.58,1.18
18:29:51:734,3.65,2.81,1.36
18:29:51:753,3.63,2.66,1.38
18:29:51:786,3.41,2.45,1.28
18:29:51:803,3.11,2.31,1.24
18:29:51:891,2.95,2.27,1.36
18:29:51:892,2.90,2.35,1.43
18:29:51:892,2.98,2.38,1.36
18:29:51:892,3.06,2.38,1.37
18:29:51:910,3.10,2.43,1.42
18:29:51:945,3.10,2.37,1.42
18:29:51:962,3.14,2.25,1.29
18:29:52:18,3.02,2.25,1.28
18:29:52:36,3.00,2.19,1.19
18:29:52:36,2.93,2.14,1.13
18:29:52:36,2.83,2.05,1.04
18:29:52:52,2.75,2.02,1.06
18:29:52:69,2.78,2.02,1.05
18:29:52:69,2.94,2.03,1.04
18:29:52:87,3.07,1.99,1.06
18:29:52:121,3.21,1.85,1.04
18:29:52:123,3.92,1.71,0.89
18:29:52:123,4.53,1.60,0.92
18:29:52:141,4.27,1.51,1.14
18:29:52:141,3.84,1.29,1.15
18:29:52:158,3.75,1.05,0.98
18:29:52:194,3.66,0.82,0.86
18:29:52:231,3.58,0.53,0.68
18:29:52:249,3.76,0.54,0.64
18:29:52:249,3.97,0.44,0.71
18:29:52:249,4.10,0.57,0.67
18:29:52:266,3.90,0.81,0.80
18:29:52:302,3.47,0.83,0.93
18:29:52:354,3.00,0.79,0.96
18:29:52:407,2.66,0.92,0.89
18:29:52:441,2.59,0.98,0.81
18:29:52:583,2.82,1.27,0.81
18:29:52:583,3.12,1.49,0.98
18:29:52:599,3.32,1.74,1.02
18:29:52:617,3.32,1.97,1.18
18:29:52:634,3.29,2.04,1.33
18:29:52:634,3.27,1.98,1.40
18:29:52:672,3.22,2.00,1.56
18:29:52:725,3.32,2.24,1.85
18:29:52:743,3.71,2.30,1.95
18:29:52:778,4.09,2.35,1.91
18:29:52:778,4.33,2.28,1.97
18:29:52:832,4.24,2.23,1.93
18:29:52:850,4.49,2.46,1.92
18:29:52:850,4.86,2.90,2.34
18:29:52:850,4.32,2.78,2.14
18:29:52:850,3.45,2.17,1.48
18:29:52:850,3.07,1.79,1.11
18:29:52:850,3.42,1.77,1.20
18:29:52:885,4.08,1.90,1.36
18:29:52:940,4.35,1.85,1.38
18:29:52:958,4.59,1.64,1.20
18:29:52:975,4.37,1.25,0.91
18:29:52:993,3.98,0.95,0.83
18:29:53:29,3.64,0.69,0.73
18:29:53:46,3.43,0.85,0.72
18:29:53:99,3.29,0.98,0.67
18:29:53:171,3.07,1.01,0.58
18:29:53:171,2.89,1.20,0.50
18:29:53:171,2.89,1.32,0.40
18:29:53:207,2.83,1.28,0.39
18:29:53:225,2.93,1.31,0.51
18:29:53:260,2.99,1.23,0.60
18:29:53:277,3.26,1.20,0.66
18:29:53:313,3.63,1.11,0.59
18:29:53:368,3.95,1.13,0.69
18:29:53:385,4.06,1.07,0.79
18:29:53:457,4.25,0.94,0.84
18:29:53:493,5.38,0.86,0.89
18:29:53:527,5.13,1.03,1.06
18:29:53:545,3.16,0.89,1.07
18:29:53:545,3.06,1.31,1.14
18:29:53:562,3.79,1.53,1.37
18:29:53:578,4.51,1.49,1.49
18:29:53:683,4.29,1.40,1.32
18:29:53:752,3.53,1.05,0.98
18:29:53:770,2.92,0.75,0.98
18:29:53:787,2.72,0.70,1.10
18:29:53:787,2.76,1.05,0.97
18:29:53:839,3.12,1.57,1.03
18:29:53:877,3.29,2.13,1.10
18:29:53:895,3.24,2.13,1.10
18:29:53:895,3.19,2.28,1.24
18:29:53:895,3.03,2.08,1.47
18:29:53:912,3.19,2.06,1.70
18:29:53:912,3.48,1.97,1.67
18:29:53:912,3.62,1.93,1.64
18:29:53:912,3.71,1.89,1.71
18:29:53:927,3.74,1.86,1.76
18:29:53:929,3.57,1.90,1.71
18:29:53:948,3.59,2.00,1.59
18:29:54:20,4.30,2.54,1.76
18:29:54:20,5.06,3.20,2.56
18:29:54:20,4.22,2.86,2.35
18:29:54:20,3.94,2.43,1.53
18:29:54:20,4.51,2.36,1.32
18:29:54:36,5.07,2.28,1.51
18:29:54:36,5.52,2.03,1.47
18:29:54:54,5.22,1.50,1.09
18:29:54:56,4.42,0.85,0.70
18:29:54:56,3.77,0.58,0.64
18:29:54:56,3.42,0.60,0.55
18:29:54:73,3.24,0.79,0.42
18:29:54:92,3.08,1.10,0.42
18:29:54:92,3.08,1.37,0.38
18:29:54:109,3.06,1.60,0.39
18:29:54:179,2.97,1.57,0.38
18:29:54:179,2.77,1.48,0.29
18:29:54:198,2.62,1.19,0.29
18:29:54:217,2.48,1.02,0.33
18:29:54:234,2.52,0.95,0.33
18:29:54:234,2.85,0.98,0.44
18:29:54:252,3.15,1.13,0.66
18:29:54:252,3.38,1.26,0.87
18:29:54:287,3.49,1.27,0.99
18:29:54:339,3.99,1.16,1.07
18:29:54:392,4.78,1.15,1.03
18:29:54:410,4.47,1.28,1.16
18:29:54:410,3.40,1.45,1.26
18:29:54:426,3.15,1.33,1.06
18:29:54:444,3.98,1.48,1.18
18:29:54:479,4.81,1.69,1.66
18:29:54:479,4.97,2.15,2.01
18:29:54:566,4.15,1.89,1.63
18:29:54:600,3.29,1.63,1.21
18:29:54:615,2.72,1.14,1.06
18:29:54:633,2.81,1.20,1.23
18:29:54:633,2.98,1.62,1.08
18:29:54:649,3.23,2.00,1.08
18:29:54:666,3.28,2.39,1.46
18:29:54:767,3.12,2.60,1.76
18:29:54:767,2.95,2.54,1.64
18:29:54:802,2.97,2.43,1.73
18:29:54:838,3.17,2.38,1.88
18:29:54:838,3.41,2.20,1.97
18:29:54:875,3.56,1.99,1.97
18:29:54:911,3.70,1.81,1.91
18:29:54:964,3.74,1.78,1.84
18:29:54:964,3.89,1.93,1.74
18:29:54:998,5.08,2.49,2.08
18:29:55:72,5.00,2.64,2.50
18:29:55:89,4.18,2.21,1.72
18:29:55:89,4.39,2.06,1.16
18:29:55:107,4.87,1.92,1.19
18:29:55:126,5.06,1.91,1.23
18:29:55:126,5.08,1.82,1.27
18:29:55:144,4.57,1.36,1.03
18:29:55:161,3.73,0.83,0.68
18:29:55:162,3.19,0.59,0.42
18:29:55:179,2.99,0.62,0.30
18:29:55:197,2.82,0.85,0.24
18:29:55:251,2.84,1.03,0.25
18:29:55:251,2.89,1.27,0.28
18:29:55:267,2.84,1.45,0.35
18:29:55:284,2.83,1.53,0.40
18:29:55:319,2.68,1.25,0.34
18:29:55:321,2.64,0.96,0.27
18:29:55:337,2.61,0.89,0.23
18:29:55:388,2.86,0.90,0.33
18:29:55:443,3.33,1.16,0.56
18:29:55:461,3.60,1.43,0.91
18:29:55:461,3.87,1.52,1.11
18:29:55:480,4.62,1.31,1.11
18:29:55:498,5.33,1.28,1.12
18:29:55:516,4.63,1.41,1.52
18:29:55:516,3.36,1.32,1.52
18:29:55:533,3.54,1.40,1.64
18:29:55:584,4.27,1.23,1.83
18:29:55:603,4.83,1.36,1.89
18:29:55:653,4.40,1.67,1.65
18:29:55:673,3.44,1.25,1.17
18:29:55:691,2.83,1.22,1.22
18:29:55:726,2.59,1.25,1.30
18:29:55:726,2.65,1.46,1.09
18:29:55:852,2.91,1.93,1.10
18:29:55:870,3.08,2.41,1.21
18:29:55:887,3.01,2.55,1.21
18:29:55:904,2.88,2.44,1.28
18:29:55:922,2.77,2.30,1.44
18:29:55:974,2.89,2.00,1.54
18:29:56:10,3.12,1.91,1.58
18:29:56:27,3.31,1.96,1.59
18:29:56:44,3.42,2.05,1.69
18:29:56:62,3.48,2.12,1.71
18:29:56:78,3.60,2.16,1.75
18:29:56:147,3.80,2.01,1.71
18:29:56:183,5.10,2.30,2.03
18:29:56:217,5.40,2.32,2.27
18:29:56:217,4.61,2.04,1.87
18:29:56:234,3.80,1.70,1.14
18:29:56:252,4.04,1.68,1.10
18:29:56:269,4.22,1.56,1.13
18:29:56:287,4.27,1.51,1.06
18:29:56:341,4.15,1.39,0.92
18:29:56:393,3.81,1.17,0.76
18:29:56:393,3.52,1.02,0.67
18:29:56:393,3.34,1.03,0.61
18:29:56:428,3.30,1.00,0.37
18:29:56:428,3.15,1.02,0.29
18:29:56:447,3.01,1.09,0.27
18:29:56:467,2.92,1.15,0.36
18:29:56:519,2.84,1.16,0.36
18:29:56:537,2.77,1.14,0.26
18:29:56:555,2.65,1.15,0.27
18:29:56:573,2.60,1.25,0.45
18:29:56:573,2.64,1.20,0.51
18:29:56:588,2.86,1.15,0.55
18:29:56:606,3.34,1.20,0.81
18:29:56:626,3.66,1.27,1.11
18:29:56:643,3.70,1.19,1.20
18:29:56:712,4.08,0.80,1.11
18:29:56:713,5.20,0.71,0.87
18:29:56:785,5.88,1.32,1.15
18:29:56:818,4.21,1.32,1.31
18:29:56:820,3.13,1.60,1.31
18:29:56:852,3.22,2.09,1.70
18:29:56:869,3.95,2.20,1.96
18:29:56:887,4.52,2.05,1.59
18:29:56:904,4.49,1.71,1.29
18:29:56:904,3.82,0.76,0.94
18:29:56:974,3.23,0.30,0.99
18:29:56:974,3.02,0.51,0.97
18:29:56:991,2.98,0.90,0.81
18:29:57:27,3.00,1.28,0.62
18:29:57:82,3.17,1.64,0.69
18:29:57:100,3.21,1.69,0.78
18:29:57:118,3.09,1.72,0.78
18:29:57:118,2.95,1.65,0.83
18:29:57:135,3.01,1.62,0.92
18:29:57:153,3.21,1.59,1.09
18:29:57:189,3.44,1.41,1.15
18:29:57:241,3.65,1.12,1.07
18:29:57:259,3.76,0.91,0.97
18:29:57:259,3.82,0.88,0.95
18:29:57:277,3.67,1.00,0.96
18:29:57:310,3.48,1.10,0.90
18:29:57:315,3.52,1.23,0.86
18:29:57:332,3.48,1.36,0.88
18:29:57:332,3.97,1.52,0.97
18:29:57:350,4.90,1.94,1.29
18:29:57:366,4.33,1.66,1.10
18:29:57:490,3.86,1.36,0.74
18:29:57:526,3.65,1.15,0.67
18:29:57:545,3.77,0.94,0.83
18:29:57:546,4.13,0.69,0.83
18:29:57:668,4.11,0.31,0.83
18:29:57:687,4.03,0.40,0.83
18:29:57:687,3.83,0.32,0.78
18:29:57:703,3.70,0.56,0.75
18:29:57:705,3.74,0.57,0.66
18:29:57:722,3.80,0.56,0.57
18:29:57:777,3.83,0.57,0.51
18:29:57:794,3.74,0.79,0.42
18:29:57:848,3.83,1.05,0.50
18:29:57:848,3.94,1.26,0.56
18:29:57:866,3.91,1.25,0.51
18:29:57:884,3.81,1.20,0.37
18:29:57:936,3.74,1.18,0.35
18:29:57:973,3.74,1.30,0.33
18:29:57:973,3.77,1.44,0.24
18:29:57:973,3.70,1.51,0.16
18:29:57:973,3.59,1.58,0.04
18:29:57:973,3.54,1.62,-0.03
18:29:57:973,3.56,1.73,-0.13
18:29:58:9,3.54,1.89,-0.20
18:29:58:27,3.51,2.00,-0.19
18:29:58:28,3.47,2.13,-0.13
18:29:58:46,3.53,2.15,-0.10
18:29:58:64,3.53,2.07,-0.13
18:29:58:65,3.50,2.06,-0.03
18:29:58:82,3.48,1.97,0.02
18:29:58:151,3.74,1.92,0.02
18:29:58:183,4.20,1.94,0.12
18:29:58:235,4.44,1.94,0.23
18:29:58:252,4.04,1.84,0.23
18:29:58:269,3.37,1.59,0.25
18:29:58:290,3.04,1.51,0.30
18:29:58:325,3.04,1.67,0.57
18:29:58:346,3.24,1.75,0.82
18:29:58:364,3.34,1.69,0.94
18:29:58:381,3.43,1.64,1.11
18:29:58:400,3.24,1.40,1.28
18:29:58:435,3.22,1.17,1.28
18:29:58:507,3.20,1.21,1.27
18:29:58:507,3.13,1.47,1.34
18:29:58:525,3.14,1.45,1.18
18:29:58:525,3.16,1.63,1.26
18:29:58:542,3.19,1.47,1.25
18:29:58:560,3.28,1.66,1.31
18:29:58:577,3.30,1.70,1.26
18:29:58:613,3.25,1.69,1.18
18:29:58:648,3.29,1.54,1.40
18:29:58:665,3.36,1.46,1.48
18:29:58:699,3.36,1.45,1.52
18:29:58:699,3.36,1.49,1.47
18:29:58:699,3.32,1.48,1.41
18:29:58:718,3.24,1.48,1.49
18:29:58:736,3.26,1.63,1.40
18:29:58:772,3.23,1.71,1.37
18:29:58:790,3.22,1.27,1.34
18:29:58:808,3.20,1.26,1.32
18:29:58:826,3.34,1.27,1.23
18:29:58:879,3.55,1.65,1.17
18:29:58:879,3.60,1.88,1.12
18:29:58:897,3.61,1.83,1.05
18:29:58:915,3.66,1.64,0.92
18:29:58:915,3.65,1.46,0.88
18:29:58:931,3.67,1.65,0.99
18:29:58:950,3.63,1.69,0.99
18:29:59:3,3.41,1.77,0.91
18:29:59:38,3.22,1.62,0.72
18:29:59:56,3.11,1.55,0.63
18:29:59:73,3.18,1.53,0.74
18:29:59:91,3.57,1.58,0.83
18:29:59:110,3.59,1.55,0.89
18:29:59:111,3.48,1.40,0.76
18:29:59:128,3.65,1.30,0.71
18:29:59:147,3.65,1.30,0.77
18:29:59:147,3.60,1.46,0.77
18:29:59:164,3.36,1.54,0.77
18:29:59:183,3.24,1.65,0.83
18:29:59:272,3.21,1.74,0.94
18:29:59:289,3.18,1.63,1.00
18:29:59:290,3.15,1.51,1.13
18:29:59:308,3.15,1.39,1.25
18:29:59:308,3.18,1.31,1.31
18:29:59:328,3.31,1.28,1.33
18:29:59:414,3.56,1.28,1.39
18:29:59:416,3.81,1.25,1.52
18:29:59:451,3.77,1.29,1.59
18:29:59:451,3.53,1.21,1.40
18:29:59:503,3.32,1.26,1.16
18:29:59:504,3.32,1.40,1.16
18:29:59:522,3.33,1.52,1.19
18:29:59:523,3.38,1.65,1.22
18:29:59:594,3.40,1.71,1.20
18:29:59:628,3.35,1.69,1.07
18:29:59:630,3.33,1.64,1.01
18:29:59:647,3.32,1.56,1.01
18:29:59:666,3.32,1.52,0.94
18:29:59:666,3.33,1.56,0.89
18:29:59:683,3.31,1.58,0.89
18:29:59:756,3.32,1.63,0.90
18:29:59:825,3.35,1.67,0.91
18:29:59:827,3.35,1.63,0.92
18:29:59:845,3.36,1.62,0.90
18:29:59:880,3.42,1.58,0.90
18:29:59:951,3.43,1.55,0.97
18:29:59:968,3.41,1.54,0.99
18:29:59:984,3.42,1.52,1.05
18:30:0:17,3.42,1.47,1.05
18:30:0:35,3.41,1.47,1.07
18:30:0:52,3.39,1.42,1.15
18:30:0:71,3.38,1.44,1.23
18:30:0:126,3.39,1.46,1.21
18:30:0:144,3.40,1.43,1.23
18:30:0:144,3.43,1.44,1.20
18:30:0:161,3.46,1.48,1.18
18:30:0:196,3.44,1.51,1.17
18:30:0:196,3.42,1.51,1.14
18:30:0:214,3.38,1.51,1.09
18:30:0:286,3.38,1.51,1.04
18:30:0:321,3.37,1.55,1.04
18:30:0:321,3.37,1.57,1.02
18:30:0:338,3.39,1.57,0.97
18:30:0:375,3.40,1.59,0.97
18:30:0:392,3.36,1.62,0.98
18:30:0:392,3.35,1.63,0.97
18:30:0:410,3.35,1.62,0.93
18:30:0:427,3.35,1.61,0.99
18:30:0:477,3.38,1.59,1.01
18:30:0:495,3.39,1.58,1.03
18:30:0:512,3.38,1.60,1.05
18:30:0:545,3.35,1.56,1.05
18:30:0:564,3.35,1.52,1.07
18:30:0:581,3.38,1.52,1.10
18:30:0:650,3.37,1.52,1.09
18:30:0:738,3.35,1.55,1.11
18:30:0:756,3.35,1.54,1.10
18:30:0:774,3.38,1.56,1.08
18:30:0:809,3.37,1.57,1.04
18:30:0:862,3.36,1.60,1.08
18:30:0:881,3.39,1.60,1.08
18:30:0:899,3.36,1.61,1.03
18:30:0:917,3.35,1.60,1.02
18:30:0:917,3.35,1.62,1.04
18:30:0:935,3.32,1.61,1.06
18:30:0:953,3.33,1.62,1.06
18:30:1:24,3.36,1.60,1.04
18:30:1:42,3.35,1.58,1.05
18:30:1:42,3.37,1.60,1.05
18:30:1:42,3.35,1.60,1.06
18:30:1:60,3.35,1.59,1.07
18:30:1:78,3.37,1.60,1.06
18:30:1:97,3.36,1.57,1.06
18:30:1:97,3.38,1.56,1.02
18:30:1:114,3.35,1.59,1.09
18:30:1:167,3.28,1.58,1.09
18:30:1:239,3.24,1.60,1.16
18:30:1:277,3.13,1.57,1.18
18:30:1:295,3.05,1.59,1.10
18:30:1:295,3.20,1.72,1.05
18:30:1:295,3.39,1.80,1.10
18:30:1:312,3.30,1.87,1.16
18:30:1:330,3.27,1.95,1.23
18:30:1:349,3.30,2.06,1.22
18:30:1:402,3.36,2.21,1.26
18:30:1:420,3.32,2.21,1.29
18:30:1:420,3.28,2.19,1.37
18:30:1:438,3.15,2.06,1.26
18:30:1:457,3.07,1.96,1.31
18:30:1:474,3.17,1.96,1.25
18:30:1:474,3.23,1.94,1.23
18:30:1:492,3.17,2.04,1.22
18:30:1:545,3.06,2.04,1.22
18:30:1:563,3.05,2.02,1.20
18:30:1:581,3.05,1.94,1.18
18:30:1:598,3.03,1.96,1.18
18:30:1:616,2.95,1.98,1.22
18:30:1:633,2.94,2.11,1.13
18:30:1:669,2.96,2.08,1.12
18:30:1:739,2.98,2.10,1.08
18:30:1:757,3.02,2.00,1.09
18:30:1:757,3.18,1.96,1.15
18:30:1:812,3.38,1.93,1.14
18:30:1:830,3.51,1.86,1.06
18:30:1:848,3.69,1.83,1.00
18:30:1:848,3.76,1.75,1.09
18:30:1:884,4.02,1.63,1.06
18:30:1:938,4.18,1.47,0.97
18:30:1:938,4.09,1.31,0.93
18:30:1:970,3.76,1.22,0.89
18:30:1:987,3.32,1.08,0.89
18:30:2:40,2.78,1.08,0.84
18:30:2:40,2.52,0.98,0.73
18:30:2:76,2.87,1.01,0.74
18:30:2:94,3.33,0.96,0.88
18:30:2:112,3.73,0.96,0.92
18:30:2:129,4.00,1.12,1.01
18:30:2:130,3.87,1.27,1.17
18:30:2:147,3.46,1.37,1.14
18:30:2:164,3.16,1.32,1.08
18:30:2:181,3.08,1.32,1.03
18:30:2:183,3.15,1.15,0.99
18:30:2:183,3.26,1.12,1.06
18:30:2:203,3.29,1.13,1.15
18:30:2:220,3.17,1.11,1.07
18:30:2:220,3.11,1.17,1.15
18:30:2:291,3.16,1.26,1.19
18:30:2:309,3.25,1.51,1.23
18:30:2:326,3.33,1.42,1.50
18:30:2:326,3.49,1.71,1.30
18:30:2:346,3.71,1.31,1.52
18:30:2:346,4.00,1.49,1.60
18:30:2:346,4.09,1.66,1.29
18:30:2:433,4.25,2.87,1.64
18:30:2:471,4.51,2.00,1.66
18:30:2:471,5.13,1.65,2.10
18:30:2:488,4.75,1.36,2.06
18:30:2:504,3.77,0.79,1.56
18:30:2:506,3.46,1.00,1.20
18:30:2:524,3.50,1.24,1.27
18:30:2:541,3.83,1.51,1.31
18:30:2:563,4.15,1.55,0.98
18:30:2:580,4.15,1.65,0.75
18:30:2:580,3.84,1.55,0.64
18:30:2:652,3.58,1.43,0.58
18:30:2:688,3.41,1.28,0.57
18:30:2:707,3.35,1.10,0.54
18:30:2:723,3.29,1.07,0.60
18:30:2:724,3.20,0.99,0.52
18:30:2:742,2.94,1.17,0.53
18:30:2:759,2.80,1.42,0.71
18:30:2:760,2.72,1.46,0.69
18:30:2:873,2.63,1.56,0.74
18:30:2:890,2.60,1.48,0.81
18:30:2:892,2.74,1.38,0.79
18:30:2:927,3.06,1.39,0.86
18:30:3:36,3.49,1.41,1.00
18:30:3:36,3.81,1.38,1.11
18:30:3:54,4.24,1.21,1.05
18:30:3:72,4.46,0.92,0.83
18:30:3:89,5.07,1.06,1.03
18:30:3:107,3.86,1.24,1.29
18:30:3:107,2.88,0.81,0.94
18:30:3:124,3.23,1.09,0.65
18:30:3:179,4.16,1.37,1.06
18:30:3:197,4.91,1.77,1.59
18:30:3:197,4.55,1.87,1.63
18:30:3:215,3.64,1.45,1.18
18:30:3:232,2.96,1.20,1.14
18:30:3:250,2.67,1.21,1.16
18:30:3:250,2.60,1.34,1.21
18:30:3:268,2.75,1.65,1.13
18:30:3:360,2.87,1.68,1.01
18:30:3:378,2.97,1.89,1.14
18:30:3:395,3.02,1.82,1.32
18:30:3:413,3.05,1.86,1.58
18:30:3:431,3.07,1.73,1.59
18:30:3:448,3.37,1.82,1.48
18:30:3:467,3.77,2.00,1.65
18:30:3:484,3.83,1.97,1.71
18:30:3:500,3.78,1.80,1.62
18:30:3:552,3.63,1.76,1.47
18:30:3:587,4.05,1.93,1.50
18:30:3:620,5.26,2.73,2.20
18:30:3:620,4.26,2.48,2.14
18:30:3:637,3.79,2.22,1.49
18:30:3:655,4.14,2.00,1.33
18:30:3:725,4.60,1.88,1.31
18:30:3:725,5.03,1.81,1.27
18:30:3:725,4.87,1.54,1.21
18:30:3:742,3.88,1.02,0.88
18:30:3:776,3.23,0.97,0.74
18:30:3:793,2.99,1.07,0.60
18:30:3:793,2.93,1.19,0.56
18:30:3:810,3.08,1.33,0.56
18:30:3:827,3.05,1.23,0.55
18:30:3:828,2.97,1.31,0.63
18:30:3:846,2.73,1.18,0.65
18:30:3:916,2.50,1.05,0.67
18:30:3:916,2.38,1.05,0.75
18:30:3:933,2.47,1.04,0.67
18:30:3:949,2.64,1.02,0.67
18:30:3:954,2.96,1.11,0.74
18:30:3:971,3.48,1.21,0.88
18:30:3:990,3.79,1.27,0.99
18:30:4:42,3.97,1.32,1.07
18:30:4:79,4.83,1.22,0.83
18:30:4:79,5.07,1.61,0.99
18:30:4:96,3.72,1.51,1.05
18:30:4:114,2.77,1.60,0.86
18:30:4:150,3.62,1.54,0.92
18:30:4:167,4.89,1.56,1.26
18:30:4:186,5.19,1.95,1.56
18:30:4:204,4.34,1.90,1.47
18:30:4:238,3.36,1.24,1.31
18:30:4:275,2.67,0.73,1.17
18:30:4:277,2.43,0.76,1.15
18:30:4:295,2.56,1.12,1.19
18:30:4:330,2.61,1.69,1.19
18:30:4:348,2.76,2.08,1.08
18:30:4:402,2.86,2.33,1.13
18:30:4:437,3.10,2.45,1.40
18:30:4:437,3.09,2.18,1.59
18:30:4:457,3.18,2.12,1.60
18:30:4:474,3.53,2.19,1.62
18:30:4:528,3.83,2.27,1.77
18:30:4:545,4.05,2.29,1.92
18:30:4:545,3.91,2.10,1.90
18:30:4:582,3.76,1.71,1.73
18:30:4:632,4.19,1.72,1.67
18:30:4:649,4.98,2.12,2.14
18:30:4:666,4.22,2.22,1.96
18:30:4:684,4.17,2.21,1.52
18:30:4:684,4.39,2.13,1.37
18:30:4:703,4.64,1.95,1.24
18:30:4:739,4.86,1.89,1.17
18:30:4:813,4.83,1.68,1.06
18:30:4:813,4.05,1.30,0.74
18:30:4:830,3.51,0.94,0.54
18:30:4:865,3.10,0.99,0.41
18:30:4:865,3.03,0.93,0.35
18:30:4:901,3.07,1.13,0.47
18:30:4:955,3.05,1.26,0.47
18:30:4:991,2.93,1.30,0.40
18:30:4:991,2.73,1.33,0.33
18:30:5:8,2.64,1.11,0.40
18:30:5:28,2.49,1.10,0.49
18:30:5:64,2.54,1.07,0.48
18:30:5:81,2.72,1.02,0.46
18:30:5:99,3.16,1.11,0.63
18:30:5:153,3.57,1.19,0.83
18:30:5:172,3.69,1.18,0.95
18:30:5:172,3.95,1.06,0.86
18:30:5:190,5.09,0.91,0.77
18:30:5:190,5.16,1.31,1.12
18:30:5:224,3.78,1.40,1.29
18:30:5:226,3.54,1.40,1.04
18:30:5:260,4.06,1.60,1.29
18:30:5:280,4.60,1.81,1.72
18:30:5:315,4.42,1.95,1.73
18:30:5:350,3.57,1.51,1.29
18:30:5:367,2.91,1.14,1.22
18:30:5:385,2.46,0.93,1.25
18:30:5:404,2.55,0.85,1.07
18:30:5:424,2.81,1.40,1.13
18:30:5:457,3.01,2.01,1.17
18:30:5:533,3.12,2.48,1.32
18:30:5:620,3.16,2.61,1.56
18:30:5:621,3.08,2.35,1.71
18:30:5:641,3.05,2.13,1.72
18:30:5:695,3.18,1.93,1.66
18:30:5:713,3.55,1.80,1.78
18:30:5:729,3.83,1.83,1.79
18:30:5:766,4.04,1.87,1.87
18:30:5:782,3.92,1.87,1.93
18:30:5:784,3.90,1.84,1.86
18:30:5:801,4.30,1.97,1.86
18:30:5:802,5.01,2.47,2.34
18:30:5:854,4.48,2.25,2.11
18:30:5:874,3.65,1.75,1.45
18:30:5:927,3.67,1.40,1.02
18:30:5:966,4.09,1.34,1.12
18:30:5:982,4.38,1.47,1.22
18:30:5:983,4.34,1.43,1.17
18:30:6:1,4.13,1.42,1.01
18:30:6:55,3.82,1.30,0.84
18:30:6:107,3.53,1.24,0.67
18:30:6:125,3.41,1.17,0.47
18:30:6:163,3.31,1.09,0.47
18:30:6:163,3.08,1.13,0.50
18:30:6:181,2.93,1.21,0.48
18:30:6:254,2.73,1.39,0.47
18:30:6:271,2.65,1.50,0.52
18:30:6:271,2.65,1.58,0.63
18:30:6:306,2.64,1.54,0.55
18:30:6:324,2.53,1.61,0.59
18:30:6:341,2.49,1.73,0.70
18:30:6:360,2.56,1.90,0.79
18:30:6:394,2.69,2.03,0.91
18:30:6:484,2.84,2.05,1.06
18:30:6:502,2.89,2.18,1.37
18:30:6:502,3.02,2.02,1.55
18:30:6:519,3.84,1.62,1.35
18:30:6:538,5.09,1.73,1.48
18:30:6:538,4.20,1.97,2.07
18:30:6:538,2.82,1.78,1.90
18:30:6:610,2.57,1.26,1.31
18:30:6:644,3.49,0.99,1.31
18:30:6:662,4.01,1.37,1.97
18:30:6:662,3.85,1.50,2.12
18:30:6:662,3.31,1.19,1.58
18:30:6:819,2.83,0.84,1.19
18:30:6:893,2.60,0.80,1.10
18:30:6:911,2.62,1.15,1.24
18:30:6:984,2.77,1.90,1.28
18:30:6:984,2.97,2.47,1.34
18:30:7:20,3.13,2.77,1.49
18:30:7:37,3.21,2.54,1.57
18:30:7:164,3.23,2.23,1.62
18:30:7:237,3.14,1.90,1.64
18:30:7:254,3.14,1.65,1.61
18:30:7:376,3.17,1.66,1.48
18:30:7:378,3.31,1.78,1.44
18:30:7:413,3.28,1.86,1.44
18:30:7:505,3.37,1.89,1.34
18:30:7:505,3.38,2.00,1.32
18:30:7:505,3.36,2.17,1.29
18:30:7:558,3.36,2.29,1.29
18:30:7:558,3.92,2.53,1.32
18:30:7:576,5.05,2.83,1.56
18:30:7:611,4.73,2.42,1.34
18:30:7:647,4.13,1.85,0.87
18:30:7:699,3.76,1.50,0.59
18:30:7:770,3.74,1.41,0.44
18:30:7:770,3.82,1.50,0.39
18:30:7:770,3.86,1.73,0.40
18:30:7:788,3.67,1.87,0.30
18:30:7:788,3.42,1.94,0.05
18:30:7:788,3.25,1.95,-0.07
18:30:7:805,3.25,2.12,-0.25
18:30:7:805,3.55,2.24,-0.41
18:30:7:805,3.62,2.35,-0.47
18:30:7:805,3.68,2.60,-0.45
18:30:7:913,3.74,2.64,-0.47
18:30:7:913,3.92,2.48,-0.56
18:30:7:913,4.05,2.28,-0.61
18:30:7:913,4.10,2.14,-0.59
18:30:7:971,4.09,2.06,-0.46
18:30:8:7,4.18,2.00,-0.30
18:30:8:97,4.19,2.05,-0.18
18:30:8:97,4.21,2.02,-0.08
18:30:8:97,4.27,2.05,0.09
18:30:8:130,4.23,1.97,0.17
18:30:8:130,4.45,1.88,0.18
18:30:8:130,4.64,1.67,0.25
18:30:8:185,4.51,1.49,0.47
18:30:8:185,4.07,1.04,0.60
18:30:8:274,3.58,0.81,0.78
18:30:8:274,3.47,0.59,0.86
18:30:8:274,3.50,0.41,0.71
18:30:8:274,3.62,0.43,0.76
18:30:8:274,3.50,0.38,0.91
18:30:8:293,3.44,0.55,1.09
18:30:8:293,3.35,0.83,1.29
18:30:8:293,3.35,1.08,1.47
18:30:8:311,3.37,1.18,1.53
18:30:8:329,3.26,1.04,1.56
18:30:8:329,3.29,0.89,1.58
18:30:8:329,3.41,0.71,1.61
18:30:8:329,3.53,0.62,1.61
18:30:8:346,3.61,0.73,1.63
18:30:8:346,3.60,0.91,1.72
18:30:8:366,3.57,1.08,1.81
18:30:8:436,3.58,1.29,1.81
18:30:8:436,3.50,1.40,1.71
18:30:8:436,3.45,1.38,1.58
18:30:8:472,3.41,1.33,1.43
18:30:8:482,3.48,1.28,1.36
18:30:8:516,3.57,1.31,1.39
18:30:8:659,3.63,1.28,1.45
18:30:8:748,3.56,1.22,1.40
18:30:8:748,3.55,1.17,1.39
18:30:8:820,3.57,1.22,1.37
18:30:8:820,3.68,1.31,1.48
18:30:8:820,3.68,1.26,1.37
18:30:8:839,3.59,1.15,1.23
18:30:8:839,3.63,1.01,1.13
18:30:8:857,3.66,0.99,1.07
18:30:8:876,3.58,1.00,0.97
18:30:8:945,3.53,1.12,0.91
18:30:8:947,3.39,1.28,0.84
18:30:8:965,3.33,1.40,0.81
18:30:8:985,3.33,1.48,0.73
18:30:9:3,3.40,1.50,0.67
18:30:9:20,3.43,1.54,0.56
18:30:9:20,3.45,1.64,0.52
18:30:9:63,3.51,1.80,0.57
18:30:9:63,3.57,1.89,0.58
18:30:9:63,3.68,2.01,0.62
18:30:9:63,3.59,2.03,0.66
18:30:9:63,3.40,1.93,0.69
18:30:9:135,3.32,1.78,0.67
18:30:9:135,3.37,1.71,0.74
18:30:9:135,3.47,1.69,0.84
18:30:9:153,3.52,1.67,0.98
18:30:9:153,3.45,1.56,1.05
18:30:9:153,3.39,1.44,1.10
18:30:9:204,3.35,1.34,1.21
18:30:9:225,3.37,1.26,1.34
18:30:9:241,3.40,1.19,1.53
18:30:9:310,3.39,1.21,1.65
18:30:9:363,3.44,1.17,1.69
18:30:9:398,3.44,1.14,1.65
18:30:9:416,3.42,1.09,1.53
18:30:9:416,3.45,1.12,1.43
18:30:9:559,3.44,1.17,1.31
18:30:9:577,3.38,1.23,1.16
18:30:9:577,3.36,1.32,1.04
18:30:9:594,3.35,1.43,1.00
18:30:9:630,3.29,1.57,1.01
18:30:9:630,3.39,1.69,0.98
18:30:9:666,3.32,1.76,0.97
18:30:9:688,3.38,1.84,0.98
18:30:9:704,3.40,1.77,0.96
18:30:9:761,3.36,1.79,1.01
18:30:9:904,3.38,1.76,1.06
18:30:9:904,3.32,1.69,1.05
18:30:9:904,3.29,1.61,1.04
18:30:9:941,3.20,1.62,1.07
18:30:9:941,3.21,1.63,1.11
18:30:9:959,3.24,1.68,1.18
18:30:9:976,3.24,1.69,1.17
18:30:10:12,3.27,1.70,1.17
18:30:10:30,3.37,1.70,1.21
18:30:10:85,3.39,1.72,1.21
18:30:10:85,3.44,1.70,1.22
18:30:10:85,3.47,1.63,1.22
18:30:10:120,3.45,1.58,1.21
18:30:10:120,3.43,1.53,1.20
18:30:10:137,3.41,1.50,1.12
18:30:10:137,3.41,1.47,1.09
18:30:10:226,3.40,1.43,1.06
18:30:10:262,3.37,1.40,1.05
18:30:10:279,3.37,1.40,1.04
18:30:10:279,3.39,1.42,1.02
18:30:10:298,3.38,1.43,1.01
18:30:10:298,3.38,1.44,1.00
18:30:10:298,3.39,1.44,0.97
18:30:10:298,3.38,1.45,0.98
18:30:10:298,3.41,1.45,0.97
18:30:10:298,3.40,1.48,0.98
18:30:10:298,3.38,1.46,1.01
18:30:10:298,3.37,1.51,1.02
18:30:10:349,3.36,1.51,1.06
18:30:10:402,3.38,1.52,1.09
18:30:10:435,3.37,1.53,1.13
18:30:10:556,3.35,1.52,1.16
18:30:10:609,3.35,1.55,1.18
18:30:10:645,3.35,1.56,1.20
18:30:10:682,3.34,1.57,1.21
18:30:10:682,3.34,1.60,1.22
18:30:10:752,3.37,1.62,1.23
18:30:10:806,3.38,1.62,1.22
18:30:10:806,3.35,1.64,1.22
18:30:10:824,3.35,1.62,1.19
18:30:10:840,3.33,1.63,1.16
18:30:10:840,3.33,1.65,1.14
18:30:10:857,3.33,1.65,1.14
18:30:10:947,3.34,1.62,1.09
18:30:10:947,3.33,1.62,1.10
18:30:10:966,3.34,1.58,1.06
18:30:11:3,3.35,1.57,1.14
18:30:11:21,3.36,1.53,1.12
18:30:11:21,3.37,1.52,1.11
18:30:11:39,3.38,1.53,1.12
18:30:11:39,3.34,1.49,1.15
18:30:11:164,3.31,1.50,1.17
18:30:11:164,3.29,1.48,1.16
18:30:11:164,3.25,1.50,1.17
18:30:11:164,3.34,1.49,1.16
18:30:11:164,3.32,1.51,1.24
18:30:11:199,3.28,1.53,1.19
18:30:11:199,3.26,1.52,1.17
18:30:11:216,3.25,1.53,1.21
18:30:11:216,3.30,1.58,1.22
18:30:11:216,3.28,1.56,1.16
18:30:11:323,3.30,1.56,1.15
18:30:11:323,3.28,1.55,1.14
18:30:11:323,3.31,1.58,1.16
18:30:11:340,3.30,1.58,1.16
18:30:11:357,3.33,1.59,1.12
18:30:11:359,3.33,1.63,1.15
18:30:11:376,3.33,1.64,1.15
18:30:11:393,3.32,1.67,1.12
18:30:11:411,3.23,1.61,1.08
18:30:11:411,3.11,1.55,1.07
18:30:11:411,3.10,1.56,1.08
18:30:11:480,3.11,1.62,1.05
18:30:11:496,3.29,1.82,0.99
18:30:11:532,3.41,1.95,1.09
18:30:11:532,3.44,2.03,1.14
18:30:11:549,3.59,2.18,1.19
18:30:11:549,3.57,2.25,1.21
18:30:11:549,3.34,2.19,1.10
18:30:11:549,3.13,2.11,1.06
18:30:11:549,3.08,2.06,1.20
18:30:11:567,3.15,2.07,1.26
18:30:11:567,3.21,2.08,1.24
18:30:11:584,3.19,2.11,1.26
18:30:11:654,3.15,2.06,1.21
18:30:11:654,3.10,2.01,1.21
18:30:11:654,3.07,2.25,1.32
18:30:11:672,2.91,2.19,1.25
18:30:11:690,2.84,2.21,1.18
18:30:11:708,2.79,2.28,1.31
18:30:11:708,2.79,2.40,1.29
18:30:11:760,2.80,2.47,1.22
18:30:11:832,2.80,2.36,1.17
18:30:11:832,2.85,2.28,1.16
18:30:11:884,2.96,2.17,1.19
18:30:11:903,3.18,2.12,1.20
18:30:11:920,3.30,2.02,1.07
18:30:11:938,3.51,1.90,1.00
18:30:12:26,4.25,1.82,0.92
18:30:12:62,4.36,1.79,0.98
18:30:12:97,3.76,1.46,0.99
18:30:12:149,3.73,1.44,0.91
18:30:12:184,3.83,1.24,0.94
18:30:12:256,3.51,0.84,0.74
18:30:12:363,3.15,0.50,0.42
18:30:12:363,3.38,0.44,0.33
18:30:12:363,3.81,0.43,0.44
18:30:12:380,4.11,0.70,0.68
18:30:12:399,3.92,0.92,0.84
18:30:12:399,3.31,0.95,0.76
18:30:12:399,2.84,0.82,0.71
18:30:12:418,2.71,0.76,0.75
18:30:12:418,2.87,1.03,0.87
18:30:12:486,3.09,1.34,1.05
18:30:12:594,3.25,1.58,1.17
18:30:12:594,3.40,1.74,1.10
18:30:12:594,3.54,1.97,1.25
18:30:12:629,3.62,2.14,1.30
18:30:12:647,3.81,2.22,1.44
18:30:12:647,3.92,2.30,1.48
18:30:12:665,4.00,2.39,1.58
18:30:12:665,3.94,2.32,1.66
18:30:12:665,3.78,2.32,1.65
18:30:12:716,3.62,2.40,1.61
18:30:12:753,4.24,2.68,1.52
18:30:12:788,4.75,3.18,2.07
18:30:12:788,4.40,3.00,1.96
18:30:12:788,3.81,2.58,1.41
18:30:12:836,3.82,2.27,1.11
18:30:12:836,4.00,2.06,1.29
18:30:12:836,4.19,1.74,1.27
18:30:12:891,4.16,1.56,1.12
18:30:12:926,4.05,1.32,1.01
18:30:12:962,3.57,1.13,0.72
18:30:12:962,3.19,1.02,0.53
18:30:12:962,3.02,0.87,0.50
18:30:12:962,3.05,1.15,0.57
18:30:12:998,3.25,1.20,0.59
18:30:12:998,3.42,1.30,0.69
18:30:12:998,3.56,1.37,0.63
18:30:13:15,3.60,1.33,0.44
18:30:13:15,3.38,1.23,0.35
18:30:13:48,3.24,1.31,0.50
18:30:13:65,3.19,1.30,0.50
18:30:13:82,3.38,1.29,0.46
18:30:13:135,3.49,1.39,0.54
18:30:13:135,3.75,1.43,0.69
18:30:13:135,3.73,1.41,0.82
18:30:13:224,3.90,1.28,1.00
18:30:13:293,4.77,0.96,1.02
18:30:13:293,4.78,0.93,1.10
18:30:13:328,3.14,0.71,0.93
18:30:13:328,2.52,0.60,0.68
18:30:13:346,3.27,0.96,0.83
18:30:13:346,4.22,1.59,1.48
18:30:13:362,4.48,2.01,1.86
18:30:13:364,4.02,1.90,1.62
18:30:13:381,3.27,1.22,1.26
18:30:13:454,2.84,0.83,1.18
18:30:13:472,2.80,0.90,1.21
18:30:13:490,3.01,1.34,1.03
18:30:13:507,3.17,2.21,1.32
18:30:13:507,3.21,2.72,1.26
18:30:13:525,3.23,2.79,1.32
18:30:13:542,3.21,2.58,1.55
18:30:13:542,3.30,2.17,1.69
18:30:13:578,3.35,1.88,1.59
18:30:13:578,3.44,1.94,1.57
18:30:13:632,3.68,2.27,1.71
18:30:13:632,3.78,2.39,1.79
18:30:13:632,3.82,2.38,1.68
18:30:13:650,4.00,2.30,1.50
18:30:13:650,5.67,2.80,2.00
18:30:13:701,5.03,2.66,2.39
18:30:13:737,3.95,2.16,1.56
18:30:13:772,3.69,1.98,1.00
18:30:13:772,4.05,1.99,1.00
18:30:13:825,4.56,2.04,1.16
18:30:13:879,4.75,1.94,1.31
18:30:13:897,4.40,1.68,1.29
18:30:13:933,3.81,1.14,0.93
18:30:14:20,3.32,0.74,0.52
18:30:14:74,2.98,0.61,0.39
18:30:14:74,2.95,0.78,0.43
18:30:14:74,2.84,0.95,0.53
18:30:14:165,2.93,1.09,0.52
18:30:14:183,2.86,1.13,0.56
18:30:14:200,2.74,1.21,0.52
18:30:14:237,2.65,1.14,0.48
18:30:14:254,2.61,1.08,0.50
18:30:14:254,2.84,1.07,0.47
18:30:14:254,3.35,1.12,0.59
18:30:14:272,3.72,1.28,0.83
18:30:14:272,3.78,1.35,1.07
18:30:14:378,3.84,1.26,1.07
18:30:14:413,4.33,1.00,0.94
18:30:14:413,5.09,1.03,0.89
18:30:14:448,4.40,1.31,1.27
18:30:14:448,3.53,1.28,1.10
18:30:14:448,3.95,1.44,0.98
18:30:14:448,4.42,1.53,1.32
18:30:14:594,4.75,1.80,1.71
18:30:14:611,4.13,1.98,1.64
18:30:14:611,3.09,1.44,1.28
18:30:14:629,2.50,1.13,1.15
18:30:14:629,2.28,0.89,0.90
18:30:14:629,2.34,0.85,0.87
18:30:14:663,2.76,1.50,0.83
18:30:14:734,3.11,2.10,1.16
18:30:14:750,3.32,2.40,1.54
18:30:14:750,3.23,2.42,1.78
18:30:14:750,2.99,2.32,1.74
18:30:14:768,2.99,2.14,1.61
18:30:14:768,3.31,2.02,1.59
18:30:14:768,3.87,2.07,1.82
18:30:14:768,4.11,2.17,1.92
18:30:14:785,4.00,2.17,1.82
18:30:14:839,4.01,2.26,1.73
18:30:14:839,4.93,2.73,2.07
18:30:14:875,5.15,2.94,2.50
18:30:14:875,4.28,2.63,2.02
18:30:14:875,3.79,2.22,1.20
18:30:14:875,4.25,2.05,1.18
18:30:14:875,4.68,1.89,1.30
18:30:14:892,4.99,1.68,1.22
18:30:14:892,4.72,1.41,1.06
18:30:14:910,4.05,1.04,0.92
18:30:14:943,3.53,0.66,0.75
18:30:14:978,3.22,0.70,0.62
18:30:14:978,3.14,0.73,0.40
18:30:14:997,2.97,0.92,0.35
18:30:15:70,2.81,1.15,0.27
18:30:15:87,2.73,1.27,0.31
18:30:15:105,2.75,1.35,0.34
18:30:15:105,2.72,1.36,0.27
18:30:15:139,2.74,1.15,0.38
18:30:15:157,2.92,1.08,0.48
18:30:15:191,3.22,1.10,0.53
18:30:15:285,3.56,1.14,0.70
18:30:15:303,3.58,1.24,0.89
18:30:15:303,3.57,1.15,0.94
18:30:15:321,4.08,1.00,0.86
18:30:15:339,4.84,1.15,0.93
18:30:15:356,4.06,1.52,1.31
18:30:15:356,3.19,1.34,1.07
18:30:15:429,3.55,1.63,1.10
18:30:15:482,4.24,1.65,1.48
18:30:15:537,4.71,1.97,1.94
18:30:15:570,4.27,1.99,1.84
18:30:15:587,3.34,1.52,1.25
18:30:15:623,2.75,1.36,1.09
18:30:15:623,2.73,1.24,1.09
18:30:15:623,2.83,1.55,1.23
18:30:15:677,2.99,1.92,1.16
18:30:15:748,3.07,2.35,1.27
18:30:15:784,3.00,2.51,1.50
18:30:15:802,2.85,2.28,1.54
18:30:15:818,2.86,2.12,1.60
18:30:15:820,3.09,2.18,1.57
18:30:15:837,3.42,2.21,1.66
18:30:15:856,3.61,2.27,1.75
18:30:15:856,3.56,2.23,1.77
18:30:15:872,3.36,2.09,1.75
18:30:15:872,3.21,1.93,1.53
18:30:15:872,3.92,2.12,1.51
18:30:15:887,4.96,2.72,2.22
18:30:15:957,4.37,2.68,2.25
18:30:15:973,4.03,2.35,1.53
18:30:15:993,4.17,2.03,1.13
18:30:15:993,4.56,1.84,1.16
18:30:16:29,4.80,1.72,1.26
18:30:16:29,4.72,1.58,1.18
18:30:16:29,4.45,1.31,0.99
18:30:16:47,3.81,0.96,0.70
18:30:16:47,3.49,0.99,0.47
18:30:16:65,3.34,0.90,0.28
18:30:16:81,3.31,0.94,0.31
18:30:16:170,3.16,1.08,0.33
18:30:16:188,3.05,1.21,0.31
18:30:16:206,2.93,1.38,0.27
18:30:16:280,2.76,1.31,0.26
18:30:16:298,2.61,1.24,0.30
18:30:16:331,2.40,1.15,0.30
18:30:16:349,2.32,0.98,0.29
18:30:16:367,2.40,0.92,0.34
18:30:16:367,2.67,1.11,0.56
18:30:16:367,3.00,1.23,0.79
18:30:16:437,3.23,1.34,0.92
18:30:16:437,3.50,1.30,0.98
18:30:16:507,3.90,1.23,0.99
18:30:16:507,4.88,1.28,1.00
18:30:16:525,5.73,1.68,1.25
18:30:16:543,4.98,1.85,1.33
18:30:16:561,3.58,1.94,1.12
18:30:16:561,3.35,2.21,1.39
18:30:16:579,3.80,2.37,1.71
18:30:16:579,4.38,2.59,1.72
18:30:16:595,4.51,2.58,1.33
18:30:16:597,3.94,2.15,1.09
18:30:16:687,3.29,1.56,0.97
18:30:16:702,2.97,1.30,1.09
18:30:16:720,2.93,1.17,1.12
18:30:16:720,2.96,1.10,1.03
18:30:16:738,2.92,1.37,1.05
18:30:16:738,2.95,1.74,1.14
18:30:16:771,2.95,1.97,1.17
18:30:16:805,2.88,2.00,1.16
18:30:16:824,2.97,1.80,1.21
18:30:16:860,3.25,1.66,1.33
18:30:16:877,3.52,1.42,1.40
18:30:16:931,3.75,1.17,1.43
18:30:16:949,3.83,0.95,1.51
18:30:16:950,3.68,0.61,1.26
18:30:17:57,3.78,-0.36,1.01
18:30:17:75,3.64,0.46,1.15
18:30:17:75,3.52,0.98,0.98
18:30:17:93,3.45,1.28,0.78
18:30:17:109,4.01,1.54,0.80
18:30:17:109,5.04,2.24,1.22
18:30:17:127,4.47,2.12,1.19
18:30:17:144,3.57,1.65,0.66
18:30:17:161,3.18,1.36,0.36
18:30:17:214,3.65,1.22,0.58
18:30:17:233,4.33,1.17,0.81
18:30:17:233,4.53,0.92,0.61
18:30:17:250,4.28,0.79,0.39
18:30:17:250,4.02,0.94,0.51
18:30:17:284,3.83,1.05,0.66
18:30:17:284,3.78,1.04,0.77
18:30:17:303,3.61,1.11,0.77
18:30:17:393,3.60,1.03,0.73
18:30:17:393,3.80,0.80,0.79
18:30:17:411,3.83,0.68,0.65
18:30:17:411,3.74,0.61,0.61
18:30:17:429,3.67,0.66,0.58
18:30:17:429,3.59,0.73,0.57
18:30:17:501,3.54,1.00,0.49
18:30:17:519,3.57,1.08,0.38
18:30:17:519,3.64,1.18,0.25
18:30:17:554,3.69,1.29,0.17
18:30:17:646,3.79,1.48,0.10
18:30:17:662,3.82,1.63,0.08
18:30:17:662,3.76,1.82,-0.00
18:30:17:680,3.79,1.94,-0.13
18:30:17:766,3.68,2.08,-0.09
18:30:17:766,3.52,2.18,-0.05
18:30:17:801,3.77,2.11,-0.17
18:30:17:836,4.73,2.15,-0.18
18:30:17:853,4.51,1.94,-0.37
18:30:17:870,3.67,1.85,-0.59
18:30:17:906,3.14,2.02,-0.34
18:30:17:941,3.09,2.18,0.11
18:30:17:993,3.13,2.31,0.55
18:30:17:993,3.20,2.32,0.59
18:30:18:14,3.14,2.30,0.67
18:30:18:14,3.10,2.23,0.91
18:30:18:14,3.05,1.92,1.16
18:30:18:32,3.16,1.46,1.17
18:30:18:50,3.23,1.16,1.22
18:30:18:68,3.23,1.10,1.37
18:30:18:141,3.33,1.44,1.66
18:30:18:161,3.34,1.48,2.14
18:30:18:179,3.30,0.96,2.41
18:30:18:196,3.34,0.88,2.45
18:30:18:196,3.37,0.79,2.23
18:30:18:212,3.41,1.08,1.78
18:30:18:266,3.34,1.41,1.46
18:30:18:301,3.29,1.42,1.24
18:30:18:302,3.22,1.44,1.05
18:30:18:321,3.21,1.50,0.94
18:30:18:321,3.31,1.54,0.95
18:30:18:342,3.34,1.73,0.90
18:30:18:359,3.20,1.80,0.92
18:30:18:379,3.12,1.96,1.02
18:30:18:397,3.06,1.95,0.98
18:30:18:397,3.13,1.71,0.88
18:30:18:415,3.47,1.79,0.89
18:30:18:453,3.84,1.85,1.00
18:30:18:489,3.91,1.79,1.02
18:30:18:489,3.72,1.70,0.89
18:30:18:506,3.44,1.63,0.77
18:30:18:524,3.29,1.66,0.77
18:30:18:541,3.32,1.68,0.81
18:30:18:541,3.39,1.75,0.78
18:30:18:541,3.44,1.71,0.79
18:30:18:559,3.54,1.59,0.82
18:30:18:577,3.50,1.52,0.87
18:30:18:577,3.51,1.43,0.90
18:30:18:613,3.54,1.41,0.87
18:30:18:648,3.44,1.38,0.85
18:30:18:666,3.32,1.42,0.84
18:30:18:666,3.27,1.42,0.75
18:30:18:683,3.28,1.47,0.69
18:30:18:719,3.28,1.55,0.71
18:30:18:737,3.30,1.67,0.72
18:30:18:737,3.28,1.83,0.75
18:30:18:780,3.23,2.13,0.87
18:30:18:853,3.21,1.85,0.84
18:30:18:854,3.32,1.85,0.88
18:30:18:871,3.47,2.29,1.08
18:30:18:891,3.52,2.13,1.18
18:30:18:908,3.66,2.13,1.28
18:30:18:926,3.66,1.99,1.33
18:30:18:944,3.64,1.79,1.37
18:30:19:15,3.73,1.46,1.44
18:30:19:33,3.72,0.84,1.36
18:30:19:33,3.71,0.70,1.20
18:30:19:51,3.72,0.68,1.08
18:30:19:51,3.51,1.16,1.17
18:30:19:68,3.34,1.11,1.09
18:30:19:86,3.22,1.17,1.02
18:30:19:122,3.24,1.28,0.99
18:30:19:142,3.29,1.29,0.97
18:30:19:177,3.44,1.32,0.91
18:30:19:195,3.39,1.39,0.92
18:30:19:212,3.44,1.49,0.87
18:30:19:212,3.46,1.49,0.87
18:30:19:231,3.42,1.41,0.86
18:30:19:251,3.40,1.36,0.87
18:30:19:286,3.39,1.33,0.90
18:30:19:304,3.39,1.37,0.91
18:30:19:339,3.39,1.42,0.94
18:30:19:407,3.40,1.47,0.98
18:30:19:424,3.39,1.50,0.97
18:30:19:425,3.36,1.51,1.04
18:30:19:443,3.37,1.54,1.06
18:30:19:480,3.37,1.55,1.09
18:30:19:566,3.41,1.54,1.10
18:30:19:566,3.41,1.55,1.09
18:30:19:584,3.37,1.59,1.14
18:30:19:602,3.39,1.60,1.16
18:30:19:621,3.38,1.61,1.13
18:30:19:639,3.38,1.60,1.15
18:30:19:639,3.35,1.58,1.14
18:30:19:657,3.38,1.59,1.10
18:30:19:691,3.40,1.61,1.12
18:30:19:709,3.38,1.63,1.10
18:30:19:727,3.38,1.63,1.04
18:30:19:744,3.38,1.62,1.04
18:30:19:762,3.39,1.61,1.05
18:30:19:780,3.40,1.61,1.06
18:30:19:817,3.40,1.58,1.02
18:30:19:852,3.38,1.55,1.03
18:30:19:852,3.36,1.53,1.04
18:30:19:890,3.35,1.49,1.04
18:30:19:926,3.37,1.50,1.06
18:30:19:961,3.36,1.47,1.05
18:30:19:978,3.36,1.47,1.10
18:30:19:996,3.37,1.47,1.07
18:30:20:15,3.40,1.47,1.08
18:30:20:15,3.39,1.48,1.07
18:30:20:51,3.35,1.51,1.08
18:30:20:104,3.37,1.54,1.06
18:30:20:105,3.39,1.53,1.03
18:30:20:123,3.36,1.56,1.06
18:30:20:140,3.37,1.58,1.06
18:30:20:175,3.35,1.59,1.06
18:30:20:192,3.38,1.60,1.05
18:30:20:210,3.37,1.62,1.09
18:30:20:246,3.38,1.62,1.09
18:30:20:303,3.37,1.56,1.09
18:30:20:303,3.36,1.56,1.11
18:30:20:320,3.37,1.54,1.10
18:30:20:320,3.36,1.56,1.11
18:30:20:356,3.37,1.57,1.07
18:30:20:374,3.37,1.56,1.08
18:30:20:516,3.37,1.56,1.10
18:30:20:531,3.39,1.52,1.08
18:30:20:532,3.40,1.54,1.07
18:30:20:551,3.40,1.53,1.06
18:30:20:568,3.39,1.49,1.05
18:30:20:587,3.38,1.51,1.04
18:30:20:642,3.37,1.53,1.05
18:30:20:642,3.37,1.53,1.09
18:30:20:660,3.38,1.53,1.08
18:30:20:677,3.37,1.54,1.08
18:30:20:677,3.31,1.55,1.10
18:30:20:695,3.38,1.54,1.08
18:30:20:713,3.38,1.55,1.08
18:30:20:750,3.40,1.57,1.07
18:30:20:750,3.39,1.57,1.08
18:30:20:768,3.41,1.57,1.06
18:30:20:839,3.38,1.57,1.07
18:30:20:856,3.37,1.55,1.10
18:30:20:891,3.38,1.55,1.08
18:30:20:891,3.38,1.55,1.09
18:30:20:909,3.38,1.54,1.05
18:30:20:943,3.39,1.56,1.06
18:30:20:944,3.38,1.55,1.07
18:30:20:961,3.40,1.55,1.08
18:30:21:14,3.39,1.51,1.08
18:30:21:32,3.39,1.47,1.07
18:30:21:32,3.37,1.47,1.10
18:30:21:50,3.38,1.51,1.07
18:30:21:125,3.38,1.49,1.06
18:30:21:179,3.39,1.51,1.05
18:30:21:179,3.40,1.53,1.08
