21:20:1:142,3.47,1.02,1.25
21:20:1:160,3.50,1.02,1.21
21:20:1:180,3.50,1.00,1.23
21:20:1:197,3.51,1.03,1.21
21:20:1:217,3.50,1.05,1.23
21:20:1:234,3.50,1.04,1.24
21:20:1:282,3.50,1.04,1.21
21:20:1:303,3.47,1.05,1.21
21:20:1:319,3.47,1.05,1.21
21:20:1:343,3.52,1.05,1.23
21:20:1:359,3.50,1.04,1.24
21:20:1:396,3.50,1.04,1.23
21:20:1:419,3.49,1.06,1.24
21:20:1:435,3.49,1.07,1.26
21:20:1:457,3.48,1.06,1.24
21:20:1:478,3.49,1.07,1.25
21:20:1:512,3.48,1.07,1.24
21:20:1:545,3.50,1.06,1.23
21:20:1:625,3.48,1.06,1.23
21:20:1:633,3.49,1.06,1.23
21:20:1:639,3.50,1.07,1.23
21:20:1:660,3.50,1.05,1.27
21:20:1:678,3.50,1.05,1.24
21:20:1:685,3.51,1.04,1.25
21:20:1:706,3.51,1.04,1.28
21:20:1:747,3.52,1.06,1.28
21:20:1:760,3.51,1.04,1.26
21:20:1:774,3.51,1.03,1.26
21:20:1:802,3.52,1.04,1.23
21:20:1:832,3.50,1.05,1.24
21:20:1:855,3.52,1.03,1.23
21:20:1:871,3.49,1.05,1.25
21:20:1:891,3.50,1.04,1.24
21:20:1:917,3.50,1.04,1.18
21:20:1:941,3.51,1.07,1.19
21:20:1:969,3.49,1.05,1.21
21:20:1:996,3.50,1.02,1.22
21:20:2:17,3.51,1.04,1.25
21:20:2:35,3.49,1.06,1.24
21:20:2:59,3.50,1.06,1.25
21:20:2:92,3.49,1.03,1.21
21:20:2:113,3.51,1.05,1.25
21:20:2:134,3.47,1.04,1.24
21:20:2:150,3.49,1.03,1.23
21:20:2:193,3.51,1.03,1.24
21:20:2:207,3.50,1.05,1.23
21:20:2:226,3.51,1.05,1.26
21:20:2:260,3.51,1.04,1.26
21:20:2:287,3.50,1.05,1.27
21:20:2:324,3.50,1.03,1.24
21:20:2:331,3.49,1.04,1.22
21:20:2:350,3.48,1.05,1.26
21:20:2:372,3.49,1.03,1.21
21:20:2:398,3.50,1.06,1.24
21:20:2:436,3.48,1.05,1.21
21:20:2:478,3.50,1.05,1.21
21:20:2:493,3.48,1.03,1.19
21:20:2:500,3.49,1.04,1.22
21:20:2:507,3.49,1.07,1.25
21:20:2:547,3.50,1.03,1.25
21:20:2:563,3.49,1.03,1.27
21:20:2:591,3.51,1.03,1.26
21:20:2:605,3.50,1.02,1.25
21:20:2:637,3.51,0.99,1.21
21:20:2:658,3.51,1.06,1.24
21:20:2:681,3.50,1.04,1.26
21:20:2:709,3.51,1.03,1.23
21:20:2:745,3.50,1.03,1.22
21:20:2:781,3.49,1.03,1.24
21:20:2:788,3.48,1.03,1.23
21:20:2:796,3.51,1.04,1.22
21:20:2:832,3.48,1.05,1.23
21:20:2:845,3.49,1.06,1.22
21:20:2:865,3.48,1.05,1.25
21:20:2:906,3.50,1.05,1.23
21:20:2:926,3.50,1.04,1.24
21:20:2:949,3.50,1.04,1.25
21:20:3:2,3.49,1.04,1.26
21:20:3:44,3.50,1.03,1.28
21:20:3:52,3.49,1.03,1.26
21:20:3:57,3.49,1.03,1.25
21:20:3:70,3.50,1.02,1.23
21:20:3:99,3.50,1.04,1.26
21:20:3:119,3.51,1.01,1.26
21:20:3:145,3.49,1.01,1.24
21:20:3:172,3.48,1.04,1.31
21:20:3:188,3.48,1.05,1.26
21:20:3:208,3.51,1.06,1.24
21:20:3:228,3.50,1.04,1.25
21:20:3:270,3.48,1.06,1.23
21:20:3:290,3.51,1.07,1.24
21:20:3:300,3.49,1.05,1.24
21:20:3:320,3.48,1.04,1.21
21:20:3:356,3.48,1.05,1.25
21:20:3:375,3.50,1.06,1.23
21:20:3:397,3.50,1.02,1.23
21:20:3:442,3.48,1.04,1.21
21:20:3:457,3.49,1.04,1.24
21:20:3:472,3.51,1.02,1.23
21:20:3:495,3.51,1.00,1.20
21:20:3:508,3.50,1.00,1.23
21:20:3:545,3.50,1.00,1.24
21:20:3:566,3.49,1.02,1.24
21:20:3:607,3.51,1.00,1.23
21:20:3:629,3.50,1.00,1.22
21:20:3:651,3.50,1.02,1.23
21:20:3:672,3.52,1.02,1.23
21:20:3:689,3.49,1.03,1.21
21:20:3:753,3.50,1.04,1.24
21:20:3:758,3.50,1.06,1.26
21:20:3:764,3.51,1.03,1.24
21:20:3:788,3.51,1.07,1.24
21:20:3:812,3.49,1.06,1.21
21:20:3:836,3.48,1.06,1.27
21:20:3:870,3.47,1.09,1.25
21:20:3:883,3.50,1.07,1.26
21:20:3:901,3.50,1.06,1.24
21:20:3:926,3.51,1.06,1.25
21:20:3:950,3.49,1.07,1.22
21:20:3:978,3.50,1.05,1.24
21:20:3:998,3.49,1.04,1.22
21:20:4:21,3.50,1.05,1.24
21:20:4:40,3.50,1.01,1.24
21:20:4:72,3.51,1.02,1.23
21:20:4:92,3.50,1.03,1.27
21:20:4:113,3.50,1.01,1.25
21:20:4:136,3.49,1.03,1.25
21:20:4:164,3.50,1.02,1.26
21:20:4:185,3.49,1.01,1.24
21:20:4:213,3.51,1.05,1.27
21:20:4:240,3.49,1.02,1.25
21:20:4:263,3.50,1.03,1.24
21:20:4:297,3.49,1.07,1.25
21:20:4:303,3.52,1.09,1.28
21:20:4:375,3.55,1.08,1.27
21:20:4:390,3.50,1.12,1.25
21:20:4:397,3.45,1.12,1.29
21:20:4:405,3.42,1.11,1.25
21:20:4:427,3.45,1.12,1.24
21:20:4:450,3.48,1.11,1.23
21:20:4:484,3.49,1.13,1.21
21:20:4:500,3.46,1.18,1.21
21:20:4:527,3.42,1.17,1.17
21:20:4:543,3.42,1.12,1.16
21:20:4:573,3.46,1.13,1.17
21:20:4:595,3.56,1.10,1.16
21:20:4:624,3.59,0.88,1.20
21:20:4:652,3.66,0.67,1.10
21:20:4:652,3.71,0.63,1.24
21:20:4:671,3.80,0.72,1.18
21:20:4:728,3.69,0.77,1.14
21:20:4:728,3.58,0.90,1.16
21:20:4:762,3.43,0.95,1.09
21:20:4:805,3.21,0.82,1.19
21:20:4:824,3.31,0.50,1.11
21:20:4:830,3.89,0.23,1.03
21:20:4:851,4.38,0.32,1.22
21:20:4:894,4.42,-0.00,1.51
21:20:4:932,4.29,0.14,1.63
21:20:4:938,3.79,0.23,1.69
21:20:4:954,3.54,0.31,1.65
21:20:4:975,3.45,0.41,1.46
21:20:4:995,3.48,0.66,1.24
21:20:5:14,3.50,1.08,1.17
21:20:5:52,3.49,1.38,1.05
21:20:5:71,3.59,1.59,1.04
21:20:5:90,3.56,1.71,1.12
21:20:5:111,3.46,1.83,1.22
21:20:5:148,3.27,1.77,1.28
21:20:5:165,3.21,1.76,1.40
21:20:5:184,3.17,1.77,1.44
21:20:5:203,3.10,1.77,1.46
21:20:5:243,3.11,1.89,1.48
21:20:5:261,3.23,2.13,1.56
21:20:5:280,3.52,2.34,1.73
21:20:5:299,3.85,2.43,1.92
21:20:5:334,4.42,2.33,2.11
21:20:5:353,4.83,2.08,2.16
21:20:5:371,4.78,1.95,2.27
21:20:5:390,4.48,1.70,2.31
21:20:5:428,4.10,1.70,2.28
21:20:5:446,3.96,1.75,1.98
21:20:5:464,4.40,1.76,1.54
21:20:5:520,5.09,1.68,1.23
21:20:5:539,5.63,1.54,1.01
21:20:5:556,5.79,1.42,0.96
21:20:5:558,5.40,1.25,0.81
21:20:5:597,4.87,1.07,0.58
21:20:5:616,4.50,0.88,0.42
21:20:5:653,4.19,0.77,0.23
21:20:5:653,3.77,0.74,0.08
21:20:5:688,3.46,0.77,0.14
21:20:5:725,3.10,0.78,0.37
21:20:5:725,2.96,0.79,0.50
21:20:5:762,2.90,0.72,0.50
21:20:5:781,2.97,0.71,0.50
21:20:5:816,3.38,0.85,0.79
21:20:5:878,3.79,0.90,0.88
21:20:5:904,4.10,0.80,0.86
21:20:5:914,4.10,0.35,0.86
21:20:5:921,4.09,-0.13,0.93
21:20:5:922,4.21,-0.25,1.11
21:20:5:961,4.02,-0.03,1.20
21:20:5:978,3.58,0.53,1.55
21:20:5:998,3.67,1.10,2.09
21:20:6:19,4.10,1.12,1.89
21:20:6:38,4.77,0.70,1.31
21:20:6:74,5.29,0.51,1.15
21:20:6:92,5.35,0.56,1.51
21:20:6:110,4.94,0.70,1.51
21:20:6:131,4.67,0.88,1.13
21:20:6:168,4.61,1.28,0.86
21:20:6:188,4.56,1.90,0.91
21:20:6:206,4.36,2.48,1.14
21:20:6:260,3.97,2.75,1.05
21:20:6:260,3.47,2.72,0.95
21:20:6:281,3.01,2.54,1.12
21:20:6:318,2.77,2.30,1.32
21:20:6:337,3.03,2.01,1.32
21:20:6:357,3.58,2.13,1.30
21:20:6:376,4.09,2.47,1.29
21:20:6:412,4.20,2.64,1.41
21:20:6:430,4.07,2.51,1.50
21:20:6:448,4.41,2.24,1.76
21:20:6:487,4.33,1.97,2.13
21:20:6:505,4.03,1.80,2.16
21:20:6:527,4.21,1.98,1.94
21:20:6:546,4.99,2.46,1.91
21:20:6:564,5.75,2.49,1.84
21:20:6:584,6.04,2.13,1.71
21:20:6:655,6.11,1.74,1.51
21:20:6:674,6.08,1.33,1.15
21:20:6:731,5.81,0.85,0.79
21:20:6:733,5.33,0.57,0.54
21:20:6:733,4.78,0.48,0.35
21:20:6:751,4.23,0.49,0.27
21:20:6:770,3.69,0.47,0.26
21:20:6:788,3.26,0.52,0.23
21:20:6:808,2.98,0.47,0.14
21:20:6:827,2.99,0.40,0.08
21:20:6:847,3.15,0.47,0.03
21:20:6:899,3.63,0.55,0.06
21:20:6:902,3.74,0.58,0.09
21:20:6:921,3.56,0.59,0.13
21:20:6:977,3.31,0.66,0.31
21:20:6:995,3.27,0.85,0.72
21:20:6:995,3.18,1.03,1.07
21:20:7:30,3.09,1.05,1.08
21:20:7:50,3.48,1.05,1.15
21:20:7:69,3.95,1.16,1.46
21:20:7:106,4.37,1.17,1.70
21:20:7:126,4.68,1.14,1.83
21:20:7:145,4.75,1.11,1.93
21:20:7:163,4.67,0.92,1.76
21:20:7:181,4.63,0.58,1.40
21:20:7:217,4.86,0.30,0.99
21:20:7:233,5.28,0.34,0.85
21:20:7:251,5.59,0.83,0.99
21:20:7:287,5.32,1.35,1.35
21:20:7:306,4.81,1.75,1.52
21:20:7:362,4.06,1.91,1.52
21:20:7:363,3.63,1.95,1.51
21:20:7:381,3.62,1.90,1.42
21:20:7:399,3.89,2.14,1.39
21:20:7:436,4.01,2.34,1.34
21:20:7:455,4.01,2.46,1.44
21:20:7:473,3.91,2.33,1.67
21:20:7:492,4.13,2.27,2.09
21:20:7:528,4.09,2.09,2.52
21:20:7:546,3.90,1.88,2.39
21:20:7:580,4.22,2.00,2.08
21:20:7:598,4.96,2.11,1.75
21:20:7:616,5.71,2.00,1.49
21:20:7:653,5.99,1.69,1.29
21:20:7:672,5.23,2.17,0.41
21:20:7:691,6.17,0.42,0.51
21:20:7:709,5.55,-0.61,0.47
21:20:7:746,5.09,-0.25,0.40
21:20:7:764,4.73,0.11,0.42
21:20:7:782,4.20,0.48,0.45
21:20:7:801,3.71,0.62,0.45
21:20:7:838,3.36,0.64,0.33
21:20:7:856,3.28,0.55,0.17
21:20:7:877,3.37,0.54,-0.02
21:20:7:895,3.49,0.64,-0.08
21:20:7:934,3.64,0.68,-0.20
21:20:7:955,3.48,0.71,-0.31
21:20:7:976,3.34,0.72,-0.17
21:20:7:995,3.38,0.86,0.12
21:20:8:53,3.55,1.20,0.59
21:20:8:53,3.28,1.64,1.30
21:20:8:71,2.75,1.71,1.88
21:20:8:111,2.78,1.53,2.04
21:20:8:129,3.03,0.98,1.76
21:20:8:148,3.77,0.46,1.54
21:20:8:203,4.42,-0.12,1.45
21:20:8:224,4.56,-0.29,1.42
21:20:8:243,4.42,-0.26,1.36
21:20:8:260,4.39,-0.07,1.32
21:20:8:279,4.47,0.37,1.29
21:20:8:296,4.57,0.94,1.52
21:20:8:317,4.66,1.46,1.54
21:20:8:336,4.44,1.87,1.45
21:20:8:372,4.21,2.07,1.42
21:20:8:391,3.99,2.17,1.40
21:20:8:412,3.75,2.06,1.42
21:20:8:430,3.60,2.03,1.41
21:20:8:467,3.87,2.08,1.44
21:20:8:486,4.18,2.20,1.59
21:20:8:505,4.25,2.24,1.63
21:20:8:542,4.21,2.29,1.47
21:20:8:542,4.72,2.55,1.81
21:20:8:581,4.75,2.54,2.29
21:20:8:598,4.10,2.19,2.18
21:20:8:617,3.79,2.03,1.70
21:20:8:652,4.23,1.98,1.41
21:20:8:671,4.65,1.86,1.29
21:20:8:688,4.90,1.63,1.21
21:20:8:781,5.18,1.34,1.11
21:20:8:781,5.24,0.91,0.87
21:20:8:799,5.16,0.43,0.68
21:20:8:799,4.95,0.11,0.58
21:20:8:871,4.79,0.10,0.65
21:20:8:891,4.47,0.23,0.62
21:20:8:909,4.24,0.45,0.60
21:20:8:927,4.10,0.59,0.41
21:20:8:962,3.92,0.63,0.13
21:20:8:964,3.72,0.64,-0.09
21:20:8:981,3.45,0.68,-0.21
21:20:9:34,3.25,0.65,-0.15
21:20:9:40,3.23,0.66,-0.09
21:20:9:50,2.99,0.75,0.02
21:20:9:61,2.95,0.80,0.30
21:20:9:93,3.17,0.98,0.74
21:20:9:105,3.28,1.40,1.21
21:20:9:125,3.02,1.57,1.70
21:20:9:159,3.00,1.52,1.75
21:20:9:180,3.15,1.27,1.68
21:20:9:201,3.69,0.74,1.56
21:20:9:219,4.54,0.03,1.50
21:20:9:257,4.97,-0.31,1.64
21:20:9:276,5.08,-0.40,1.35
21:20:9:294,5.05,-0.27,1.03
21:20:9:314,5.09,0.12,1.17
21:20:9:351,5.00,0.74,1.52
21:20:9:369,4.86,1.51,1.67
21:20:9:389,4.57,2.18,1.61
21:20:9:408,4.08,2.58,1.55
21:20:9:445,3.73,2.62,1.47
21:20:9:469,3.37,2.31,1.44
21:20:9:485,3.25,1.99,1.50
21:20:9:516,3.36,1.78,1.53
21:20:9:535,3.66,1.94,1.51
21:20:9:553,3.92,2.26,1.61
21:20:9:574,3.95,2.36,1.63
21:20:9:592,4.22,2.45,1.68
21:20:9:630,4.48,2.52,2.09
21:20:9:648,4.48,2.32,2.15
21:20:9:667,4.32,2.08,1.77
21:20:9:704,4.58,2.06,1.36
21:20:9:724,5.05,2.03,1.13
21:20:9:760,5.45,1.96,1.02
21:20:9:780,5.81,1.75,1.01
21:20:9:836,5.88,1.41,0.92
21:20:9:854,5.61,0.94,0.66
21:20:9:854,5.17,0.54,0.43
21:20:9:891,4.83,0.36,0.29
21:20:9:930,4.42,0.37,0.27
21:20:9:969,3.96,0.50,0.33
21:20:9:988,3.47,0.67,0.34
21:20:9:988,3.24,0.81,0.26
21:20:10:7,3.10,0.89,0.10
21:20:10:25,2.94,0.97,0.08
21:20:10:26,2.64,1.02,-0.02
21:20:10:117,2.35,0.93,-0.16
21:20:10:117,2.19,0.75,-0.33
21:20:10:134,2.36,0.63,-0.40
21:20:10:154,2.33,0.71,-0.12
21:20:10:195,2.32,1.46,0.39
21:20:10:251,2.68,2.38,0.95
21:20:10:286,3.57,3.37,1.33
21:20:10:287,3.77,3.55,1.41
21:20:10:305,3.60,2.90,1.41
21:20:10:324,3.74,2.42,1.83
21:20:10:376,3.80,2.27,2.28
21:20:10:394,3.66,2.29,2.24
21:20:10:411,3.44,2.45,1.93
21:20:10:411,3.17,2.51,1.81
21:20:10:411,3.07,2.47,1.79
21:20:10:430,3.07,2.38,1.65
21:20:10:430,3.03,2.21,1.46
21:20:10:485,3.03,2.14,1.38
21:20:10:486,3.13,2.07,1.29
21:20:10:504,3.31,2.07,1.06
21:20:10:577,3.65,1.97,0.98
21:20:10:615,3.81,1.75,0.94
21:20:10:761,3.67,1.53,0.78
21:20:10:780,3.60,1.49,0.70
21:20:10:780,3.55,1.53,0.64
21:20:10:819,3.48,1.52,0.64
21:20:10:857,3.48,1.50,0.54
21:20:10:873,3.57,1.43,0.40
21:20:10:890,3.65,1.31,0.39
21:20:10:926,3.67,1.21,0.37
21:20:10:944,3.47,1.23,0.39
21:20:10:944,3.37,1.16,0.40
21:20:10:985,3.73,1.17,0.34
21:20:11:3,3.98,1.31,0.45
21:20:11:21,3.89,1.48,0.62
21:20:11:54,3.61,1.54,0.54
21:20:11:54,3.34,1.39,0.44
21:20:11:75,3.35,1.12,0.29
21:20:11:92,3.44,1.05,0.28
21:20:11:129,3.57,1.12,0.31
21:20:11:130,3.82,1.27,0.34
21:20:11:150,3.95,1.33,0.17
21:20:11:168,3.84,1.28,0.15
21:20:11:168,3.57,1.25,0.16
21:20:11:190,3.50,1.25,0.16
21:20:11:242,3.57,1.32,0.21
21:20:11:245,3.67,1.52,0.28
21:20:11:245,3.65,1.56,0.30
21:20:11:264,3.61,1.46,0.33
21:20:11:282,3.62,1.41,0.35
21:20:11:282,3.67,1.41,0.32
21:20:11:300,3.66,1.48,0.30
21:20:11:375,3.58,1.62,0.34
21:20:11:375,3.50,1.71,0.40
21:20:11:394,3.72,1.79,0.54
21:20:11:395,4.04,1.77,0.60
21:20:11:417,4.31,1.69,0.54
21:20:11:435,4.53,1.53,0.50
21:20:11:435,4.32,1.20,0.52
21:20:11:468,4.01,0.83,0.50
21:20:11:515,3.84,0.63,0.46
21:20:11:529,4.03,0.58,0.49
21:20:11:529,4.09,0.73,0.52
21:20:11:549,4.12,0.91,0.58
21:20:11:582,4.00,1.17,0.67
21:20:11:600,3.81,1.25,0.77
21:20:11:637,3.63,1.13,0.82
21:20:11:675,3.45,0.92,0.72
21:20:11:675,3.24,0.87,0.79
21:20:11:694,3.16,1.03,0.96
21:20:11:730,3.13,1.12,1.02
21:20:11:765,3.07,1.25,1.08
21:20:11:784,3.06,1.27,1.16
21:20:11:803,3.01,1.23,1.20
21:20:11:823,2.97,1.15,1.18
21:20:11:843,2.96,1.15,1.21
21:20:11:877,2.98,1.14,1.23
21:20:11:898,3.01,1.16,1.22
21:20:11:915,3.23,1.29,1.23
21:20:11:954,3.51,1.48,1.31
21:20:11:972,3.73,1.62,1.42
21:20:11:988,3.91,1.64,1.44
21:20:12:23,3.89,1.48,1.35
21:20:12:42,3.79,1.14,1.20
21:20:12:79,3.72,0.77,1.08
21:20:12:79,3.76,0.45,1.02
21:20:12:113,3.83,0.37,1.07
21:20:12:131,3.78,0.51,1.20
21:20:12:167,3.74,0.66,1.24
21:20:12:190,3.72,0.80,1.22
21:20:12:208,3.74,0.92,1.22
21:20:12:228,3.69,1.08,1.17
21:20:12:245,3.53,1.20,1.13
21:20:12:264,3.31,1.30,1.11
21:20:12:316,3.22,1.31,1.02
21:20:12:316,3.35,1.31,0.99
21:20:12:334,3.54,1.30,1.00
21:20:12:369,3.71,1.15,1.01
21:20:12:407,3.77,1.08,1.04
21:20:12:425,3.73,0.97,1.02
21:20:12:444,3.67,0.88,0.94
21:20:12:481,3.55,0.86,0.90
21:20:12:520,3.47,0.96,0.93
21:20:12:555,3.41,1.12,0.99
21:20:12:556,3.40,1.23,1.02
21:20:12:574,3.47,1.23,1.09
21:20:12:596,3.49,1.11,1.10
21:20:12:615,3.48,1.02,1.13
21:20:12:632,3.46,0.94,1.14
21:20:12:688,3.47,0.92,1.14
21:20:12:708,3.51,0.88,1.09
21:20:12:709,3.51,0.90,1.11
21:20:12:749,3.56,1.00,1.16
21:20:12:767,3.55,1.08,1.17
21:20:12:786,3.55,1.09,1.16
21:20:12:804,3.54,1.05,1.18
21:20:12:861,3.53,1.02,1.14
21:20:12:861,3.54,1.05,1.11
21:20:12:877,3.55,1.08,1.10
21:20:12:932,3.55,1.10,1.12
21:20:12:950,3.54,1.15,1.14
21:20:12:951,3.55,1.17,1.11
21:20:12:969,3.52,1.17,1.11
21:20:13:8,3.52,1.16,1.12
21:20:13:65,3.53,1.19,1.14
21:20:13:65,3.55,1.17,1.16
21:20:13:84,3.54,1.15,1.16
21:20:13:84,3.51,1.15,1.16
21:20:13:122,3.52,1.14,1.19
21:20:13:141,3.53,1.12,1.17
21:20:13:177,3.52,1.09,1.19
21:20:13:194,3.53,1.11,1.18
21:20:13:213,3.53,1.12,1.19
21:20:13:231,3.55,1.11,1.19
21:20:13:251,3.55,1.08,1.18
21:20:13:287,3.57,1.08,1.18
21:20:13:305,3.56,1.06,1.17
21:20:13:324,3.55,1.05,1.16
21:20:13:342,3.54,1.03,1.16
21:20:13:381,3.53,1.03,1.13
21:20:13:400,3.53,1.02,1.12
21:20:13:419,3.51,1.01,1.08
21:20:13:454,3.50,1.03,1.08
21:20:13:471,3.50,1.02,1.06
21:20:13:506,3.48,1.06,1.10
21:20:13:524,3.48,1.04,1.08
21:20:13:559,3.50,1.05,1.07
21:20:13:580,3.52,1.06,1.09
21:20:13:597,3.53,1.04,1.11
21:20:13:617,3.52,1.04,1.10
21:20:13:636,3.52,1.05,1.12
21:20:13:695,3.51,1.08,1.15
21:20:13:714,3.52,1.07,1.12
21:20:13:732,3.52,1.07,1.15
21:20:13:753,3.50,1.10,1.16
21:20:13:771,3.52,1.08,1.16
21:20:13:771,3.53,1.09,1.16
21:20:13:809,3.54,1.09,1.15
21:20:13:828,3.54,1.10,1.17
21:20:13:867,3.55,1.11,1.16
21:20:13:885,3.56,1.18,1.15
21:20:13:904,3.56,1.09,1.15
21:20:13:938,3.52,1.13,1.14
21:20:13:938,3.51,1.14,1.08
21:20:13:975,3.49,1.13,1.11
21:20:14:9,3.49,1.12,1.13
21:20:14:29,3.50,1.14,1.11
21:20:14:45,3.51,1.11,1.11
21:20:14:64,3.53,1.10,1.12
21:20:14:119,3.55,1.11,1.13
21:20:14:135,3.55,1.10,1.15
21:20:14:152,3.55,1.10,1.13
21:20:14:152,3.51,1.09,1.14
21:20:14:208,3.47,1.06,1.13
21:20:14:284,3.46,1.09,1.13
21:20:14:284,3.46,1.07,1.17
21:20:14:320,3.49,1.06,1.14
21:20:14:339,3.53,1.10,1.12
21:20:14:357,3.60,1.13,1.11
21:20:14:375,3.70,1.17,1.14
21:20:14:394,3.72,1.16,1.13
21:20:14:413,3.64,1.09,1.06
21:20:14:413,3.60,1.00,1.04
21:20:14:431,3.62,0.87,0.98
21:20:14:449,3.63,0.79,0.99
21:20:14:486,3.76,0.56,0.99
21:20:14:486,3.78,0.12,0.83
21:20:14:547,3.74,-0.21,0.70
21:20:14:564,3.74,-0.18,0.77
21:20:14:565,3.49,0.05,0.73
21:20:14:602,3.43,0.13,0.59
21:20:14:621,3.84,0.29,0.49
21:20:14:639,4.47,0.42,0.82
21:20:14:658,5.07,0.75,1.22
21:20:14:694,4.95,0.78,1.43
21:20:14:713,4.32,0.68,1.47
21:20:14:731,3.83,0.40,1.28
21:20:14:770,3.67,0.32,1.13
21:20:14:788,3.63,0.33,0.97
21:20:14:845,3.88,0.60,0.91
21:20:14:864,4.01,1.04,0.91
21:20:14:882,4.04,1.52,0.98
21:20:14:901,4.02,1.89,1.08
21:20:14:920,3.76,2.19,1.16
21:20:14:920,3.45,2.07,1.31
21:20:14:954,3.21,1.86,1.34
21:20:15:13,3.01,1.54,1.36
21:20:15:31,3.09,1.42,1.35
21:20:15:52,3.17,1.55,1.35
21:20:15:71,3.30,1.53,1.32
21:20:15:106,3.42,1.86,1.39
21:20:15:126,3.56,2.05,1.44
21:20:15:146,4.01,2.38,1.56
21:20:15:164,4.60,2.75,1.77
21:20:15:201,4.94,2.80,1.95
21:20:15:219,5.09,2.76,1.99
21:20:15:219,5.12,2.50,1.97
21:20:15:257,4.78,1.88,1.74
21:20:15:276,4.77,1.25,1.07
21:20:15:312,5.60,0.87,0.38
21:20:15:327,6.48,0.53,0.13
21:20:15:327,7.02,0.50,0.31
21:20:15:364,6.38,0.62,0.58
21:20:15:384,5.32,1.01,0.70
21:20:15:402,4.67,1.22,0.50
21:20:15:441,4.25,1.05,0.21
21:20:15:459,3.90,0.94,-0.03
21:20:15:478,3.47,0.93,-0.12
21:20:15:496,3.08,0.97,-0.08
21:20:15:593,2.78,1.00,0.03
21:20:15:593,2.70,0.89,0.14
21:20:15:611,2.73,0.90,0.18
21:20:15:611,3.26,0.89,0.16
21:20:15:631,3.82,0.81,0.19
21:20:15:650,4.13,0.59,0.13
21:20:15:669,4.35,0.57,0.26
21:20:15:726,4.88,0.33,0.62
21:20:15:745,4.89,0.17,0.84
21:20:15:760,4.63,0.50,1.19
21:20:15:763,4.13,0.98,1.75
21:20:15:784,3.92,0.98,1.90
21:20:15:801,4.21,0.53,1.48
21:20:15:856,4.89,0.09,1.07
21:20:15:856,5.45,0.15,1.11
21:20:15:910,5.34,0.52,1.32
21:20:15:929,4.82,0.84,1.25
21:20:15:948,4.40,1.00,1.13
21:20:15:948,4.28,1.17,1.06
21:20:16:21,4.36,1.57,1.11
21:20:16:39,4.38,2.05,1.18
21:20:16:40,4.13,2.29,1.19
21:20:16:59,3.79,2.30,1.11
21:20:16:77,3.49,2.27,1.11
21:20:16:95,3.23,2.24,1.29
21:20:16:115,3.26,2.27,1.48
21:20:16:191,3.76,2.52,1.64
21:20:16:227,4.17,2.71,1.74
21:20:16:227,4.21,2.59,1.76
21:20:16:246,4.68,2.35,1.98
21:20:16:263,5.16,2.12,2.55
21:20:16:279,5.01,1.55,2.68
21:20:16:315,4.84,1.25,2.18
21:20:16:315,5.39,1.41,1.75
21:20:16:352,6.01,1.70,1.41
21:20:16:371,6.38,1.71,1.19
21:20:16:389,6.17,1.37,0.99
21:20:16:428,5.82,1.04,0.88
21:20:16:446,5.60,0.75,0.78
21:20:16:463,5.46,0.66,0.54
21:20:16:479,5.17,0.71,0.36
21:20:16:513,4.62,0.85,0.26
21:20:16:550,4.02,0.97,0.23
21:20:16:569,3.58,1.02,0.20
21:20:16:569,3.33,0.98,0.07
21:20:16:604,3.18,0.88,-0.04
21:20:16:623,3.14,0.79,-0.10
21:20:16:642,3.26,0.61,-0.05
21:20:16:661,3.53,0.53,-0.02
21:20:16:697,3.62,0.35,-0.09
21:20:16:715,3.67,0.31,0.05
21:20:16:734,3.80,0.36,0.46
21:20:16:790,3.94,0.27,0.73
21:20:16:791,3.76,0.21,0.76
21:20:16:810,3.71,0.45,1.24
21:20:16:827,4.21,1.12,1.95
21:20:16:918,4.64,1.30,2.15
21:20:16:937,5.13,1.01,1.86
21:20:16:937,5.23,0.50,1.40
21:20:16:952,5.08,0.18,1.09
21:20:16:989,5.03,-0.12,0.92
21:20:17:8,5.24,-0.29,0.87
21:20:17:44,5.66,0.18,1.03
21:20:17:44,5.91,1.06,1.26
21:20:17:85,5.67,1.95,1.39
21:20:17:104,4.99,2.54,1.50
21:20:17:122,4.23,2.83,1.33
21:20:17:159,3.52,2.91,1.58
21:20:17:159,3.24,2.53,1.82
21:20:17:177,3.56,2.27,1.78
21:20:17:195,4.08,2.30,1.63
21:20:17:234,4.48,2.42,1.61
21:20:17:270,4.55,2.30,1.62
21:20:17:271,4.98,2.28,2.06
21:20:17:290,4.92,2.14,2.50
21:20:17:309,4.54,1.80,2.44
21:20:17:369,4.72,1.84,1.96
21:20:17:369,5.44,2.14,1.62
21:20:17:388,6.22,2.32,1.38
21:20:17:409,6.65,2.17,1.19
21:20:17:444,6.68,1.74,1.00
21:20:17:463,6.81,1.08,0.72
21:20:17:499,6.67,0.38,0.43
21:20:17:519,6.26,-0.04,0.30
21:20:17:536,5.54,0.02,0.27
21:20:17:554,4.67,0.24,0.36
21:20:17:591,3.98,0.58,0.38
21:20:17:611,3.51,0.83,0.26
21:20:17:629,3.35,0.80,0.04
21:20:17:647,3.35,0.68,-0.21
21:20:17:684,3.45,0.66,-0.32
21:20:17:703,3.65,0.61,-0.36
21:20:17:721,3.59,0.48,-0.47
21:20:17:740,3.44,0.26,-0.43
21:20:17:776,3.33,0.01,-0.29
21:20:17:795,2.99,0.16,0.41
21:20:17:815,2.98,0.59,0.94
21:20:17:851,3.49,0.85,1.09
21:20:17:870,4.17,1.00,1.17
21:20:17:888,4.68,1.08,1.29
21:20:17:906,5.13,1.16,1.46
21:20:17:945,5.29,1.07,1.60
21:20:17:964,5.07,0.84,1.49
21:20:17:983,5.04,0.48,1.24
21:20:18:20,5.23,0.06,0.98
21:20:18:41,5.74,-0.02,0.86
21:20:18:77,6.13,0.41,1.03
21:20:18:95,6.15,1.03,1.33
21:20:18:168,5.83,1.64,1.51
21:20:18:188,5.26,2.09,1.61
21:20:18:207,4.52,2.35,1.59
21:20:18:226,3.97,2.45,1.92
21:20:18:244,4.17,2.50,2.23
21:20:18:263,4.20,2.73,2.22
21:20:18:263,4.15,2.73,1.92
21:20:18:282,4.19,2.59,1.76
21:20:18:318,4.67,2.34,2.10
21:20:18:320,4.58,2.00,2.39
21:20:18:339,4.15,1.68,2.17
21:20:18:357,4.50,1.86,1.85
21:20:18:414,5.12,2.09,1.71
21:20:18:433,5.73,2.19,1.51
21:20:18:451,6.16,2.08,1.30
21:20:18:469,6.29,1.71,1.06
21:20:18:489,6.30,1.17,0.72
21:20:18:508,6.23,0.55,0.49
21:20:18:526,5.89,0.19,0.33
21:20:18:564,5.58,0.18,0.28
21:20:18:582,5.06,0.33,0.37
21:20:18:601,4.41,0.56,0.45
21:20:18:620,3.92,0.79,0.37
21:20:18:656,3.51,0.96,0.27
21:20:18:693,3.37,0.95,0.18
21:20:18:710,3.41,0.83,-0.05
21:20:18:728,3.53,0.72,-0.07
21:20:18:822,3.44,0.58,0.09
21:20:18:822,3.13,0.54,0.19
21:20:18:822,3.01,0.54,0.30
21:20:18:840,3.19,0.59,0.43
21:20:18:859,3.16,0.70,0.79
21:20:18:859,2.91,0.90,1.12
21:20:18:886,2.79,1.12,1.24
21:20:18:953,3.08,1.28,1.42
21:20:18:992,3.57,1.22,1.54
21:20:19:10,4.40,1.07,1.51
21:20:19:32,4.79,0.95,1.27
21:20:19:69,4.82,0.65,0.97
21:20:19:69,4.75,0.14,0.81
21:20:19:89,4.90,-0.27,0.84
21:20:19:107,5.22,-0.26,0.95
21:20:19:108,5.49,0.20,1.12
21:20:19:146,5.50,0.87,1.18
21:20:19:147,5.33,1.54,1.16
21:20:19:184,5.05,2.02,1.23
21:20:19:218,4.73,2.31,1.38
21:20:19:221,4.32,2.37,1.49
21:20:19:258,4.15,2.35,1.55
21:20:19:314,4.24,2.40,1.65
21:20:19:314,4.19,2.35,1.65
21:20:19:334,4.15,2.10,1.58
21:20:19:352,4.66,1.93,1.74
21:20:19:391,5.49,1.92,2.29
21:20:19:391,5.02,1.39,2.38
21:20:19:427,4.01,0.84,1.65
21:20:19:447,4.14,0.87,1.00
21:20:19:486,4.71,1.29,0.74
21:20:19:504,5.17,1.63,0.75
21:20:19:521,5.30,1.81,0.98
21:20:19:559,5.08,1.87,1.12
21:20:19:575,4.89,1.99,1.48
21:20:19:579,4.87,1.83,1.63
21:20:19:599,4.79,1.40,1.28
21:20:19:661,4.53,1.08,0.95
21:20:19:678,4.47,0.93,1.04
21:20:19:678,4.86,0.85,1.13
21:20:19:695,4.43,0.48,0.74
21:20:19:733,3.72,0.13,0.36
21:20:19:810,3.28,0.04,0.50
21:20:19:834,3.50,0.09,0.80
21:20:19:853,3.65,0.08,0.78
21:20:19:891,3.57,0.09,0.76
21:20:19:910,3.43,0.30,0.76
21:20:19:910,3.09,0.39,0.87
21:20:19:928,3.11,0.30,0.82
21:20:19:945,3.93,0.38,0.64
21:20:19:945,5.21,0.80,0.43
21:20:19:965,5.60,3.67,0.73
21:20:20:35,5.02,5.92,0.91
21:20:20:35,3.86,5.18,1.02
21:20:20:54,3.45,3.65,0.88
21:20:20:73,3.69,2.53,0.68
21:20:20:91,4.09,2.09,0.75
21:20:20:129,4.16,2.48,0.89
21:20:20:129,4.05,2.74,0.92
21:20:20:204,4.02,3.33,0.66
21:20:20:222,3.89,3.20,0.50
21:20:20:241,3.48,3.02,0.70
21:20:20:241,3.15,2.92,0.89
21:20:20:275,2.81,3.03,0.55
21:20:20:299,2.41,3.24,0.34
21:20:20:299,2.07,3.46,0.42
21:20:20:336,1.88,3.17,0.65
21:20:20:356,1.81,2.75,0.57
21:20:20:376,1.76,2.40,0.41
21:20:20:394,1.81,2.35,0.41
21:20:20:413,2.07,2.59,0.49
21:20:20:457,2.20,3.15,0.62
21:20:20:475,2.44,3.45,0.71
21:20:20:496,2.67,3.34,0.65
21:20:20:515,2.76,3.29,0.76
21:20:20:536,2.55,3.27,1.10
21:20:20:573,2.20,3.11,1.37
21:20:20:592,2.10,2.91,1.43
21:20:20:612,2.40,2.79,1.42
21:20:20:630,2.88,2.67,1.14
21:20:20:667,3.28,2.77,0.94
21:20:20:667,3.38,2.80,0.82
21:20:20:704,3.24,2.86,0.63
21:20:20:741,3.01,2.79,0.44
21:20:20:760,2.77,2.84,0.41
21:20:20:779,2.62,3.07,0.44
21:20:20:834,2.53,3.26,0.40
21:20:20:853,2.46,3.29,0.32
21:20:20:871,2.44,3.09,0.33
21:20:20:873,2.47,2.86,0.26
21:20:20:909,2.58,2.87,0.36
21:20:20:928,2.55,2.88,0.51
21:20:20:946,2.53,2.86,0.57
21:20:20:985,2.67,2.73,0.54
21:20:21:3,2.79,2.82,0.58
21:20:21:22,2.54,2.93,0.70
21:20:21:60,2.14,2.85,0.84
21:20:21:60,1.90,2.80,0.87
21:20:21:79,1.84,2.88,0.92
21:20:21:116,1.83,2.96,1.00
21:20:21:134,1.92,3.00,1.23
21:20:21:170,2.04,2.80,1.31
21:20:21:190,2.21,2.63,1.31
21:20:21:208,2.38,2.49,1.39
21:20:21:227,2.58,2.27,1.50
21:20:21:262,2.81,2.13,1.54
21:20:21:282,2.96,2.16,1.48
21:20:21:300,3.04,2.26,1.50
21:20:21:334,3.14,2.38,1.58
21:20:21:354,3.11,2.44,1.55
21:20:21:373,3.12,2.41,1.47
21:20:21:410,3.18,2.30,1.44
21:20:21:445,3.26,2.20,1.32
21:20:21:447,3.24,1.95,1.17
21:20:21:465,3.26,1.62,0.97
21:20:21:484,3.35,1.33,0.85
21:20:21:523,3.58,1.08,0.73
21:20:21:542,3.82,0.94,0.72
21:20:21:560,3.93,0.99,0.89
21:20:21:579,4.04,1.05,1.12
21:20:21:617,3.68,1.04,1.20
21:20:21:650,3.31,0.99,1.28
21:20:21:669,3.18,1.07,1.37
21:20:21:689,3.29,1.18,1.36
21:20:21:727,3.54,1.23,1.26
21:20:21:745,3.83,1.30,1.16
21:20:21:764,3.90,1.25,1.18
21:20:21:782,3.87,1.14,1.20
21:20:21:816,3.79,0.93,1.14
21:20:21:834,3.70,0.75,1.06
21:20:21:853,3.60,0.78,1.03
21:20:21:887,3.62,0.92,1.00
21:20:21:904,3.64,1.12,0.98
21:20:21:922,3.58,1.56,0.96
21:20:21:941,3.57,1.09,1.02
21:20:21:976,3.56,0.93,0.96
21:20:21:998,3.48,0.88,1.00
21:20:22:16,3.52,0.78,0.99
21:20:22:37,3.58,0.70,0.96
21:20:22:91,3.61,0.75,0.99
21:20:22:110,3.59,0.78,1.03
21:20:22:130,3.58,0.79,1.05
21:20:22:149,3.60,0.83,1.10
21:20:22:186,3.61,0.84,1.10
21:20:22:186,3.64,0.87,1.09
21:20:22:204,3.62,0.87,1.09
21:20:22:224,3.61,0.91,1.06
21:20:22:263,3.59,0.99,1.02
21:20:22:296,3.57,1.04,1.03
21:20:22:316,3.58,1.11,1.06
21:20:22:334,3.56,1.14,1.04
21:20:22:353,3.52,1.17,1.02
21:20:22:372,3.54,1.17,1.02
21:20:22:407,3.54,1.18,1.05
21:20:22:429,3.56,1.12,1.04
21:20:22:447,3.55,1.11,1.00
21:20:22:467,3.53,1.14,1.03
21:20:22:505,3.55,1.17,1.06
21:20:22:523,3.53,1.17,1.10
21:20:22:541,3.52,1.14,1.11
21:20:22:560,3.54,1.07,1.09
21:20:22:601,3.51,0.99,1.12
21:20:22:637,3.50,1.00,1.16
21:20:22:638,3.53,1.02,1.18
21:20:22:656,3.52,1.05,1.17
21:20:22:695,3.54,0.97,1.20
21:20:22:713,3.57,0.99,1.20
21:20:22:792,3.57,0.98,1.21
21:20:22:792,3.54,1.00,1.20
21:20:22:809,3.54,1.02,1.18
21:20:22:809,3.54,1.04,1.16
21:20:22:828,3.53,1.04,1.15
21:20:22:867,3.51,1.02,1.10
21:20:22:884,3.56,1.06,1.12
21:20:22:902,3.62,1.05,1.10
21:20:22:921,3.55,1.01,1.08
21:20:22:958,3.55,1.04,1.06
21:20:22:976,3.55,1.06,1.07
21:20:23:14,3.56,1.08,1.03
21:20:23:14,3.56,1.07,1.06
21:20:23:48,3.54,1.05,1.05
21:20:23:66,3.57,1.02,1.07
21:20:23:100,3.59,1.04,1.06
21:20:23:120,3.60,1.03,1.06
21:20:23:139,3.60,0.99,1.06
21:20:23:175,3.58,1.01,1.05
21:20:23:194,3.56,1.02,1.12
21:20:23:213,3.58,1.00,1.08
21:20:23:251,3.60,1.00,1.08
21:20:23:270,3.58,0.94,1.06
21:20:23:290,3.61,0.95,1.10
21:20:23:309,3.60,0.96,1.10
21:20:23:347,3.58,0.98,1.08
21:20:23:366,3.55,0.96,1.07
21:20:23:385,3.55,0.96,1.07
21:20:23:419,3.57,0.98,1.08
21:20:23:457,3.55,1.00,1.09
21:20:23:494,3.53,1.00,1.09
21:20:23:499,3.54,1.01,1.10
21:20:23:534,3.54,1.03,1.12
21:20:23:534,3.51,1.04,1.10
21:20:23:551,3.51,1.05,1.08
21:20:23:570,3.51,1.05,1.10
21:20:23:607,3.51,1.06,1.11
21:20:23:628,3.51,1.04,1.13
21:20:23:646,3.54,1.07,1.13
21:20:23:664,3.52,1.06,1.16
21:20:23:721,3.53,1.07,1.18
21:20:23:721,3.51,1.06,1.19
21:20:23:742,3.52,1.03,1.17
21:20:23:760,3.52,1.01,1.19
21:20:23:781,3.51,1.06,1.15
21:20:23:819,3.44,1.04,1.22
21:20:23:837,3.52,1.04,1.24
21:20:23:874,3.54,1.04,1.21
21:20:23:892,3.55,1.04,1.15
21:20:23:894,3.57,1.04,1.20
21:20:23:931,3.56,1.05,1.17
21:20:23:971,3.56,1.06,1.13
21:20:23:989,3.56,1.05,1.13
21:20:24:43,3.54,1.05,1.10
21:20:24:79,3.55,0.99,1.10
21:20:24:96,3.53,1.02,1.10
21:20:24:96,3.50,1.07,1.11
21:20:24:113,3.52,1.06,1.06
21:20:24:132,3.58,1.05,1.13
21:20:24:150,3.59,1.00,1.10
21:20:24:169,3.60,1.06,1.09
21:20:24:223,3.57,1.12,1.09
21:20:24:223,3.57,1.07,1.06
21:20:24:257,3.57,1.08,1.07
21:20:24:259,3.56,1.05,1.06
21:20:24:280,3.56,1.08,1.06
21:20:24:335,3.60,1.05,1.05
21:20:24:335,3.69,0.98,1.04
21:20:24:354,3.74,0.84,1.03
21:20:24:392,3.74,0.56,0.98
21:20:24:412,3.66,0.36,0.83
21:20:24:447,3.67,0.48,0.96
21:20:24:466,3.77,0.55,0.88
21:20:24:466,3.70,0.57,0.83
21:20:24:502,3.53,0.54,0.83
21:20:24:518,3.26,0.46,0.88
21:20:24:554,3.18,0.09,0.72
21:20:24:590,3.85,0.23,0.61
21:20:24:608,4.56,0.40,0.84
21:20:24:628,5.07,0.33,1.23
21:20:24:645,4.85,0.21,1.47
21:20:24:700,4.13,-0.29,1.47
21:20:24:701,3.63,-0.40,1.35
21:20:24:717,3.51,-0.32,1.20
21:20:24:753,3.60,-0.12,1.06
21:20:24:791,3.89,0.23,1.01
21:20:24:791,4.04,0.84,1.07
21:20:24:827,4.08,1.30,1.29
21:20:24:847,4.04,1.15,1.46
21:20:24:865,3.97,1.29,1.28
21:20:24:884,3.84,1.37,1.40
21:20:24:902,3.68,1.63,1.63
21:20:24:939,3.44,1.86,1.66
21:20:24:959,3.34,1.79,1.46
21:20:24:978,3.41,1.91,1.33
21:20:24:995,3.61,2.26,1.41
21:20:25:29,3.63,2.37,1.49
21:20:25:47,4.00,2.68,1.63
21:20:25:65,4.03,2.81,1.72
21:20:25:118,4.07,2.65,1.83
21:20:25:139,3.86,2.37,2.01
21:20:25:191,3.52,1.86,1.85
21:20:25:191,3.42,1.78,1.65
21:20:25:209,3.79,2.01,1.51
21:20:25:227,4.33,2.16,1.37
21:20:25:246,5.20,2.00,1.07
21:20:25:264,6.08,1.70,0.71
21:20:25:302,6.49,1.17,0.52
21:20:25:321,6.22,0.84,0.47
21:20:25:340,5.77,0.81,0.51
21:20:25:358,5.59,0.83,0.54
21:20:25:415,5.37,0.78,0.69
21:20:25:416,5.18,0.71,0.55
21:20:25:453,4.56,0.66,0.51
21:20:25:488,3.91,0.89,0.72
21:20:25:489,3.50,0.99,0.76
21:20:25:507,3.25,0.87,0.71
21:20:25:546,3.24,0.74,0.82
21:20:25:563,3.32,0.65,0.93
21:20:25:584,3.45,0.48,1.06
21:20:25:602,3.40,0.23,1.11
21:20:25:638,3.58,-0.05,1.20
21:20:25:659,4.31,-0.04,1.06
21:20:25:677,4.85,0.21,1.05
21:20:25:695,4.72,0.64,1.56
21:20:25:714,3.69,0.69,1.76
21:20:25:751,3.21,0.51,1.85
21:20:25:769,3.60,0.03,1.49
21:20:25:788,4.46,-0.22,1.15
21:20:25:823,4.94,0.11,1.11
21:20:25:842,4.93,0.46,1.22
21:20:25:861,5.03,0.82,1.21
21:20:25:882,5.17,0.99,1.23
21:20:25:920,5.12,1.38,1.43
21:20:25:941,4.85,1.74,1.57
21:20:25:958,4.39,1.96,1.53
21:20:25:977,4.09,2.06,1.33
21:20:26:33,3.83,2.05,1.11
21:20:26:50,3.61,1.99,1.03
21:20:26:51,3.57,1.93,1.13
21:20:26:88,3.74,1.85,1.29
21:20:26:125,4.17,1.84,1.30
21:20:26:125,4.25,2.16,1.38
21:20:26:159,4.03,2.44,1.58
21:20:26:176,4.10,2.68,1.82
21:20:26:212,4.25,3.12,2.41
21:20:26:212,4.09,3.17,2.82
21:20:26:250,3.74,2.51,2.46
21:20:26:268,3.89,2.06,2.04
21:20:26:302,4.33,1.73,1.71
21:20:26:338,4.83,1.69,1.52
21:20:26:338,5.19,1.65,1.42
21:20:26:374,5.53,1.57,1.33
21:20:26:393,5.73,1.34,1.16
21:20:26:412,5.70,1.05,0.84
21:20:26:448,5.50,0.88,0.59
21:20:26:486,5.09,0.83,0.47
21:20:26:505,4.70,0.86,0.44
21:20:26:505,4.26,0.89,0.46
21:20:26:524,3.90,0.88,0.39
21:20:26:562,3.58,0.84,0.26
21:20:26:581,3.57,0.75,0.13
21:20:26:599,3.72,0.59,0.08
21:20:26:636,4.01,0.55,0.12
21:20:26:675,3.93,0.48,0.08
21:20:26:675,3.86,0.46,0.07
21:20:26:697,4.33,0.14,0.09
21:20:26:754,4.45,0.14,0.13
21:20:26:754,3.77,0.48,0.92
21:20:26:772,2.82,0.90,1.94
21:20:26:808,3.04,0.81,2.54
21:20:26:827,3.61,-0.10,1.77
21:20:26:847,4.32,-0.77,1.14
21:20:26:865,4.96,-0.70,1.08
21:20:26:884,4.90,-0.06,1.19
21:20:26:922,4.81,0.43,1.23
21:20:26:940,4.71,0.77,1.23
21:20:26:977,4.74,1.18,1.33
21:20:26:995,4.82,1.65,1.40
21:20:27:15,4.76,2.03,1.39
21:20:27:32,4.70,2.29,1.32
21:20:27:49,4.56,2.38,1.19
21:20:27:86,4.51,2.29,1.13
21:20:27:105,4.24,2.23,1.27
21:20:27:139,4.24,2.07,1.50
21:20:27:157,4.32,1.88,1.71
21:20:27:195,4.35,1.74,1.80
21:20:27:213,4.26,1.70,1.83
21:20:27:231,4.23,1.99,2.08
21:20:27:247,4.25,2.28,2.74
21:20:27:281,3.90,2.17,2.86
21:20:27:300,3.85,2.45,2.58
21:20:27:318,4.22,2.67,2.44
21:20:27:354,4.59,2.47,2.23
21:20:27:393,4.82,2.08,2.04
21:20:27:393,5.07,1.66,1.82
21:20:27:409,5.34,1.33,1.49
21:20:27:445,5.54,1.08,1.13
21:20:27:464,5.67,0.93,0.77
21:20:27:482,5.55,0.89,0.49
21:20:27:521,5.26,0.89,0.37
21:20:27:557,4.84,0.96,0.26
21:20:27:557,4.52,1.00,0.29
21:20:27:589,4.46,0.98,0.27
21:20:27:624,4.46,0.83,0.12
21:20:27:642,4.55,0.60,-0.09
21:20:27:663,4.42,0.53,-0.13
21:20:27:682,4.27,0.41,-0.15
21:20:27:700,3.65,0.23,-0.24
21:20:27:735,3.46,-0.13,-0.16
21:20:27:753,3.31,-0.26,0.29
21:20:27:771,2.89,0.27,0.92
21:20:27:808,2.75,0.76,1.72
21:20:27:826,2.93,0.87,1.81
21:20:27:843,3.15,0.70,1.71
21:20:27:877,3.84,0.45,1.44
21:20:27:912,4.54,0.36,1.21
21:20:27:932,4.62,0.26,0.89
21:20:27:950,4.45,0.33,0.82
21:20:28:7,4.65,0.55,1.02
21:20:28:23,4.97,0.84,1.31
21:20:28:47,5.28,1.09,1.38
21:20:28:64,5.54,1.42,1.43
21:20:28:84,5.42,1.71,1.51
21:20:28:102,5.02,1.78,1.61
21:20:28:102,4.62,1.77,1.64
21:20:28:120,4.37,1.76,1.62
21:20:28:160,4.16,1.71,1.75
21:20:28:177,4.22,1.80,1.91
21:20:28:212,4.38,1.97,2.04
21:20:28:230,4.39,2.07,2.21
21:20:28:269,4.32,2.06,2.29
21:20:28:287,4.56,2.04,2.58
21:20:28:305,4.50,2.04,2.91
21:20:28:324,4.20,1.83,2.68
21:20:28:359,4.14,1.85,2.26
21:20:28:377,4.67,1.96,1.97
21:20:28:396,5.17,1.96,1.72
21:20:28:433,5.63,1.78,1.54
21:20:28:451,6.03,1.41,1.30
21:20:28:469,6.17,0.96,0.94
21:20:28:488,6.06,0.51,0.56
21:20:28:558,5.84,0.25,0.38
21:20:28:579,5.45,0.27,0.31
21:20:28:579,4.91,0.48,0.25
21:20:28:597,4.40,0.70,0.31
21:20:28:633,3.99,0.87,0.28
21:20:28:633,3.71,1.00,0.24
21:20:28:652,3.57,1.00,0.08
21:20:28:691,3.54,0.94,-0.09
21:20:28:747,3.75,0.78,-0.12
21:20:28:747,3.54,0.68,-0.09
21:20:28:747,3.34,0.52,-0.12
21:20:28:785,2.99,0.41,-0.10
21:20:28:803,2.85,0.41,0.06
21:20:28:822,3.12,0.60,0.59
21:20:28:859,3.17,0.89,1.05
21:20:28:880,2.90,1.02,1.14
21:20:28:916,2.73,1.09,1.48
21:20:28:935,2.95,1.05,2.05
21:20:28:935,3.73,0.56,1.91
21:20:28:971,4.52,-0.02,1.53
21:20:28:988,5.10,-0.49,1.40
21:20:29:40,5.32,-0.57,1.48
21:20:29:58,5.44,-0.13,1.72
21:20:29:58,5.51,0.54,2.02
21:20:29:95,5.55,1.12,2.01
21:20:29:114,5.33,1.58,1.78
21:20:29:150,4.98,1.94,1.55
21:20:29:169,4.60,2.17,1.48
21:20:29:188,4.23,2.25,1.53
21:20:29:208,4.01,2.14,1.49
21:20:29:245,3.83,1.97,1.47
21:20:29:265,3.73,1.87,1.59
21:20:29:284,3.73,1.82,1.74
21:20:29:302,3.65,1.77,1.85
21:20:29:341,3.54,1.68,1.89
21:20:29:375,3.72,1.79,1.96
21:20:29:397,4.26,2.08,2.29
21:20:29:414,4.83,2.28,2.48
21:20:29:432,4.98,2.02,2.14
21:20:29:454,4.79,1.71,1.72
21:20:29:511,4.85,1.51,1.51
21:20:29:511,4.97,1.41,1.37
21:20:29:529,5.46,1.37,1.28
21:20:29:548,5.75,1.26,1.06
21:20:29:584,5.59,1.05,0.79
21:20:29:603,5.29,0.86,0.60
21:20:29:621,5.04,0.80,0.61
21:20:29:640,4.74,0.81,0.65
21:20:29:678,4.45,0.87,0.58
21:20:29:697,4.18,0.91,0.46
21:20:29:718,3.97,0.95,0.32
21:20:29:755,3.86,0.95,0.18
21:20:29:773,3.70,0.97,0.07
21:20:29:791,3.54,1.00,-0.03
21:20:29:809,3.32,0.94,-0.17
21:20:29:848,2.92,0.84,-0.34
21:20:29:902,2.45,0.63,-0.60
21:20:29:921,2.14,0.72,-0.50
21:20:29:921,2.14,0.92,-0.10
21:20:29:939,2.46,1.32,0.46
21:20:29:956,3.06,1.86,1.13
21:20:29:991,3.54,2.60,1.69
21:20:29:991,3.12,2.83,1.87
21:20:30:47,2.65,2.52,1.72
21:20:30:47,2.95,1.59,1.67
21:20:30:66,3.37,0.85,1.74
21:20:30:139,3.65,0.63,1.93
21:20:30:158,3.66,1.09,2.38
21:20:30:175,3.66,1.35,2.58
21:20:30:191,3.56,1.43,2.27
21:20:30:208,3.43,1.24,2.04
21:20:30:227,3.24,1.35,2.05
21:20:30:227,3.04,1.56,2.08
21:20:30:266,2.98,1.91,2.00
21:20:30:302,3.08,2.25,1.88
21:20:30:302,3.25,2.38,1.76
21:20:30:339,3.44,2.22,1.55
21:20:30:378,3.50,1.95,1.46
21:20:30:397,3.71,1.65,1.29
21:20:30:416,3.76,1.45,1.21
21:20:30:434,3.81,1.21,1.17
21:20:30:453,3.84,1.18,1.20
21:20:30:489,3.75,1.13,1.11
21:20:30:508,3.62,1.16,1.01
21:20:30:526,3.61,1.27,0.95
21:20:30:544,3.62,1.34,0.92
21:20:30:583,3.70,1.30,0.81
21:20:30:601,3.89,1.34,0.76
21:20:30:638,3.90,1.36,0.77
21:20:30:657,3.74,1.31,0.63
21:20:30:694,3.62,1.23,0.48
21:20:30:713,3.55,1.18,0.39
21:20:30:713,3.49,1.14,0.34
21:20:30:750,3.42,1.16,0.34
21:20:30:808,3.38,1.17,0.32
21:20:30:828,3.40,1.16,0.25
21:20:30:844,3.55,1.18,0.20
21:20:30:865,3.63,1.20,0.26
21:20:30:902,3.68,1.30,0.36
21:20:30:918,3.69,1.40,0.42
21:20:30:939,3.72,1.47,0.45
21:20:30:957,3.76,1.51,0.40
21:20:30:994,3.77,1.49,0.45
21:20:31:11,3.75,1.45,0.50
21:20:31:11,3.84,1.43,0.54
21:20:31:46,3.95,1.38,0.52
21:20:31:49,4.02,1.26,0.50
21:20:31:67,4.04,1.04,0.40
21:20:31:145,4.01,0.65,0.35
21:20:31:145,3.89,0.32,0.38
21:20:31:163,3.92,0.32,0.41
21:20:31:182,3.92,0.24,0.42
21:20:31:217,3.92,0.27,0.37
21:20:31:217,4.04,0.40,0.37
21:20:31:236,3.97,0.43,0.50
21:20:31:272,3.87,0.45,0.67
21:20:31:309,3.73,0.26,0.65
21:20:31:310,3.79,0.22,0.57
21:20:31:346,3.82,0.22,0.63
21:20:31:364,3.89,0.22,0.71
21:20:31:383,3.96,0.21,0.77
21:20:31:402,3.93,0.34,0.88
21:20:31:440,3.87,0.38,0.88
21:20:31:477,3.73,0.47,0.87
21:20:31:493,3.58,0.51,0.95
21:20:31:531,3.52,0.49,1.05
21:20:31:549,3.47,0.64,1.08
21:20:31:584,3.52,0.75,1.13
21:20:31:585,3.46,0.92,1.12
21:20:31:622,3.42,1.03,1.18
21:20:31:622,3.41,1.12,1.16
21:20:31:659,3.43,1.12,1.17
21:20:31:677,3.55,1.05,1.12
21:20:31:696,3.63,1.15,1.07
21:20:31:732,3.78,1.04,1.04
21:20:31:751,3.83,1.00,0.97
21:20:31:768,3.79,0.92,0.93
21:20:31:787,3.76,0.72,0.88
21:20:31:823,3.81,0.71,0.80
21:20:31:841,3.78,0.79,0.79
21:20:31:860,3.81,0.84,0.78
21:20:31:876,3.80,0.95,0.76
21:20:31:912,3.80,1.10,0.77
21:20:31:966,3.78,1.18,0.82
21:20:31:987,3.76,1.14,0.82
21:20:32:6,3.72,1.09,0.78
21:20:32:24,3.74,0.90,0.70
21:20:32:24,3.67,0.82,0.68
21:20:32:43,3.55,0.78,0.73
21:20:32:100,3.46,0.80,0.69
21:20:32:119,3.47,0.83,0.70
21:20:32:119,3.49,0.83,0.73
21:20:32:139,3.51,0.89,0.73
21:20:32:213,3.55,0.99,0.76
21:20:32:247,3.56,1.12,0.81
21:20:32:252,3.51,1.22,0.89
21:20:32:252,3.43,1.27,0.90
21:20:32:289,3.44,1.27,0.91
21:20:32:307,3.53,1.25,0.96
21:20:32:325,3.59,1.21,0.96
21:20:32:325,3.56,1.16,1.00
21:20:32:382,3.52,1.08,1.04
21:20:32:382,3.49,1.01,1.04
21:20:32:400,3.48,1.02,1.06
21:20:32:455,3.50,1.08,1.12
21:20:32:474,3.51,1.20,1.16
21:20:32:474,3.54,1.25,1.18
21:20:32:512,3.62,1.21,1.18
21:20:32:530,3.70,1.11,1.22
21:20:32:567,3.70,0.99,1.17
21:20:32:585,3.64,0.89,1.14
21:20:32:603,3.54,0.86,1.11
21:20:32:622,3.49,0.96,1.10
21:20:32:692,3.44,1.05,1.10
21:20:32:710,3.49,1.15,1.12
21:20:32:710,3.56,1.22,1.17
21:20:32:728,3.59,1.18,1.18
21:20:32:747,3.58,1.08,1.16
21:20:32:765,3.58,0.99,1.14
21:20:32:798,3.57,1.00,1.18
21:20:32:817,3.55,1.05,1.18
21:20:32:835,3.56,1.10,1.19
21:20:32:855,3.59,1.14,1.21
21:20:32:893,3.57,1.08,1.22
21:20:32:932,3.54,1.05,1.23
21:20:32:932,3.51,1.07,1.25
21:20:32:950,3.51,1.09,1.20
21:20:32:973,3.46,1.07,1.21
21:20:33:10,3.48,1.06,1.19
21:20:33:47,3.50,1.09,1.22
21:20:33:47,3.52,1.12,1.20
21:20:33:86,3.53,1.10,1.21
21:20:33:104,3.52,1.11,1.19
21:20:33:124,3.50,1.11,1.19
21:20:33:161,3.51,1.13,1.11
21:20:33:179,3.52,1.12,1.12
21:20:33:198,3.53,1.12,1.10
21:20:33:216,3.51,1.12,1.08
21:20:33:271,3.52,1.10,1.08
21:20:33:365,3.51,1.10,1.02
21:20:33:383,3.51,1.09,1.05
21:20:33:383,3.51,1.08,1.07
21:20:33:440,3.52,1.07,1.06
21:20:33:440,3.54,1.03,1.09
21:20:33:440,3.56,1.04,1.11
21:20:33:478,3.56,1.00,1.14
21:20:33:478,3.52,0.96,1.13
21:20:33:498,3.54,0.96,1.13
21:20:33:516,3.54,0.98,1.13
21:20:33:552,3.53,1.00,1.16
21:20:33:568,3.52,1.01,1.15
21:20:33:589,3.51,1.02,1.17
21:20:33:589,3.52,1.00,1.15
21:20:33:609,3.50,0.94,1.14
21:20:33:628,3.50,1.02,1.15
21:20:33:646,3.50,1.04,1.16
21:20:33:665,3.52,1.06,1.17
21:20:33:724,3.54,1.08,1.19
21:20:33:724,3.54,1.08,1.17
21:20:33:761,3.54,1.09,1.16
21:20:33:761,3.53,1.09,1.15
21:20:33:798,3.51,1.10,1.17
21:20:33:813,3.51,1.12,1.15
21:20:33:851,3.53,1.14,1.17
21:20:33:890,3.54,1.14,1.16
21:20:33:908,3.55,1.14,1.17
21:20:33:908,3.53,1.15,1.18
21:20:33:943,3.52,1.13,1.20
21:20:33:962,3.54,1.11,1.18
21:20:33:999,3.53,1.11,1.17
21:20:34:15,3.54,1.09,1.22
21:20:34:52,3.52,1.08,1.19
21:20:34:70,3.55,1.06,1.17
21:20:34:90,3.50,1.06,1.19
21:20:34:128,3.49,1.04,1.16
21:20:34:128,3.48,1.06,1.18
21:20:34:147,3.47,1.04,1.17
21:20:34:201,3.49,1.06,1.17
21:20:34:202,3.52,1.05,1.17
21:20:34:241,3.53,1.02,1.17
21:20:34:259,3.52,1.02,1.15
21:20:34:278,3.50,1.02,1.16
21:20:34:294,3.52,1.03,1.12
21:20:34:312,3.49,1.04,1.11
21:20:34:366,3.48,1.07,1.09
21:20:34:385,3.49,1.07,1.12
21:20:34:405,3.47,1.06,1.10
21:20:34:405,3.48,1.03,1.10
21:20:34:444,3.48,1.07,1.09
21:20:34:479,3.50,1.07,1.13
21:20:34:480,3.54,1.06,1.14
21:20:34:536,3.53,1.05,1.12
21:20:34:536,3.49,1.04,1.17
21:20:34:591,3.47,1.04,1.14
21:20:34:592,3.49,1.07,1.15
21:20:34:610,3.51,1.05,1.13
21:20:34:630,3.54,1.08,1.15
21:20:34:648,3.54,1.06,1.12
21:20:34:700,3.59,1.05,1.05
21:20:34:717,3.69,1.02,1.07
21:20:34:721,3.84,0.84,1.09
21:20:34:756,4.01,0.26,0.95
21:20:34:773,3.97,0.10,0.85
21:20:34:847,4.07,0.07,0.93
21:20:34:866,3.98,-0.28,0.73
21:20:34:866,3.97,-0.22,0.66
21:20:34:886,3.57,-0.24,0.62
21:20:34:904,3.37,0.03,0.72
21:20:34:958,3.60,0.36,0.59
21:20:34:958,4.27,0.57,0.72
21:20:34:976,4.95,0.99,1.05
21:20:34:995,5.22,1.12,1.44
21:20:35:23,4.78,0.90,1.50
21:20:35:48,4.10,0.60,1.37
21:20:35:81,3.76,0.31,1.24
21:20:35:83,3.69,0.19,1.07
21:20:35:102,3.90,0.46,0.92
21:20:35:140,4.04,0.86,0.81
21:20:35:194,4.17,1.12,0.87
21:20:35:232,4.05,1.32,0.88
21:20:35:250,3.72,1.41,0.98
21:20:35:324,3.40,1.49,1.22
21:20:35:324,3.15,1.86,1.48
21:20:35:345,3.04,2.17,1.63
21:20:35:362,3.08,2.36,1.73
21:20:35:457,3.14,2.46,1.63
21:20:35:473,3.25,2.20,1.60
21:20:35:473,3.46,1.99,1.58
21:20:35:509,3.69,1.88,1.57
21:20:35:565,4.15,2.27,1.72
21:20:35:567,4.28,2.44,2.00
21:20:35:585,4.09,2.29,1.91
21:20:35:604,4.07,1.93,1.63
21:20:35:621,4.19,1.63,1.46
21:20:35:640,4.33,1.43,1.14
21:20:35:647,4.72,1.44,0.85
21:20:35:668,5.40,1.46,0.63
21:20:35:668,6.29,1.49,0.56
21:20:35:686,6.65,1.34,0.67
21:20:35:687,6.39,1.09,0.72
21:20:35:707,5.87,0.90,0.69
21:20:35:707,5.54,0.81,0.56
21:20:35:725,5.17,0.76,0.31
21:20:35:743,4.87,0.77,0.22
21:20:35:818,4.44,0.88,0.20
21:20:35:818,4.04,0.94,0.33
21:20:35:836,3.85,0.94,0.31
21:20:35:855,3.56,0.89,0.19
21:20:35:895,3.30,0.83,0.24
21:20:35:910,3.20,0.59,0.40
21:20:35:933,3.40,0.41,0.24
21:20:35:952,3.65,0.34,0.24
21:20:35:972,3.86,0.27,0.31
21:20:35:991,3.83,0.27,0.57
21:20:36:27,3.79,-0.13,0.95
21:20:36:64,3.95,-0.04,0.81
21:20:36:84,4.01,0.35,0.98
21:20:36:101,3.84,0.59,1.48
21:20:36:119,3.78,0.62,1.57
21:20:36:139,4.16,0.48,1.28
21:20:36:176,4.79,0.16,0.90
21:20:36:214,5.52,0.33,0.83
21:20:36:234,5.57,0.67,1.03
21:20:36:253,5.26,0.86,1.26
21:20:36:290,4.92,0.74,1.25
21:20:36:309,4.86,0.70,1.07
21:20:36:327,4.94,0.95,0.90
21:20:36:343,5.03,1.36,0.82
21:20:36:347,4.99,1.72,0.85
21:20:36:380,4.69,2.14,0.98
21:20:36:452,4.30,2.35,1.18
21:20:36:453,3.83,2.36,1.23
21:20:36:472,3.55,2.29,1.28
21:20:36:490,3.52,2.30,1.42
21:20:36:585,3.70,2.36,1.60
21:20:36:585,3.79,2.44,1.81
21:20:36:604,3.94,2.42,1.89
21:20:36:625,4.43,2.47,2.20
21:20:36:641,4.71,2.64,2.72
21:20:36:661,4.44,2.42,2.78
21:20:36:680,3.96,1.96,2.29
21:20:36:699,4.29,1.97,1.90
21:20:36:737,4.79,2.06,1.77
21:20:36:756,5.34,2.13,1.74
21:20:36:772,5.82,2.00,1.58
21:20:36:792,6.16,1.65,1.30
21:20:36:808,6.25,1.19,0.89
21:20:36:813,6.21,0.76,0.53
21:20:36:832,5.83,0.52,0.33
21:20:36:867,5.24,0.55,0.33
21:20:36:886,4.60,0.72,0.34
21:20:36:886,4.10,0.89,0.33
21:20:36:940,3.81,1.04,0.35
21:20:36:959,3.69,1.09,0.26
21:20:36:977,3.79,1.01,0.05
21:20:36:996,3.97,0.86,-0.08
21:20:37:15,4.06,0.67,-0.11
21:20:37:53,3.99,0.44,-0.17
21:20:37:72,3.73,0.36,-0.08
21:20:37:92,3.41,0.38,0.19
21:20:37:129,3.16,0.41,0.63
21:20:37:148,3.13,0.48,1.09
21:20:37:167,2.97,0.60,1.08
21:20:37:185,3.24,0.54,1.07
21:20:37:222,3.91,0.56,1.18
21:20:37:259,4.45,0.52,1.04
21:20:37:260,4.62,0.53,1.07
21:20:37:278,4.87,0.73,1.48
21:20:37:318,4.73,0.86,1.65
21:20:37:336,4.68,0.65,1.39
21:20:37:355,4.58,0.33,1.03
21:20:37:373,4.85,0.33,0.88
21:20:37:412,5.30,0.70,0.85
21:20:37:429,5.55,1.28,0.92
21:20:37:448,5.45,1.93,1.15
21:20:37:485,5.09,2.49,1.45
21:20:37:504,4.57,2.75,1.63
21:20:37:522,4.13,2.67,1.63
21:20:37:557,3.86,2.42,1.55
21:20:37:576,3.73,2.13,1.47
21:20:37:597,3.92,1.96,1.57
21:20:37:617,4.27,1.74,1.66
21:20:37:653,4.51,1.59,1.70
21:20:37:671,4.83,1.74,1.91
21:20:37:708,4.99,2.19,2.31
21:20:37:726,4.65,2.45,2.49
21:20:37:745,4.23,2.33,2.07
21:20:37:763,4.37,2.27,1.71
21:20:37:783,4.63,2.17,1.51
21:20:37:801,5.13,2.05,1.43
21:20:37:856,5.74,1.88,1.28
21:20:37:875,6.16,1.56,1.04
21:20:37:893,6.41,1.04,0.67
21:20:37:912,6.24,0.51,0.42
21:20:37:931,5.81,0.30,0.35
21:20:37:950,5.28,0.31,0.48
21:20:37:987,4.67,0.58,0.56
21:20:38:6,4.13,0.83,0.51
21:20:38:24,3.75,0.98,0.37
21:20:38:44,3.64,0.97,0.16
21:20:38:62,3.73,0.94,-0.01
21:20:38:116,3.99,0.98,-0.14
21:20:38:116,4.13,0.89,-0.13
21:20:38:136,3.94,0.71,-0.30
21:20:38:154,3.61,0.46,-0.49
21:20:38:187,3.27,0.25,-0.41
21:20:38:225,3.35,0.21,-0.11
21:20:38:243,3.45,0.45,0.29
21:20:38:262,2.97,0.97,0.96
21:20:38:300,2.91,1.21,1.24
21:20:38:318,3.06,1.05,1.26
21:20:38:355,3.49,1.03,1.23
21:20:38:373,4.10,1.09,1.40
21:20:38:392,4.64,0.99,1.63
21:20:38:410,4.60,0.62,1.52
21:20:38:429,4.49,0.15,1.27
21:20:38:466,4.64,-0.21,0.99
21:20:38:485,5.09,-0.04,0.98
21:20:38:523,5.54,0.55,1.26
21:20:38:560,5.70,1.25,1.53
21:20:38:579,5.46,1.75,1.60
21:20:38:579,5.03,2.04,1.72
21:20:38:598,4.49,2.03,1.85
21:20:38:616,4.02,1.93,1.82
21:20:38:651,3.83,1.87,1.69
21:20:38:669,4.02,1.97,1.63
21:20:38:689,4.40,2.07,1.73
21:20:38:708,4.41,1.95,1.83
21:20:38:745,4.31,1.83,1.79
21:20:38:763,4.53,1.90,2.07
21:20:38:819,4.54,2.05,2.51
21:20:38:838,4.30,1.93,2.40
21:20:38:857,4.29,1.95,1.91
21:20:38:857,4.75,2.00,1.58
21:20:38:877,5.38,1.96,1.40
21:20:38:912,5.80,1.75,1.20
21:20:38:936,6.13,1.37,0.92
21:20:38:973,6.23,0.91,0.69
21:20:38:990,5.97,0.41,0.50
21:20:39:27,5.54,0.13,0.42
21:20:39:65,5.06,0.19,0.37
21:20:39:83,4.49,0.43,0.38
21:20:39:83,3.89,0.68,0.37
21:20:39:101,3.43,0.93,0.34
21:20:39:137,3.12,1.05,0.22
21:20:39:154,3.00,1.10,0.08
21:20:39:192,2.93,1.06,-0.06
21:20:39:193,2.93,0.98,-0.09
21:20:39:227,3.09,0.83,-0.13
21:20:39:247,3.34,0.71,-0.12
21:20:39:265,3.36,0.62,-0.05
21:20:39:304,3.37,0.61,0.05
21:20:39:324,3.78,0.81,0.25
21:20:39:342,3.97,1.22,0.73
21:20:39:361,3.38,1.64,1.29
21:20:39:379,2.93,1.79,1.59
21:20:39:414,3.05,1.71,1.73
21:20:39:432,3.56,1.31,1.65
21:20:39:490,4.33,0.74,1.36
21:20:39:490,4.78,0.18,1.02
21:20:39:508,4.79,-0.17,0.93
21:20:39:545,4.72,-0.31,0.99
21:20:39:545,4.58,-0.37,1.21
21:20:39:563,4.60,-0.06,1.35
21:20:39:597,4.63,0.53,1.32
21:20:39:632,4.58,1.21,1.22
21:20:39:651,4.40,1.82,1.32
21:20:39:672,4.18,2.21,1.40
21:20:39:743,3.99,2.33,1.49
21:20:39:764,3.82,2.21,1.52
21:20:39:783,3.70,2.01,1.52
21:20:39:801,3.85,1.92,1.58
21:20:39:819,4.22,1.92,1.65
21:20:39:837,4.44,1.81,1.63
21:20:39:856,4.39,1.54,1.53
21:20:39:874,4.61,1.43,1.62
21:20:39:914,4.90,1.74,2.01
21:20:39:931,4.77,2.00,2.30
21:20:39:931,4.35,2.09,2.05
21:20:39:970,4.60,2.00,1.86
21:20:39:988,4.87,1.75,1.58
21:20:40:24,5.21,1.44,1.33
21:20:40:59,5.87,1.26,1.13
21:20:40:81,6.22,1.04,1.03
21:20:40:81,6.39,0.56,0.85
21:20:40:117,5.98,0.20,0.61
21:20:40:117,5.43,0.10,0.43
21:20:40:171,5.09,0.33,0.44
21:20:40:173,4.66,0.54,0.39
21:20:40:194,4.12,0.70,0.32
21:20:40:251,3.64,0.80,0.22
21:20:40:269,3.23,0.79,0.22
21:20:40:287,3.03,0.81,0.49
21:20:40:287,2.91,0.64,0.60
21:20:40:325,2.77,0.44,0.56
21:20:40:344,2.53,0.33,0.43
21:20:40:362,2.24,0.26,0.48
21:20:40:398,1.93,0.21,0.58
21:20:40:416,2.15,0.29,0.81
21:20:40:470,3.08,0.30,0.88
21:20:40:487,4.40,0.39,0.57
21:20:40:524,5.68,1.47,0.44
21:20:40:543,6.46,2.66,0.60
21:20:40:561,6.28,2.59,0.84
21:20:40:561,6.48,2.42,1.15
21:20:40:600,6.92,2.49,1.36
21:20:40:637,7.20,2.85,1.56
21:20:40:637,6.50,3.06,1.31
21:20:40:656,5.38,2.74,0.65
21:20:40:674,4.42,2.01,0.31
21:20:40:768,4.21,1.17,0.41
21:20:40:786,4.16,0.66,0.53
21:20:40:786,3.97,0.62,0.48
21:20:40:786,3.75,0.81,0.39
21:20:40:805,3.47,1.13,0.24
21:20:40:823,3.15,1.38,0.06
21:20:40:845,2.97,1.65,-0.01
21:20:40:880,3.00,1.72,-0.00
21:20:40:899,3.05,1.63,-0.05
21:20:40:917,3.22,1.48,0.05
21:20:40:937,3.45,1.32,0.02
21:20:40:955,3.86,1.51,0.18
21:20:40:991,4.33,1.56,0.56
21:20:41:10,4.12,1.67,0.75
21:20:41:47,4.23,2.04,1.15
21:20:41:84,4.44,2.53,1.93
21:20:41:84,4.10,1.92,2.35
21:20:41:103,3.94,1.36,2.16
21:20:41:157,3.59,1.09,2.03
21:20:41:178,3.57,0.91,2.36
21:20:41:178,3.61,0.77,2.25
21:20:41:214,3.60,0.60,1.86
21:20:41:234,3.77,0.70,1.43
21:20:41:251,4.05,1.06,1.02
21:20:41:269,3.97,1.24,0.78
21:20:41:307,3.91,1.51,0.81
21:20:41:326,3.69,2.31,0.87
21:20:41:346,3.37,2.45,0.74
21:20:41:364,2.90,2.65,0.74
21:20:41:416,2.82,2.54,0.73
21:20:41:416,2.92,2.38,0.51
21:20:41:436,2.76,2.36,0.47
21:20:41:455,2.79,2.45,0.68
21:20:41:495,2.67,2.43,0.59
21:20:41:514,2.43,2.39,0.39
21:20:41:532,2.36,2.56,0.59
21:20:41:552,2.44,2.67,0.87
21:20:41:589,2.56,2.68,0.98
21:20:41:608,2.65,2.42,1.01
21:20:41:644,2.83,2.33,0.94
21:20:41:664,2.81,2.31,1.16
21:20:41:683,2.69,2.35,1.35
21:20:41:702,2.43,2.32,1.39
21:20:41:720,2.21,2.18,1.42
21:20:41:756,2.07,2.28,1.48
21:20:41:775,1.99,2.55,1.64
21:20:41:813,2.11,2.76,1.76
21:20:41:829,2.32,2.73,1.75
21:20:41:851,2.45,2.70,1.65
21:20:41:869,2.48,2.71,1.71
21:20:41:887,2.55,2.71,1.80
21:20:41:927,2.68,2.63,1.80
21:20:41:946,2.80,2.58,1.77
21:20:41:964,2.83,2.45,1.77
21:20:41:983,2.86,2.33,1.80
21:20:42:23,2.90,2.12,1.80
21:20:42:59,2.92,1.99,1.74
21:20:42:59,2.84,1.90,1.61
21:20:42:79,2.73,1.78,1.56
21:20:42:97,2.66,1.64,1.48
21:20:42:133,2.65,1.58,1.40
21:20:42:151,2.70,1.63,1.32
21:20:42:191,2.73,1.66,1.32
21:20:42:209,2.79,1.69,1.27
21:20:42:227,3.08,1.67,1.32
21:20:42:245,3.21,1.69,1.29
21:20:42:284,3.24,1.68,1.16
21:20:42:321,3.24,1.66,1.04
21:20:42:340,3.32,1.64,0.94
21:20:42:357,3.57,1.56,0.84
21:20:42:393,3.76,1.58,0.84
21:20:42:393,3.91,1.50,0.96
21:20:42:411,3.92,1.39,1.06
21:20:42:430,3.85,1.21,1.12
21:20:42:449,3.82,0.91,1.13
21:20:42:489,3.86,0.74,1.19
21:20:42:506,3.81,0.69,1.25
21:20:42:541,3.79,0.74,1.29
21:20:42:563,3.76,0.83,1.31
21:20:42:582,3.67,0.81,1.25
21:20:42:600,3.34,0.80,1.17
21:20:42:636,3.61,0.78,1.17
21:20:42:657,3.80,0.75,1.22
21:20:42:676,3.79,0.73,1.14
21:20:42:712,3.72,0.76,0.99
21:20:42:731,3.67,0.76,0.89
21:20:42:769,3.73,0.69,0.80
21:20:42:769,3.66,0.71,0.80
21:20:42:788,3.54,0.80,0.78
21:20:42:842,3.47,0.90,0.73
21:20:42:864,3.49,0.96,0.72
21:20:42:864,3.48,0.96,0.77
21:20:42:883,3.54,1.04,0.77
21:20:42:920,3.58,1.12,0.89
21:20:42:995,3.60,1.15,0.96
21:20:43:14,3.60,1.17,0.98
21:20:43:14,3.62,1.18,0.99
21:20:43:32,3.66,1.17,1.02
21:20:43:66,3.65,1.14,1.02
21:20:43:66,3.65,1.15,1.02
21:20:43:87,3.66,1.07,1.03
21:20:43:127,3.69,0.97,0.98
21:20:43:127,3.67,0.86,0.95
21:20:43:164,3.66,0.88,0.99
21:20:43:182,3.64,0.97,1.02
21:20:43:200,3.64,1.05,1.03
21:20:43:234,3.65,1.01,1.02
21:20:43:252,3.66,0.89,0.99
21:20:43:287,3.65,0.85,1.02
21:20:43:307,3.67,0.86,1.00
21:20:43:325,3.70,0.85,1.00
21:20:43:359,3.65,0.79,0.99
21:20:43:396,3.62,0.81,0.99
21:20:43:396,3.61,0.85,0.94
21:20:43:433,3.62,0.89,0.94
21:20:43:433,3.59,0.84,0.93
21:20:43:486,3.53,0.84,0.92
21:20:43:492,3.56,0.90,0.93
21:20:43:531,3.61,0.89,0.92
21:20:43:547,3.59,0.92,0.92
21:20:43:567,3.63,0.87,0.95
21:20:43:604,3.71,0.81,0.92
21:20:43:621,3.65,0.78,0.90
21:20:43:642,3.59,0.83,0.97
21:20:43:675,3.59,0.93,0.97
21:20:43:695,3.65,0.90,0.95
21:20:43:730,3.60,0.88,0.95
21:20:43:749,3.60,0.94,0.98
21:20:43:770,3.62,0.96,0.96
21:20:43:788,3.63,0.97,0.92
21:20:43:788,3.61,0.97,0.89
21:20:43:861,3.60,0.96,0.93
21:20:43:861,3.59,0.90,0.88
21:20:43:880,3.63,0.91,0.85
21:20:43:899,3.63,0.93,0.86
21:20:43:919,3.63,0.95,0.88
21:20:43:936,3.63,0.90,0.91
21:20:43:972,3.63,0.89,0.89
21:20:44:8,3.64,0.90,0.91
21:20:44:29,3.62,0.93,0.93
21:20:44:46,3.64,0.94,0.95
21:20:44:64,3.64,0.93,0.96
21:20:44:81,3.70,0.89,0.96
21:20:44:116,3.67,0.83,0.97
21:20:44:134,3.65,0.81,1.01
21:20:44:152,3.66,0.87,0.98
21:20:44:204,3.67,0.87,1.01
21:20:44:204,3.64,0.86,0.99
21:20:44:240,3.65,0.84,0.94
21:20:44:280,3.64,0.86,0.96
21:20:44:297,3.62,0.88,0.91
21:20:44:316,3.62,0.94,0.94
21:20:44:353,3.61,0.95,0.91
21:20:44:369,3.62,0.96,0.90
21:20:44:372,3.64,0.95,0.89
21:20:44:392,3.63,0.90,0.91
21:20:44:411,3.60,0.96,0.92
21:20:44:484,3.60,0.97,0.98
21:20:44:502,3.61,0.96,0.93
21:20:44:503,3.63,0.93,0.98
21:20:44:521,3.63,0.94,0.98
21:20:44:557,3.61,0.95,1.00
21:20:44:578,3.62,0.92,1.01
21:20:44:596,3.60,0.96,1.01
21:20:44:614,3.59,0.96,0.99
21:20:44:634,3.61,0.99,1.01
21:20:44:670,3.59,1.00,1.01
21:20:44:689,3.60,1.01,1.02
21:20:44:707,3.60,0.98,1.03
21:20:44:743,3.62,0.91,1.01
21:20:44:765,3.62,0.82,0.99
21:20:44:765,3.61,0.88,1.00
21:20:44:857,3.56,0.95,1.02
21:20:44:877,3.60,0.97,1.01
21:20:44:877,3.63,0.95,0.99
21:20:44:877,3.64,0.91,0.99
21:20:44:914,3.63,0.88,0.98
21:20:44:933,3.66,0.89,0.97
21:20:44:951,3.65,0.94,0.98
21:20:44:970,3.61,0.94,0.97
21:20:45:5,3.55,0.93,0.97
21:20:45:23,3.58,0.97,0.96
21:20:45:42,3.64,1.01,0.99
21:20:45:77,3.64,1.02,1.00
21:20:45:95,3.63,1.05,0.98
21:20:45:115,3.64,1.02,1.03
21:20:45:134,3.70,1.01,0.98
21:20:45:172,3.70,0.99,0.96
21:20:45:207,3.70,0.92,0.93
21:20:45:209,3.72,0.74,0.86
21:20:45:228,3.68,0.57,0.82
21:20:45:266,3.76,0.43,0.76
21:20:45:285,3.69,0.38,0.75
21:20:45:304,3.65,0.33,0.79
21:20:45:323,3.59,0.43,0.84
21:20:45:376,3.46,0.14,0.78
21:20:45:377,3.51,-0.04,0.61
21:20:45:392,4.04,0.04,0.69
21:20:45:428,4.68,0.01,0.80
21:20:45:449,4.77,0.01,0.96
21:20:45:486,4.49,0.04,1.14
21:20:45:506,3.97,0.02,1.26
21:20:45:525,3.73,-0.11,1.12
21:20:45:546,3.64,-0.10,0.88
21:20:45:564,3.82,0.02,0.80
21:20:45:600,4.06,0.25,0.87
21:20:45:600,4.13,0.78,1.01
21:20:45:657,4.16,1.00,1.12
21:20:45:675,4.05,1.48,1.25
21:20:45:694,3.81,1.71,1.35
21:20:45:713,3.55,1.60,1.46
21:20:45:731,3.43,1.26,1.29
21:20:45:748,3.34,1.17,1.38
21:20:45:783,3.29,1.57,1.70
21:20:45:801,3.23,2.22,1.92
21:20:45:821,3.23,2.92,1.96
21:20:45:857,3.64,3.49,2.08
21:20:45:913,4.29,3.71,2.30
21:20:45:913,4.57,3.11,2.24
21:20:45:930,4.63,2.14,2.01
21:20:45:951,4.56,1.67,1.91
21:20:45:988,4.28,1.51,1.76
21:20:46:27,4.41,1.21,1.30
21:20:46:47,5.10,0.97,0.87
21:20:46:47,5.93,1.11,0.66
21:20:46:103,6.59,1.35,0.58
21:20:46:121,6.71,1.49,0.69
21:20:46:140,6.27,1.43,0.71
21:20:46:140,6.12,1.17,0.65
21:20:46:159,6.07,0.94,0.69
21:20:46:193,5.54,0.75,0.41
21:20:46:231,4.82,0.71,0.29
21:20:46:249,4.20,0.83,0.52
21:20:46:267,3.64,0.83,0.70
21:20:46:284,3.23,0.68,0.53
21:20:46:302,2.94,0.31,0.37
21:20:46:338,2.70,0.10,0.31
21:20:46:375,2.79,0.10,0.37
21:20:46:393,3.00,0.21,0.55
21:20:46:412,3.38,0.11,0.48
21:20:46:449,3.73,0.06,0.46
21:20:46:468,4.25,0.09,0.35
21:20:46:505,5.10,0.24,0.38
21:20:46:521,5.05,0.58,0.77
21:20:46:538,4.00,0.93,1.86
21:20:46:539,3.42,0.84,2.27
21:20:46:573,3.71,0.00,1.66
21:20:46:613,4.60,-0.92,1.00
21:20:46:630,5.60,-0.75,0.95
21:20:46:651,5.70,0.09,1.19
21:20:46:669,5.59,0.79,1.42
21:20:46:689,5.28,1.28,1.55
21:20:46:742,5.12,1.60,1.36
21:20:46:744,5.02,1.92,1.11
21:20:46:763,4.79,2.12,1.04
21:20:46:797,4.52,2.34,1.07
21:20:46:815,4.20,2.42,1.14
21:20:46:833,3.95,2.33,1.09
21:20:46:867,3.94,2.17,1.22
21:20:46:884,4.15,2.07,1.30
21:20:46:900,4.27,2.34,1.55
21:20:46:938,4.27,2.60,1.80
21:20:46:973,4.06,2.57,1.89
21:20:46:976,3.77,2.56,2.07
21:20:46:995,3.82,2.84,2.43
21:20:47:13,3.65,3.33,2.77
21:20:47:51,3.65,3.36,2.55
21:20:47:87,3.91,3.03,2.19
21:20:47:105,4.54,2.60,1.96
21:20:47:124,5.29,2.22,1.78
21:20:47:142,5.86,1.79,1.55
21:20:47:164,6.16,1.42,1.32
21:20:47:202,6.47,1.12,1.08
21:20:47:221,6.49,0.87,0.78
21:20:47:258,6.30,0.76,0.50
21:20:47:277,5.95,0.81,0.34
21:20:47:277,5.34,0.91,0.37
21:20:47:316,4.75,1.04,0.39
21:20:47:335,4.23,1.11,0.37
21:20:47:355,4.00,1.06,0.29
21:20:47:374,3.94,0.82,0.00
21:20:47:409,3.97,0.62,-0.08
21:20:47:428,3.89,0.50,-0.16
21:20:47:463,3.81,0.15,-0.32
21:20:47:482,3.43,-0.06,-0.53
21:20:47:505,3.04,-0.26,-0.36
21:20:47:541,3.45,0.22,0.37
21:20:47:541,3.48,0.68,1.07
21:20:47:578,2.90,0.66,1.78
21:20:47:597,3.13,0.27,1.85
21:20:47:616,3.86,-0.12,1.74
21:20:47:653,4.80,-0.73,1.78
21:20:47:672,5.48,-0.63,2.05
21:20:47:691,5.22,0.20,2.07
21:20:47:728,5.03,0.53,1.86
21:20:47:728,5.04,0.86,1.67
21:20:47:765,5.32,1.22,1.66
21:20:47:819,5.56,1.74,1.74
21:20:47:819,5.35,2.05,1.66
21:20:47:838,4.95,2.16,1.50
21:20:47:857,4.61,2.23,1.33
21:20:47:879,4.23,2.12,1.23
21:20:47:915,3.96,2.20,1.40
21:20:47:935,3.86,2.10,1.51
21:20:47:954,4.06,2.14,1.53
21:20:47:989,4.25,2.22,1.57
21:20:48:9,4.11,2.45,1.83
21:20:48:30,3.95,2.29,2.05
21:20:48:48,4.26,2.33,2.51
21:20:48:85,4.19,2.47,2.92
21:20:48:104,3.98,2.34,2.68
21:20:48:122,4.03,2.03,2.37
21:20:48:159,4.39,1.90,2.10
21:20:48:177,4.71,1.74,1.91
21:20:48:212,5.19,1.59,1.77
21:20:48:231,5.78,1.54,1.62
21:20:48:255,6.10,1.31,1.35
21:20:48:255,6.22,1.08,0.93
21:20:48:292,6.09,0.89,0.51
21:20:48:329,5.83,0.78,0.33
21:20:48:347,5.37,0.82,0.27
21:20:48:365,4.80,0.94,0.23
21:20:48:422,4.29,1.04,0.21
21:20:48:422,4.29,0.94,0.05
21:20:48:442,4.23,0.71,-0.09
21:20:48:480,4.00,0.40,-0.26
21:20:48:517,3.78,0.01,-0.29
21:20:48:535,3.40,-0.32,-0.41
21:20:48:535,3.08,-0.49,-0.33
21:20:48:554,2.70,-0.42,-0.00
21:20:48:589,3.07,0.18,0.90
21:20:48:612,3.51,0.50,1.25
21:20:48:648,3.58,0.46,1.19
21:20:48:667,3.92,0.71,1.58
21:20:48:667,4.31,0.64,1.83
21:20:48:701,4.92,0.12,1.61
21:20:48:738,5.44,-0.15,1.33
21:20:48:756,5.49,0.19,1.34
21:20:48:773,5.17,0.33,1.40
21:20:48:793,4.99,0.45,1.33
21:20:48:812,5.08,0.65,1.11
21:20:48:850,5.23,1.16,1.05
21:20:48:868,5.27,1.73,1.16
21:20:48:888,5.00,2.00,1.26
21:20:48:925,4.62,2.14,1.19
21:20:48:943,4.25,2.17,1.23
21:20:48:958,3.89,2.20,1.33
21:20:48:977,3.70,2.27,1.49
21:20:49:15,3.72,2.44,1.59
21:20:49:35,3.84,2.59,1.76
21:20:49:53,3.86,2.49,1.99
21:20:49:71,3.77,2.07,2.09
21:20:49:144,3.78,1.77,2.17
21:20:49:163,3.93,1.87,2.47
21:20:49:179,4.07,2.07,2.64
21:20:49:183,4.24,2.10,2.39
21:20:49:203,4.70,2.23,2.11
21:20:49:221,5.16,2.20,1.87
21:20:49:240,5.40,2.03,1.67
21:20:49:278,5.64,1.85,1.57
21:20:49:298,5.95,1.63,1.37
21:20:49:317,6.16,1.31,0.96
21:20:49:355,6.12,0.91,0.58
21:20:49:373,5.83,0.74,0.38
21:20:49:391,5.29,0.72,0.33
21:20:49:450,4.73,0.76,0.39
21:20:49:450,4.16,0.83,0.37
21:20:49:487,3.69,0.85,0.27
21:20:49:506,3.57,0.71,0.12
21:20:49:506,3.30,0.57,-0.05
21:20:49:524,3.13,0.55,-0.16
21:20:49:560,3.15,0.56,-0.15
21:20:49:596,3.19,0.53,-0.05
21:20:49:618,3.19,0.52,0.01
21:20:49:639,3.04,0.61,0.10
21:20:49:657,3.08,0.87,0.47
21:20:49:674,3.27,1.22,1.13
21:20:49:710,3.15,1.46,1.61
21:20:49:749,3.04,1.34,1.69
21:20:49:749,3.29,0.87,1.73
21:20:49:767,3.79,0.34,1.94
21:20:49:839,4.53,-0.00,2.01
21:20:49:839,4.97,-0.20,1.83
21:20:49:858,4.98,0.05,1.78
21:20:49:873,4.78,0.23,1.75
21:20:49:892,4.66,0.40,1.55
21:20:49:910,4.74,0.75,1.36
21:20:49:946,4.90,1.31,1.25
21:20:49:966,4.92,1.86,1.38
21:20:49:986,4.70,2.14,1.49
21:20:50:4,4.30,2.17,1.45
21:20:50:41,3.86,2.11,1.42
21:20:50:60,3.59,1.97,1.40
21:20:50:99,3.60,1.77,1.41
21:20:50:116,3.62,1.83,1.35
21:20:50:134,3.75,2.04,1.54
21:20:50:171,3.71,2.05,1.77
21:20:50:189,3.76,2.05,1.88
21:20:50:208,4.26,2.43,2.27
21:20:50:227,4.42,2.83,2.66
21:20:50:246,4.28,2.81,2.49
21:20:50:283,3.85,2.28,1.91
21:20:50:302,3.83,1.84,1.68
21:20:50:320,4.25,1.65,1.63
21:20:50:356,5.23,1.66,1.80
21:20:50:412,5.95,1.46,1.49
21:20:50:433,6.02,1.14,1.02
21:20:50:435,5.62,0.87,0.72
21:20:50:452,5.17,0.62,0.62
21:20:50:471,4.66,0.56,0.65
21:20:50:489,4.14,0.63,0.63
21:20:50:526,3.71,0.73,0.56
21:20:50:563,3.46,0.77,0.41
21:20:50:563,3.25,0.83,0.32
21:20:50:581,3.09,1.01,0.23
21:20:50:618,3.02,1.25,0.08
21:20:50:636,2.85,1.36,0.05
21:20:50:673,2.81,1.27,0.04
21:20:50:673,2.77,1.15,-0.00
21:20:50:728,2.65,1.00,-0.06
21:20:50:746,2.73,1.17,0.09
21:20:50:746,3.29,1.55,0.31
21:20:50:784,3.99,2.01,0.73
21:20:50:803,3.62,2.47,1.28
21:20:50:821,2.87,2.54,1.65
21:20:50:858,2.78,2.35,1.65
21:20:50:911,3.14,2.06,1.56
21:20:50:930,3.35,1.97,1.55
21:20:50:949,3.47,1.92,1.57
21:20:50:967,3.41,2.05,1.79
21:20:51:3,3.28,1.99,1.92
21:20:51:26,3.16,1.95,1.74
21:20:51:49,3.11,1.96,1.70
21:20:51:66,3.07,2.00,1.65
21:20:51:84,3.05,2.08,1.53
21:20:51:102,3.16,2.16,1.41
21:20:51:121,3.31,2.00,1.29
21:20:51:158,3.48,1.86,1.26
21:20:51:180,3.62,1.77,1.29
21:20:51:198,3.86,1.71,1.29
21:20:51:217,4.02,1.38,1.12
21:20:51:288,4.08,1.22,1.01
21:20:51:343,4.10,1.19,0.97
21:20:51:359,3.94,0.87,0.80
21:20:51:359,3.70,0.66,0.74
21:20:51:377,3.50,0.86,0.82
21:20:51:396,3.27,0.94,0.79
21:20:51:396,3.16,1.02,0.80
21:20:51:412,3.18,1.02,0.71
21:20:51:452,3.41,0.94,0.67
21:20:51:488,3.62,1.01,0.66
21:20:51:545,3.63,1.11,0.75
21:20:51:548,3.57,1.26,0.82
21:20:51:584,3.40,1.40,0.79
21:20:51:584,3.45,1.45,0.75
21:20:51:602,3.56,1.49,0.79
21:20:51:629,3.62,1.52,0.80
21:20:51:667,3.65,1.47,0.75
21:20:51:667,3.81,1.44,0.64
21:20:51:685,3.93,1.44,0.62
21:20:51:687,3.95,1.36,0.63
21:20:51:726,3.97,1.36,0.60
21:20:51:745,3.92,1.36,0.62
21:20:51:785,3.77,1.30,0.65
21:20:51:841,3.76,1.31,0.61
21:20:51:861,3.74,1.35,0.61
21:20:51:880,3.65,1.35,0.59
21:20:51:898,3.62,1.28,0.45
21:20:51:934,3.62,1.28,0.31
21:20:51:951,3.70,1.23,0.19
21:20:51:952,3.90,1.21,0.08
21:20:51:952,3.98,1.16,-0.08
21:20:52:28,4.14,1.09,-0.23
21:20:52:28,4.13,0.97,-0.46
21:20:52:49,4.08,0.88,-0.51
21:20:52:86,4.22,0.92,-0.30
21:20:52:140,4.49,0.85,-0.29
21:20:52:141,4.52,0.68,-0.27
21:20:52:158,4.24,0.54,-0.12
21:20:52:161,3.78,0.45,0.19
21:20:52:161,3.63,0.80,0.56
21:20:52:215,3.72,1.05,0.73
21:20:52:313,3.58,0.90,0.86
21:20:52:332,3.42,0.86,1.01
21:20:52:332,3.56,1.00,1.26
21:20:52:351,3.65,0.91,1.42
21:20:52:369,3.71,0.67,1.43
21:20:52:369,3.66,0.39,1.37
21:20:52:387,3.53,0.32,1.31
21:20:52:426,3.34,0.33,1.30
21:20:52:444,3.29,0.62,1.32
21:20:52:462,3.26,0.87,1.25
21:20:52:462,3.32,1.14,1.32
21:20:52:462,3.38,1.22,1.32
21:20:52:501,3.43,1.17,1.31
21:20:52:537,3.57,1.10,1.28
21:20:52:537,3.63,1.04,1.24
21:20:52:573,3.62,0.79,1.12
21:20:52:591,3.66,0.79,0.96
21:20:52:613,3.47,0.90,0.95
21:20:52:667,3.28,1.11,0.91
21:20:52:684,3.32,1.33,0.91
21:20:52:685,3.59,1.27,0.81
21:20:52:722,3.63,1.25,0.80
21:20:52:740,3.61,1.28,0.86
21:20:52:779,3.62,1.21,0.89
21:20:52:779,3.74,1.08,0.79
21:20:52:797,3.92,1.08,0.82
21:20:52:867,3.95,0.96,0.78
21:20:52:904,3.82,0.74,0.71
21:20:52:904,3.81,0.58,0.71
21:20:52:926,3.81,0.57,0.77
21:20:52:948,3.78,0.69,0.88
21:20:52:966,3.78,0.90,0.96
21:20:52:966,3.75,1.03,0.95
21:20:53:3,3.73,1.01,0.93
21:20:53:38,3.66,0.97,0.92
21:20:53:75,3.53,0.95,0.95
21:20:53:78,3.33,0.98,0.96
21:20:53:97,3.25,1.03,0.94
21:20:53:116,3.22,1.02,0.95
21:20:53:134,3.28,1.09,0.99
21:20:53:153,3.41,1.17,1.07
21:20:53:190,3.52,1.19,1.13
21:20:53:224,3.61,1.17,1.17
21:20:53:242,3.66,1.05,1.17
21:20:53:261,3.70,0.90,1.14
21:20:53:279,3.73,0.75,1.10
21:20:53:315,3.74,0.64,1.10
21:20:53:387,3.69,0.61,1.12
21:20:53:387,3.65,0.81,1.14
21:20:53:407,3.55,0.93,1.15
21:20:53:426,3.47,1.02,1.16
21:20:53:442,3.42,1.03,1.13
21:20:53:445,3.39,1.08,1.13
21:20:53:481,3.41,1.13,1.12
21:20:53:500,3.46,1.14,1.19
21:20:53:520,3.43,1.14,1.16
21:20:53:537,3.50,1.13,1.17
21:20:53:574,3.54,1.13,1.21
21:20:53:632,3.58,1.13,1.24
21:20:53:649,3.61,1.11,1.21
21:20:53:667,3.63,1.12,1.22
21:20:53:685,3.61,1.12,1.21
21:20:53:685,3.59,1.15,1.22
21:20:53:722,3.63,1.14,1.20
21:20:53:740,3.60,1.11,1.16
21:20:53:759,3.56,1.06,1.19
21:20:53:796,3.55,1.03,1.15
21:20:53:831,3.57,1.03,1.09
21:20:53:831,3.59,1.02,1.07
21:20:53:869,3.63,1.05,1.07
21:20:53:888,3.66,1.05,1.06
21:20:53:908,3.58,1.04,1.03
21:20:53:946,3.50,1.03,1.00
21:20:53:963,3.46,1.06,0.99
21:20:54:21,3.47,1.07,0.99
21:20:54:39,3.46,1.07,1.01
21:20:54:57,3.46,1.06,1.08
21:20:54:77,3.47,1.01,1.08
21:20:54:77,3.49,0.96,1.11
21:20:54:96,3.53,0.99,1.13
21:20:54:169,3.56,0.99,1.17
21:20:54:169,3.56,1.00,1.20
21:20:54:188,3.55,0.96,1.16
21:20:54:205,3.54,0.96,1.17
21:20:54:243,3.52,0.97,1.22
21:20:54:243,3.52,0.98,1.24
21:20:54:278,3.52,1.01,1.20
21:20:54:298,3.53,1.03,1.17
21:20:54:318,3.53,1.06,1.18
21:20:54:337,3.53,1.08,1.19
21:20:54:388,3.57,1.09,1.17
21:20:54:389,3.57,1.10,1.13
21:20:54:425,3.55,1.10,1.14
21:20:54:425,3.56,1.07,1.10
21:20:54:462,3.58,1.11,1.10
21:20:54:480,3.57,1.11,1.12
21:20:54:514,3.55,1.10,1.08
21:20:54:514,3.53,1.12,1.04
21:20:54:533,3.52,1.13,1.03
21:20:54:571,3.51,1.13,1.02
21:20:54:627,3.49,1.12,1.02
21:20:54:645,3.49,1.12,1.05
21:20:54:645,3.51,1.09,1.05
21:20:54:662,3.53,1.05,1.08
21:20:54:699,3.54,1.05,1.09
21:20:54:715,3.56,1.04,1.12
21:20:54:774,3.55,1.04,1.15
21:20:54:774,3.56,1.02,1.15
21:20:54:774,3.57,1.02,1.14
21:20:54:811,3.56,1.00,1.17
21:20:54:829,3.57,1.00,1.14
21:20:54:884,3.54,1.01,1.14
21:20:54:903,3.55,1.00,1.14
21:20:54:921,3.55,0.99,1.13
21:20:54:939,3.54,1.00,1.11
21:20:54:976,3.54,0.99,1.12
21:20:54:995,3.55,1.00,1.12
21:20:55:11,3.55,1.01,1.10
21:20:55:34,3.52,1.00,1.09
21:20:55:52,3.52,1.02,1.10
21:20:55:71,3.50,1.04,1.08
21:20:55:127,3.55,1.04,1.12
21:20:55:127,3.54,1.04,1.11
21:20:55:143,3.52,1.04,1.12
21:20:55:179,3.53,1.06,1.09
21:20:55:199,3.54,1.09,1.12
21:20:55:276,3.52,1.13,1.11
21:20:55:294,3.50,1.19,1.16
21:20:55:327,3.49,1.25,1.21
21:20:55:343,3.51,1.24,1.18
21:20:55:365,3.53,1.11,1.17
21:20:55:382,3.54,1.03,1.18
21:20:55:422,3.56,1.02,1.19
21:20:55:441,3.56,1.04,1.14
21:20:55:441,3.60,1.06,1.18
21:20:55:460,3.73,0.95,1.09
21:20:55:494,3.79,0.81,1.00
21:20:55:494,3.83,0.75,1.05
21:20:55:512,3.92,0.68,0.98
21:20:55:545,3.86,0.46,0.86
21:20:55:580,3.72,0.35,0.66
21:20:55:618,3.57,0.32,0.74
21:20:55:637,3.27,0.24,0.62
21:20:55:638,3.03,0.16,0.41
21:20:55:657,3.28,0.15,0.39
21:20:55:678,4.18,0.49,0.43
21:20:55:696,4.87,0.99,0.92
21:20:55:733,5.01,1.50,1.46
21:20:55:752,4.21,1.29,1.66
21:20:55:771,3.76,0.53,1.56
21:20:55:790,3.59,0.00,1.31
21:20:55:827,3.76,-0.14,1.16
21:20:55:846,4.22,-0.01,0.97
21:20:55:866,4.61,0.27,0.84
21:20:55:884,4.73,0.68,0.90
21:20:55:918,4.59,1.04,1.16
21:20:55:957,4.20,1.45,1.35
21:20:55:993,3.79,1.82,1.49
21:20:56:12,3.52,2.15,1.51
21:20:56:85,3.34,2.17,1.45
21:20:56:85,3.41,2.09,1.33
21:20:56:104,3.39,2.04,1.27
21:20:56:141,3.48,2.11,1.25
21:20:56:160,3.44,2.30,1.29
21:20:56:197,3.20,2.42,1.33
21:20:56:197,3.44,2.35,1.52
21:20:56:236,3.91,2.43,1.79
21:20:56:236,4.40,2.51,2.09
21:20:56:256,4.66,2.59,2.22
21:20:56:256,4.65,2.15,2.05
21:20:56:368,4.52,1.53,1.84
21:20:56:387,4.62,1.21,1.49
21:20:56:387,5.31,1.35,1.24
21:20:56:406,6.47,1.68,1.07
21:20:56:408,7.43,1.80,0.96
21:20:56:425,7.31,1.57,0.87
21:20:56:426,6.63,1.27,0.78
21:20:56:462,6.06,1.01,0.59
21:20:56:462,5.68,0.82,0.35
21:20:56:482,5.25,0.68,0.09
21:20:56:500,4.76,0.73,0.05
21:20:56:539,4.22,0.83,0.10
21:20:56:558,3.78,0.90,0.15
21:20:56:575,3.47,0.88,0.15
21:20:56:614,3.36,0.86,0.18
21:20:56:633,3.32,0.64,0.05
21:20:56:669,3.39,0.44,-0.09
21:20:56:728,3.69,0.31,-0.03
21:20:56:748,3.91,0.23,0.04
21:20:56:767,3.98,0.11,0.23
21:20:56:767,4.14,0.05,0.53
21:20:56:767,4.40,-0.08,0.73
21:20:56:821,4.39,-0.05,0.94
21:20:56:821,4.06,0.06,1.42
21:20:56:840,3.99,0.34,1.85
21:20:56:878,4.20,0.22,1.74
21:20:56:896,4.74,-0.03,1.41
21:20:56:933,5.44,0.01,1.10
21:20:56:933,5.59,0.49,1.10
21:20:56:973,5.40,0.93,1.27
21:20:56:991,5.31,1.10,1.30
21:20:57:10,5.32,1.22,1.18
21:20:57:85,5.46,1.54,1.11
21:20:57:104,5.66,1.98,1.22
21:20:57:140,5.54,2.40,1.35
21:20:57:140,5.03,2.86,1.41
21:20:57:160,4.09,3.20,1.35
21:20:57:197,3.29,3.09,1.62
21:20:57:197,3.36,2.51,1.79
21:20:57:216,3.83,2.08,1.68
21:20:57:232,4.15,2.19,1.67
21:20:57:252,4.14,2.41,1.79
21:20:57:288,3.83,2.47,2.07
21:20:57:324,3.81,2.53,2.40
21:20:57:325,3.88,2.66,2.84
21:20:57:343,4.45,2.58,2.88
21:20:57:361,5.11,2.01,2.34
21:20:57:399,5.92,1.47,1.54
21:20:57:436,6.74,1.26,0.96
21:20:57:457,7.19,1.39,0.70
21:20:57:457,7.21,1.31,0.62
21:20:57:493,6.77,1.00,0.69
21:20:57:532,6.06,0.75,0.84
21:20:57:551,5.52,0.70,0.85
21:20:57:551,5.08,0.70,0.69
21:20:57:589,4.49,0.79,0.46
21:20:57:609,3.96,0.90,0.33
21:20:57:628,3.51,1.07,0.32
21:20:57:664,3.58,1.19,0.36
21:20:57:701,3.71,1.10,0.32
21:20:57:719,3.70,0.78,0.07
21:20:57:737,3.72,0.40,-0.29
21:20:57:756,3.73,0.01,-0.52
21:20:57:775,3.73,-0.01,-0.35
21:20:57:812,3.57,0.18,0.05
21:20:57:832,3.41,0.41,0.59
21:20:57:848,3.40,0.72,0.86
21:20:57:887,3.24,0.67,0.77
21:20:57:907,3.26,0.57,0.64
21:20:57:907,3.66,0.65,0.91
21:20:57:943,4.26,0.48,0.95
21:20:57:999,4.63,0.20,1.02
21:20:58:16,5.17,0.41,1.36
21:20:58:36,5.49,0.66,1.61
21:20:58:37,5.54,0.52,1.46
21:20:58:73,5.59,0.33,1.35
21:20:58:73,5.73,0.48,1.37
21:20:58:148,5.83,0.78,1.48
21:20:58:165,5.67,1.10,1.44
21:20:58:184,5.36,1.52,1.40
21:20:58:222,4.81,1.96,1.47
21:20:58:262,4.34,2.36,1.57
21:20:58:280,4.07,2.65,1.71
21:20:58:281,4.04,2.79,1.70
21:20:58:281,4.12,2.79,1.71
21:20:58:299,4.08,2.60,1.74
21:20:58:336,4.02,2.19,1.72
21:20:58:355,4.29,1.87,1.78
21:20:58:373,4.63,1.74,2.08
21:20:58:395,4.66,1.79,2.43
21:20:58:431,4.82,1.78,2.31
21:20:58:450,4.88,1.73,1.71
21:20:58:468,5.16,1.82,1.36
21:20:58:487,5.68,1.90,1.25
21:20:58:526,6.05,1.82,1.10
21:20:58:546,6.14,1.58,1.08
21:20:58:563,6.38,1.21,0.88
21:20:58:618,6.30,0.72,0.69
21:20:58:637,5.99,0.50,0.60
21:20:58:638,5.21,1.53,1.02
21:20:58:677,4.89,1.65,0.91
21:20:58:695,4.12,1.10,0.38
21:20:58:713,3.27,0.45,0.17
21:20:58:731,2.82,-0.05,-0.00
21:20:58:750,2.80,-0.23,-0.08
21:20:58:788,3.05,0.02,-0.19
21:20:58:807,3.34,0.31,-0.29
21:20:58:826,3.35,0.59,-0.26
21:20:58:864,3.30,0.71,-0.23
21:20:58:882,3.65,0.76,0.10
21:20:58:901,3.79,0.87,0.45
21:20:58:919,3.33,1.01,0.88
21:20:58:957,3.19,1.07,1.29
21:20:58:975,3.62,0.88,1.58
21:20:58:993,4.17,0.47,1.57
21:20:59:30,4.51,0.16,1.36
21:20:59:49,4.72,0.27,1.34
21:20:59:83,4.53,0.54,1.40
21:20:59:85,4.22,0.58,1.38
21:20:59:156,4.23,0.61,1.11
21:20:59:159,4.36,0.74,0.95
21:20:59:159,4.57,1.00,1.05
21:20:59:198,4.82,1.32,1.25
21:20:59:215,4.92,1.61,1.30
21:20:59:249,4.84,1.90,1.44
21:20:59:249,4.71,2.03,1.50
21:20:59:266,4.52,1.95,1.51
21:20:59:303,4.28,1.87,1.61
21:20:59:321,4.41,1.90,1.77
21:20:59:355,4.52,1.97,1.85
21:20:59:373,4.37,1.87,1.86
21:20:59:394,4.27,1.70,1.73
21:20:59:428,4.63,1.74,2.26
21:20:59:447,4.47,1.95,2.85
21:20:59:465,4.24,2.14,2.81
21:20:59:501,4.38,2.26,2.45
21:20:59:523,4.66,2.15,1.89
21:20:59:541,4.93,1.86,1.37
21:20:59:575,5.24,1.40,1.09
21:20:59:594,5.51,0.97,0.91
21:20:59:612,5.70,0.52,0.76
21:20:59:665,5.71,0.23,0.66
21:20:59:683,5.49,0.14,0.63
21:20:59:685,5.03,0.36,0.65
21:20:59:704,4.58,0.75,0.68
21:20:59:742,4.02,1.07,0.63
21:20:59:761,3.71,1.42,0.57
21:20:59:779,3.63,1.43,0.42
21:20:59:797,3.61,1.30,0.24
21:20:59:832,3.56,1.09,0.06
21:20:59:871,3.69,0.96,0.12
21:20:59:891,3.72,0.85,0.23
21:20:59:911,3.54,0.71,0.25
21:20:59:948,3.33,0.55,0.35
21:20:59:967,3.18,0.55,0.53
21:20:59:967,3.22,0.83,0.77
21:20:59:990,3.26,0.92,0.79
21:21:0:27,3.12,0.79,0.59
21:21:0:46,3.05,0.62,1.13
21:21:0:65,3.35,0.61,1.89
21:21:0:101,3.69,0.31,1.87
21:21:0:120,4.07,0.18,1.77
21:21:0:183,4.47,0.50,1.89
21:21:0:188,4.41,0.78,1.69
21:21:0:201,4.17,0.70,1.25
21:21:0:220,4.33,0.58,1.02
21:21:0:239,4.55,0.87,1.12
21:21:0:274,4.69,1.20,1.30
21:21:0:293,4.59,1.56,1.35
21:21:0:321,4.49,1.81,1.39
21:21:0:337,4.29,1.88,1.43
21:21:0:354,4.08,1.78,1.51
21:21:0:392,3.96,1.65,1.38
21:21:0:414,3.97,1.57,1.34
21:21:0:432,4.10,1.60,1.26
21:21:0:450,4.29,1.72,1.28
21:21:0:540,4.36,1.84,1.37
21:21:0:540,4.31,1.84,1.40
21:21:0:560,4.48,1.99,1.72
21:21:0:576,4.76,2.39,2.20
21:21:0:597,4.89,2.72,2.65
21:21:0:597,4.43,2.50,2.44
21:21:0:616,4.17,2.27,2.06
21:21:0:654,4.52,1.94,1.67
21:21:0:673,4.90,1.56,1.27
21:21:0:691,5.53,1.12,1.06
21:21:0:710,6.30,0.62,0.78
21:21:0:763,6.54,0.11,0.58
21:21:0:764,6.68,-0.19,0.63
21:21:0:783,6.21,-0.19,0.62
21:21:0:805,5.66,0.18,0.57
21:21:0:843,5.13,0.64,0.54
21:21:0:862,4.63,0.95,0.48
21:21:0:880,4.18,1.06,0.28
21:21:0:899,3.66,1.01,0.09
21:21:0:934,3.08,0.88,0.04
21:21:0:954,2.76,0.85,0.24
21:21:0:992,2.72,0.80,0.45
21:21:1:11,2.51,0.65,0.51
21:21:1:30,2.49,0.56,0.56
21:21:1:103,2.51,0.48,0.62
21:21:1:125,2.59,0.41,0.67
21:21:1:143,2.74,0.28,0.70
21:21:1:143,3.40,0.32,0.70
21:21:1:160,4.49,0.62,0.52
21:21:1:180,5.68,1.47,0.60
21:21:1:199,5.98,2.50,0.84
21:21:1:217,5.68,2.75,0.83
21:21:1:236,5.58,2.72,0.59
21:21:1:252,5.71,3.08,0.70
21:21:1:288,6.10,3.39,0.95
21:21:1:308,6.30,3.83,1.25
21:21:1:326,5.73,3.04,1.08
21:21:1:365,4.94,1.96,0.75
21:21:1:383,4.42,1.53,0.58
21:21:1:402,4.14,1.75,0.65
21:21:1:423,3.80,1.89,0.55
21:21:1:477,3.46,2.10,0.33
21:21:1:493,3.27,2.16,0.21
21:21:1:495,3.09,1.96,0.10
21:21:1:513,2.89,1.87,-0.03
21:21:1:606,2.70,1.88,-0.09
21:21:1:623,2.58,1.88,-0.18
21:21:1:623,2.51,2.03,-0.20
21:21:1:642,2.49,2.12,-0.12
21:21:1:642,2.55,2.20,0.12
21:21:1:698,2.86,2.27,0.38
21:21:1:721,3.58,2.31,0.55
21:21:1:764,4.10,2.58,0.89
21:21:1:764,3.75,2.52,1.14
21:21:1:783,3.22,2.18,1.22
21:21:1:789,2.91,2.16,1.18
21:21:1:810,2.94,2.32,1.45
21:21:1:845,3.24,2.49,1.63
21:21:1:863,3.67,2.45,1.62
21:21:1:882,3.91,2.46,1.49
21:21:1:920,3.71,2.38,1.31
21:21:1:920,3.51,2.58,1.25
21:21:1:958,3.42,2.66,1.11
21:21:1:977,3.41,2.63,0.93
21:21:1:998,3.33,2.79,0.74
21:21:2:18,3.26,2.72,0.66
21:21:2:51,3.11,2.61,0.60
21:21:2:72,3.18,2.48,0.48
21:21:2:92,3.20,2.42,0.39
21:21:2:130,3.17,2.45,0.38
21:21:2:148,3.00,2.36,0.43
21:21:2:186,2.78,2.36,0.45
21:21:2:186,2.54,2.33,0.48
21:21:2:226,2.50,2.45,0.69
21:21:2:263,2.63,2.56,0.88
21:21:2:282,2.85,2.56,0.88
21:21:2:300,2.87,2.46,0.71
21:21:2:317,2.54,2.55,0.68
21:21:2:337,2.23,2.67,0.76
21:21:2:356,1.89,2.90,0.83
21:21:2:378,1.61,2.94,1.00
21:21:2:415,1.55,3.07,1.03
21:21:2:450,1.66,3.04,1.02
21:21:2:450,1.83,2.91,0.96
21:21:2:467,1.89,2.92,0.98
21:21:2:503,1.92,3.02,1.01
21:21:2:539,1.97,2.96,1.04
21:21:2:557,1.97,2.98,1.02
21:21:2:574,1.90,2.92,1.03
21:21:2:630,1.90,2.83,0.97
21:21:2:649,1.94,2.66,0.95
21:21:2:649,2.11,2.54,0.99
21:21:2:667,2.51,2.44,1.08
21:21:2:706,3.11,2.54,1.25
21:21:2:725,3.48,2.60,1.33
21:21:2:743,3.46,2.54,1.30
21:21:2:762,3.42,2.49,1.26
21:21:2:801,3.41,2.56,1.24
21:21:2:820,3.56,2.65,1.32
21:21:2:839,3.63,2.44,1.24
21:21:2:860,3.56,2.20,1.13
21:21:2:897,3.48,1.98,1.09
21:21:2:935,3.48,1.79,1.23
21:21:2:955,3.53,1.47,1.28
21:21:2:977,3.48,1.25,1.32
21:21:2:994,3.52,1.03,1.37
21:21:2:994,3.55,1.05,1.28
21:21:3:28,3.59,0.82,1.25
21:21:3:52,3.50,0.70,1.25
21:21:3:69,3.45,0.77,1.22
21:21:3:115,3.56,0.82,1.12
21:21:3:115,3.57,0.84,0.98
21:21:3:155,3.58,0.71,0.84
21:21:3:173,3.48,0.75,0.87
21:21:3:192,3.57,0.73,0.84
21:21:3:231,3.57,0.39,0.78
21:21:3:252,3.64,0.63,0.84
21:21:3:270,3.72,0.89,0.83
21:21:3:288,3.83,0.69,0.72
21:21:3:325,3.77,0.55,0.73
21:21:3:344,3.94,0.67,0.86
21:21:3:366,4.08,0.71,0.91
21:21:3:384,4.06,0.69,0.87
21:21:3:420,3.80,0.40,0.81
21:21:3:458,3.61,0.33,0.76
21:21:3:458,3.65,0.40,0.66
21:21:3:495,3.85,0.53,0.58
21:21:3:495,4.00,0.48,0.51
21:21:3:531,3.93,0.60,0.58
21:21:3:589,3.77,0.67,0.65
21:21:3:607,3.61,0.75,0.63
21:21:3:607,3.59,0.78,0.61
21:21:3:625,3.65,0.79,0.56
21:21:3:643,3.78,0.82,0.60
21:21:3:682,3.79,0.76,0.61
21:21:3:718,3.82,0.76,0.61
21:21:3:718,3.81,0.77,0.68
21:21:3:736,3.80,0.89,0.70
21:21:3:772,3.77,0.96,0.71
21:21:3:790,3.72,1.05,0.74
21:21:3:828,3.70,1.01,0.78
21:21:3:845,3.71,1.04,0.79
21:21:3:864,3.64,1.02,0.85
21:21:3:885,3.62,1.10,0.86
21:21:3:920,3.63,1.16,0.91
21:21:3:943,3.64,1.21,0.94
21:21:3:962,3.63,1.12,0.96
21:21:4:3,3.67,1.02,0.92
21:21:4:3,3.78,0.82,0.91
21:21:4:22,3.75,0.83,0.88
21:21:4:80,3.70,0.83,0.83
21:21:4:98,3.68,0.81,0.81
21:21:4:116,3.67,0.77,0.81
21:21:4:135,3.68,0.80,0.82
21:21:4:152,3.66,0.87,0.80
21:21:4:191,3.61,0.97,0.84
21:21:4:192,3.58,1.01,0.78
21:21:4:229,3.65,0.94,0.74
21:21:4:247,3.64,0.94,0.75
21:21:4:285,3.62,0.94,0.78
21:21:4:303,3.59,0.97,0.74
21:21:4:321,3.59,0.98,0.79
21:21:4:339,3.57,0.98,0.87
21:21:4:357,3.56,1.00,0.90
21:21:4:379,3.55,1.04,0.92
21:21:4:413,3.59,1.09,0.97
21:21:4:432,3.64,1.09,0.99
21:21:4:469,3.64,1.04,1.03
21:21:4:488,3.62,0.99,0.99
21:21:4:524,3.62,0.93,1.03
21:21:4:543,3.63,0.91,0.99
21:21:4:562,3.60,0.93,0.98
21:21:4:580,3.59,0.96,1.01
21:21:4:601,3.58,0.98,1.02
21:21:4:636,3.58,0.91,0.97
21:21:4:653,3.58,0.92,0.98
21:21:4:670,3.60,0.90,0.99
21:21:4:707,3.63,0.89,1.00
21:21:4:717,3.60,0.87,0.95
21:21:4:757,3.59,0.87,1.00
21:21:4:792,3.60,0.87,0.95
21:21:4:793,3.57,0.91,0.95
21:21:4:812,3.53,0.93,0.98
21:21:4:830,3.56,0.89,0.95
21:21:4:884,3.58,0.86,0.95
21:21:4:902,3.58,0.92,0.98
21:21:4:921,3.58,0.94,0.99
21:21:4:942,3.60,0.98,1.03
21:21:4:959,3.61,0.98,1.00
21:21:4:978,3.63,1.00,1.00
21:21:5:15,3.60,0.97,1.04
21:21:5:38,3.59,0.97,1.07
21:21:5:56,3.58,0.96,1.08
21:21:5:91,3.60,1.00,1.09
21:21:5:130,3.60,0.94,1.09
21:21:5:148,3.61,0.95,1.09
21:21:5:166,3.61,0.93,1.11
21:21:5:166,3.60,0.96,1.09
21:21:5:202,3.59,0.93,1.09
21:21:5:239,3.59,0.95,1.08
21:21:5:239,3.60,0.95,1.06
21:21:5:276,3.59,0.96,1.09
21:21:5:312,3.57,0.94,1.04
21:21:5:331,3.56,0.97,1.05
21:21:5:367,3.58,1.01,1.02
21:21:5:368,3.59,1.01,1.08
21:21:5:405,3.57,0.99,1.06
21:21:5:423,3.58,0.98,1.02
21:21:5:477,3.57,0.92,0.99
21:21:5:495,3.53,0.96,1.00
21:21:5:517,3.53,1.02,1.05
21:21:5:535,3.54,1.04,1.12
21:21:5:535,3.59,1.02,1.08
21:21:5:554,3.58,1.01,1.10
21:21:5:590,3.56,1.02,1.12
21:21:5:608,3.55,1.03,1.13
21:21:5:629,3.55,1.03,1.13
21:21:5:665,3.57,1.05,1.15
21:21:5:684,3.58,1.05,1.12
21:21:5:720,3.61,1.07,1.13
21:21:5:720,3.59,1.04,1.09
21:21:5:759,3.54,1.04,1.07
21:21:5:781,3.53,1.03,1.02
21:21:5:799,3.59,1.04,0.99
21:21:5:835,3.68,0.94,0.94
21:21:5:836,3.68,0.79,0.90
21:21:5:871,3.69,0.57,0.89
21:21:5:892,3.93,0.24,0.85
21:21:5:926,3.91,0.00,0.70
21:21:5:947,3.87,-0.07,0.71
21:21:5:981,3.90,-0.21,0.69
21:21:6:5,4.00,-0.43,0.77
21:21:6:22,3.68,-0.38,0.75
21:21:6:40,3.49,-0.18,0.75
21:21:6:59,3.94,0.01,0.78
21:21:6:79,4.67,0.12,1.02
21:21:6:113,5.18,0.25,1.34
21:21:6:132,5.01,0.42,1.46
21:21:6:185,4.33,0.42,1.42
21:21:6:187,3.83,0.17,1.27
21:21:6:206,3.74,0.13,1.07
21:21:6:224,3.88,0.24,0.94
21:21:6:243,4.09,0.48,1.02
21:21:6:261,4.12,0.98,1.13
21:21:6:301,3.96,1.36,1.28
21:21:6:318,3.65,1.43,1.39
21:21:6:336,3.31,1.52,1.48
21:21:6:373,3.22,1.86,1.65
21:21:6:392,3.17,2.18,1.68
21:21:6:429,3.27,2.35,1.59
21:21:6:447,3.41,2.53,1.42
21:21:6:465,3.54,2.74,1.45
21:21:6:483,3.73,2.96,1.56
21:21:6:517,4.00,2.95,1.82
21:21:6:538,4.00,2.82,1.93
21:21:6:574,4.23,2.80,2.03
21:21:6:592,4.21,2.48,1.80
21:21:6:613,4.17,1.94,1.45
21:21:6:649,4.30,1.57,1.17
21:21:6:667,4.75,1.40,1.03
21:21:6:686,5.44,1.23,0.87
21:21:6:705,6.12,1.09,0.77
21:21:6:742,6.42,1.29,0.72
21:21:6:778,6.25,1.86,0.61
21:21:6:780,6.36,1.65,0.41
21:21:6:798,6.28,1.04,0.33
21:21:6:834,6.08,0.34,0.20
21:21:6:852,5.39,0.10,0.10
21:21:6:871,4.72,0.31,0.14
21:21:6:889,4.17,0.31,0.30
21:21:6:929,3.81,0.07,0.29
21:21:6:948,3.42,-0.05,0.25
21:21:6:967,3.32,0.21,0.49
21:21:7:5,3.38,0.15,0.71
21:21:7:33,3.65,-0.08,0.60
21:21:7:33,3.66,-0.25,0.44
21:21:7:54,3.80,-0.30,0.71
21:21:7:91,3.99,-0.29,1.23
21:21:7:137,4.33,-0.10,1.25
21:21:7:137,4.50,0.07,1.26
21:21:7:155,4.15,0.14,1.59
21:21:7:213,3.78,0.25,1.62
21:21:7:213,3.81,0.30,1.47
21:21:7:232,4.38,0.17,1.12
21:21:7:257,4.92,0.25,0.88
21:21:7:274,5.08,0.71,0.89
21:21:7:294,4.83,1.00,1.13
21:21:7:312,4.52,1.12,1.20
21:21:7:367,4.55,1.06,1.09
21:21:7:386,4.69,1.18,0.90
21:21:7:405,4.78,1.46,0.85
21:21:7:423,4.62,1.80,1.04
21:21:7:442,4.43,1.93,1.19
21:21:7:480,4.19,1.79,1.06
21:21:7:498,3.81,1.64,1.09
21:21:7:516,3.61,1.70,1.35
21:21:7:553,3.72,1.93,1.58
21:21:7:572,4.25,2.43,1.66
21:21:7:592,4.40,2.76,1.85
21:21:7:609,4.45,2.81,2.12
21:21:7:645,4.52,2.80,2.56
21:21:7:663,4.41,2.95,3.08
21:21:7:682,4.17,2.76,3.04
21:21:7:708,3.99,2.53,2.46
21:21:7:742,4.49,2.45,2.12
21:21:7:760,5.17,2.26,1.93
21:21:7:778,5.61,1.97,1.70
21:21:7:795,5.82,1.62,1.45
21:21:7:835,5.79,1.25,1.18
21:21:7:857,5.58,0.94,0.90
21:21:7:933,5.37,0.81,0.68
21:21:7:955,5.23,0.84,0.52
21:21:7:972,4.96,0.86,0.41
21:21:7:972,4.60,0.92,0.35
21:21:7:972,4.27,1.00,0.33
21:21:7:990,4.13,1.06,0.34
21:21:8:9,4.06,0.95,0.33
21:21:8:65,4.09,0.74,0.19
21:21:8:84,4.12,0.51,-0.03
21:21:8:102,3.83,0.29,-0.23
21:21:8:102,3.56,0.34,-0.23
21:21:8:138,3.52,0.25,-0.21
21:21:8:195,3.77,0.45,0.09
21:21:8:213,3.47,0.75,0.82
21:21:8:213,3.02,1.15,1.37
21:21:8:232,3.07,0.90,1.49
21:21:8:266,3.57,0.45,1.46
21:21:8:289,4.13,-0.05,1.27
21:21:8:326,4.62,-0.40,1.18
21:21:8:326,4.60,-0.24,1.13
21:21:8:361,4.34,0.11,1.08
21:21:8:396,4.28,0.42,1.09
21:21:8:398,4.35,0.72,1.13
21:21:8:438,4.59,0.97,1.22
21:21:8:473,4.82,1.29,1.15
21:21:8:490,4.96,1.55,1.17
21:21:8:510,4.85,1.68,1.21
21:21:8:528,4.66,1.77,1.35
21:21:8:548,4.63,1.94,1.35
21:21:8:567,4.77,2.17,1.41
21:21:8:601,4.83,2.54,1.63
21:21:8:638,4.87,2.74,1.91
21:21:8:639,4.66,2.71,1.99
21:21:8:677,4.37,2.54,2.10
21:21:8:695,4.52,2.41,2.57
21:21:8:712,4.44,2.51,2.95
21:21:8:733,3.95,2.49,2.87
21:21:8:752,3.63,2.47,2.30
21:21:8:788,3.79,2.46,2.03
21:21:8:808,4.20,2.44,1.88
21:21:8:826,4.68,2.19,1.79
21:21:8:862,5.13,1.87,1.61
21:21:8:917,5.52,1.46,1.26
21:21:8:920,5.69,1.04,0.90
21:21:8:935,5.64,0.73,0.60
21:21:8:956,5.45,0.62,0.45
21:21:8:992,5.14,0.75,0.45
21:21:8:992,4.77,0.88,0.46
21:21:9:33,4.30,0.98,0.40
21:21:9:50,3.97,1.04,0.27
21:21:9:71,3.86,1.02,0.06
21:21:9:108,3.94,1.05,-0.02
21:21:9:126,4.09,0.96,0.02
21:21:9:205,4.03,0.84,0.03
21:21:9:205,4.05,0.49,-0.09
21:21:9:225,3.82,0.04,-0.25
21:21:9:243,3.79,-0.06,-0.13
21:21:9:261,4.10,0.34,0.28
21:21:9:295,3.52,0.60,0.79
21:21:9:297,2.92,0.44,1.04
21:21:9:314,3.03,0.40,1.07
21:21:9:336,3.71,0.37,1.11
21:21:9:354,4.33,0.28,1.14
21:21:9:374,4.66,0.21,1.22
21:21:9:411,4.44,0.24,1.25
21:21:9:428,4.03,0.25,1.14
21:21:9:466,3.79,0.07,1.02
21:21:9:483,3.96,0.10,0.99
21:21:9:521,4.22,0.41,0.96
21:21:9:557,4.60,0.85,0.94
21:21:9:559,4.78,1.22,0.92
21:21:9:577,4.79,1.48,0.93
21:21:9:597,4.70,1.65,1.12
21:21:9:615,4.66,1.75,1.25
21:21:9:652,4.71,1.80,1.24
21:21:9:670,4.91,1.97,1.33
21:21:9:689,5.18,2.34,1.56
21:21:9:707,5.02,2.56,1.81
21:21:9:725,4.55,2.44,1.72
21:21:9:763,4.38,2.43,2.00
21:21:9:816,4.40,2.40,2.56
21:21:9:819,4.22,2.47,2.90
21:21:9:837,3.88,2.52,2.64
21:21:9:858,3.82,2.66,2.19
21:21:9:876,4.03,2.65,1.90
21:21:9:911,4.22,2.27,1.73
21:21:9:931,4.54,1.86,1.70
21:21:9:970,4.99,1.50,1.62
21:21:9:987,5.25,1.12,1.32
21:21:10:7,5.30,0.86,0.94
21:21:10:25,5.27,0.74,0.65
21:21:10:62,5.24,0.73,0.53
21:21:10:79,5.06,0.78,0.62
21:21:10:100,4.73,0.88,0.67
21:21:10:119,4.40,0.98,0.58
21:21:10:154,4.07,0.99,0.40
21:21:10:173,3.85,0.87,0.21
21:21:10:191,3.83,0.80,0.12
21:21:10:228,4.01,0.76,0.03
21:21:10:248,4.07,0.76,0.00
21:21:10:266,3.91,0.69,0.04
21:21:10:284,3.77,0.66,0.19
21:21:10:358,4.06,0.83,0.29
21:21:10:358,4.20,0.92,0.35
21:21:10:377,3.68,0.97,0.76
21:21:10:395,3.06,0.88,1.23
21:21:10:420,2.86,0.50,1.16
21:21:10:439,3.19,0.25,1.06
21:21:10:460,3.85,0.18,1.13
21:21:10:495,4.43,0.34,1.26
21:21:10:536,4.26,0.34,1.22
21:21:10:553,3.85,0.38,1.19
21:21:10:553,3.58,0.27,1.17
21:21:10:572,3.66,0.14,1.23
21:21:10:591,3.94,0.10,1.08
21:21:10:627,4.12,0.27,0.85
21:21:10:647,4.32,0.68,0.90
21:21:10:683,4.45,0.98,1.02
21:21:10:701,4.55,1.13,1.01
21:21:10:719,4.56,1.26,0.98
21:21:10:738,4.50,1.50,0.99
21:21:10:773,4.50,1.72,1.13
21:21:10:795,4.82,2.06,1.23
21:21:10:814,5.17,2.51,1.50
21:21:10:850,5.00,2.58,1.69
21:21:10:870,4.89,2.55,1.61
21:21:10:908,5.00,2.69,2.00
21:21:10:945,4.93,2.72,2.76
21:21:10:963,4.19,2.38,2.72
21:21:10:963,3.94,2.18,2.52
21:21:10:982,3.90,2.12,2.14
21:21:11:0,3.93,2.03,1.81
21:21:11:37,4.22,1.82,1.59
21:21:11:74,4.71,1.57,1.53
21:21:11:74,5.07,1.19,1.24
21:21:11:110,5.31,0.81,0.90
21:21:11:129,5.22,0.53,0.71
21:21:11:164,5.04,0.50,0.68
21:21:11:182,4.72,0.61,0.71
21:21:11:202,4.41,0.75,0.69
21:21:11:220,4.19,0.91,0.56
21:21:11:248,3.99,1.00,0.35
21:21:11:267,3.78,1.07,0.17
21:21:11:285,3.63,1.19,0.07
21:21:11:341,3.44,1.23,-0.03
21:21:11:394,3.29,1.23,-0.11
21:21:11:415,3.22,1.16,-0.23
21:21:11:433,3.26,1.13,-0.28
21:21:11:452,3.36,1.10,-0.30
21:21:11:452,3.66,1.25,-0.16
21:21:11:470,4.33,1.48,0.01
21:21:11:489,4.57,1.83,0.42
21:21:11:524,3.38,1.86,0.92
21:21:11:524,2.60,1.85,1.03
21:21:11:544,2.62,1.92,1.29
21:21:11:597,3.20,1.58,1.15
21:21:11:615,3.70,1.32,1.06
21:21:11:673,4.02,1.00,1.40
21:21:11:692,3.98,0.60,1.48
21:21:11:693,3.74,0.59,1.53
21:21:11:693,3.52,0.87,1.61
21:21:11:728,3.26,1.25,1.83
21:21:11:746,3.21,1.44,1.85
21:21:11:785,3.25,1.56,1.63
21:21:11:785,3.29,1.76,1.54
21:21:11:840,3.44,2.06,1.57
21:21:11:856,3.55,1.70,1.53
21:21:11:878,3.74,1.43,1.51
21:21:11:920,3.93,1.25,1.48
21:21:11:939,4.02,1.19,1.35
21:21:11:974,4.00,1.23,1.18
21:21:11:974,3.91,1.25,0.96
21:21:11:992,3.85,1.29,0.83
21:21:12:26,3.73,1.34,0.76
21:21:12:49,3.70,1.30,0.75
21:21:12:49,3.59,1.25,0.67
21:21:12:67,3.53,1.19,0.57
21:21:12:219,3.67,1.19,0.45
21:21:12:219,3.98,1.16,0.37
21:21:12:237,4.08,1.13,0.32
21:21:12:256,3.92,1.10,0.26
21:21:12:275,3.70,1.08,0.14
21:21:12:275,3.46,1.03,0.01
21:21:12:293,3.38,1.04,-0.02
21:21:12:311,3.35,1.06,-0.02
21:21:12:366,3.42,1.21,0.00
21:21:12:402,3.60,1.38,0.03
21:21:12:420,3.69,1.51,0.12
21:21:12:456,3.68,1.61,0.08
21:21:12:458,3.74,1.62,0.05
21:21:12:513,3.80,1.56,0.11
21:21:12:513,3.82,1.48,0.20
21:21:12:567,3.82,1.35,0.22
21:21:12:569,3.79,1.19,0.22
21:21:12:569,3.80,1.00,0.22
21:21:12:587,3.64,0.94,0.28
21:21:12:627,3.55,1.04,0.41
21:21:12:643,3.54,1.12,0.46
21:21:12:663,3.69,1.06,0.43
21:21:12:683,4.12,0.90,0.15
21:21:12:740,4.47,0.80,0.15
21:21:12:758,4.58,0.78,0.32
21:21:12:778,4.08,0.51,0.34
21:21:12:796,3.76,0.18,0.26
21:21:12:814,3.83,-0.02,0.20
21:21:12:832,3.98,-0.00,0.26
21:21:12:832,4.03,0.17,0.38
21:21:12:906,3.97,0.35,0.43
21:21:12:906,4.03,0.57,0.56
21:21:12:926,4.01,0.56,0.72
21:21:12:926,3.84,0.51,0.78
21:21:12:944,3.74,0.49,0.79
21:21:12:944,3.64,0.40,0.84
21:21:12:963,3.62,0.37,0.79
21:21:13:19,3.52,0.39,0.82
21:21:13:19,3.42,0.49,0.87
21:21:13:36,3.30,0.68,0.84
21:21:13:53,3.20,0.86,0.80
21:21:13:90,3.17,1.11,0.84
21:21:13:131,3.28,1.26,0.83
21:21:13:132,3.51,1.26,0.90
21:21:13:150,3.83,1.28,0.97
21:21:13:187,3.75,1.29,1.03
21:21:13:206,3.59,1.22,1.01
21:21:13:241,3.48,1.09,0.97
21:21:13:241,3.46,0.98,0.93
21:21:13:293,3.52,0.96,0.97
21:21:13:309,3.70,1.10,1.09
21:21:13:327,3.80,1.22,1.12
21:21:13:363,3.98,1.29,1.29
21:21:13:400,4.03,1.21,1.26
21:21:13:400,3.98,0.97,1.19
21:21:13:437,3.94,0.76,1.11
21:21:13:475,3.96,0.68,1.10
21:21:13:512,3.90,0.69,1.08
21:21:13:547,3.81,0.78,1.05
21:21:13:566,3.72,0.88,0.94
21:21:13:603,3.64,0.89,0.88
21:21:13:603,3.49,0.91,0.84
21:21:13:603,3.40,0.99,0.80
21:21:13:623,3.27,1.10,0.87
21:21:13:641,3.21,1.22,0.94
21:21:13:659,3.15,1.28,0.91
21:21:13:676,3.17,1.27,0.91
21:21:13:711,3.23,1.22,0.96
21:21:13:730,3.34,1.21,1.01
21:21:13:752,3.43,1.16,1.06
21:21:13:768,3.53,1.12,1.09
21:21:13:819,3.61,1.01,1.13
21:21:13:821,3.65,0.93,1.14
21:21:13:843,3.72,0.83,1.15
21:21:13:861,3.75,0.81,1.16
21:21:13:917,3.74,0.85,1.17
21:21:13:917,3.66,0.91,1.16
21:21:13:935,3.60,0.93,1.17
21:21:13:974,3.52,0.95,1.08
21:21:13:991,3.45,0.97,1.05
21:21:14:9,3.42,1.07,1.03
21:21:14:65,3.44,1.13,1.02
21:21:14:84,3.41,1.17,1.02
21:21:14:102,3.37,1.21,1.06
21:21:14:120,3.40,1.26,1.06
21:21:14:157,3.46,1.21,1.07
21:21:14:157,3.50,1.17,1.04
21:21:14:194,3.53,1.14,1.05
21:21:14:212,3.61,1.13,1.09
21:21:14:231,3.65,1.13,1.12
21:21:14:267,3.62,1.14,1.17
21:21:14:289,3.59,1.17,1.20
21:21:14:289,3.53,1.16,1.28
21:21:14:326,3.55,1.14,1.28
21:21:14:362,3.57,1.09,1.32
21:21:14:380,3.62,1.03,1.35
21:21:14:398,3.63,0.94,1.33
21:21:14:416,3.63,0.88,1.29
21:21:14:470,3.64,0.85,1.20
21:21:14:474,3.66,0.92,1.16
21:21:14:492,3.64,1.00,1.13
21:21:14:528,3.61,1.04,1.13
21:21:14:546,3.54,1.07,1.07
21:21:14:585,3.46,1.07,1.02
21:21:14:585,3.45,1.07,0.99
21:21:14:623,3.49,1.11,0.98
21:21:14:641,3.53,1.13,1.01
21:21:14:713,3.54,1.10,1.01
21:21:14:731,3.52,1.04,1.01
21:21:14:750,3.53,1.03,1.02
21:21:14:750,3.51,1.03,1.06
21:21:14:768,3.53,1.02,1.09
21:21:14:787,3.56,1.00,1.07
21:21:14:823,3.55,0.96,1.09
21:21:14:844,3.54,0.96,1.11
21:21:14:861,3.53,0.98,1.14
21:21:14:880,3.52,1.03,1.08
21:21:14:898,3.49,1.08,1.13
21:21:14:934,3.49,1.12,1.15
21:21:14:934,3.49,1.09,1.15
21:21:14:990,3.51,1.10,1.19
21:21:15:8,3.51,1.07,1.12
21:21:15:8,3.52,1.04,1.13
21:21:15:64,3.52,1.08,1.17
21:21:15:83,3.51,1.08,1.15
21:21:15:100,3.49,1.10,1.14
21:21:15:119,3.50,1.13,1.17
21:21:15:139,3.49,1.15,1.17
21:21:15:177,3.51,1.15,1.18
21:21:15:195,3.52,1.13,1.20
21:21:15:211,3.52,1.14,1.20
21:21:15:231,3.53,1.13,1.19
21:21:15:251,3.54,1.19,1.23
21:21:15:286,3.50,1.12,1.19
21:21:15:305,3.52,1.10,1.22
21:21:15:321,3.53,1.10,1.19
21:21:15:378,3.55,1.07,1.17
21:21:15:414,3.55,1.06,1.17
21:21:15:414,3.55,1.06,1.15
21:21:15:433,3.56,1.03,1.10
21:21:15:472,3.53,1.04,1.07
21:21:15:490,3.51,1.06,1.05
21:21:15:490,3.51,1.08,1.11
21:21:15:526,3.50,1.08,1.07
21:21:15:544,3.50,1.06,1.05
21:21:15:562,3.53,1.08,1.09
21:21:15:600,3.52,1.08,1.11
21:21:15:617,3.50,1.09,1.10
21:21:15:636,3.48,1.11,1.09
21:21:15:671,3.46,1.11,1.12
21:21:15:708,3.43,1.09,1.08
21:21:15:726,3.42,1.09,1.10
21:21:15:762,3.46,1.10,1.11
21:21:15:779,3.51,1.13,1.08
21:21:15:799,3.56,1.13,1.09
21:21:15:817,3.60,1.08,1.07
21:21:15:834,3.63,1.04,1.06
21:21:15:872,3.78,0.97,1.06
21:21:15:907,3.85,0.83,1.01
21:21:15:911,3.99,0.47,0.93
21:21:15:930,4.14,0.18,0.83
21:21:15:949,4.07,-0.38,0.58
21:21:16:3,3.93,-0.60,0.40
21:21:16:4,3.75,-0.34,0.36
21:21:16:22,3.47,-0.05,0.41
21:21:16:41,3.47,-0.07,0.37
21:21:16:97,4.18,-0.05,0.41
21:21:16:118,5.02,0.12,0.62
21:21:16:136,5.44,0.13,0.86
21:21:16:153,5.33,0.33,1.08
21:21:16:171,4.82,0.26,1.15
21:21:16:192,4.52,0.36,1.08
21:21:16:210,4.37,0.43,1.03
21:21:16:245,4.45,0.66,1.02
21:21:16:264,4.65,1.08,1.00
21:21:16:301,4.66,1.51,1.00
21:21:16:320,4.46,1.61,0.93
21:21:16:372,4.08,1.83,0.96
21:21:16:393,3.88,1.90,1.10
21:21:16:393,3.61,2.09,1.21
21:21:16:431,3.36,2.20,1.25
21:21:16:486,3.17,1.85,1.22
21:21:16:524,3.22,1.83,1.25
21:21:16:524,3.31,2.06,1.41
21:21:16:580,3.60,2.59,1.66
21:21:16:580,4.02,3.32,1.95
21:21:16:616,4.46,3.34,1.96
21:21:16:695,4.37,2.80,1.81
21:21:16:731,4.26,1.80,1.72
21:21:16:731,4.54,0.90,1.85
21:21:16:750,4.69,0.45,1.83
21:21:16:768,4.97,0.65,1.40
21:21:16:786,5.64,1.36,0.92
21:21:16:786,6.79,1.91,0.31
21:21:16:805,7.67,1.64,-0.45
21:21:16:805,7.54,0.82,-0.80
21:21:16:823,6.75,0.31,-0.57
21:21:16:841,5.92,0.16,-0.26
21:21:16:860,5.72,0.05,-0.00
21:21:16:860,5.25,0.18,0.15
21:21:16:879,4.79,0.19,-0.06
21:21:16:898,4.49,0.43,-0.35
21:21:16:933,3.98,0.75,-0.47
21:21:16:951,3.95,1.19,-0.33
21:21:16:970,4.09,1.47,-0.20
21:21:17:7,4.18,1.29,-0.29
21:21:17:25,4.31,0.83,-0.32
21:21:17:59,4.30,-0.46,-0.53
21:21:17:60,3.23,-1.38,-0.55
21:21:17:117,3.10,-0.56,0.37
21:21:17:134,3.90,0.65,1.15
21:21:17:138,3.86,0.53,1.39
21:21:17:155,3.39,0.83,1.72
21:21:17:268,3.50,0.88,1.67
21:21:17:268,3.99,0.23,1.06
21:21:17:286,4.89,-0.47,0.50
21:21:17:323,5.41,-0.70,0.43
21:21:17:341,5.52,-0.47,0.65
21:21:17:362,5.29,-0.20,0.81
21:21:17:380,5.02,-0.02,0.89
21:21:17:414,5.08,0.52,0.85
21:21:17:416,5.09,1.14,0.88
21:21:17:435,4.97,1.90,1.18
21:21:17:474,4.88,2.55,1.77
21:21:17:511,4.63,2.55,1.66
21:21:17:511,4.16,2.32,1.35
21:21:17:528,3.72,2.19,1.30
21:21:17:565,3.36,2.00,1.50
21:21:17:584,3.66,1.90,1.68
21:21:17:584,4.02,2.16,1.95
21:21:17:622,4.25,2.65,1.99
21:21:17:623,4.73,3.07,2.09
21:21:17:657,5.15,3.30,2.57
21:21:17:676,4.74,2.84,2.63
21:21:17:694,4.30,1.96,2.14
21:21:17:748,4.59,1.37,1.63
21:21:17:766,5.35,1.19,1.37
21:21:17:784,5.93,1.29,1.23
21:21:17:801,6.24,1.36,1.11
21:21:17:819,6.23,1.26,1.05
21:21:17:856,6.05,0.97,0.98
21:21:17:874,5.79,0.67,0.83
21:21:17:911,5.50,0.63,0.71
21:21:17:946,4.96,0.74,0.64
21:21:17:966,4.44,0.91,0.58
21:21:17:966,3.92,1.09,0.56
21:21:17:985,3.53,1.17,0.44
21:21:18:4,3.43,1.03,0.29
21:21:18:21,3.48,0.80,0.10
21:21:18:40,3.61,0.63,0.02
21:21:18:77,3.68,0.62,-0.04
21:21:18:112,3.50,0.44,0.10
21:21:18:112,3.13,0.25,0.21
21:21:18:148,3.08,0.24,0.30
21:21:18:188,3.42,0.30,0.40
21:21:18:207,3.17,0.36,0.67
21:21:18:229,3.12,0.94,1.21
21:21:18:246,3.30,1.59,1.80
21:21:18:266,3.78,1.68,2.09
21:21:18:304,4.25,1.15,1.62
21:21:18:322,4.36,0.35,1.10
21:21:18:340,4.13,-0.15,0.83
21:21:18:358,4.08,-0.37,0.73
21:21:18:395,4.43,-0.32,0.71
21:21:18:413,4.80,0.14,0.78
21:21:18:450,4.92,0.73,0.91
21:21:18:450,4.97,1.42,1.11
21:21:18:487,5.02,1.99,1.23
21:21:18:505,4.99,2.39,1.41
21:21:18:596,4.83,2.52,1.56
21:21:18:616,4.55,2.46,1.71
21:21:18:634,4.58,2.51,1.92
21:21:18:652,4.93,2.72,2.47
21:21:18:689,4.84,2.46,2.71
21:21:18:711,4.41,1.68,2.57
21:21:18:711,4.71,1.01,2.70
21:21:18:749,5.13,0.81,3.11
21:21:18:784,4.70,1.21,3.04
21:21:18:803,4.17,1.85,2.29
21:21:18:803,4.10,2.42,1.72
21:21:18:820,4.35,2.59,1.45
21:21:18:839,4.70,2.52,1.25
21:21:18:839,4.87,2.13,1.14
21:21:18:877,5.15,1.50,1.24
21:21:18:896,5.38,0.56,1.15
21:21:18:930,5.58,0.02,0.50
21:21:18:931,5.32,0.20,0.41
21:21:18:949,4.94,1.05,0.29
21:21:18:986,4.42,1.58,0.24
21:21:19:23,4.08,1.69,0.40
21:21:19:23,3.84,1.55,0.38
21:21:19:60,3.67,1.12,0.23
21:21:19:80,3.48,0.66,0.26
21:21:19:114,3.34,0.35,0.53
21:21:19:132,3.23,0.21,0.45
21:21:19:150,3.25,0.13,0.29
21:21:19:189,3.31,0.25,0.48
21:21:19:189,3.34,0.54,0.75
21:21:19:217,3.58,0.67,1.02
21:21:19:257,3.43,0.81,1.23
21:21:19:275,3.03,0.82,1.37
21:21:19:294,2.98,0.97,1.36
21:21:19:312,3.38,0.95,1.57
21:21:19:348,3.96,0.78,1.62
21:21:19:367,4.42,0.62,1.53
21:21:19:384,4.36,0.63,1.43
21:21:19:420,4.13,0.62,1.38
21:21:19:440,4.13,0.38,1.25
21:21:19:476,4.19,-0.01,0.83
21:21:19:494,4.32,0.02,0.57
21:21:19:514,4.71,0.37,0.71
21:21:19:550,5.01,0.99,0.91
21:21:19:550,5.00,1.63,1.12
21:21:19:586,4.50,2.08,1.28
21:21:19:604,4.22,2.35,1.43
21:21:19:625,4.18,2.45,1.50
21:21:19:658,4.39,2.39,1.45
21:21:19:676,4.69,2.39,1.61
21:21:19:713,4.85,2.46,1.84
21:21:19:731,4.69,2.36,2.02
21:21:19:751,4.58,2.34,2.19
21:21:19:768,4.60,2.22,2.76
21:21:19:803,4.64,1.87,2.96
21:21:19:841,4.28,1.64,2.48
21:21:19:859,4.28,1.75,1.86
21:21:19:877,4.67,2.07,1.55
21:21:19:896,4.86,2.09,1.38
21:21:19:952,5.05,1.83,1.29
21:21:19:952,5.27,1.44,1.17
21:21:19:970,5.35,0.97,0.99
21:21:19:989,5.25,0.56,0.83
21:21:20:7,5.10,0.41,0.66
21:21:20:25,5.09,0.54,0.68
21:21:20:78,4.94,0.83,0.73
21:21:20:96,4.53,1.09,0.67
21:21:20:114,4.29,1.25,0.50
21:21:20:132,4.06,1.20,0.35
21:21:20:169,3.94,0.97,0.19
21:21:20:189,3.91,0.86,-0.06
21:21:20:191,4.10,0.76,-0.09
21:21:20:246,3.98,0.63,-0.14
21:21:20:246,3.65,0.41,0.08
21:21:20:284,3.49,0.33,0.42
21:21:20:321,3.63,0.52,0.58
21:21:20:340,3.75,0.81,0.84
21:21:20:340,3.02,0.84,1.26
21:21:20:359,2.80,0.80,1.27
21:21:20:396,2.89,0.80,1.25
21:21:20:450,3.37,0.84,1.37
21:21:20:450,3.86,0.77,1.54
21:21:20:468,3.92,0.68,1.54
21:21:20:521,3.65,0.45,1.33
21:21:20:522,3.43,0.13,1.04
21:21:20:540,3.41,-0.17,0.76
21:21:20:558,3.67,-0.22,0.71
21:21:20:595,4.08,0.13,0.82
21:21:20:611,4.41,0.57,1.03
21:21:20:629,4.74,1.13,1.16
21:21:20:647,4.85,1.64,1.37
21:21:20:683,4.75,1.97,1.53
21:21:20:701,4.47,1.95,1.70
21:21:20:721,4.14,1.83,1.72
21:21:20:739,3.99,1.64,1.61
21:21:20:793,4.33,1.59,1.52
21:21:20:793,4.95,1.62,1.63
21:21:20:812,5.04,1.53,1.62
21:21:20:868,5.57,1.64,1.84
21:21:20:886,6.03,1.97,2.50
21:21:20:907,5.15,1.82,2.75
21:21:20:925,3.98,1.31,2.14
21:21:20:945,3.92,1.14,1.63
21:21:20:963,4.33,1.17,1.09
21:21:20:982,5.28,1.15,0.65
21:21:21:18,6.46,0.62,0.20
21:21:21:55,6.55,-0.71,-0.14
21:21:21:55,5.62,-0.47,0.12
21:21:21:73,5.40,0.93,0.60
21:21:21:110,4.92,0.87,0.68
21:21:21:146,4.43,-0.31,0.44
21:21:21:165,3.81,-0.18,0.44
21:21:21:165,3.66,0.05,0.51
21:21:21:221,3.46,-0.01,0.52
21:21:21:221,3.14,0.10,0.52
21:21:21:293,3.14,0.17,0.49
21:21:21:293,3.04,0.14,0.30
21:21:21:313,2.98,0.19,0.19
21:21:21:331,2.76,1.24,0.27
21:21:21:349,2.78,2.39,0.29
21:21:21:368,2.95,2.85,0.14
21:21:21:444,3.43,3.16,-0.21
21:21:21:463,3.58,3.63,-0.23
21:21:21:463,3.67,4.42,-0.07
21:21:21:501,3.65,4.37,-0.00
21:21:21:501,4.34,4.49,-0.17
21:21:21:520,4.66,5.36,-0.54
21:21:21:538,3.96,5.30,-0.39
21:21:21:592,2.75,3.98,-0.05
21:21:21:629,2.09,3.31,0.26
21:21:21:630,1.86,3.26,0.35
21:21:21:667,1.70,3.48,0.24
21:21:21:667,1.51,3.28,0.29
21:21:21:685,1.37,2.78,0.34
21:21:21:702,1.35,2.47,0.27
21:21:21:740,1.42,2.73,0.16
21:21:21:758,1.54,3.37,0.25
21:21:21:776,1.75,3.72,0.41
21:21:21:851,1.91,3.62,0.49
21:21:21:869,1.99,3.40,0.56
21:21:21:904,1.88,3.35,0.60
21:21:21:904,1.95,3.28,0.79
21:21:21:922,1.94,3.23,0.89
21:21:21:922,1.90,3.13,0.83
21:21:21:960,1.86,3.10,0.82
21:21:21:960,1.87,3.12,0.93
21:21:22:32,1.86,3.07,1.03
21:21:22:50,1.86,3.09,1.02
21:21:22:51,1.85,3.17,1.06
21:21:22:69,1.93,3.43,1.14
21:21:22:88,1.97,3.36,1.12
21:21:22:123,1.77,2.96,1.00
21:21:22:123,1.68,2.93,1.01
21:21:22:163,1.61,3.19,1.05
21:21:22:191,1.71,3.56,0.89
21:21:22:214,1.91,3.74,0.77
21:21:22:250,1.88,3.95,0.83
21:21:22:250,1.65,3.92,0.97
21:21:22:290,1.32,3.87,1.04
21:21:22:310,1.14,3.82,1.03
21:21:22:328,1.11,3.62,0.98
21:21:22:365,1.18,3.39,1.11
21:21:22:384,1.37,3.30,1.12
21:21:22:403,1.63,3.14,1.06
21:21:22:421,1.90,3.26,0.99
21:21:22:439,2.24,3.43,1.01
21:21:22:492,2.53,3.54,1.04
21:21:22:492,2.76,3.38,1.13
21:21:22:512,2.88,3.15,1.02
21:21:22:570,2.90,2.95,1.01
21:21:22:588,2.67,2.72,1.15
21:21:22:606,2.50,2.61,1.16
21:21:22:625,2.43,2.64,1.15
21:21:22:645,2.32,2.77,1.32
21:21:22:662,2.22,2.80,1.58
21:21:22:681,2.16,2.82,1.63
21:21:22:716,2.05,2.79,1.67
21:21:22:735,1.99,2.89,1.82
21:21:22:753,1.96,2.84,2.02
21:21:22:771,1.89,2.70,1.98
21:21:22:807,1.75,2.55,1.90
21:21:22:842,1.78,2.59,1.88
21:21:22:860,1.86,2.57,1.86
21:21:22:863,2.06,2.53,1.87
21:21:22:901,2.26,2.46,1.74
21:21:22:931,2.41,2.28,1.55
21:21:22:958,2.49,2.02,1.40
21:21:22:975,2.51,1.89,1.44
21:21:23:2,2.57,1.84,1.50
21:21:23:24,2.66,1.80,1.53
21:21:23:42,2.71,1.66,1.57
21:21:23:61,2.76,1.67,1.57
21:21:23:98,2.92,1.69,1.60
21:21:23:116,3.29,1.81,1.71
21:21:23:134,3.44,1.54,1.65
21:21:23:173,3.34,1.38,1.54
21:21:23:192,3.43,1.37,1.44
21:21:23:224,3.38,1.11,1.16
21:21:23:244,3.41,0.76,0.97
21:21:23:261,3.71,0.81,1.10
21:21:23:297,4.21,0.77,1.18
21:21:23:299,4.10,0.85,1.06
21:21:23:335,3.92,0.82,1.02
21:21:23:362,3.90,0.54,0.94
21:21:23:381,3.84,0.28,1.01
21:21:23:402,3.99,0.25,1.02
21:21:23:439,3.94,0.14,0.92
21:21:23:458,4.07,0.09,0.83
21:21:23:478,4.01,0.22,0.79
21:21:23:496,3.96,0.33,0.80
21:21:23:534,4.03,0.44,0.76
21:21:23:552,3.97,0.40,0.71
21:21:23:570,3.68,0.53,0.65
21:21:23:589,3.45,0.62,0.56
21:21:23:627,3.45,0.57,0.59
21:21:23:648,3.74,0.59,0.56
21:21:23:685,3.99,0.43,0.57
21:21:23:692,3.99,0.62,0.65
21:21:23:727,3.97,0.78,0.73
21:21:23:746,3.80,0.84,0.80
21:21:23:746,3.74,0.72,0.78
21:21:23:783,3.72,0.78,0.76
21:21:23:822,3.72,0.80,0.83
21:21:23:896,3.63,0.76,0.84
21:21:23:896,3.75,0.79,0.83
21:21:23:914,3.87,0.75,0.81
21:21:23:933,3.79,0.74,0.83
21:21:23:933,3.70,0.75,0.81
21:21:23:950,3.76,0.80,0.79
21:21:23:966,3.69,0.88,0.77
21:21:24:1,3.62,0.90,0.81
21:21:24:20,3.57,0.93,0.78
21:21:24:40,3.62,0.94,0.76
21:21:24:59,3.67,0.93,0.76
21:21:24:96,3.68,0.96,0.74
21:21:24:114,3.69,0.98,0.71
21:21:24:133,3.64,0.89,0.73
21:21:24:171,3.69,0.96,0.75
21:21:24:189,3.64,0.97,0.73
21:21:24:208,3.64,0.96,0.78
21:21:24:248,3.61,0.97,0.83
21:21:24:268,3.63,0.94,0.85
21:21:24:287,3.65,0.91,0.92
21:21:24:305,3.68,0.82,0.86
21:21:24:342,3.65,0.75,0.90
21:21:24:359,3.63,0.72,0.92
21:21:24:379,3.65,0.83,0.90
21:21:24:397,3.66,0.86,0.93
21:21:24:433,3.66,0.87,0.90
21:21:24:450,3.65,0.85,0.90
21:21:24:489,3.63,0.91,0.92
21:21:24:507,3.62,0.89,0.91
21:21:24:524,3.58,0.86,0.87
21:21:24:543,3.60,0.89,0.91
21:21:24:577,3.58,0.97,0.92
21:21:24:598,3.59,0.97,0.94
21:21:24:616,3.61,1.00,0.92
21:21:24:652,3.64,1.02,0.91
21:21:24:652,3.64,0.93,0.94
21:21:24:688,3.64,0.92,0.96
21:21:24:708,3.64,0.92,0.93
21:21:24:744,3.65,0.90,0.94
21:21:24:762,3.63,0.93,0.96
21:21:24:780,3.66,0.92,0.94
21:21:24:818,3.65,0.92,0.98
21:21:24:837,3.61,0.84,0.96
21:21:24:856,3.62,0.86,0.95
21:21:24:891,3.64,0.88,0.93
21:21:24:928,3.63,0.88,0.96
21:21:24:928,3.61,0.91,0.97
21:21:24:946,3.62,0.96,1.00
21:21:24:984,3.62,1.01,0.93
21:21:25:4,3.60,1.02,0.97
21:21:25:39,3.58,1.09,0.97
21:21:25:57,3.60,1.07,0.95
21:21:25:75,3.59,1.02,0.93
21:21:25:93,3.56,0.94,0.96
21:21:25:112,3.59,0.98,0.97
21:21:25:149,3.57,1.04,0.98
21:21:25:205,3.57,0.96,0.96
