17:23:28:197,3.88,-0.25,-0.74
17:23:28:212,3.91,-0.03,-0.73
17:23:28:234,3.88,-0.25,-0.69
17:23:28:269,3.86,-0.17,-0.73
17:23:28:286,3.88,-0.14,-0.70
17:23:28:329,3.92,-0.05,-0.63
17:23:28:384,3.90,-0.08,-0.64
17:23:28:406,3.85,-0.21,-0.72
17:23:28:412,3.87,-0.11,-0.74
17:23:28:441,3.90,-0.22,-0.71
17:23:28:471,3.92,-0.14,-0.70
17:23:28:556,3.88,-0.15,-0.78
17:23:28:561,3.92,-0.06,-0.69
17:23:28:566,3.89,-0.14,-0.71
17:23:28:591,3.89,-0.14,-0.70
17:23:28:596,3.93,-0.04,-0.66
17:23:28:623,3.89,-0.07,-0.69
17:23:28:636,3.94,-0.43,-0.67
17:23:28:644,3.84,-0.15,-0.64
17:23:28:651,3.84,-0.11,-0.65
17:23:28:671,3.90,-0.14,-0.70
17:23:28:702,3.89,-0.09,-0.67
17:23:28:736,3.92,-0.09,-0.64
17:23:28:743,3.88,-0.14,-0.65
17:23:28:761,3.82,-0.03,-0.60
17:23:28:781,3.92,-0.01,-0.58
17:23:28:811,3.95,-0.14,-0.63
17:23:28:851,4.06,-0.17,-0.63
17:23:28:856,3.94,0.15,-0.51
17:23:28:961,4.01,0.02,-0.56
17:23:29:2,3.92,0.39,-0.37
17:23:29:36,3.83,0.25,-0.44
17:23:29:84,3.88,0.13,-0.43
17:23:29:171,3.81,0.22,-0.34
17:23:29:182,4.06,-0.01,-0.38
17:23:29:201,3.85,0.18,-0.43
17:23:29:271,3.88,0.09,-0.39
17:23:29:281,3.87,0.10,-0.34
17:23:29:326,4.01,-0.10,-0.37
17:23:29:651,4.50,-0.40,-0.56
17:23:29:691,5.07,-0.53,-0.49
17:23:29:736,4.77,-0.49,0.15
17:23:29:780,5.08,-0.48,-0.54
17:23:29:802,4.13,-1.05,-0.84
17:23:29:823,3.16,-3.61,-0.55
17:23:29:856,2.76,-2.84,-0.22
17:23:29:876,3.00,-3.05,-0.32
17:23:29:882,3.39,-2.42,-0.36
17:23:29:898,3.74,-1.74,-0.44
17:23:29:906,3.99,-1.24,-0.43
17:23:29:913,4.37,-0.72,-0.33
17:23:29:923,4.79,-0.59,-0.23
17:23:29:923,4.77,0.26,-0.14
17:23:29:923,4.72,0.69,-0.42
17:23:29:923,4.52,0.79,-0.26
17:23:29:923,4.31,0.91,0.05
17:23:29:923,4.14,1.07,0.04
17:23:29:923,3.94,1.59,-0.33
17:23:29:933,4.05,1.90,-0.52
17:23:29:933,6.71,0.12,-1.67
17:23:29:933,3.72,1.50,-0.97
17:23:29:933,3.63,-1.89,-0.52
17:23:29:933,3.44,-2.69,-0.25
17:23:29:933,3.91,-0.68,0.36
17:23:29:993,6.99,0.55,-0.69
17:23:29:993,4.84,-0.87,-0.96
17:23:30:21,3.82,-0.31,-0.53
17:23:30:21,3.81,-0.12,-0.84
17:23:30:32,3.46,-0.29,-0.55
17:23:30:41,3.72,-0.44,-0.65
17:23:30:41,3.87,-0.36,-0.74
17:23:30:61,4.27,-0.33,-0.87
17:23:30:81,4.05,-0.19,-0.67
17:23:30:92,4.13,-0.15,-0.89
17:23:30:102,4.00,-0.08,-0.87
17:23:30:114,3.88,-0.10,-0.72
17:23:30:186,3.89,-0.33,-0.98
17:23:30:206,3.86,-0.14,-0.90
17:23:30:212,3.91,-0.04,-0.68
17:23:30:241,3.90,-0.19,-0.91
17:23:30:241,3.81,-0.02,-0.91
17:23:30:252,3.83,0.09,-0.77
17:23:30:273,3.93,0.11,-0.78
17:23:30:291,3.70,0.02,-1.38
17:23:30:296,4.52,0.65,-0.39
17:23:30:371,4.35,0.59,-0.03
17:23:30:421,4.65,-0.39,-0.81
17:23:30:443,5.21,-0.05,-1.59
17:23:30:451,7.21,-0.90,0.04
17:23:30:573,7.02,-1.43,0.64
17:23:30:594,8.00,-2.02,-0.05
17:23:30:601,8.00,-3.70,-1.38
17:23:30:626,7.99,-2.45,-2.33
17:23:30:641,5.86,-1.45,-2.38
17:23:30:646,0.97,-2.58,-1.39
17:23:30:652,1.71,-5.43,-1.75
17:23:30:712,-0.33,-3.68,-0.21
17:23:30:712,1.12,-2.26,-0.33
17:23:30:721,1.59,-1.39,-0.43
17:23:30:732,3.01,-0.87,-0.64
17:23:30:741,4.23,-0.93,-0.90
17:23:30:754,5.29,0.04,-0.67
17:23:30:762,6.02,0.71,-0.46
17:23:30:771,6.66,0.93,-0.44
17:23:30:791,7.23,1.44,-0.13
17:23:30:796,7.10,1.52,-0.13
17:23:30:813,6.60,1.95,-0.43
17:23:30:821,5.75,2.48,-0.87
17:23:30:907,5.27,4.17,-0.85
17:23:30:975,4.30,6.03,-0.25
17:23:30:993,5.69,5.09,-0.97
17:23:30:993,4.08,3.74,-0.93
17:23:31:27,4.31,2.69,-0.49
17:23:31:80,4.51,-8.00,-2.38
17:23:31:96,4.05,-0.68,0.25
17:23:31:97,2.63,-0.46,3.10
17:23:31:97,4.79,-0.38,-4.95
17:23:31:148,4.28,0.92,-0.50
17:23:31:148,4.40,0.44,-1.48
17:23:31:183,4.03,0.01,-1.21
17:23:31:254,4.07,-0.34,-1.00
17:23:31:288,3.97,-0.58,-0.66
17:23:31:306,3.92,-0.64,-0.77
17:23:31:323,3.80,-0.67,-1.11
17:23:31:340,4.01,-0.29,-0.86
17:23:31:340,4.15,-0.32,-0.84
17:23:31:340,3.74,-1.05,-0.89
17:23:31:356,3.90,0.17,-0.71
17:23:31:372,3.69,0.11,-1.18
17:23:31:392,3.76,-0.20,-1.15
17:23:31:477,3.38,0.20,-0.80
17:23:31:530,3.93,0.02,-0.67
17:23:31:530,4.58,0.34,-1.05
17:23:31:546,5.13,0.05,-1.44
17:23:31:547,4.80,0.24,-0.36
17:23:31:599,5.08,0.13,-0.48
17:23:31:616,6.19,-0.76,-0.51
17:23:31:616,6.78,-0.80,-0.47
17:23:31:633,6.06,-1.63,-0.36
17:23:31:650,6.70,-1.81,0.05
17:23:31:667,8.00,-1.81,-2.50
17:23:31:667,8.00,-1.88,-2.43
17:23:31:685,6.70,-2.69,-2.02
17:23:31:685,8.00,-0.46,-1.78
17:23:31:702,2.04,-2.26,-0.60
17:23:31:720,2.44,-1.60,-1.06
17:23:31:720,1.40,-1.50,-0.12
17:23:31:720,1.62,-1.11,-0.51
17:23:31:771,1.99,-1.16,-0.69
17:23:31:788,3.17,-0.59,-0.55
17:23:31:788,4.61,0.19,-0.63
17:23:31:824,5.56,0.69,-0.69
17:23:31:841,6.62,1.50,-0.41
17:23:31:857,7.61,1.54,-0.26
17:23:31:873,8.00,3.35,-0.02
17:23:31:908,8.00,4.41,-0.14
17:23:31:976,6.40,7.22,-0.30
17:23:31:976,5.71,8.00,-0.49
17:23:31:976,5.58,8.00,-0.76
17:23:31:993,7.11,4.00,-2.61
17:23:32:26,4.81,-8.00,5.22
17:23:32:44,7.14,-1.60,-1.16
17:23:32:78,5.43,-1.45,-2.93
17:23:32:94,5.39,0.86,0.34
17:23:32:112,3.92,-0.95,-1.18
17:23:32:163,4.19,0.64,-1.61
17:23:32:197,4.12,0.90,-0.78
17:23:32:197,3.86,-0.58,-1.05
17:23:32:230,3.76,-0.50,-0.54
17:23:32:231,3.86,-0.76,-0.84
17:23:32:265,3.94,-0.26,-0.90
17:23:32:297,3.77,-0.17,-1.31
17:23:32:367,3.69,-0.40,-1.09
17:23:32:383,3.71,-0.20,-1.18
17:23:32:400,3.81,-0.94,-1.13
17:23:32:417,3.70,-0.03,-0.58
17:23:32:417,4.35,-0.16,-0.79
17:23:32:434,4.48,0.33,-0.89
17:23:32:502,3.24,0.32,-0.96
17:23:32:553,4.33,-0.57,-0.45
17:23:32:570,5.28,-0.28,-0.31
17:23:32:570,6.06,-0.88,-0.52
17:23:32:604,6.19,-0.99,-0.81
17:23:32:604,6.72,-2.19,-0.39
17:23:32:621,6.87,-3.73,0.99
17:23:32:622,8.00,0.88,-3.96
17:23:32:674,8.00,-0.68,-1.36
17:23:32:690,7.53,-3.43,-1.33
17:23:32:726,8.00,1.26,-3.89
17:23:32:726,1.24,-3.40,-0.22
17:23:32:743,1.37,-3.18,-0.50
17:23:32:759,1.59,-0.43,0.20
17:23:32:794,0.96,-1.85,-0.58
17:23:32:861,2.85,-1.06,-0.94
17:23:32:878,3.15,0.04,-1.12
17:23:32:878,4.85,1.07,-1.27
17:23:32:895,5.87,1.70,-1.13
17:23:32:910,7.07,2.24,-0.51
17:23:32:927,8.00,1.89,-0.35
17:23:32:961,8.00,3.77,-0.36
17:23:32:980,7.79,3.71,-0.59
17:23:33:14,6.17,6.35,-1.16
17:23:33:49,5.85,8.00,-0.05
17:23:33:49,5.04,8.00,-0.41
17:23:33:83,6.92,3.92,-2.60
17:23:33:100,4.07,-8.00,4.70
17:23:33:134,8.00,0.06,0.82
17:23:33:151,4.62,-0.77,-0.38
17:23:33:202,6.33,2.54,-1.02
17:23:33:218,4.29,1.04,-0.38
17:23:33:251,4.13,0.58,-1.42
17:23:33:270,4.51,0.59,-0.89
17:23:33:304,3.79,-0.86,-0.92
17:23:33:304,3.71,-0.36,-0.72
17:23:33:320,3.67,-0.79,-1.06
17:23:33:337,3.89,-0.37,-1.16
17:23:33:372,3.77,-0.55,-1.22
17:23:33:422,3.83,-0.51,-1.24
17:23:33:439,3.95,-0.14,-0.86
17:23:33:439,4.48,0.02,-1.22
17:23:33:474,4.33,-0.05,-1.08
17:23:33:508,4.46,0.63,-0.70
17:23:33:508,4.39,1.29,-0.41
17:23:33:527,4.17,-0.40,-1.00
17:23:33:579,4.22,0.22,-0.57
17:23:33:596,5.55,-0.47,-0.55
17:23:33:597,5.54,-0.65,-0.31
17:23:33:648,6.09,-1.45,-0.44
17:23:33:648,6.75,-3.23,1.24
17:23:33:682,8.00,2.03,-3.98
17:23:33:700,8.00,-0.14,-0.85
17:23:33:784,8.00,-3.72,-1.87
17:23:33:784,3.45,2.17,-3.90
17:23:33:784,2.72,-2.78,-0.36
17:23:33:802,1.29,-3.32,-1.36
17:23:33:818,2.22,-1.45,-0.46
17:23:33:852,1.21,-1.86,-0.54
17:23:33:870,2.19,-1.26,-0.49
17:23:33:951,3.75,-0.27,-0.63
17:23:33:951,4.74,-0.69,-0.73
17:23:33:951,6.14,0.92,-0.81
17:23:33:969,7.12,1.42,-0.62
17:23:33:985,7.87,1.82,-0.59
17:23:34:18,8.00,3.89,-0.40
17:23:34:35,8.00,4.16,-0.97
17:23:34:70,6.43,7.67,-0.88
17:23:34:122,5.63,8.00,0.02
17:23:34:156,5.01,8.00,-1.08
17:23:34:173,6.10,7.48,-4.36
17:23:34:207,4.39,-8.00,4.53
17:23:34:207,8.00,0.05,1.84
17:23:34:207,4.71,0.79,-0.34
17:23:34:243,5.00,1.78,-2.30
17:23:34:278,5.64,1.27,-1.12
17:23:34:295,4.47,0.51,-1.21
17:23:34:312,4.18,0.32,-0.98
17:23:34:329,3.87,-0.32,-0.71
17:23:34:363,3.64,-1.04,-0.94
17:23:34:379,3.90,-0.59,-1.03
17:23:34:397,3.89,-0.22,-1.23
17:23:34:414,3.94,-0.31,-1.38
17:23:34:447,3.43,-1.01,-1.30
17:23:34:497,4.08,-0.60,-1.42
17:23:34:513,4.11,-0.06,-0.91
17:23:34:532,4.93,-0.75,-1.07
17:23:34:532,4.48,0.00,-1.00
17:23:34:566,4.79,0.00,-1.34
17:23:34:582,5.02,0.23,-0.51
17:23:34:616,4.84,-0.47,-0.89
17:23:34:668,5.71,-0.60,-0.54
17:23:34:669,6.03,-0.29,-0.37
17:23:34:686,5.90,-1.12,-0.60
17:23:34:720,5.42,-1.81,0.54
17:23:34:737,5.92,-0.80,1.27
17:23:34:754,8.00,-2.10,-1.23
17:23:34:787,8.00,-3.13,-2.23
17:23:34:805,1.65,-2.11,-0.90
17:23:34:874,7.30,-0.68,-1.48
17:23:34:874,1.98,-1.70,-0.79
17:23:34:889,1.89,-1.94,-0.80
17:23:34:906,1.28,-0.97,-0.26
17:23:34:924,2.12,-1.07,-0.56
17:23:34:992,2.42,-1.09,-0.57
17:23:35:60,3.72,-0.54,-0.73
17:23:35:77,4.73,0.44,-0.54
17:23:35:94,5.53,0.53,-0.51
17:23:35:94,6.64,1.07,-0.54
17:23:35:112,7.66,1.65,-0.23
17:23:35:112,8.00,2.65,-0.42
17:23:35:128,7.19,3.62,-0.70
17:23:35:146,6.57,5.01,-0.65
17:23:35:180,5.98,5.93,-0.82
17:23:35:214,5.54,8.00,-0.62
17:23:35:249,5.00,8.00,-1.50
17:23:35:266,5.19,5.43,-2.28
17:23:35:282,-4.03,-5.18,-0.69
17:23:35:283,8.00,8.00,0.93
17:23:35:334,3.82,-1.01,-1.63
17:23:35:384,4.86,1.98,0.66
17:23:35:384,4.09,1.58,-0.99
17:23:35:401,3.89,0.36,-1.11
17:23:35:418,4.25,-0.08,-1.03
17:23:35:435,4.05,-0.55,-1.09
17:23:35:470,3.61,-0.92,-0.86
17:23:35:503,3.60,-0.93,-1.39
17:23:35:503,3.93,-0.13,-1.04
17:23:35:537,3.72,-0.81,-1.42
17:23:35:572,3.94,-0.26,-0.84
17:23:35:588,4.17,0.05,-0.91
17:23:35:605,4.53,-0.41,-1.34
17:23:35:622,4.38,0.24,-0.86
17:23:35:673,4.30,-0.17,-0.93
17:23:35:673,4.53,0.36,-1.36
17:23:35:707,6.31,-0.30,-0.62
17:23:35:740,4.94,0.00,-0.23
17:23:35:758,4.03,0.79,-0.33
17:23:35:758,5.12,-0.32,-0.53
17:23:35:792,5.55,-0.18,-0.69
17:23:35:825,6.37,-1.02,0.50
17:23:35:842,5.11,-1.22,0.09
17:23:35:859,6.75,1.40,0.62
17:23:35:927,8.00,-1.88,-1.40
17:23:35:944,8.00,-3.68,-2.07
17:23:35:960,3.02,3.91,-2.12
17:23:35:961,4.35,-1.01,-1.23
17:23:35:994,1.38,-0.82,-1.04
17:23:36:13,1.61,-0.22,-0.60
17:23:36:29,0.82,-0.59,-0.50
17:23:36:98,1.46,-0.89,-0.45
17:23:36:116,1.52,-1.04,-0.60
17:23:36:116,2.54,-0.22,-0.29
17:23:36:168,3.72,0.22,-0.36
17:23:36:184,4.88,0.69,-0.03
17:23:36:184,6.58,0.77,0.50
17:23:36:202,8.00,1.86,0.81
17:23:36:305,8.00,4.10,1.01
17:23:36:339,7.95,5.75,-0.55
17:23:36:373,6.53,7.37,-1.38
17:23:36:390,5.02,8.00,-2.13
17:23:36:475,8.00,8.00,-2.68
17:23:36:492,4.14,-8.00,4.89
17:23:36:492,8.00,-0.42,3.46
17:23:36:510,5.98,0.00,-7.06
17:23:36:527,6.03,2.22,3.61
17:23:36:544,3.08,0.38,-0.71
17:23:36:560,3.82,0.85,-1.17
17:23:36:578,4.02,-0.45,-1.38
17:23:36:665,3.80,-1.13,-0.85
17:23:36:749,3.73,-1.08,-0.83
17:23:36:836,3.66,-0.31,-1.07
17:23:36:951,3.33,-0.37,-0.83
17:23:37:18,4.33,-0.54,-0.84
17:23:37:35,3.83,-0.33,-0.99
17:23:37:52,3.80,-0.43,-1.27
17:23:37:52,3.63,-0.66,-0.92
17:23:37:69,3.88,-0.41,-0.57
17:23:37:121,3.91,-0.81,-0.74
17:23:37:174,3.95,-0.41,-1.26
17:23:37:192,3.98,-0.39,-0.72
17:23:37:226,3.54,0.43,-0.52
17:23:37:226,4.22,-0.54,-0.91
17:23:37:226,4.78,0.38,-0.83
17:23:37:245,4.58,-0.55,-0.90
17:23:37:262,6.60,-0.75,-0.43
17:23:37:262,7.32,-1.77,-0.55
17:23:37:262,5.39,-2.39,0.25
17:23:37:262,5.40,1.04,-1.25
17:23:37:262,3.08,1.36,-0.83
17:23:37:262,0.15,-4.26,0.45
17:23:37:262,0.27,-2.89,-0.37
17:23:37:282,0.47,-2.07,-0.10
17:23:37:299,1.59,-1.27,-0.35
17:23:37:315,2.79,-0.17,-0.70
17:23:37:317,4.40,0.61,-1.02
17:23:37:373,6.48,2.15,-0.75
17:23:37:390,6.10,2.38,-0.41
17:23:37:442,8.00,8.00,-2.67
17:23:37:459,5.98,6.58,1.98
17:23:37:476,0.55,-4.06,-0.76
17:23:37:492,5.07,1.00,0.12
17:23:37:548,3.61,-1.78,-1.62
17:23:37:549,3.69,-0.76,-0.86
17:23:37:568,3.75,-0.81,-0.93
17:23:37:568,3.76,-0.71,-0.89
17:23:37:585,3.91,-0.33,-0.36
17:23:37:603,3.94,-0.39,-0.61
17:23:37:603,3.76,-0.92,-0.81
17:23:37:619,3.90,-0.28,-0.71
17:23:37:620,3.94,-0.31,-0.82
17:23:37:637,3.94,-0.42,-0.78
17:23:37:655,3.85,-0.39,-0.70
17:23:37:739,3.81,-0.45,-0.62
17:23:37:740,3.79,-0.43,-0.52
17:23:37:756,3.91,-0.25,-0.65
17:23:37:757,3.86,-0.30,-0.67
17:23:37:776,3.85,-0.34,-0.74
17:23:37:794,3.93,-0.23,-0.73
17:23:37:794,3.91,-0.26,-0.73
17:23:37:847,3.89,-0.22,-0.75
17:23:37:898,3.88,-0.25,-0.65
17:23:37:915,3.87,-0.29,-0.69
17:23:37:917,3.91,-0.21,-0.67
17:23:37:934,3.89,-0.18,-0.71
17:23:37:934,3.89,-0.26,-0.76
17:23:37:951,3.90,-0.25,-0.68
17:23:37:968,3.88,-0.24,-0.63
17:23:37:968,3.87,-0.23,-0.64
17:23:38:18,3.84,-0.33,-0.73
17:23:38:51,3.89,-0.22,-0.72
17:23:38:102,3.90,-0.15,-0.63
17:23:38:103,3.89,-0.22,-0.63
17:23:38:119,3.84,-0.27,-0.63
17:23:38:120,3.87,-0.23,-0.69
17:23:38:120,3.88,-0.21,-0.67
17:23:38:138,3.90,-0.18,-0.69
17:23:38:155,3.89,-0.19,-0.69
17:23:38:172,3.86,-0.19,-0.70
17:23:38:189,3.88,-0.22,-0.70
17:23:38:241,3.88,-0.22,-0.68
17:23:38:276,3.91,-0.19,-0.67
17:23:38:276,3.88,-0.21,-0.68
17:23:38:310,3.89,-0.22,-0.70
17:23:38:327,3.91,-0.23,-0.74
17:23:38:327,3.86,-0.23,-0.69
17:23:38:400,3.83,-0.30,-0.72
17:23:38:471,3.84,-0.28,-0.73
17:23:38:489,3.88,-0.20,-0.67
17:23:38:506,3.87,-0.19,-0.69
17:23:38:540,3.87,-0.17,-0.67
17:23:38:540,3.88,-0.18,-0.69
17:23:38:557,3.84,-0.21,-0.72
17:23:38:627,3.89,-0.17,-0.73
17:23:38:644,3.90,-0.18,-0.75
17:23:38:644,3.89,-0.13,-0.76
17:23:38:644,3.83,-0.18,-0.73
17:23:38:679,3.93,-0.03,-0.67
17:23:38:697,3.64,0.11,-0.69
17:23:38:714,3.60,-0.06,-0.65
17:23:38:731,3.80,-0.17,-0.95
17:23:38:731,3.93,-0.30,-1.06
17:23:38:749,3.89,-0.25,-0.80
17:23:38:817,3.85,-0.22,-0.98
17:23:38:817,3.84,-0.43,-1.06
17:23:38:832,3.95,-0.05,-0.89
17:23:38:832,3.95,-0.08,-0.86
17:23:38:886,3.93,-0.21,-0.89
17:23:38:886,3.83,-0.16,-0.84
17:23:38:957,3.80,-0.21,-0.85
17:23:39:43,3.81,-0.14,-0.89
17:23:39:44,3.92,0.06,-0.71
17:23:39:44,3.86,-0.11,-0.75
17:23:39:62,3.78,-0.35,-0.93
17:23:39:62,4.00,0.08,-0.75
17:23:39:79,3.94,0.06,-0.66
17:23:39:99,3.75,-0.13,-0.67
17:23:39:134,3.32,0.42,-0.65
17:23:39:185,3.93,-0.18,-0.66
17:23:39:219,4.13,0.42,-0.48
17:23:39:220,4.11,0.41,-0.54
17:23:39:238,4.19,0.64,-0.23
17:23:39:238,4.63,0.04,0.22
17:23:39:255,5.59,-0.04,0.14
17:23:39:307,6.83,-2.40,-0.21
17:23:39:342,4.41,-0.40,1.22
17:23:39:376,4.02,-0.71,0.32
17:23:39:438,4.16,-0.79,1.19
17:23:39:455,2.63,-1.40,0.11
17:23:39:471,0.71,-0.92,-2.54
17:23:39:524,2.33,0.60,-3.39
17:23:39:541,3.39,-0.70,-1.86
17:23:39:558,2.35,-1.10,-1.39
17:23:39:596,3.41,-1.76,-1.52
17:23:39:733,3.88,-1.78,-2.22
17:23:39:733,4.18,-1.27,-3.10
17:23:39:813,4.27,-0.61,-3.44
17:23:39:830,4.41,-0.04,-3.17
17:23:39:922,5.30,0.24,-3.29
17:23:39:939,7.36,0.53,-5.95
17:23:39:956,5.11,2.04,-5.28
17:23:39:956,2.97,8.00,-4.93
17:23:39:998,3.91,-0.08,-0.59
17:23:40:102,4.95,2.26,0.22
17:23:40:137,2.95,-1.90,-0.19
17:23:40:172,4.14,-0.69,-0.15
17:23:40:311,3.48,-0.48,-1.05
17:23:40:486,4.03,0.47,-0.56
17:23:40:502,4.20,0.30,-0.46
17:23:40:552,3.92,0.14,-0.44
17:23:40:692,3.84,-0.06,-0.70
17:23:40:799,3.79,-0.17,-0.60
17:23:40:799,3.85,-0.00,-0.90
17:23:40:886,3.90,0.26,-0.53
17:23:41:8,3.97,0.30,-0.55
17:23:41:60,3.80,-0.08,-0.76
17:23:41:217,3.90,0.34,-0.65
17:23:41:217,4.01,0.26,-0.73
17:23:41:217,3.94,0.25,-0.51
17:23:41:251,3.99,0.17,-0.50
17:23:41:303,3.96,0.06,-0.53
17:23:41:423,3.91,0.17,-0.45
17:23:41:509,3.89,0.07,-0.43
17:23:41:903,4.57,-0.73,-0.93
17:23:41:903,4.31,-0.29,-0.68
17:23:41:903,4.54,-0.08,-1.09
17:23:41:903,4.21,0.81,-0.22
17:23:41:903,3.97,-0.46,-0.66
17:23:41:903,3.02,-1.11,-0.80
17:23:42:94,2.69,-1.10,-1.91
17:23:42:94,3.28,-0.26,-1.35
17:23:42:94,3.12,0.21,-0.54
17:23:42:94,3.30,0.33,-0.06
17:23:42:94,3.58,0.60,-0.24
17:23:42:94,3.24,0.44,-0.06
17:23:42:94,4.71,7.49,3.07
17:23:42:285,3.61,2.31,0.21
17:23:42:580,2.91,-0.65,-0.44
17:23:42:580,3.87,0.37,-0.90
17:23:42:580,4.37,0.11,-0.89
17:23:42:650,3.91,-0.45,-0.83
17:23:42:650,3.81,-0.12,-0.55
17:23:42:650,4.14,-0.33,-0.96
17:23:42:650,3.84,-0.47,-0.70
17:23:42:650,3.89,-0.31,-0.66
17:23:42:668,3.88,-0.21,-0.58
17:23:42:668,3.84,-0.33,-0.66
17:23:42:668,3.89,-0.09,-0.73
17:23:42:668,3.90,-0.08,-0.68
17:23:42:685,3.99,0.02,-0.66
17:23:42:879,3.91,-0.13,-0.74
17:23:42:879,3.86,-0.12,-0.78
17:23:42:879,3.62,-0.05,-0.61
17:23:42:879,3.68,0.13,-0.58
17:23:42:879,3.93,-0.08,-0.63
17:23:42:879,3.92,-0.04,-0.69
17:23:42:879,3.88,-0.04,-0.75
17:23:42:913,3.88,0.07,-0.65
17:23:42:913,3.57,0.33,-0.37
17:23:42:979,3.63,-0.05,-0.37
17:23:43:11,3.85,-0.25,-0.73
17:23:43:11,3.85,-0.30,-0.80
17:23:43:11,3.94,-0.09,-0.73
17:23:43:11,3.89,-0.20,-0.76
17:23:43:11,3.87,-0.18,-0.76
17:23:43:11,3.89,-0.15,-0.70
17:23:43:30,3.87,-0.17,-0.69
17:23:43:30,3.92,-0.13,-0.73
17:23:43:46,3.88,-0.14,-0.75
17:23:43:46,3.88,-0.14,-0.76
17:23:43:46,3.87,-0.17,-0.76
17:23:43:46,3.87,-0.19,-0.75
17:23:43:46,3.88,-0.18,-0.76
17:23:43:46,3.89,-0.18,-0.81
17:23:43:46,3.83,-0.08,-0.71
17:23:43:63,3.90,-0.19,-0.70
17:23:43:63,3.95,-0.07,-0.68
17:23:43:63,3.91,-0.09,-0.72
17:23:43:63,3.88,-0.12,-0.73
17:23:43:63,3.87,-0.17,-0.74
17:23:43:63,3.89,-0.06,-0.75
17:23:43:63,3.89,-0.11,-0.77
17:23:43:63,3.91,-0.11,-0.75
17:23:43:63,3.91,-0.09,-0.80
17:23:43:63,3.77,-0.05,-0.72
17:23:43:63,3.96,-0.01,-0.74
17:23:43:63,3.75,-0.21,-0.71
17:23:43:63,3.87,-0.25,-0.68
17:23:43:63,3.92,-0.08,-0.67
17:23:43:63,3.72,0.03,-0.62
17:23:43:63,3.79,0.04,-0.77
17:23:43:63,3.74,0.29,-0.61
17:23:43:134,2.97,-0.11,-0.43
17:23:43:134,4.05,-0.16,-1.26
17:23:43:134,4.20,-0.29,-1.35
17:23:43:134,4.03,-0.13,-1.12
17:23:43:134,3.72,-0.15,-0.94
17:23:43:134,4.62,-0.11,-1.05
17:23:43:134,4.04,0.15,-0.60
17:23:43:167,3.98,0.09,-0.93
17:23:43:167,3.85,-0.01,-1.07
17:23:43:167,3.82,-0.12,-1.20
17:23:43:167,3.78,-0.21,-0.98
17:23:43:167,3.61,-0.02,-1.17
17:23:43:167,3.80,0.00,-1.00
17:23:43:167,3.49,0.18,-1.51
17:23:43:202,3.85,0.13,-0.79
17:23:43:202,3.94,0.29,-0.61
17:23:43:202,4.14,0.55,-0.67
17:23:43:202,4.00,0.40,-0.95
17:23:43:202,3.90,0.44,-0.70
17:23:43:202,3.69,0.15,-1.18
17:23:43:202,4.10,0.54,-1.05
17:23:43:239,4.10,-0.09,-0.74
17:23:43:239,4.21,-0.04,-0.79
17:23:43:239,4.22,0.25,-0.72
17:23:43:239,4.54,0.32,-0.93
17:23:43:239,5.09,0.21,-0.35
17:23:43:239,5.18,-0.68,0.13
17:23:43:239,5.38,-0.38,-0.47
17:23:43:375,5.72,-0.87,-0.19
17:23:43:375,5.84,-1.38,0.45
17:23:43:375,6.22,-0.83,-1.49
17:23:43:375,5.98,-0.59,-1.42
17:23:43:375,4.34,-0.24,-1.22
17:23:43:375,1.80,-2.12,-1.49
17:23:43:410,0.94,-3.18,-1.00
17:23:43:511,1.55,-3.68,-0.70
17:23:43:511,1.66,-2.32,-0.28
17:23:43:511,2.01,-1.93,-0.17
17:23:43:511,3.07,-1.31,-0.78
17:23:43:511,4.03,-1.00,-0.84
17:23:43:548,5.02,-0.17,-0.94
17:23:43:548,6.52,1.10,-0.90
17:23:43:548,7.33,2.31,-1.10
17:23:43:684,7.64,3.17,-0.70
17:23:43:684,7.17,3.97,-0.49
17:23:43:684,5.89,5.13,-0.68
17:23:43:737,5.39,5.24,-1.49
17:23:43:737,5.14,6.00,-0.40
17:23:43:754,4.51,6.50,0.95
17:23:43:754,4.45,0.48,-0.50
17:23:43:771,3.47,-6.42,1.25
17:23:43:789,8.00,3.95,-3.02
17:23:43:839,4.95,-0.44,0.01
17:23:43:924,3.95,0.13,-0.48
17:23:43:977,4.15,-0.19,-0.70
17:23:44:28,4.10,-0.00,-0.69
17:23:44:28,4.04,0.25,-0.94
17:23:44:64,3.97,-0.21,-0.68
17:23:44:81,3.97,-0.51,-0.77
17:23:44:81,3.92,-0.18,-0.94
17:23:44:81,4.03,-0.70,-0.72
17:23:44:81,3.63,-0.08,-0.99
17:23:44:81,3.42,-0.20,-1.37
17:23:44:81,2.38,-0.16,-0.13
17:23:44:81,2.59,0.68,-0.32
17:23:44:116,4.02,-0.60,-0.75
17:23:44:116,3.53,-0.63,-0.67
17:23:44:116,3.50,-0.76,-1.31
17:23:44:116,4.60,0.00,-0.28
17:23:44:116,4.70,0.84,-0.57
17:23:44:116,3.77,1.40,-0.11
17:23:44:134,3.16,2.24,-0.84
17:23:44:220,5.02,0.52,-0.15
17:23:44:220,5.37,0.87,-0.11
17:23:44:220,5.94,-0.42,-0.73
17:23:44:220,5.87,-0.55,-0.68
17:23:44:220,5.67,-1.87,-0.58
17:23:44:220,6.56,-1.84,-0.42
17:23:44:271,7.60,0.89,-0.77
17:23:44:287,6.98,-0.88,-0.80
17:23:44:291,8.00,-3.11,-2.82
17:23:44:309,0.80,6.18,-0.14
17:23:44:415,3.28,-2.01,-0.94
17:23:44:415,1.95,-1.67,-0.80
17:23:44:448,1.71,-1.02,-0.45
17:23:44:448,1.10,-1.84,-0.71
17:23:44:466,1.81,-1.36,-0.84
17:23:44:466,2.89,-0.92,-0.89
17:23:44:466,3.71,-0.42,-0.71
17:23:44:482,5.03,-0.24,-0.61
17:23:44:482,6.27,1.09,-0.55
17:23:44:482,7.54,1.07,-0.31
17:23:44:500,8.00,2.12,-0.26
17:23:44:569,8.00,3.50,-0.33
17:23:44:607,8.00,4.71,-1.31
17:23:44:624,6.15,7.25,-1.65
17:23:44:640,6.34,8.00,0.09
17:23:44:640,4.68,7.52,-0.69
17:23:44:640,6.57,1.86,-2.10
17:23:44:640,4.38,-8.00,1.14
17:23:44:641,6.06,-2.00,-4.26
17:23:44:657,5.19,-0.69,-2.77
17:23:44:781,4.95,0.89,-0.48
17:23:44:798,4.96,-0.15,-0.93
17:23:44:798,4.12,0.92,-1.30
17:23:44:798,4.15,0.25,-0.90
17:23:44:798,4.14,0.35,-0.42
17:23:44:814,3.91,-0.64,-0.83
17:23:44:814,3.78,-0.47,-1.05
17:23:44:833,3.88,-0.59,-0.91
17:23:44:833,3.87,0.14,-1.38
17:23:44:833,3.67,-0.82,-1.40
17:23:44:867,3.83,-0.04,-0.49
17:23:44:922,4.13,-0.26,-1.20
17:23:44:922,3.80,-0.25,-1.16
17:23:44:939,3.58,0.39,-1.01
17:23:44:956,3.85,0.49,-0.59
17:23:44:956,5.01,0.13,-0.94
17:23:44:956,7.06,-0.24,-0.10
17:23:44:974,5.23,-0.49,-0.36
17:23:44:974,6.30,-1.30,-0.87
17:23:44:974,5.96,-0.72,-0.57
17:23:44:974,6.91,-1.28,-0.04
17:23:44:991,5.86,-2.07,0.87
17:23:45:8,8.00,-0.11,-1.00
17:23:45:8,8.00,-0.54,-3.20
17:23:45:8,8.00,-2.14,-1.94
17:23:45:28,-2.54,4.28,-1.34
17:23:45:44,3.33,-2.67,-0.46
17:23:45:112,1.47,-1.28,-0.26
17:23:45:129,1.52,-1.03,-0.31
17:23:45:146,0.74,-1.48,-0.18
17:23:45:164,1.64,-1.12,-0.41
17:23:45:181,2.47,-0.84,-0.60
17:23:45:200,3.76,0.14,-0.44
17:23:45:218,5.13,0.39,-0.79
17:23:45:253,5.96,0.75,-0.74
17:23:45:288,6.97,0.64,-0.61
17:23:45:288,8.00,0.94,-0.65
17:23:45:303,8.00,2.82,-1.09
17:23:45:338,7.62,3.50,-1.49
17:23:45:338,5.87,6.48,-0.99
17:23:45:355,5.97,8.00,0.01
17:23:45:372,6.00,8.00,-0.30
17:23:45:390,4.48,5.96,-1.42
17:23:45:407,6.57,-6.43,-3.04
17:23:45:407,0.14,-5.74,-1.04
17:23:45:512,5.79,4.42,2.71
17:23:45:529,5.51,-0.08,-1.52
17:23:45:580,4.76,1.70,-0.17
17:23:45:665,4.46,0.25,-1.34
17:23:45:683,4.00,0.97,-0.60
17:23:45:683,4.04,0.03,-0.97
17:23:45:719,3.96,-1.00,-1.22
17:23:45:753,3.79,-0.68,-1.19
17:23:45:787,3.50,-0.06,-0.99
17:23:45:823,4.25,0.54,-0.71
17:23:45:823,3.67,-0.82,-1.51
17:23:45:874,3.97,-0.22,-0.87
17:23:45:874,4.58,-0.97,-1.26
17:23:45:890,3.93,-0.16,-1.04
17:23:45:891,4.70,-0.44,-1.35
17:23:45:907,5.28,-0.67,-1.34
17:23:45:908,4.29,-0.03,-0.27
17:23:45:926,4.53,0.10,-0.18
17:23:45:926,5.08,0.15,-0.26
17:23:45:926,5.54,-1.13,-0.47
17:23:45:944,5.83,-1.64,-0.22
17:23:46:49,6.11,-0.72,0.32
17:23:46:49,5.57,-2.61,-0.88
17:23:46:65,8.00,-2.13,-2.09
17:23:46:66,8.00,-4.42,-1.80
17:23:46:66,-1.27,1.52,-0.11
17:23:46:84,3.55,-1.75,-0.65
17:23:46:84,1.29,-1.15,-0.37
17:23:46:101,2.09,-1.36,-0.53
17:23:46:117,1.27,-1.22,0.06
17:23:46:117,2.20,-0.80,-0.31
17:23:46:192,3.39,-0.37,-0.67
17:23:46:209,3.85,-0.43,-1.10
17:23:46:209,5.25,1.17,-1.33
17:23:46:227,5.72,1.34,-1.39
17:23:46:244,6.70,1.25,-0.73
17:23:46:262,8.00,1.57,-0.17
17:23:46:281,8.00,3.81,-0.32
17:23:46:385,7.49,4.14,-1.22
17:23:46:385,6.07,7.43,-1.79
17:23:46:402,5.18,8.00,-0.81
17:23:46:437,5.05,8.00,-0.57
17:23:46:437,7.38,6.06,-4.09
17:23:46:437,-2.18,-8.00,3.42
17:23:46:472,8.00,7.77,1.84
17:23:46:489,4.94,-0.65,-0.36
17:23:46:520,5.17,2.06,-2.67
17:23:46:538,5.08,1.18,-1.70
17:23:46:555,3.89,-0.32,-1.34
17:23:46:589,4.24,0.65,-0.29
17:23:46:607,3.59,-0.77,-0.82
17:23:46:641,3.84,-0.40,-0.61
17:23:46:677,3.90,-0.39,-1.33
17:23:46:694,3.83,-0.24,-1.16
17:23:46:780,3.78,-0.70,-1.43
17:23:46:780,3.70,-0.46,-0.96
17:23:46:815,5.18,-1.35,-1.19
17:23:46:815,4.04,0.15,-1.07
17:23:46:815,4.05,-0.33,-1.05
17:23:46:832,5.26,0.14,-0.79
17:23:46:851,4.41,1.57,0.35
17:23:46:867,5.32,-0.60,-1.13
17:23:46:919,5.60,-0.69,-0.62
17:23:46:937,5.47,-0.50,-0.57
17:23:46:937,5.75,-0.85,-0.40
17:23:46:988,6.44,-1.19,0.15
17:23:46:988,7.08,-1.68,0.06
17:23:47:23,8.00,-1.23,-4.47
17:23:47:58,8.00,-2.61,-2.80
17:23:47:93,5.86,-3.41,-1.30
17:23:47:109,8.00,0.88,-3.30
17:23:47:110,0.95,-2.69,0.13
17:23:47:128,1.44,-1.88,0.23
17:23:47:162,1.58,-1.37,0.34
17:23:47:180,1.49,-1.52,0.12
17:23:47:197,2.18,-1.33,-0.36
17:23:47:315,3.31,-0.52,-0.63
17:23:47:333,4.34,-0.14,-0.97
17:23:47:333,5.00,0.88,-1.14
17:23:47:350,6.05,1.23,-1.08
17:23:47:387,7.28,1.29,-1.11
17:23:47:422,8.00,1.84,-1.04
17:23:47:439,8.00,2.71,-1.55
17:23:47:457,6.55,4.17,-2.16
17:23:47:561,5.68,7.05,-1.55
17:23:47:615,5.49,8.00,0.05
17:23:47:718,5.03,7.92,-0.70
17:23:47:735,8.00,0.83,-2.06
17:23:47:752,1.54,-8.00,7.24
17:23:47:822,8.00,4.40,-1.74
17:23:47:840,5.61,-0.93,-3.00
17:23:47:857,5.72,1.85,-3.26
17:23:47:857,4.99,0.67,-1.83
17:23:47:875,4.22,0.03,-1.45
17:23:47:892,4.15,0.19,-0.65
17:23:47:892,3.96,-0.45,-0.80
17:23:47:909,3.70,-0.82,-1.21
17:23:47:909,2.87,2.33,-0.29
17:23:47:926,3.65,-0.41,-1.37
17:23:47:961,3.88,-0.27,-0.84
17:23:48:44,3.79,-0.49,-0.92
17:23:48:44,3.52,-0.42,-0.93
17:23:48:44,4.41,-0.06,-1.00
17:23:48:60,4.12,0.09,-1.21
17:23:48:77,4.42,-0.32,-1.10
17:23:48:95,4.45,-0.11,-0.84
17:23:48:128,5.34,0.43,-0.66
17:23:48:180,4.67,0.70,-0.37
17:23:48:197,5.65,-1.36,-0.49
17:23:48:197,6.05,-0.42,-0.66
17:23:48:214,7.29,-0.53,0.64
17:23:48:233,6.80,-3.31,0.54
17:23:48:233,7.37,-1.55,-1.85
17:23:48:249,8.00,-2.27,-3.13
17:23:48:249,5.69,-2.32,-2.98
17:23:48:283,3.76,4.82,-1.29
17:23:48:283,1.35,-3.80,-0.37
17:23:48:332,0.54,-1.69,0.36
17:23:48:366,1.86,-1.13,0.02
17:23:48:384,0.75,-1.17,-0.34
17:23:48:419,1.84,-1.29,-0.71
17:23:48:436,2.33,-0.54,-0.88
17:23:48:453,3.61,-0.37,-0.89
17:23:48:471,4.83,0.41,-0.87
17:23:48:560,6.26,0.73,-0.89
17:23:48:577,8.00,2.25,-0.88
17:23:48:595,8.00,2.76,-1.30
17:23:48:595,8.00,4.16,-1.39
17:23:48:699,6.99,4.52,-1.59
17:23:48:719,5.22,6.20,-0.44
17:23:48:736,5.15,8.00,1.44
17:23:48:754,4.81,7.11,0.30
17:23:48:874,1.80,2.69,-1.56
17:23:48:890,-2.08,-7.01,1.74
17:23:48:907,8.00,7.22,1.18
17:23:48:907,6.23,0.21,-6.73
17:23:48:924,4.23,1.24,1.67
17:23:48:942,3.51,-1.68,-1.65
17:23:48:942,4.07,0.92,-1.01
17:23:48:942,3.64,-0.85,-1.32
17:23:48:960,3.89,-0.64,-0.81
17:23:48:960,3.53,-0.95,-1.05
17:23:48:977,4.17,-1.18,-0.70
17:23:48:994,3.65,-0.10,-0.96
17:23:48:994,3.98,-0.37,-0.90
17:23:49:10,3.85,-0.21,-0.67
17:23:49:65,3.59,-0.24,-0.91
17:23:49:65,3.62,-0.76,-1.13
17:23:49:82,4.67,-0.42,-0.66
17:23:49:99,3.56,0.32,-0.48
17:23:49:99,3.94,-0.05,-0.83
17:23:49:99,3.86,0.54,-0.67
17:23:49:117,4.63,-0.40,-1.43
17:23:49:135,4.53,-0.76,-0.96
17:23:49:167,4.60,-0.29,-1.30
17:23:49:171,3.23,0.48,-1.07
17:23:49:171,4.25,0.60,-0.22
17:23:49:238,4.90,-0.09,0.21
17:23:49:290,6.92,-0.51,1.38
17:23:49:307,8.00,-3.95,-1.28
17:23:49:307,7.24,-0.89,-2.10
17:23:49:324,6.89,0.06,-2.31
17:23:49:324,2.77,0.82,-1.80
17:23:49:358,-0.35,0.53,-2.74
17:23:49:358,0.84,-3.06,-0.98
17:23:49:376,0.20,-1.68,-0.36
17:23:49:444,0.70,-1.17,0.01
17:23:49:461,1.11,-1.54,-0.04
17:23:49:461,2.27,-0.79,0.16
17:23:49:461,3.59,-0.87,-0.10
17:23:49:496,5.07,1.09,-0.07
17:23:49:513,5.21,2.92,-0.12
17:23:49:547,6.02,3.37,-0.06
17:23:49:599,6.49,5.10,0.69
17:23:49:616,6.81,6.19,-0.01
17:23:49:616,5.29,7.75,-0.74
17:23:49:633,3.34,7.46,-1.57
17:23:49:651,4.49,2.19,8.00
17:23:49:684,3.27,-4.77,0.67
17:23:49:702,4.45,1.00,-0.35
17:23:49:720,3.59,-3.94,-2.97
17:23:49:788,4.15,1.45,-0.71
17:23:49:821,3.81,0.14,-0.99
17:23:49:821,4.05,0.07,-1.05
17:23:49:838,3.83,-0.27,-0.69
17:23:49:838,3.79,-0.85,-0.81
17:23:49:891,3.85,-0.62,-0.75
17:23:49:943,3.76,-0.58,-0.83
17:23:49:960,3.94,-0.51,-0.74
17:23:49:995,3.85,-1.04,-0.94
17:23:50:12,3.89,-0.46,-0.79
17:23:50:46,3.88,-0.35,-0.72
17:23:50:46,3.73,-0.30,-0.59
17:23:50:64,3.72,-0.66,-0.67
17:23:50:64,3.85,-0.34,-0.71
17:23:50:96,3.78,-0.28,-0.72
17:23:50:114,3.89,-0.20,-0.75
17:23:50:186,3.90,-0.28,-0.69
17:23:50:186,3.98,-0.15,-0.66
17:23:50:204,3.91,-0.16,-0.63
17:23:50:204,3.91,-0.22,-0.67
17:23:50:238,3.82,-0.26,-0.63
17:23:50:273,3.88,-0.36,-0.67
17:23:50:323,3.91,-0.21,-0.64
17:23:50:340,3.91,-0.10,-0.60
17:23:50:356,3.91,-0.13,-0.58
17:23:50:356,3.91,-0.09,-0.55
17:23:50:407,3.94,-0.21,-0.60
17:23:50:425,3.91,-0.16,-0.61
17:23:50:442,3.85,-0.18,-0.57
17:23:50:443,4.00,-0.46,-0.53
17:23:50:512,3.87,-0.15,-0.56
17:23:50:530,3.91,-0.18,-0.47
17:23:50:532,4.10,-0.30,-0.55
17:23:50:532,3.94,-0.08,-0.52
17:23:50:583,3.87,-0.04,-0.48
17:23:50:600,3.87,-0.11,-0.53
17:23:50:634,3.89,-0.12,-0.50
17:23:50:738,3.87,-0.12,-0.50
17:23:50:754,3.89,-0.04,-0.46
17:23:50:755,3.91,0.01,-0.44
17:23:50:772,3.87,0.03,-0.55
17:23:50:772,3.92,-0.02,-0.49
17:23:50:789,3.91,-0.01,-0.44
17:23:50:789,3.90,-0.02,-0.42
17:23:50:825,3.91,-0.03,-0.44
17:23:50:860,3.89,-0.06,-0.44
17:23:50:876,3.89,-0.07,-0.43
17:23:50:895,3.90,0.01,-0.41
17:23:50:911,3.94,-0.12,-0.42
17:23:50:929,3.91,0.06,-0.40
17:23:50:946,3.91,0.00,-0.36
17:23:50:980,3.88,-0.00,-0.38
17:23:51:83,3.89,-0.06,-0.39
17:23:51:83,3.88,-0.02,-0.51
17:23:51:136,4.07,-0.13,-0.40
17:23:51:154,3.75,-0.05,-0.27
17:23:51:170,3.90,0.03,-0.35
17:23:51:171,3.90,-0.07,-0.23
17:23:51:241,3.87,-0.05,-0.39
17:23:51:241,3.89,0.06,-0.33
17:23:51:258,3.94,0.03,-0.34
17:23:51:275,3.87,-0.03,-0.33
17:23:51:275,3.90,-0.11,-0.40
17:23:51:275,3.86,-0.08,-0.39
17:23:51:311,3.94,-0.00,-0.35
17:23:51:329,3.95,0.01,-0.37
17:23:51:396,3.91,-0.07,-0.35
17:23:51:413,3.90,-0.08,-0.34
17:23:51:432,3.91,-0.07,-0.33
17:23:51:432,3.89,-0.08,-0.38
17:23:51:449,3.88,-0.10,-0.36
17:23:51:484,3.94,0.05,-0.33
17:23:51:484,3.96,-0.01,-0.33
17:23:51:518,3.84,-0.19,-0.49
17:23:51:553,3.39,0.65,0.18
17:23:51:605,3.85,0.16,-0.19
17:23:51:605,3.88,0.12,-0.15
17:23:51:622,3.76,-0.09,-0.26
17:23:51:622,3.88,-0.04,-0.32
17:23:51:657,3.87,-0.02,-0.34
17:23:51:674,3.97,-0.03,-0.35
17:23:51:691,3.96,-0.08,-0.33
17:23:51:744,3.78,-0.02,-0.47
17:23:51:779,4.07,-0.19,-0.46
17:23:51:815,3.78,0.13,-0.05
17:23:51:832,3.78,0.30,0.01
17:23:51:851,3.97,0.25,-0.20
17:23:51:851,3.76,0.17,-0.25
17:23:51:868,3.45,0.38,0.05
17:23:51:918,4.30,0.54,-0.34
17:23:51:953,3.68,0.77,-0.12
17:23:51:953,3.71,0.24,-0.49
17:23:51:986,3.97,0.01,-0.42
17:23:51:986,3.93,-0.03,-0.67
17:23:52:19,4.05,0.52,-0.89
17:23:52:37,3.99,0.00,-1.20
17:23:52:88,4.11,0.34,-1.12
17:23:52:123,3.92,0.24,-1.23
17:23:52:123,3.72,-0.22,-1.24
17:23:52:157,3.73,-0.66,-1.23
17:23:52:174,3.66,-0.76,-1.03
17:23:52:175,3.48,-0.92,-0.58
17:23:52:209,1.84,-0.36,0.58
17:23:52:244,5.09,-2.74,0.31
17:23:52:244,4.78,0.71,0.92
17:23:52:278,3.57,-0.46,-0.18
17:23:52:329,4.97,0.61,-0.19
17:23:52:329,4.14,0.42,-0.36
17:23:52:346,3.96,0.42,-0.29
17:23:52:380,3.65,-0.96,-0.50
17:23:52:482,4.25,0.09,-1.37
17:23:52:501,4.24,-0.30,-1.05
17:23:52:501,4.28,-0.25,-0.15
17:23:52:517,3.92,-0.03,-0.78
17:23:52:533,3.93,-0.42,-0.80
17:23:52:567,3.88,-0.39,-0.90
17:23:52:584,3.90,-0.18,-0.86
17:23:52:584,4.14,0.12,-0.66
17:23:52:600,3.93,-0.27,-0.72
17:23:52:633,3.82,-0.77,-1.01
17:23:52:701,3.57,-0.65,-0.92
17:23:52:737,3.66,-0.41,-0.85
17:23:52:737,3.45,-0.79,-0.92
17:23:52:771,3.62,-0.54,-0.93
17:23:52:789,3.88,-0.61,-0.54
17:23:52:807,3.83,-0.22,-0.98
17:23:52:841,4.37,-0.22,-0.36
17:23:52:858,4.21,0.24,-0.08
17:23:52:875,3.78,0.21,-0.54
17:23:52:875,3.82,0.01,-0.75
17:23:52:893,4.11,1.58,-1.55
17:23:52:928,4.12,2.79,-1.70
17:23:52:929,4.51,1.73,-2.14
17:23:52:946,2.92,1.34,-1.49
17:23:53:14,3.98,1.29,-0.67
17:23:53:48,4.26,0.73,-0.43
17:23:53:48,4.21,-0.20,-0.91
17:23:53:84,3.38,-0.32,-1.40
17:23:53:102,3.43,-0.87,-1.85
17:23:53:102,3.62,-0.92,-2.04
17:23:53:136,3.02,-0.80,-2.29
17:23:53:219,3.82,-3.33,-1.93
17:23:53:219,3.21,-4.93,-1.11
17:23:53:236,5.62,0.69,0.33
17:23:53:306,2.16,-2.08,1.88
17:23:53:392,4.37,0.19,0.35
17:23:53:392,4.29,-0.43,-0.85
17:23:53:410,4.32,0.33,-1.18
17:23:53:426,4.08,-0.11,-0.75
17:23:53:461,3.96,-0.37,-0.78
17:23:53:461,4.01,-0.54,-0.97
17:23:53:514,4.05,-0.13,-0.98
17:23:53:531,3.86,-0.06,-0.79
17:23:53:601,3.95,-0.22,-0.77
17:23:53:618,3.83,-0.36,-0.75
17:23:53:635,3.78,-0.32,-0.76
17:23:53:654,3.90,-0.40,-0.72
17:23:53:654,3.82,-0.37,-0.67
17:23:53:654,3.99,-0.57,-0.88
17:23:53:688,3.92,-0.34,-0.87
17:23:53:689,4.13,0.03,-0.79
17:23:53:758,4.00,-0.46,-0.76
17:23:53:758,3.88,-0.31,-0.79
17:23:53:774,3.88,-0.37,-0.68
17:23:53:795,3.69,-0.41,-0.76
17:23:53:829,3.79,-0.43,-0.66
17:23:53:846,3.88,-0.32,-0.65
17:23:53:948,3.85,-0.41,-0.67
17:23:53:984,3.90,-0.53,-0.81
17:23:54:0,3.90,-0.51,-0.79
17:23:54:4,3.76,-0.07,-0.53
17:23:54:21,3.81,-0.55,-0.66
17:23:54:73,3.94,-0.62,-0.48
17:23:54:124,4.13,-0.37,-0.57
17:23:54:142,3.96,-0.20,-0.57
17:23:54:160,3.77,-0.61,-0.77
17:23:54:176,3.81,-0.35,-0.74
17:23:54:194,3.83,-0.43,-0.53
17:23:54:245,3.79,-0.25,-0.45
17:23:54:295,3.84,-0.45,-0.62
17:23:54:312,3.91,-0.38,-0.75
17:23:54:329,3.87,-0.45,-0.68
17:23:54:347,3.81,-0.33,-0.69
17:23:54:382,3.85,-0.39,-0.61
17:23:54:434,3.87,-0.38,-0.66
17:23:54:542,3.88,-0.35,-0.66
17:23:54:560,3.89,-0.25,-0.54
17:23:54:578,3.90,-0.24,-0.60
17:23:54:644,3.88,-0.36,-0.66
17:23:54:661,3.87,-0.42,-0.71
17:23:54:661,3.83,-0.21,-0.51
17:23:54:681,3.84,-0.31,-0.60
17:23:54:715,3.86,-0.35,-0.65
17:23:54:715,3.85,-0.25,-0.64
17:23:54:732,3.82,-0.21,-0.49
17:23:54:751,3.85,-0.33,-0.45
17:23:54:768,3.85,-0.30,-0.56
17:23:54:801,3.87,-0.29,-0.64
17:23:54:836,3.88,-0.29,-0.67
17:23:54:836,3.84,-0.43,-0.64
17:23:54:836,3.87,-0.38,-0.60
17:23:54:854,3.88,-0.29,-0.58
17:23:54:889,3.89,-0.30,-0.59
17:23:54:889,3.88,-0.33,-0.60
17:23:54:889,3.85,-0.41,-0.69
17:23:54:905,3.90,-0.14,-0.55
17:23:54:905,3.88,-0.16,-0.53
17:23:54:921,3.86,-0.25,-0.55
17:23:54:955,3.85,-0.38,-0.64
17:23:55:24,3.90,-0.23,-0.63
17:23:55:24,3.92,-0.17,-0.63
17:23:55:41,3.90,-0.22,-0.59
17:23:55:76,3.88,-0.25,-0.64
17:23:55:93,3.84,-0.51,-0.84
17:23:55:128,3.92,-0.21,-0.61
17:23:55:213,3.88,-0.23,-0.59
17:23:55:230,3.90,-0.24,-0.60
17:23:55:249,3.85,-0.27,-0.67
17:23:55:249,3.87,-0.23,-0.63
17:23:55:267,3.92,-0.26,-0.63
17:23:55:301,3.95,-0.09,-0.62
17:23:55:386,3.88,-0.14,-0.59
17:23:55:386,3.91,-0.11,-0.56
17:23:55:405,3.91,-0.19,-0.62
17:23:55:405,3.88,-0.20,-0.65
17:23:55:455,3.90,-0.22,-0.68
17:23:55:473,3.89,-0.18,-0.63
17:23:55:509,3.89,-0.10,-0.60
17:23:55:543,3.89,-0.15,-0.66
17:23:55:596,3.89,-0.21,-0.64
17:23:55:614,3.88,-0.19,-0.63
17:23:55:630,3.89,-0.13,-0.62
17:23:55:630,3.88,-0.14,-0.61
17:23:55:648,3.90,-0.11,-0.60
17:23:55:648,3.90,-0.15,-0.64
17:23:55:665,3.88,-0.22,-0.69
17:23:55:736,3.89,-0.11,-0.62
17:23:55:753,3.92,-0.19,-0.63
17:23:55:788,3.88,-0.09,-0.66
17:23:55:807,3.91,-0.16,-0.66
17:23:55:807,3.88,-0.18,-0.67
17:23:55:823,3.90,-0.09,-0.62
17:23:55:826,3.91,-0.11,-0.60
17:23:55:826,3.90,-0.09,-0.63
17:23:55:842,3.92,-0.05,-0.58
17:23:55:925,3.87,-0.09,-0.62
17:23:55:953,3.91,-0.14,-0.65
17:23:55:970,3.90,-0.12,-0.64
17:23:55:970,3.89,-0.09,-0.60
17:23:55:970,3.88,-0.09,-0.61
17:23:55:970,3.89,-0.13,-0.63
17:23:55:986,3.91,-0.04,-0.57
17:23:56:8,3.94,-0.10,-0.63
17:23:56:8,3.88,-0.17,-0.71
17:23:56:24,3.83,-0.32,-0.59
17:23:56:53,3.92,-0.09,-0.70
17:23:56:82,3.92,-0.20,-0.67
17:23:56:97,3.88,-0.11,-0.64
17:23:56:97,3.91,-0.08,-0.61
17:23:56:113,3.90,-0.16,-0.65
17:23:56:129,3.95,-0.14,-0.67
17:23:56:146,3.85,-0.01,-0.53
17:23:56:163,3.92,-0.09,-0.51
17:23:56:181,3.94,-0.06,-0.51
17:23:56:198,3.91,-0.00,-0.53
17:23:56:199,3.90,-0.02,-0.62
17:23:56:199,3.86,-0.08,-0.59
17:23:56:233,3.86,-0.03,-0.49
17:23:56:284,3.90,-0.06,-0.53
17:23:56:300,3.91,-0.09,-0.57
17:23:56:300,3.88,-0.02,-0.59
17:23:56:335,3.88,0.01,-0.54
17:23:56:353,3.88,-0.02,-0.54
17:23:56:371,3.89,-0.09,-0.55
17:23:56:438,3.92,-0.04,-0.52
17:23:56:471,3.91,0.04,-0.52
17:23:56:489,3.90,0.02,-0.52
17:23:56:506,3.91,-0.02,-0.53
17:23:56:506,3.87,-0.00,-0.48
17:23:56:574,3.78,-0.02,-0.50
17:23:56:592,3.87,0.02,-0.43
17:23:56:611,3.89,-0.11,-0.60
17:23:56:680,3.91,-0.01,-0.49
17:23:56:698,3.86,0.04,-0.51
17:23:56:698,3.97,-0.00,-0.58
17:23:56:717,3.91,0.12,-0.45
17:23:56:717,3.90,-0.26,-0.64
17:23:56:734,4.05,0.04,-0.67
17:23:56:734,3.99,-0.09,-0.55
17:23:56:796,3.96,-0.06,-0.51
17:23:56:829,3.87,0.02,-0.39
17:23:56:832,3.97,0.14,-0.38
17:23:56:849,4.04,0.02,-0.51
17:23:56:884,3.60,-0.17,-0.57
17:23:56:884,3.76,0.12,-0.34
17:23:56:900,4.09,-0.35,-0.27
17:23:56:918,4.13,-0.38,-0.47
17:23:57:39,3.74,-0.21,-0.78
17:23:57:39,4.92,-0.60,-0.66
17:23:57:39,6.08,-1.05,-1.04
17:23:57:56,4.71,-0.92,-0.60
17:23:57:90,3.17,-4.34,-0.50
17:23:57:108,2.61,-5.25,-0.42
17:23:57:176,2.32,-4.27,-0.11
17:23:57:212,3.24,-3.31,0.12
17:23:57:212,4.26,-2.21,0.25
17:23:57:245,4.86,-1.45,0.28
17:23:57:247,4.92,-0.88,-0.10
17:23:57:264,5.34,0.78,-0.17
17:23:57:264,4.95,-0.07,-0.15
17:23:57:350,5.26,0.80,0.12
17:23:57:350,4.46,1.56,0.37
17:23:57:350,4.57,2.20,-0.12
17:23:57:367,4.18,2.75,-1.05
17:23:57:384,3.10,0.76,-0.69
17:23:57:419,3.21,0.67,-0.43
17:23:57:437,3.77,1.56,-0.46
17:23:57:470,4.20,2.02,-0.45
17:23:57:488,3.80,2.78,-0.19
17:23:57:541,2.37,-2.64,0.31
17:23:57:575,4.89,-8.00,1.87
17:23:57:611,7.89,4.14,-2.02
17:23:57:611,4.66,-2.09,-0.13
17:23:57:627,3.81,1.05,-0.60
17:23:57:627,3.82,-0.58,-0.72
17:23:57:645,4.03,-0.46,-0.95
17:23:57:645,3.82,-0.67,-0.73
17:23:57:697,4.11,-0.79,-1.09
17:23:57:732,4.07,-0.67,-1.08
17:23:57:732,3.78,-0.53,-0.72
17:23:57:749,4.02,-0.39,-0.95
17:23:57:766,3.88,-0.34,-0.75
17:23:57:766,3.83,-0.60,-0.90
17:23:57:766,3.77,-0.55,-0.93
17:23:57:784,3.77,-0.39,-0.90
17:23:57:819,3.72,-0.39,-0.78
17:23:57:888,3.78,-0.85,-1.07
17:23:57:906,3.84,-0.51,-1.12
17:23:57:921,3.96,-0.24,-0.87
17:23:57:940,4.13,-0.11,-0.27
17:23:57:956,3.70,-0.57,-1.15
17:23:57:975,4.34,-0.79,-0.99
17:23:57:975,3.89,0.03,-0.69
17:23:58:9,4.46,0.67,-0.46
17:23:58:62,5.20,-0.17,0.60
17:23:58:131,7.75,-2.83,-0.28
17:23:58:131,7.64,-2.46,-0.05
17:23:58:164,8.00,-1.79,-1.65
17:23:58:183,5.66,-0.35,-1.33
17:23:58:251,0.35,-1.01,0.41
17:23:58:269,1.64,-3.88,-0.76
17:23:58:286,1.59,-3.46,-0.74
17:23:58:286,1.55,-2.96,-0.44
17:23:58:303,2.11,-2.36,-0.51
17:23:58:320,3.45,-1.73,-0.39
17:23:58:337,4.58,-1.49,-0.38
17:23:58:340,5.76,-0.90,-0.41
17:23:58:340,6.65,-0.27,-0.58
17:23:58:356,6.83,0.63,-0.32
17:23:58:427,6.56,1.15,-0.12
17:23:58:478,6.31,1.49,-0.15
17:23:58:480,5.37,2.48,-0.28
17:23:58:497,4.74,2.85,-0.72
17:23:58:497,4.47,2.50,-0.25
17:23:58:514,4.21,2.14,-0.48
17:23:58:531,3.62,1.33,-0.63
17:23:58:549,7.35,0.71,-1.52
17:23:58:601,6.75,1.30,-1.05
17:23:58:618,3.01,-3.68,0.98
17:23:58:635,7.65,2.98,1.38
17:23:58:635,5.05,0.50,-1.81
17:23:58:670,4.66,1.71,-0.09
17:23:58:691,4.09,-0.36,-1.70
17:23:58:777,4.28,-0.16,-1.87
17:23:58:811,4.11,-0.42,-1.34
17:23:58:829,4.10,-0.53,-0.79
17:23:58:846,4.05,-0.41,-0.65
17:23:58:863,3.75,-0.40,-0.86
17:23:58:881,3.77,-0.68,-1.61
17:23:58:901,4.06,-0.09,-1.23
17:23:58:936,3.30,1.16,-1.24
17:23:58:953,3.55,-0.76,-0.71
17:23:58:988,3.48,0.38,-0.51
17:23:59:6,4.03,0.63,-0.86
17:23:59:6,3.84,0.44,-0.29
17:23:59:6,3.60,-1.23,-1.50
17:23:59:40,4.27,0.38,-1.48
17:23:59:57,5.42,0.13,-0.81
17:23:59:75,5.01,-0.56,-0.77
17:23:59:161,4.70,0.65,-0.62
17:23:59:162,5.08,0.06,-0.46
17:23:59:179,5.78,-0.23,-0.74
17:23:59:196,6.14,-1.41,-0.20
17:23:59:215,6.42,-2.64,-0.07
17:23:59:232,6.90,-0.56,0.74
17:23:59:248,8.00,-3.14,-2.48
17:23:59:265,8.00,-3.90,-2.50
17:23:59:318,1.25,-3.27,-0.51
17:23:59:335,5.12,-0.87,-1.36
17:23:59:353,1.42,-2.11,-1.06
17:23:59:387,2.15,-1.44,-1.32
17:23:59:404,0.84,-0.98,-0.32
17:23:59:423,1.92,-1.55,-0.57
17:23:59:439,2.67,-0.87,-0.71
17:23:59:509,3.37,-0.33,-0.67
17:23:59:526,4.87,0.62,-0.58
17:23:59:526,5.83,1.04,-0.55
17:23:59:544,7.12,0.99,-0.45
17:23:59:561,8.00,2.28,-0.16
17:23:59:578,8.00,3.77,-0.51
17:23:59:596,8.00,4.28,-0.62
17:23:59:630,6.41,6.82,-0.79
17:23:59:648,5.76,8.00,-1.47
17:23:59:682,5.93,8.00,-0.90
17:23:59:715,4.63,6.74,-2.03
17:23:59:752,4.62,-8.00,5.94
17:23:59:752,8.00,0.89,2.42
17:23:59:769,4.45,-0.14,-0.74
17:23:59:804,5.76,2.80,-1.46
17:23:59:839,4.03,-1.60,-2.08
17:23:59:875,4.33,2.30,-1.23
17:23:59:893,3.68,-0.37,-0.22
17:23:59:893,3.90,-0.75,0.23
17:23:59:909,4.07,-0.67,-0.29
17:23:59:957,4.82,-1.71,-1.62
17:23:59:975,3.85,-1.33,-0.91
17:24:0:10,3.62,-0.76,-1.17
17:24:0:44,3.36,0.12,-0.63
17:24:0:112,3.83,-0.19,-0.35
17:24:0:113,4.13,0.13,-0.37
17:24:0:113,3.97,0.08,-1.00
17:24:0:130,4.10,-0.37,-1.69
17:24:0:147,3.81,-0.68,-0.83
17:24:0:165,5.59,-1.74,-1.19
17:24:0:231,5.02,-0.30,-1.69
17:24:0:249,3.94,1.98,-0.42
17:24:0:249,6.04,-0.64,0.71
17:24:0:265,5.89,-0.67,-0.22
17:24:0:300,6.40,-1.17,0.44
17:24:0:300,6.93,-2.24,-0.10
17:24:0:334,7.26,-1.65,-0.23
17:24:0:369,8.00,-0.91,-3.31
17:24:0:423,8.00,-4.24,-1.41
17:24:0:423,-1.83,-1.12,2.18
17:24:0:423,3.83,-2.26,-0.24
17:24:0:457,1.42,-2.73,-0.63
17:24:0:474,1.99,-1.40,-0.52
17:24:0:492,0.71,-2.13,-0.86
17:24:0:527,2.19,-1.40,-0.58
17:24:0:561,2.76,-0.90,-0.47
17:24:0:612,4.28,-0.75,-0.49
17:24:0:629,5.96,-0.79,-0.56
17:24:0:645,7.93,0.38,-0.96
17:24:0:647,8.00,2.26,-0.62
17:24:0:665,8.00,3.40,-0.28
17:24:0:700,8.00,5.20,-0.05
17:24:0:735,6.06,8.00,-1.53
17:24:0:787,5.96,8.00,-1.41
17:24:0:804,8.00,6.68,-1.96
17:24:0:804,5.05,-8.00,6.69
17:24:0:820,8.00,-0.79,0.39
17:24:0:838,4.40,1.54,0.00
17:24:0:856,5.12,4.69,1.23
17:24:0:908,4.28,0.23,-1.57
17:24:0:942,4.10,1.29,-1.21
17:24:0:942,3.98,-0.26,-0.52
17:24:0:959,3.80,-0.13,-0.69
17:24:0:978,3.58,-0.83,-0.79
17:24:0:995,3.68,-0.43,-1.21
17:24:1:28,4.17,-0.35,-0.49
17:24:1:48,4.14,-0.24,-0.90
17:24:1:65,3.50,-0.61,-1.13
17:24:1:116,3.21,-0.87,-0.97
17:24:1:133,3.63,-0.29,-0.84
17:24:1:151,2.69,1.75,-0.45
17:24:1:203,5.07,0.30,-0.98
17:24:1:220,5.26,-1.29,-1.25
17:24:1:236,5.47,-0.57,-0.92
17:24:1:236,5.71,-0.97,-0.58
17:24:1:306,5.58,-0.08,-0.14
17:24:1:358,6.60,-0.76,-0.24
17:24:1:358,6.24,-1.98,0.54
17:24:1:375,6.47,-1.90,0.87
17:24:1:393,8.00,-0.68,-3.85
17:24:1:393,8.00,-2.49,-2.31
17:24:1:410,8.00,-4.26,-1.96
17:24:1:463,4.29,5.37,-2.91
17:24:1:499,2.18,-1.41,-0.58
17:24:1:499,1.45,-1.58,-0.68
17:24:1:499,1.24,-1.22,-0.55
17:24:1:533,1.08,-1.25,-0.49
17:24:1:551,2.45,-0.39,-0.44
17:24:1:568,2.78,-0.11,-0.56
17:24:1:672,4.18,0.43,-0.48
17:24:1:672,5.40,0.87,-0.70
17:24:1:672,6.67,1.70,-0.76
17:24:1:706,7.44,1.65,-0.77
17:24:1:706,7.87,3.07,-0.41
17:24:1:724,8.00,3.33,-0.63
17:24:1:741,6.31,3.72,-0.82
17:24:1:812,5.30,6.09,-1.89
17:24:1:845,5.20,7.78,-0.70
17:24:1:863,5.11,8.00,-0.32
17:24:1:880,4.28,6.01,-1.53
17:24:1:898,6.01,-8.00,-3.49
17:24:1:898,2.17,-7.49,-2.06
17:24:1:898,6.23,6.20,0.71
17:24:1:948,4.81,0.41,-2.18
17:24:1:963,4.37,1.11,-0.22
17:24:2:14,4.44,2.06,-1.26
17:24:2:50,3.88,0.04,-0.86
17:24:2:67,3.82,-0.67,-0.66
17:24:2:84,3.90,-0.80,-1.32
17:24:2:119,3.98,-0.40,-1.01
17:24:2:155,4.05,-0.04,-1.09
17:24:2:172,3.69,-0.17,-1.05
17:24:2:190,3.66,-0.62,-1.05
17:24:2:206,3.81,-0.31,-1.01
17:24:2:222,3.25,0.99,-0.95
17:24:2:223,4.05,-0.13,-1.08
17:24:2:239,4.56,0.05,-1.03
17:24:2:276,4.58,0.00,-0.35
17:24:2:310,6.02,-1.49,-0.53
17:24:2:310,6.32,-0.95,-0.75
17:24:2:397,5.00,-0.39,-0.89
17:24:2:397,5.86,-0.57,-0.63
17:24:2:414,5.75,-1.17,-0.89
17:24:2:414,5.62,-1.41,0.79
17:24:2:482,6.01,-1.24,0.03
17:24:2:483,8.00,-0.04,-4.49
17:24:2:499,8.00,-2.50,-2.71
17:24:2:530,7.70,-3.83,-2.49
17:24:2:564,8.00,3.49,-2.26
17:24:2:564,1.75,-2.69,-0.86
17:24:2:598,1.69,-2.25,-1.06
17:24:2:617,2.22,-1.25,-0.67
17:24:2:634,1.33,-1.69,-0.33
17:24:2:651,2.30,-0.95,-0.51
17:24:2:687,3.74,-0.61,-0.18
17:24:2:739,4.89,0.05,-0.24
17:24:2:755,6.12,0.32,-0.48
17:24:2:772,7.08,1.12,-0.57
17:24:2:772,8.00,2.32,-0.82
17:24:2:808,8.00,2.87,-0.32
17:24:2:826,8.00,4.39,-0.70
17:24:2:915,7.05,6.49,-1.48
17:24:2:931,6.23,8.00,-1.27
17:24:2:931,5.87,8.00,0.16
17:24:2:948,4.83,8.00,-1.32
17:24:2:968,8.00,-8.00,-1.94
17:24:2:968,5.52,-8.00,-4.78
17:24:2:985,4.36,-1.58,-2.82
17:24:3:21,5.37,1.29,-4.02
17:24:3:37,3.94,0.21,-0.08
17:24:3:69,4.14,0.47,-2.03
17:24:3:135,3.53,1.68,-0.21
17:24:3:152,4.11,0.34,-0.22
17:24:3:152,3.24,-0.87,-0.95
17:24:3:152,3.76,-0.09,-1.35
17:24:3:203,3.71,-0.15,-1.07
17:24:3:203,4.04,0.06,-0.43
17:24:3:288,3.86,-0.61,-1.07
17:24:3:288,3.95,-0.46,-0.92
17:24:3:305,4.14,-0.25,-0.64
17:24:3:305,4.52,-0.12,-0.58
17:24:3:322,4.54,-0.41,-1.18
17:24:3:357,4.99,-0.50,-1.10
17:24:3:374,5.06,-0.24,-0.82
17:24:3:390,5.42,-0.36,-0.54
17:24:3:508,4.43,-0.49,-0.20
17:24:3:528,5.29,-0.08,-0.77
17:24:3:544,5.36,-0.08,-1.37
17:24:3:563,6.22,-0.38,-0.02
17:24:3:567,5.52,-2.07,0.06
17:24:3:567,6.43,-0.75,-0.70
17:24:3:584,6.76,-0.85,-1.73
17:24:3:618,8.00,-1.82,-2.12
17:24:3:653,4.78,-2.31,-1.30
17:24:3:669,8.00,0.75,-2.28
17:24:3:671,2.28,-2.28,-0.78
17:24:3:704,1.79,-1.72,-0.17
17:24:3:706,1.44,-0.95,0.26
17:24:3:740,1.38,-0.90,0.04
17:24:3:826,1.88,-0.99,-0.20
17:24:3:845,2.76,0.06,0.04
17:24:3:845,3.87,0.65,0.19
17:24:3:862,5.05,1.00,0.39
17:24:3:878,6.66,1.20,0.45
17:24:3:914,8.00,2.72,0.42
17:24:4:18,8.00,3.01,0.57
17:24:4:18,8.00,4.59,-0.98
17:24:4:35,6.24,6.42,-2.26
17:24:4:70,4.52,8.00,-1.13
17:24:4:139,5.98,8.00,0.36
17:24:4:261,3.87,6.43,-1.67
17:24:4:261,4.49,-8.00,3.17
17:24:4:279,8.00,-1.05,-2.73
17:24:4:296,5.05,-1.96,-3.09
17:24:4:313,4.45,4.73,1.29
17:24:4:382,4.60,0.24,-0.07
17:24:4:487,4.31,0.52,-1.04
17:24:4:556,4.06,-0.53,-1.38
17:24:4:556,3.80,-1.02,-1.18
17:24:4:573,3.78,-0.51,-0.83
17:24:4:589,3.91,-0.83,-0.76
17:24:4:605,3.86,-0.47,-0.79
17:24:4:605,3.90,-0.35,-0.90
17:24:4:623,3.86,-0.31,-0.89
17:24:4:657,3.63,-0.35,-0.86
17:24:4:691,3.89,-0.49,-0.79
17:24:4:727,3.75,-0.64,-0.77
17:24:4:779,3.88,-0.43,-0.95
17:24:4:779,3.92,-0.27,-1.17
17:24:4:779,4.11,-0.70,-1.05
17:24:4:814,3.63,-0.40,-1.11
17:24:4:814,3.79,-0.29,-0.33
17:24:4:814,3.56,-0.41,-0.70
17:24:4:831,3.83,-0.37,-0.91
17:24:4:848,3.95,-0.37,-0.91
17:24:4:899,3.98,-0.07,-0.81
17:24:4:899,3.78,-0.11,-0.79
17:24:4:934,3.96,-0.26,-0.99
17:24:4:968,3.82,-0.26,-0.84
17:24:4:968,3.87,0.05,-0.72
17:24:4:986,3.85,-0.17,-0.79
17:24:5:3,3.93,-0.31,-0.95
17:24:5:3,4.08,-0.28,-1.01
17:24:5:20,3.72,0.16,-0.76
17:24:5:55,3.79,-0.30,-0.73
17:24:5:90,3.89,-0.10,-0.84
17:24:5:90,3.93,-0.12,-0.85
17:24:5:106,3.92,-0.40,-0.89
17:24:5:106,3.91,-0.12,-0.77
17:24:5:122,3.91,-0.17,-0.71
17:24:5:122,3.86,-0.19,-0.75
17:24:5:156,3.87,-0.24,-0.78
17:24:5:207,3.94,-0.33,-0.92
17:24:5:225,3.87,-0.09,-0.75
17:24:5:289,3.89,-0.11,-0.73
17:24:5:289,3.86,-0.21,-0.78
17:24:5:324,3.86,-0.16,-0.74
17:24:5:358,3.89,-0.20,-0.74
17:24:5:360,3.92,-0.09,-0.74
17:24:5:377,3.92,-0.06,-0.75
17:24:5:413,3.91,-0.12,-0.75
17:24:5:482,3.90,-0.18,-0.79
17:24:5:500,3.81,-0.16,-0.78
17:24:5:501,3.86,-0.16,-0.73
17:24:5:518,3.87,-0.13,-0.65
17:24:5:518,3.92,-0.10,-0.69
17:24:5:534,3.90,-0.08,-0.71
17:24:5:534,3.90,-0.08,-0.74
17:24:5:551,3.92,-0.19,-0.68
17:24:5:568,4.04,-0.10,-0.60
17:24:5:568,3.88,0.06,-0.64
17:24:5:642,3.90,-0.09,-0.66
17:24:5:658,3.83,-0.09,-0.64
17:24:5:677,3.89,-0.08,-0.69
17:24:5:712,3.90,-0.06,-0.65
17:24:5:746,3.91,-0.01,-0.66
17:24:5:746,3.90,0.04,-0.64
17:24:5:815,3.88,0.02,-0.64
17:24:5:851,3.87,-0.03,-0.66
17:24:5:868,3.89,-0.06,-0.63
17:24:5:868,3.86,-0.02,-0.66
17:24:5:885,3.89,-0.06,-0.72
17:24:5:903,3.92,-0.12,-0.75
17:24:5:988,3.88,-0.05,-0.75
17:24:6:38,3.88,-0.09,-0.76
17:24:6:60,3.90,-0.04,-0.81
17:24:6:60,3.89,-0.01,-0.71
17:24:6:77,3.88,-0.08,-0.78
17:24:6:94,3.90,-0.11,-0.80
17:24:6:94,3.88,-0.06,-0.79
17:24:6:110,3.88,0.02,-0.79
17:24:6:129,3.90,-0.01,-0.77
17:24:6:181,3.88,-0.11,-0.79
17:24:6:198,3.89,-0.06,-0.79
17:24:6:198,3.87,-0.02,-0.79
17:24:6:214,3.91,-0.08,-0.83
17:24:6:268,3.88,-0.07,-0.76
17:24:6:268,3.89,-0.03,-0.78
17:24:6:370,3.85,-0.08,-0.78
17:24:6:372,3.87,-0.08,-0.82
17:24:6:389,3.87,-0.06,-0.83
17:24:6:421,3.88,-0.05,-0.85
17:24:6:438,3.86,-0.06,-0.83
17:24:6:473,3.88,-0.08,-0.81
17:24:6:473,3.88,-0.11,-0.85
17:24:6:542,3.85,-0.04,-0.84
17:24:6:542,3.88,-0.03,-0.85
17:24:6:559,3.87,-0.09,-0.84
17:24:6:623,3.90,0.04,-0.80
17:24:6:677,3.85,0.06,-0.81
17:24:6:694,3.93,-0.16,-0.91
17:24:6:710,3.81,0.03,-0.79
17:24:6:710,3.90,-0.11,-0.88
17:24:6:727,3.84,-0.23,-0.98
17:24:6:727,3.78,-0.38,-1.13
17:24:6:760,3.97,0.07,-0.91
17:24:6:776,3.95,0.01,-0.89
17:24:6:776,3.88,0.00,-0.93
17:24:6:792,3.82,-0.22,-1.01
17:24:6:826,3.89,-0.02,-0.89
17:24:6:876,3.88,-0.02,-0.99
17:24:6:943,3.88,-0.10,-1.01
17:24:6:978,3.88,-0.11,-0.90
17:24:6:994,3.83,-0.27,-0.80
17:24:6:994,3.92,-0.04,-0.78
17:24:7:94,4.00,-0.03,-0.88
17:24:7:129,3.88,-0.10,-0.81
17:24:7:164,3.84,-0.28,-0.82
17:24:7:184,3.97,0.08,-0.73
17:24:7:184,3.18,0.33,-1.35
17:24:7:253,3.90,0.13,-0.59
17:24:7:288,4.50,-0.83,-0.68
17:24:7:392,4.05,0.05,-0.63
17:24:7:461,2.93,1.34,-0.54
17:24:7:461,4.56,0.05,-0.49
17:24:7:478,5.26,-0.32,-0.26
17:24:7:496,5.62,-1.02,-0.13
17:24:7:513,5.84,-1.63,-0.01
17:24:7:513,6.67,-2.73,0.45
17:24:7:531,5.13,-1.16,2.73
17:24:7:633,4.14,-0.65,1.57
17:24:7:686,3.07,-0.77,-0.09
17:24:7:774,1.67,-2.86,-2.91
17:24:7:877,2.94,0.28,-2.92
17:24:7:877,2.26,-1.28,-2.75
17:24:8:17,2.90,-1.59,-2.35
17:24:8:17,3.25,-1.97,-2.35
17:24:8:52,4.39,-1.98,-3.11
17:24:8:52,4.92,-1.21,-4.12
17:24:8:86,4.62,-0.43,-4.08
17:24:8:86,4.30,-0.15,-3.83
17:24:8:86,8.00,6.91,-5.24
17:24:8:155,5.77,8.00,-6.17
17:24:8:348,0.49,-0.53,-4.55
17:24:8:348,3.64,2.51,1.78
17:24:8:400,3.47,-1.17,0.13
17:24:8:448,4.17,-0.90,-0.56
17:24:8:586,4.27,0.37,-1.29
17:24:8:602,4.19,0.61,-0.47
17:24:8:602,4.11,0.22,-0.63
17:24:8:602,3.96,0.37,-0.77
17:24:8:602,3.88,0.19,-0.34
17:24:8:602,3.80,0.07,-0.32
17:24:8:620,3.59,-0.19,-0.72
17:24:8:620,3.78,0.19,-0.75
17:24:8:620,3.99,0.12,-0.66
17:24:8:620,3.89,0.28,-0.58
17:24:8:620,3.81,0.18,-0.51
17:24:8:620,3.92,0.05,-0.62
17:24:8:620,3.94,0.05,-0.71
17:24:8:706,4.12,0.26,-0.50
17:24:8:723,3.99,0.30,-0.48
17:24:9:62,3.03,0.76,-0.45
17:24:9:62,3.32,0.36,-0.05
17:24:9:62,3.96,0.19,-0.24
17:24:9:62,3.98,-0.36,-0.03
17:24:9:62,4.25,-0.63,-0.59
17:24:9:62,3.19,0.36,1.07
17:24:9:114,4.88,-0.91,0.39
17:24:9:114,4.10,-0.89,-0.59
17:24:9:114,2.48,0.78,-1.38
17:24:9:149,4.71,0.30,-1.91
17:24:9:149,3.15,1.96,-1.11
17:24:9:218,3.16,0.75,-1.42
17:24:9:218,2.71,-0.49,-1.40
17:24:9:218,2.62,-0.90,-1.49
17:24:9:218,4.05,0.71,-1.43
17:24:9:218,6.32,5.06,3.92
17:24:9:218,5.58,-0.11,0.79
17:24:9:218,4.46,0.02,0.38
17:24:9:287,3.32,-0.36,-0.84
17:24:9:287,4.34,0.76,-1.37
17:24:9:287,3.80,-0.21,-0.74
17:24:9:304,3.73,0.04,-0.66
17:24:9:374,3.60,-0.37,-0.80
17:24:9:443,3.65,-0.72,-0.94
17:24:9:444,4.00,-0.21,-0.87
17:24:9:444,4.04,0.16,-0.82
17:24:9:529,4.00,0.10,-0.92
17:24:9:529,4.03,0.13,-0.83
17:24:9:529,3.94,0.08,-0.87
17:24:9:634,3.99,-0.03,-0.86
17:24:9:808,3.92,-0.13,-0.78
17:24:9:894,4.02,0.03,-0.81
17:24:9:894,3.93,-0.06,-0.75
17:24:9:894,3.96,-0.16,-0.72
17:24:9:999,4.40,0.08,-0.77
17:24:10:65,3.80,0.05,-0.71
17:24:10:65,3.74,-0.18,-0.81
17:24:10:65,3.84,-0.24,-0.77
17:24:10:65,3.90,-0.26,-0.67
17:24:10:65,3.84,-0.33,-0.73
17:24:10:65,3.93,-0.10,-0.61
17:24:10:201,3.85,-0.11,-0.63
17:24:10:201,3.86,-0.23,-0.76
17:24:10:201,3.84,-0.36,-0.83
17:24:10:201,3.80,-0.14,-0.72
17:24:10:201,3.90,-0.10,-0.71
17:24:10:201,3.87,-0.18,-0.73
17:24:10:201,3.95,-0.08,-0.61
17:24:10:217,3.94,-0.04,-0.67
17:24:10:217,3.95,-0.03,-0.67
17:24:10:217,3.87,-0.15,-0.75
17:24:10:303,4.05,-0.21,-0.75
17:24:10:303,3.90,-0.25,-0.70
17:24:10:336,3.80,-0.18,-0.67
17:24:10:336,3.99,-0.13,-0.69
17:24:10:336,3.68,-0.12,-0.69
17:24:10:370,3.94,-0.23,-0.68
17:24:10:370,3.95,-0.13,-0.74
17:24:10:405,3.96,-0.18,-0.74
17:24:10:422,3.85,-0.14,-0.73
17:24:10:509,3.85,-0.29,-0.73
17:24:10:509,3.88,-0.27,-0.86
17:24:10:509,3.88,-0.20,-0.79
17:24:10:594,3.90,-0.09,-0.69
17:24:10:648,3.94,-0.12,-0.68
17:24:10:682,3.87,-0.17,-0.79
17:24:10:682,3.88,-0.21,-0.79
17:24:10:682,3.81,-0.18,-0.77
17:24:10:699,3.88,-0.16,-0.73
17:24:10:699,3.87,-0.15,-0.77
17:24:10:699,3.87,-0.19,-0.74
17:24:10:699,3.87,-0.15,-0.76
17:24:10:699,3.88,-0.13,-0.74
17:24:10:752,3.89,-0.08,-0.72
17:24:10:752,3.88,-0.10,-0.77
17:24:10:752,4.04,-0.30,-0.95
17:24:10:752,3.74,-0.08,-0.71
17:24:10:752,3.80,-0.12,-0.67
17:24:11:30,3.86,0.24,-0.74
17:24:11:30,3.74,-0.19,-0.47
17:24:11:30,3.78,-0.04,-0.55
17:24:11:64,3.73,-0.11,-0.63
17:24:11:64,3.82,-0.08,-0.83
17:24:11:64,3.83,-0.14,-0.70
17:24:11:81,3.79,-0.25,-0.67
17:24:11:81,3.79,-0.16,-0.76
17:24:11:82,4.08,-0.32,-0.84
17:24:11:82,2.63,-0.33,-0.43
17:24:11:98,3.82,-0.31,-0.96
17:24:11:98,4.85,0.01,-1.23
17:24:11:98,3.65,-0.20,-0.97
17:24:11:134,4.06,-0.07,-1.08
17:24:11:134,4.43,0.90,-0.75
17:24:11:134,4.13,0.45,-0.83
17:24:11:134,3.86,-0.09,-0.97
17:24:11:134,3.93,0.20,-1.10
17:24:11:134,3.92,0.24,-0.92
17:24:11:134,3.88,0.27,-0.98
17:24:11:151,3.77,0.11,-0.87
17:24:11:151,3.73,0.08,-0.90
17:24:11:185,3.86,0.09,-0.83
17:24:11:185,3.72,-0.04,-0.90
17:24:11:204,3.43,0.51,-1.58
17:24:11:221,4.09,0.25,-0.24
17:24:11:221,3.75,-0.21,-1.09
17:24:11:237,4.05,0.78,-1.12
17:24:11:237,4.05,0.94,-0.50
17:24:11:237,3.96,0.31,-0.64
17:24:11:237,4.38,0.20,-1.53
17:24:11:274,4.41,0.79,-0.89
17:24:11:274,4.74,0.25,-0.51
17:24:11:274,4.65,-0.65,-0.95
17:24:11:291,4.54,0.02,-1.36
17:24:11:291,4.98,0.49,-0.85
17:24:11:291,5.70,-0.55,-0.97
17:24:11:291,6.22,-0.99,-1.16
17:24:11:376,6.36,-0.11,-0.43
17:24:11:409,6.11,-1.61,-1.85
17:24:11:409,6.65,0.18,-1.25
17:24:11:409,3.74,-1.54,-1.94
17:24:11:409,3.22,-1.37,0.43
17:24:11:409,1.35,-4.07,0.21
17:24:11:409,1.56,-2.81,0.44
17:24:11:620,2.12,-2.11,0.04
17:24:11:620,2.86,-1.37,-0.26
17:24:11:620,4.10,-0.92,-0.29
17:24:11:620,5.20,-0.12,-0.34
17:24:11:620,6.16,0.68,-0.49
17:24:11:620,7.48,2.46,-1.43
17:24:11:620,7.87,4.50,-2.04
17:24:11:656,5.96,4.43,-1.36
17:24:11:656,5.31,6.20,-0.66
17:24:11:656,5.42,4.02,-1.48
17:24:11:692,6.36,3.70,-1.49
17:24:11:760,3.63,3.61,0.20
17:24:11:809,3.94,5.26,-0.80
17:24:11:810,4.09,5.03,-0.50
17:24:11:810,6.69,-2.10,-1.95
17:24:11:826,6.15,1.09,0.49
17:24:11:843,3.72,-1.06,-1.46
17:24:11:861,3.62,-0.10,-0.62
17:24:11:895,4.47,0.27,-1.12
17:24:11:937,4.07,-0.22,-0.98
17:24:11:972,3.76,-0.31,-0.76
17:24:11:972,3.88,-0.10,-0.83
17:24:11:988,3.77,-0.43,-0.74
17:24:12:37,3.98,-0.63,-0.68
17:24:12:37,3.72,-0.30,-0.91
17:24:12:37,3.56,-0.56,-0.74
17:24:12:37,3.95,-0.19,-0.85
17:24:12:37,3.96,-0.35,-0.89
17:24:12:37,3.81,-0.15,-0.80
17:24:12:49,4.09,-0.17,-1.01
17:24:12:49,4.28,0.36,-0.96
17:24:12:49,3.63,1.25,-0.21
17:24:12:49,5.46,0.15,-1.33
17:24:12:49,4.33,1.15,-0.29
17:24:12:152,5.50,0.33,0.08
17:24:12:188,5.36,0.41,-0.86
17:24:12:188,6.32,-0.97,-0.31
17:24:12:188,6.65,-2.03,0.10
17:24:12:188,6.81,-1.29,2.34
17:24:12:188,8.00,-1.14,-6.48
17:24:12:204,8.00,-1.79,-3.48
17:24:12:222,4.77,-2.67,-1.22
17:24:12:274,6.26,1.28,-0.91
17:24:12:291,2.29,-0.84,-0.48
17:24:12:325,0.79,-1.57,-0.18
17:24:12:343,-0.04,-3.23,-0.25
17:24:12:343,-0.06,-2.60,-0.29
17:24:12:377,0.20,-2.55,-0.67
17:24:12:395,1.44,-2.01,-0.52
17:24:12:447,2.53,-0.89,-0.41
17:24:12:447,4.90,-1.17,-0.17
17:24:12:548,5.96,-1.31,0.08
17:24:12:548,7.79,-0.91,-0.04
17:24:12:548,8.00,0.10,-0.32
17:24:12:566,8.00,1.30,-0.99
17:24:12:633,8.00,3.54,-1.29
17:24:12:650,8.00,5.70,-1.28
17:24:12:650,6.36,8.00,-1.53
17:24:12:667,7.29,8.00,-1.28
17:24:12:667,8.00,4.13,-1.90
17:24:12:684,6.84,-8.00,-1.11
17:24:12:700,6.01,-6.35,-6.05
17:24:12:754,6.06,-0.63,-4.02
17:24:12:825,6.55,1.36,-1.83
17:24:12:825,5.27,1.71,-0.02
17:24:12:861,3.89,0.03,-1.39
17:24:12:861,4.03,0.78,-0.85
17:24:12:880,4.03,-0.61,-0.89
17:24:12:880,3.51,-0.40,-1.04
17:24:12:880,3.72,-0.67,-0.97
17:24:12:880,4.36,0.06,-0.93
17:24:12:880,4.00,-0.18,-1.44
17:24:12:914,3.63,-0.62,-1.29
17:24:12:914,3.96,0.38,-0.67
17:24:12:914,4.62,-0.00,-1.08
17:24:12:931,4.33,-0.00,-1.53
17:24:12:948,4.59,0.33,-0.99
17:24:12:948,5.15,-0.48,-0.24
17:24:13:2,5.24,-0.14,-0.56
17:24:13:19,5.12,0.49,-0.68
17:24:13:37,5.37,0.30,-0.75
17:24:13:37,6.35,-1.54,-0.57
17:24:13:37,6.17,-2.10,-0.80
17:24:13:72,5.52,-1.97,0.08
17:24:13:72,8.00,1.18,1.28
17:24:13:72,8.00,-1.44,-1.65
17:24:13:89,8.00,-4.51,-2.78
17:24:13:105,8.00,-0.78,-3.56
17:24:13:172,2.18,-3.74,-1.39
17:24:13:208,1.73,-1.98,-0.57
17:24:13:208,1.62,-1.08,0.01
17:24:13:225,1.11,-1.95,-0.39
17:24:13:225,2.63,-1.10,-0.66
17:24:13:278,3.62,-0.04,-0.87
17:24:13:278,4.83,0.47,-0.84
17:24:13:278,5.97,1.17,-0.75
17:24:13:296,7.16,1.90,-0.48
17:24:13:349,7.94,1.57,-0.27
17:24:13:400,8.00,2.19,0.03
17:24:13:417,7.82,3.05,-1.03
17:24:13:452,6.74,4.67,-1.74
17:24:13:452,6.29,8.00,-1.38
17:24:13:486,6.08,8.00,0.05
17:24:13:486,5.05,8.00,-1.55
17:24:13:591,5.61,6.45,-1.00
17:24:13:592,2.37,-8.00,4.97
17:24:13:592,8.00,4.37,-0.43
17:24:13:628,5.69,-2.40,-4.57
17:24:13:645,6.47,3.55,-0.68
17:24:13:645,5.27,-0.91,-3.09
17:24:13:661,4.03,2.56,-0.52
17:24:13:730,4.23,0.35,-0.85
17:24:13:747,3.98,-0.58,-0.83
17:24:13:747,3.65,-0.72,-0.95
17:24:13:765,3.50,-0.88,-1.28
17:24:13:782,4.32,0.62,-0.77
17:24:13:799,3.74,-0.44,-1.16
17:24:13:799,3.83,-0.49,-1.04
17:24:13:817,4.10,-0.25,-1.17
17:24:13:835,4.19,0.16,-0.70
17:24:13:903,4.91,-1.12,-1.57
17:24:13:921,4.42,0.61,-1.14
17:24:13:921,5.44,-0.27,-0.47
17:24:13:921,6.07,0.10,-0.11
17:24:13:939,5.67,-0.98,-0.41
17:24:13:939,6.25,-1.03,-0.71
17:24:13:956,6.90,-2.14,0.35
17:24:13:973,5.27,-2.48,1.35
17:24:13:991,8.00,-1.09,-2.11
17:24:13:991,8.00,-5.11,-2.08
17:24:13:991,6.25,-4.81,-3.38
17:24:14:25,8.00,-1.00,-3.58
17:24:14:60,1.29,-3.07,-1.38
17:24:14:129,1.68,-2.38,-0.79
17:24:14:147,1.73,-0.40,-0.20
17:24:14:163,2.10,-1.20,-0.75
17:24:14:163,2.83,-0.64,-0.67
17:24:14:163,3.34,-0.61,-0.78
17:24:14:234,4.80,0.27,-0.70
17:24:14:268,5.77,0.62,-0.30
17:24:14:303,7.46,0.04,-0.02
17:24:14:321,8.00,1.74,0.12
17:24:14:337,8.00,2.23,-0.85
17:24:14:337,8.00,5.05,-1.87
17:24:14:355,6.18,8.00,-1.44
17:24:14:372,7.35,8.00,-0.96
17:24:14:391,4.71,8.00,-1.35
17:24:14:458,6.08,5.76,-1.71
17:24:14:475,-3.57,-7.88,5.06
17:24:14:511,8.00,8.00,2.97
17:24:14:529,4.25,-0.74,-2.93
17:24:14:529,4.52,4.54,0.98
17:24:14:563,4.40,0.10,-1.19
17:24:14:633,3.93,1.31,-0.61
17:24:14:650,3.47,-0.99,-0.84
17:24:14:650,3.61,-0.87,-0.68
17:24:14:668,3.96,-0.07,-1.24
17:24:14:668,3.45,1.40,-0.61
17:24:14:685,4.14,0.12,-0.85
17:24:14:702,3.52,-0.86,-1.35
17:24:14:769,4.00,0.01,-0.97
17:24:14:802,3.62,0.43,-0.63
17:24:14:820,4.19,0.08,-0.93
17:24:14:837,4.69,-1.48,-1.45
17:24:14:837,4.27,0.49,-0.89
17:24:14:855,5.17,-0.01,-0.18
17:24:14:889,5.26,-0.35,-0.69
17:24:14:905,4.92,0.20,-0.59
17:24:14:906,5.68,-0.37,-0.01
17:24:14:958,5.84,-1.33,-0.13
17:24:14:993,5.73,-2.17,-0.59
17:24:14:994,5.72,-1.96,-0.51
17:24:14:994,7.82,3.99,1.36
17:24:15:64,8.00,-0.29,-1.05
17:24:15:65,8.00,-5.09,-2.53
17:24:15:82,-1.64,5.05,-0.18
17:24:15:99,3.77,-1.77,-1.27
17:24:15:184,1.59,-0.95,-0.89
17:24:15:184,2.51,-1.34,-0.78
17:24:15:200,1.36,-0.69,-0.12
17:24:15:202,2.52,-1.13,-0.33
17:24:15:236,3.22,-1.06,-0.46
17:24:15:236,4.49,-0.15,-0.35
17:24:15:358,5.57,0.53,-0.54
17:24:15:358,6.65,1.02,-0.41
17:24:15:375,7.69,1.17,-0.20
17:24:15:393,8.00,1.62,-0.13
17:24:15:427,8.00,2.01,-0.73
17:24:15:444,7.55,3.28,-1.41
17:24:15:461,6.38,7.44,-1.83
17:24:15:565,5.74,8.00,-0.18
17:24:15:565,4.60,8.00,-0.79
17:24:15:597,3.96,5.00,-1.64
17:24:15:618,8.00,2.53,-3.47
17:24:15:618,-0.06,-7.94,5.07
17:24:15:635,8.00,8.00,4.10
17:24:15:635,6.67,0.41,-0.81
17:24:15:706,4.86,1.99,-0.85
17:24:15:723,4.74,1.09,-1.53
17:24:15:723,3.95,0.39,-0.92
17:24:15:741,4.36,0.21,-0.77
17:24:15:774,4.11,-0.49,-1.03
17:24:15:774,3.81,-1.24,-0.86
17:24:15:793,3.78,-0.98,-1.18
17:24:15:811,4.43,-0.08,-1.34
17:24:15:828,2.25,0.57,-0.77
17:24:15:828,3.79,0.30,-0.43
17:24:15:877,4.54,-0.35,-0.97
17:24:15:895,4.74,-0.00,-1.04
17:24:15:895,3.32,1.03,-0.92
17:24:15:928,4.64,-0.32,-0.51
17:24:15:963,4.00,0.50,-0.49
17:24:15:963,6.19,-1.14,-0.18
17:24:15:996,5.02,-0.53,-0.24
17:24:16:62,5.31,-0.47,-1.00
17:24:16:79,6.02,-0.16,-0.93
17:24:16:96,5.09,-1.14,-0.66
17:24:16:96,5.64,-1.52,0.46
17:24:16:113,8.00,0.12,0.46
17:24:16:164,8.00,-1.38,-1.07
17:24:16:182,8.00,-2.93,-2.80
17:24:16:249,-1.02,-0.60,-0.74
17:24:16:267,4.11,-0.01,-1.53
17:24:16:267,1.96,-1.16,-1.28
17:24:16:267,2.36,-0.27,-0.67
17:24:16:302,1.12,-0.97,-0.25
17:24:16:319,1.25,-0.47,-0.20
17:24:16:319,1.65,-0.47,-0.58
17:24:16:355,2.78,-0.20,-0.58
17:24:16:389,4.45,-0.46,0.16
17:24:16:458,6.01,0.60,0.30
17:24:16:494,7.37,1.03,0.12
17:24:16:511,8.00,1.50,0.26
17:24:16:614,8.00,3.31,0.75
17:24:16:648,7.85,3.15,-0.23
17:24:16:666,6.72,5.92,-1.35
17:24:16:684,4.50,8.00,-0.96
17:24:16:684,6.88,8.00,0.01
17:24:16:699,3.34,5.99,-1.60
17:24:16:702,3.25,-0.47,-0.15
17:24:16:702,-3.97,-7.53,-0.60
17:24:16:719,7.81,5.54,-1.86
17:24:16:771,6.40,2.77,-6.72
17:24:16:823,3.42,1.86,1.95
17:24:16:840,3.30,-0.48,-1.63
17:24:16:840,4.43,0.90,-1.71
17:24:16:857,3.73,-1.17,-1.25
17:24:16:875,3.89,-0.95,-0.80
17:24:16:875,3.77,-1.37,-1.44
17:24:16:892,3.85,-0.41,-1.39
17:24:16:892,4.20,-0.63,-1.29
17:24:16:910,3.72,0.15,-0.94
17:24:16:979,3.68,-0.35,-0.97
17:24:16:996,4.13,-0.11,-0.45
17:24:16:996,4.03,-0.57,-0.34
17:24:17:14,3.96,0.05,-0.47
17:24:17:31,3.72,0.33,-0.69
17:24:17:48,3.58,0.30,-0.58
17:24:17:83,4.14,0.07,-1.15
17:24:17:134,4.52,-0.38,-0.70
17:24:17:152,3.99,0.81,0.56
17:24:17:152,4.21,-0.89,-0.61
17:24:17:152,3.35,-0.56,-0.80
17:24:17:188,4.88,0.04,-1.00
17:24:17:222,1.89,-6.56,-0.21
17:24:17:257,2.69,-3.74,-0.89
17:24:17:273,4.31,-0.30,-0.73
17:24:17:326,3.69,2.77,-1.41
17:24:17:326,3.92,7.51,-0.63
17:24:17:343,6.47,3.45,-1.95
17:24:17:360,2.33,-1.80,-2.22
17:24:17:378,3.90,1.32,1.38
17:24:17:396,3.97,-0.42,-0.01
17:24:17:517,4.13,-0.04,-0.32
17:24:17:533,4.07,0.02,-1.01
17:24:17:534,3.99,-0.20,-0.86
17:24:17:551,3.66,-0.33,-0.60
17:24:17:570,3.85,-0.46,-0.51
17:24:17:570,3.86,-0.36,-0.61
17:24:17:570,3.95,-0.21,-0.69
17:24:17:587,3.93,0.10,-0.58
17:24:17:624,3.86,-0.01,-0.60
17:24:17:679,3.88,-0.11,-0.67
17:24:17:697,3.85,-0.18,-0.65
17:24:17:713,3.99,-0.29,-0.66
17:24:17:713,3.91,-0.08,-0.58
17:24:17:748,3.82,-0.07,-0.56
17:24:17:765,3.94,-0.12,-0.59
17:24:17:799,3.93,-0.15,-0.60
17:24:17:833,3.90,-0.05,-0.58
17:24:17:871,3.92,-0.03,-0.58
17:24:17:871,3.92,-0.06,-0.58
17:24:17:888,3.90,-0.06,-0.54
17:24:17:905,3.90,-0.11,-0.54
17:24:17:940,3.87,-0.07,-0.56
17:24:17:958,3.92,-0.08,-0.62
17:24:17:975,3.90,0.00,-0.58
17:24:18:45,3.77,-0.06,-0.44
17:24:18:63,3.89,-0.13,-0.50
17:24:18:80,3.87,-0.08,-0.59
17:24:18:80,3.90,-0.12,-0.63
17:24:18:114,3.86,-0.15,-0.57
17:24:18:132,3.90,-0.10,-0.50
17:24:18:253,3.89,-0.09,-0.50
17:24:18:253,3.90,-0.11,-0.53
17:24:18:253,3.89,-0.09,-0.55
17:24:18:270,3.91,-0.07,-0.53
17:24:18:305,3.95,-0.07,-0.56
17:24:18:305,3.90,-0.11,-0.53
17:24:18:322,3.91,-0.09,-0.52
17:24:18:322,3.89,-0.09,-0.51
17:24:18:340,3.88,-0.12,-0.51
17:24:18:375,3.89,-0.10,-0.49
17:24:18:392,3.90,-0.12,-0.50
17:24:18:443,3.88,-0.02,-0.54
17:24:18:443,3.88,-0.08,-0.48
17:24:18:456,3.89,-0.10,-0.46
17:24:18:493,3.91,-0.05,-0.44
17:24:18:584,3.91,-0.06,-0.46
17:24:18:601,3.91,-0.01,-0.48
