16:43:5:340,4.04,0.12,0.06
16:43:5:355,4.03,0.14,0.09
16:43:5:360,4.01,0.15,0.10
16:43:5:392,4.02,0.13,0.08
16:43:5:395,4.01,0.12,0.08
16:43:5:411,4.00,0.16,0.08
16:43:5:437,3.97,0.12,0.07
16:43:5:462,4.00,0.13,0.07
16:43:5:467,3.98,0.13,0.05
16:43:5:541,4.03,0.10,0.04
16:43:5:554,4.04,0.11,0.05
16:43:5:554,4.00,0.11,0.06
16:43:5:593,4.00,0.13,0.05
16:43:5:613,3.99,0.14,0.05
16:43:5:643,4.00,0.13,0.06
16:43:5:683,4.01,0.15,0.09
16:43:5:703,4.00,0.14,0.07
16:43:5:723,4.00,0.15,0.09
16:43:5:755,3.98,0.16,0.10
16:43:5:775,3.99,0.14,0.08
16:43:5:788,4.01,0.12,0.07
16:43:5:823,3.99,0.12,0.10
16:43:5:856,4.00,0.12,0.09
16:43:5:923,4.00,0.09,0.10
16:43:5:929,4.01,0.10,0.08
16:43:5:954,4.01,0.11,0.10
16:43:5:954,4.01,0.09,0.10
16:43:5:963,4.04,0.09,0.08
16:43:5:973,4.03,0.09,0.08
16:43:5:995,4.02,0.11,0.09
16:43:6:3,3.96,0.11,0.09
16:43:6:83,4.00,0.14,0.11
16:43:6:95,3.97,0.14,0.08
16:43:6:123,4.02,0.14,0.03
16:43:6:123,4.04,0.12,0.04
16:43:6:137,4.02,0.14,0.07
16:43:6:173,3.98,0.14,0.06
16:43:6:183,3.98,0.12,0.07
16:43:6:194,3.97,0.15,0.06
16:43:6:223,4.01,0.12,0.10
16:43:6:264,4.02,0.13,0.09
16:43:6:293,4.03,0.13,0.10
16:43:6:313,4.01,0.12,0.07
16:43:6:329,3.98,0.12,0.08
16:43:6:343,4.01,0.12,0.09
16:43:6:364,3.99,0.13,0.06
16:43:6:414,4.00,0.11,0.06
16:43:6:443,4.00,0.10,0.06
16:43:6:464,4.00,0.13,0.08
16:43:6:464,3.98,0.15,0.08
16:43:6:483,4.00,0.18,0.06
16:43:6:514,4.01,0.13,0.05
16:43:6:523,4.03,0.12,0.05
16:43:6:555,4.00,0.12,0.09
16:43:6:583,4.00,0.14,0.07
16:43:6:624,4.01,0.14,0.07
16:43:6:633,3.98,0.11,0.06
16:43:6:644,3.98,0.13,0.09
16:43:6:664,4.02,0.10,0.06
16:43:6:704,4.01,0.12,0.06
16:43:6:724,4.02,0.12,0.06
16:43:6:803,4.01,0.12,0.05
16:43:6:818,4.01,0.12,0.07
16:43:6:833,4.00,0.14,0.08
16:43:6:833,4.01,0.14,0.06
16:43:6:853,4.01,0.15,0.06
16:43:6:864,4.04,0.17,0.04
16:43:6:883,4.00,0.18,0.07
16:43:6:905,4.02,0.13,0.04
16:43:6:933,4.00,0.13,0.05
16:43:7:34,4.01,0.15,0.04
16:43:7:75,4.01,0.13,0.02
16:43:7:75,4.00,0.14,0.03
16:43:7:93,3.99,0.14,0.04
16:43:7:153,3.99,0.14,0.02
16:43:7:164,3.99,0.17,0.05
16:43:7:173,4.03,0.15,0.04
16:43:7:193,4.00,0.14,0.07
16:43:7:213,3.99,0.15,0.05
16:43:7:243,3.99,0.15,0.05
16:43:7:265,4.01,0.16,0.06
16:43:7:329,4.00,0.14,0.06
16:43:7:343,4.02,0.13,0.03
16:43:7:348,4.03,0.12,0.05
16:43:7:353,4.03,0.12,0.05
16:43:7:385,4.00,0.12,0.04
16:43:7:403,3.99,0.14,0.06
16:43:7:408,4.00,0.16,0.09
16:43:7:415,4.02,0.18,0.06
16:43:7:435,4.00,0.14,0.06
16:43:7:443,4.03,0.16,0.06
16:43:7:485,4.03,0.15,0.04
16:43:7:536,3.99,0.16,0.05
16:43:7:565,4.00,0.14,0.05
16:43:7:577,4.01,0.17,0.02
16:43:7:588,3.99,0.14,0.05
16:43:7:596,4.02,0.13,0.04
16:43:7:613,4.02,0.14,0.03
16:43:7:693,4.00,0.15,0.06
16:43:7:705,4.00,0.14,0.05
16:43:7:724,4.00,0.15,0.05
16:43:7:724,4.00,0.15,0.05
16:43:7:733,4.02,0.15,0.08
16:43:7:753,3.99,0.13,0.07
16:43:7:773,3.98,0.14,0.04
16:43:7:798,3.98,0.17,0.03
16:43:7:813,3.97,0.11,0.04
16:43:7:865,4.01,0.09,0.05
16:43:7:914,3.99,0.09,0.08
16:43:7:914,4.04,0.06,0.05
16:43:7:923,4.03,0.09,0.10
16:43:7:943,4.03,0.04,0.13
16:43:7:973,4.05,0.04,0.17
16:43:7:973,4.01,-0.10,0.19
16:43:8:53,4.08,-0.15,0.16
16:43:8:66,4.13,-0.08,0.18
16:43:8:82,4.10,-0.10,0.21
16:43:8:82,4.05,-0.11,0.27
16:43:8:97,3.88,0.03,0.32
16:43:8:132,3.90,0.01,0.30
16:43:8:149,3.90,0.04,0.24
16:43:8:166,4.02,0.20,0.23
16:43:8:232,4.01,0.53,0.19
16:43:8:283,4.08,0.53,0.08
16:43:8:283,3.92,0.54,-0.03
16:43:8:283,3.92,0.57,-0.09
16:43:8:300,3.72,0.62,-0.14
16:43:8:317,3.65,0.72,-0.20
16:43:8:334,3.85,0.87,-0.31
16:43:8:402,4.07,0.99,-0.39
16:43:8:459,4.22,0.88,-0.43
16:43:8:459,4.12,0.69,-0.29
16:43:8:459,3.84,0.58,-0.05
16:43:8:493,3.68,0.63,0.19
16:43:8:493,3.67,0.72,0.37
16:43:8:510,3.67,0.68,0.35
16:43:8:527,3.80,0.50,0.38
16:43:8:602,3.96,0.11,0.31
16:43:8:618,3.92,0.29,0.46
16:43:8:618,3.97,0.42,0.55
16:43:8:637,4.18,0.50,0.65
16:43:8:655,4.23,0.53,0.68
16:43:8:689,4.21,0.58,0.67
16:43:8:706,4.13,0.46,0.65
16:43:8:767,4.31,0.38,0.67
16:43:8:794,4.78,0.37,0.45
16:43:8:846,5.13,0.35,0.41
16:43:8:863,4.84,0.30,0.41
16:43:8:898,5.03,0.18,0.36
16:43:8:950,5.11,0.27,0.31
16:43:8:967,4.49,0.23,0.32
16:43:9:3,3.83,0.13,0.40
16:43:9:36,3.16,0.12,0.32
16:43:9:36,3.29,0.28,0.10
16:43:9:54,4.09,-0.03,-0.05
16:43:9:54,4.38,-0.09,-0.17
16:43:9:70,4.16,0.13,-0.20
16:43:9:123,3.97,0.36,-0.16
16:43:9:140,3.97,0.50,-0.20
16:43:9:140,4.00,0.34,-0.27
16:43:9:158,3.70,0.18,-0.26
16:43:9:175,3.61,-0.02,-0.35
16:43:9:175,3.57,0.05,-0.42
16:43:9:192,3.62,0.40,-0.35
16:43:9:209,3.88,0.72,-0.31
16:43:9:209,4.05,1.04,-0.46
16:43:9:280,3.89,1.20,-0.61
16:43:9:298,3.92,1.19,-0.69
16:43:9:314,4.15,1.28,-0.81
16:43:9:331,4.42,1.54,-0.98
16:43:9:364,4.25,1.31,-1.06
16:43:9:364,5.08,0.74,-0.99
16:43:9:381,4.81,0.38,-0.90
16:43:9:415,4.38,0.54,-0.58
16:43:9:498,3.93,1.00,-0.40
16:43:9:498,3.83,1.34,-0.36
16:43:9:515,4.15,1.23,-0.27
16:43:9:533,4.08,0.82,0.06
16:43:9:550,3.70,0.50,0.44
16:43:9:550,3.37,0.27,0.59
16:43:9:584,3.38,0.25,0.62
16:43:9:602,3.89,0.10,0.58
16:43:9:636,4.07,0.12,0.60
16:43:9:668,3.77,0.10,0.60
16:43:9:685,3.74,0.01,0.75
16:43:9:720,3.84,-0.06,0.98
16:43:9:720,4.03,0.03,0.96
16:43:9:736,4.51,0.09,0.90
16:43:9:787,4.72,0.16,0.75
16:43:9:855,4.83,0.35,0.61
16:43:9:873,4.88,0.57,0.54
16:43:9:890,5.69,0.43,0.36
16:43:9:890,5.80,0.23,0.25
16:43:9:890,5.54,0.54,-0.03
16:43:9:942,4.92,0.65,-0.31
16:43:9:942,4.83,0.65,-0.35
16:43:9:993,5.04,0.55,-0.53
16:43:10:28,4.80,0.72,-0.85
16:43:10:29,4.17,0.53,-0.89
16:43:10:46,3.85,0.23,-0.70
16:43:10:114,4.04,0.43,-0.57
16:43:10:114,3.45,0.41,-0.75
16:43:10:132,3.36,0.41,-0.57
16:43:10:132,3.48,0.25,-0.35
16:43:10:150,3.67,0.10,-0.39
16:43:10:185,3.71,0.07,-0.40
16:43:10:220,3.61,0.20,-0.32
16:43:10:238,3.50,0.49,-0.24
16:43:10:255,3.52,0.57,-0.28
16:43:10:288,3.66,0.84,-0.60
16:43:10:305,3.81,1.06,-0.73
16:43:10:325,3.50,1.18,-0.63
16:43:10:359,3.79,1.04,-0.51
16:43:10:394,4.40,0.74,-0.72
16:43:10:394,4.99,0.36,-0.95
16:43:10:427,4.72,0.05,-0.54
16:43:10:464,4.87,0.26,-0.04
16:43:10:480,4.87,0.33,-0.12
16:43:10:513,4.74,0.68,-0.15
16:43:10:546,4.65,0.91,-0.04
16:43:10:567,4.40,0.86,0.25
16:43:10:584,4.04,0.60,0.50
16:43:10:584,3.56,0.31,0.54
16:43:10:619,3.46,0.10,0.47
16:43:10:638,3.74,-0.12,0.46
16:43:10:671,3.67,-0.12,0.50
16:43:10:688,3.69,0.00,0.65
16:43:10:722,3.61,0.01,0.87
16:43:10:771,3.99,-0.15,0.98
16:43:10:788,4.38,-0.19,1.04
16:43:10:805,4.69,-0.13,0.87
16:43:10:823,5.27,-0.05,0.65
16:43:10:839,5.43,0.09,0.50
16:43:10:857,5.37,0.20,0.41
16:43:10:874,5.67,0.05,0.65
16:43:10:943,5.27,-0.21,0.72
16:43:10:943,5.11,-0.38,0.47
16:43:10:943,5.25,-0.24,0.14
16:43:10:961,5.10,0.14,-0.14
16:43:11:12,4.78,0.36,-0.28
16:43:11:12,4.72,0.37,-0.40
16:43:11:98,4.68,0.42,-0.28
16:43:11:116,4.25,0.58,-0.29
16:43:11:116,3.84,0.60,-0.46
16:43:11:133,3.56,0.53,-0.59
16:43:11:133,3.61,0.63,-0.60
16:43:11:166,3.19,0.60,-0.69
16:43:11:183,2.84,0.43,-0.67
16:43:11:198,3.13,0.39,-0.54
16:43:11:264,3.14,0.56,-0.56
16:43:11:334,3.27,0.71,-0.72
16:43:11:334,3.31,1.14,-0.84
16:43:11:334,3.75,1.15,-0.70
16:43:11:351,3.94,0.91,-0.52
16:43:11:351,4.07,0.94,-0.45
16:43:11:369,4.60,0.63,-0.54
16:43:11:416,4.83,0.43,-0.35
16:43:11:484,4.92,0.29,-0.15
16:43:11:484,5.12,0.21,0.15
16:43:11:484,5.06,0.39,0.37
16:43:11:502,4.91,0.91,0.20
16:43:11:518,4.78,1.15,0.15
16:43:11:570,4.39,1.00,0.19
16:43:11:571,4.01,0.90,0.53
16:43:11:589,3.54,0.63,0.54
16:43:11:623,3.47,0.20,0.52
16:43:11:641,3.51,-0.07,0.55
16:43:11:675,3.59,-0.24,0.53
16:43:11:692,3.53,-0.21,0.55
16:43:11:710,3.80,-0.06,0.65
16:43:11:744,4.12,0.06,0.72
16:43:11:796,4.26,0.04,0.66
16:43:11:830,4.77,-0.02,0.66
16:43:11:846,4.82,-0.02,0.69
16:43:11:847,4.65,0.05,0.59
16:43:11:865,5.33,-0.01,0.56
16:43:11:882,5.88,-0.11,0.59
16:43:11:900,6.14,-0.11,0.36
16:43:11:917,5.67,0.04,-0.01
16:43:11:951,5.29,0.33,-0.38
16:43:11:985,5.54,0.36,-0.46
16:43:12:2,5.40,0.50,-0.42
16:43:12:36,4.92,0.41,-0.36
16:43:12:53,4.22,0.25,-0.35
16:43:12:69,3.68,0.14,-0.42
16:43:12:104,3.32,0.10,-0.43
16:43:12:122,3.45,0.11,-0.39
16:43:12:192,3.30,0.18,-0.41
16:43:12:192,2.98,0.42,-0.43
16:43:12:209,3.10,0.55,-0.35
16:43:12:226,3.18,0.55,-0.36
16:43:12:244,3.46,0.77,-0.53
16:43:12:278,3.19,1.21,-0.64
16:43:12:296,3.45,1.23,-0.68
16:43:12:313,4.00,1.12,-0.74
16:43:12:332,4.08,0.91,-0.81
16:43:12:384,4.65,0.75,-0.80
16:43:12:384,4.88,0.47,-0.61
16:43:12:401,4.76,0.12,-0.35
16:43:12:437,4.59,0.13,-0.36
16:43:12:470,4.67,0.25,-0.32
16:43:12:470,4.86,0.50,-0.18
16:43:12:521,4.92,0.80,0.05
16:43:12:556,4.48,0.94,0.23
16:43:12:556,4.04,0.63,0.18
16:43:12:573,3.93,0.29,0.43
16:43:12:591,3.85,0.14,0.54
16:43:12:624,3.68,0.03,0.46
16:43:12:643,3.74,-0.15,0.68
16:43:12:710,3.67,-0.29,0.97
16:43:12:728,3.76,-0.31,1.07
16:43:12:763,4.27,-0.13,1.15
16:43:12:764,4.62,-0.19,1.06
16:43:12:764,5.24,-0.11,0.87
16:43:12:815,5.40,0.01,0.64
16:43:12:817,5.24,0.17,0.55
16:43:12:835,5.71,0.16,0.54
16:43:12:852,5.82,-0.01,0.69
16:43:12:921,5.81,-0.02,0.30
16:43:12:921,5.64,0.09,-0.13
16:43:12:939,5.64,0.35,-0.54
16:43:12:973,5.72,0.56,-0.72
16:43:12:992,5.29,0.75,-0.70
16:43:13:63,4.74,0.62,-0.62
16:43:13:96,4.34,0.41,-0.50
16:43:13:97,4.06,0.22,-0.60
16:43:13:97,3.64,0.31,-0.65
16:43:13:114,3.33,0.49,-0.71
16:43:13:114,3.09,0.53,-0.74
16:43:13:149,2.93,0.42,-0.63
16:43:13:200,2.97,0.47,-0.56
16:43:13:200,2.70,0.72,-0.57
16:43:13:233,2.89,0.73,-0.58
16:43:13:302,3.19,0.72,-0.68
16:43:13:319,3.65,0.83,-0.70
16:43:13:319,3.79,0.96,-0.53
16:43:13:337,3.57,0.90,-0.22
16:43:13:354,4.04,1.06,-0.18
16:43:13:371,4.62,0.95,-0.48
16:43:13:423,5.01,0.70,-0.76
16:43:13:457,5.33,0.37,-0.58
16:43:13:457,5.11,0.11,0.12
16:43:13:474,4.92,0.35,0.17
16:43:13:492,5.01,0.64,0.01
16:43:13:511,4.79,0.54,0.04
16:43:13:562,4.35,0.39,0.27
16:43:13:562,3.78,0.15,0.32
16:43:13:597,3.50,-0.01,0.36
16:43:13:632,3.52,-0.01,0.45
16:43:13:667,3.61,-0.12,0.42
16:43:13:701,3.63,-0.21,0.39
16:43:13:701,3.74,-0.31,0.37
16:43:13:720,4.13,-0.22,0.64
16:43:13:720,4.27,-0.20,1.00
16:43:13:803,4.59,-0.21,1.05
16:43:13:820,5.21,-0.14,1.02
16:43:13:820,5.28,0.06,0.87
16:43:13:837,5.14,0.13,0.73
16:43:13:872,5.74,0.11,0.81
16:43:13:889,5.92,0.03,0.80
16:43:13:889,6.13,-0.03,0.60
16:43:13:924,5.55,-0.00,0.18
16:43:13:959,5.33,0.12,-0.33
16:43:13:992,5.53,0.30,-0.52
16:43:13:993,5.23,0.45,-0.61
16:43:14:43,4.69,0.35,-0.63
16:43:14:43,4.29,0.37,-0.52
16:43:14:61,3.97,0.31,-0.54
16:43:14:78,3.56,0.18,-0.65
16:43:14:114,3.31,0.10,-0.74
16:43:14:166,3.16,0.03,-0.77
16:43:14:183,3.19,0.14,-0.84
16:43:14:200,3.24,0.34,-0.76
16:43:14:200,3.20,0.28,-0.68
16:43:14:253,3.15,0.47,-0.68
16:43:14:270,3.42,0.73,-0.76
16:43:14:288,3.74,1.17,-0.86
16:43:14:323,3.53,1.19,-0.67
16:43:14:340,3.59,0.89,-0.29
16:43:14:357,4.05,0.96,-0.26
16:43:14:374,4.48,0.91,-0.47
16:43:14:392,4.71,0.61,-0.54
16:43:14:426,4.47,0.48,-0.30
16:43:14:462,5.11,0.49,-0.11
16:43:14:478,5.00,0.45,-0.06
16:43:14:531,5.09,0.65,-0.04
16:43:14:549,5.01,0.67,0.00
16:43:14:549,4.59,0.54,0.02
16:43:14:565,4.26,0.46,0.17
16:43:14:599,3.88,0.42,0.21
16:43:14:615,3.83,0.26,0.30
16:43:14:648,3.84,0.22,0.37
16:43:14:664,3.81,0.18,0.46
16:43:14:681,3.64,-0.07,0.48
16:43:14:715,3.83,-0.32,0.72
16:43:14:733,4.07,-0.39,1.00
16:43:14:767,4.31,-0.24,1.18
16:43:14:784,4.31,-0.16,1.12
16:43:14:802,4.82,-0.05,1.00
16:43:14:819,5.12,0.08,0.83
16:43:14:921,5.12,0.28,0.54
16:43:14:921,5.65,0.26,0.63
16:43:14:940,5.69,0.31,0.69
16:43:14:940,5.71,0.50,0.42
16:43:14:957,5.55,0.59,-0.02
16:43:14:974,5.44,0.78,-0.27
16:43:15:8,5.08,0.93,-0.58
16:43:15:26,5.07,0.94,-0.69
16:43:15:94,4.88,0.86,-0.64
16:43:15:94,4.11,0.63,-0.56
16:43:15:128,3.74,0.45,-0.69
16:43:15:145,3.56,0.17,-0.67
16:43:15:163,3.39,0.07,-0.61
16:43:15:163,3.07,0.08,-0.48
16:43:15:180,2.87,-0.04,-0.38
16:43:15:264,2.92,0.09,-0.18
16:43:15:264,2.95,0.16,-0.12
16:43:15:280,3.00,0.26,-0.07
16:43:15:296,2.95,0.28,0.04
16:43:15:329,3.12,0.34,0.10
16:43:15:329,3.32,0.46,0.13
16:43:15:346,3.58,0.46,0.10
16:43:15:431,3.80,0.54,0.20
16:43:15:431,3.76,0.60,0.34
16:43:15:447,4.30,0.83,0.07
16:43:15:447,4.89,0.98,-0.28
16:43:15:499,5.76,0.87,-0.58
16:43:15:499,4.88,0.36,-0.18
16:43:15:534,4.35,0.13,0.26
16:43:15:551,4.13,0.06,0.48
16:43:15:586,4.62,0.48,0.26
16:43:15:618,5.08,0.71,-0.08
16:43:15:618,4.91,0.75,-0.22
16:43:15:669,4.56,0.52,-0.00
16:43:15:686,4.51,0.34,0.24
16:43:15:704,4.36,0.27,0.30
16:43:15:704,4.43,0.26,0.24
16:43:15:839,4.32,0.14,0.09
16:43:15:888,4.06,0.06,0.10
16:43:15:904,3.75,-0.03,0.23
16:43:15:921,3.63,-0.06,0.22
16:43:15:987,3.74,-0.14,0.25
16:43:15:988,3.76,-0.13,0.23
16:43:16:6,3.85,0.22,0.22
16:43:16:6,3.76,0.44,0.09
16:43:16:22,4.05,0.48,-0.09
16:43:16:22,4.58,0.54,-0.17
16:43:16:40,4.14,0.55,-0.40
16:43:16:56,3.77,0.57,-0.51
16:43:16:73,3.78,0.65,-0.59
16:43:16:73,3.75,0.87,-0.63
16:43:16:91,3.72,0.82,-0.58
16:43:16:142,3.77,0.50,-0.50
16:43:16:142,3.84,0.39,-0.55
16:43:16:159,3.97,0.36,-0.66
16:43:16:176,4.00,0.40,-0.51
16:43:16:193,4.11,0.24,-0.36
16:43:16:211,4.06,0.29,-0.27
16:43:16:262,3.83,0.49,-0.26
16:43:16:280,3.79,0.60,-0.28
16:43:16:296,3.92,0.59,-0.20
16:43:16:315,4.00,0.39,-0.24
16:43:16:350,3.94,0.23,-0.36
16:43:16:366,3.93,0.07,-0.37
16:43:16:399,4.02,-0.03,-0.33
16:43:16:417,4.05,-0.08,-0.22
16:43:16:434,4.01,-0.02,-0.08
16:43:16:503,3.96,0.03,-0.07
16:43:16:535,4.04,0.07,-0.06
16:43:16:550,4.21,0.09,-0.01
16:43:16:566,4.16,0.08,0.03
16:43:16:583,4.09,0.10,0.02
16:43:16:583,4.06,0.12,0.02
16:43:16:617,4.12,0.09,-0.02
16:43:16:617,4.14,0.00,-0.04
16:43:16:650,4.01,0.01,-0.08
16:43:16:716,3.96,0.08,-0.10
16:43:16:718,3.97,0.12,-0.13
16:43:16:735,3.96,0.12,-0.13
16:43:16:735,3.90,0.17,-0.13
16:43:16:770,3.89,0.20,-0.16
16:43:16:787,3.94,0.20,-0.18
16:43:16:818,3.92,0.15,-0.21
16:43:16:869,3.94,0.14,-0.17
16:43:16:886,3.92,0.19,-0.10
16:43:16:886,3.94,0.19,-0.09
16:43:16:903,3.95,0.17,-0.08
16:43:16:955,3.98,0.13,-0.03
16:43:16:972,4.02,0.11,0.02
16:43:16:988,4.01,0.13,0.03
16:43:17:6,3.99,0.12,0.03
16:43:17:74,4.06,0.08,0.00
16:43:17:74,4.11,0.07,-0.05
16:43:17:74,4.09,0.04,-0.03
16:43:17:108,4.08,0.04,-0.01
16:43:17:125,4.04,0.05,-0.06
16:43:17:143,4.08,0.02,-0.05
16:43:17:180,4.08,0.02,-0.06
16:43:17:232,4.06,0.06,-0.06
16:43:17:249,3.98,0.03,-0.06
16:43:17:249,3.97,0.04,-0.06
16:43:17:267,3.97,-0.01,-0.05
16:43:17:301,4.02,0.03,-0.08
16:43:17:317,4.04,0.03,-0.08
16:43:17:335,4.07,0.05,-0.07
16:43:17:401,4.06,0.04,-0.09
16:43:17:419,4.03,0.09,-0.04
16:43:17:419,3.99,0.09,-0.08
16:43:17:453,4.00,0.14,-0.08
16:43:17:473,3.97,0.10,-0.10
16:43:17:488,3.98,0.14,-0.12
16:43:17:523,3.99,0.15,-0.16
16:43:17:558,3.92,0.17,-0.13
16:43:17:593,3.94,0.15,-0.17
16:43:17:609,3.93,0.16,-0.15
16:43:17:609,3.95,0.13,-0.14
16:43:17:643,3.96,0.15,-0.14
16:43:17:643,3.94,0.12,-0.09
16:43:17:677,3.97,0.09,-0.08
16:43:17:711,4.01,0.08,-0.06
16:43:17:778,4.03,0.09,-0.02
16:43:17:781,4.04,0.11,0.02
16:43:17:781,4.07,0.02,-0.03
16:43:17:797,4.07,-0.02,0.03
16:43:17:833,4.08,-0.16,0.02
16:43:17:850,4.06,-0.18,0.12
16:43:17:867,3.98,-0.26,0.21
16:43:17:900,4.07,-0.49,0.25
16:43:17:935,4.15,-0.78,0.31
16:43:17:954,4.11,-0.80,0.43
16:43:17:971,4.05,-0.66,0.37
16:43:18:6,4.12,-0.55,0.27
16:43:18:6,4.16,-0.55,0.25
16:43:18:41,4.21,-0.55,0.29
16:43:18:59,4.13,-0.48,0.17
16:43:18:93,4.13,-0.44,0.04
16:43:18:126,4.18,-0.46,-0.03
16:43:18:142,4.16,-0.44,-0.04
16:43:18:159,4.19,-0.39,0.01
16:43:18:176,4.05,-0.30,0.00
16:43:18:210,3.97,-0.19,0.02
16:43:18:280,3.75,-0.17,0.06
16:43:18:313,3.62,-0.14,0.08
16:43:18:347,3.98,-0.04,-0.02
16:43:18:398,4.41,0.10,-0.03
16:43:18:398,4.39,0.16,0.03
16:43:18:398,4.04,0.10,0.09
16:43:18:398,3.93,0.04,0.17
16:43:18:433,3.85,0.00,0.22
16:43:18:433,3.70,-0.03,0.22
16:43:18:467,3.61,-0.11,0.23
16:43:18:521,3.62,-0.20,0.30
16:43:18:537,3.68,-0.52,0.25
16:43:18:554,3.76,-0.89,0.14
16:43:18:573,3.75,-0.93,0.19
16:43:18:573,3.74,-0.84,0.21
16:43:18:590,3.87,-0.78,0.11
16:43:18:676,4.15,-0.67,-0.02
16:43:18:676,4.59,-0.62,-0.21
16:43:18:693,4.79,-0.54,-0.39
16:43:18:693,4.13,-0.45,-0.64
16:43:18:710,3.97,-0.34,-0.79
16:43:18:745,3.95,-0.09,-0.90
16:43:18:760,4.09,-0.15,-0.97
16:43:18:780,3.98,-0.31,-1.01
16:43:18:849,4.00,-0.26,-1.16
16:43:18:866,4.01,-0.23,-1.20
16:43:18:866,3.90,-0.28,-1.03
16:43:18:918,3.79,-0.43,-0.98
16:43:18:918,3.60,-0.58,-0.93
16:43:18:918,3.68,-0.72,-1.03
16:43:18:954,3.74,-0.79,-0.99
16:43:19:58,3.71,-0.89,-0.97
16:43:19:58,3.75,-0.87,-0.83
16:43:19:76,3.89,-0.72,-0.75
16:43:19:95,4.10,-0.65,-0.61
16:43:19:112,4.20,-0.62,-0.56
16:43:19:129,4.20,-0.47,-0.51
16:43:19:146,4.49,-0.15,-0.64
16:43:19:181,4.72,0.15,-0.54
16:43:19:198,4.26,0.31,-0.30
16:43:19:215,3.86,0.46,-0.26
16:43:19:232,3.96,0.60,-0.43
16:43:19:232,4.12,0.65,-0.59
16:43:19:248,4.07,0.69,-0.62
16:43:19:282,4.02,0.68,-0.72
16:43:19:300,4.05,0.65,-0.80
16:43:19:335,4.05,0.46,-0.75
16:43:19:404,4.03,0.35,-0.66
16:43:19:405,3.87,0.47,-0.56
16:43:19:405,3.89,0.49,-0.54
16:43:19:422,3.88,0.60,-0.52
16:43:19:457,3.75,0.65,-0.46
16:43:19:492,3.69,0.63,-0.30
16:43:19:543,3.59,0.46,-0.24
16:43:19:559,3.50,0.35,-0.16
16:43:19:612,3.84,0.12,-0.21
16:43:19:646,3.96,0.08,-0.16
16:43:19:662,4.26,0.07,-0.09
16:43:19:680,4.24,0.16,-0.04
16:43:19:782,4.16,0.30,-0.12
16:43:19:783,4.29,0.30,-0.06
16:43:19:783,4.30,0.59,0.08
16:43:19:801,4.11,0.74,0.12
16:43:19:834,4.03,0.86,0.03
16:43:19:851,3.99,0.75,-0.01
16:43:19:851,4.07,0.39,-0.11
16:43:19:868,3.96,0.18,-0.19
16:43:19:935,3.90,0.01,-0.24
16:43:19:953,3.93,-0.01,-0.22
16:43:19:953,3.94,0.06,-0.17
16:43:19:970,3.90,0.11,-0.19
16:43:19:970,3.94,0.04,-0.19
16:43:19:987,3.97,0.04,-0.20
16:43:20:4,3.98,0.08,-0.15
16:43:20:20,3.95,0.10,-0.10
16:43:20:22,3.95,0.05,-0.05
16:43:20:55,4.01,0.03,-0.05
16:43:20:108,4.08,0.05,-0.08
16:43:20:127,4.05,0.08,-0.09
16:43:20:127,4.02,0.01,-0.06
16:43:20:143,4.00,0.00,-0.01
16:43:20:177,4.01,0.05,-0.03
16:43:20:193,4.10,0.15,-0.04
16:43:20:226,4.01,0.18,-0.10
16:43:20:331,3.96,0.11,-0.10
16:43:20:347,3.93,0.11,-0.07
16:43:20:348,3.99,0.15,-0.09
16:43:20:348,3.92,0.16,-0.12
16:43:20:383,3.96,0.12,-0.17
16:43:20:399,3.94,0.15,-0.15
16:43:20:401,3.96,0.11,-0.13
16:43:20:436,3.98,0.13,-0.11
16:43:20:488,3.98,0.09,-0.18
16:43:20:488,4.02,0.09,-0.12
16:43:20:522,4.06,0.14,-0.11
16:43:20:522,3.97,0.13,-0.12
16:43:20:540,3.96,0.09,-0.09
16:43:20:557,3.98,0.10,-0.06
16:43:20:574,4.03,0.12,-0.07
16:43:20:643,4.05,0.19,-0.06
16:43:20:643,4.03,0.15,-0.07
16:43:20:643,4.03,0.13,-0.06
16:43:20:678,4.01,0.11,-0.06
16:43:20:696,4.07,0.11,-0.06
16:43:20:712,4.05,0.13,-0.06
16:43:20:746,4.04,0.17,-0.05
16:43:20:762,4.05,0.17,-0.05
16:43:20:796,4.00,0.16,-0.09
16:43:20:832,4.07,0.19,-0.07
16:43:20:849,4.02,0.23,-0.08
16:43:20:866,4.01,0.20,-0.06
16:43:20:883,4.01,0.15,-0.06
16:43:20:918,3.98,0.15,-0.07
16:43:20:934,3.97,0.20,-0.08
16:43:21:4,3.98,0.20,-0.10
16:43:21:22,4.02,0.14,-0.10
16:43:21:39,4.00,0.13,-0.12
16:43:21:39,4.02,0.14,-0.13
16:43:21:57,3.98,0.15,-0.16
16:43:21:74,3.91,0.18,-0.15
16:43:21:108,3.96,0.14,-0.17
16:43:21:127,4.00,0.14,-0.15
16:43:21:178,3.94,0.15,-0.14
16:43:21:195,3.92,0.16,-0.09
16:43:21:212,3.97,0.23,-0.09
16:43:21:229,4.00,0.25,-0.07
16:43:21:247,4.00,0.21,-0.10
16:43:21:265,4.03,0.19,-0.05
16:43:21:299,4.05,0.18,-0.06
16:43:21:316,3.99,0.21,-0.01
16:43:21:370,4.00,0.21,0.03
16:43:21:387,4.11,0.24,0.06
16:43:21:387,4.14,0.31,0.11
16:43:21:404,4.09,0.34,0.12
16:43:21:440,4.11,0.36,0.13
16:43:21:456,4.05,0.33,0.20
16:43:21:492,4.04,0.26,0.28
16:43:21:526,3.98,0.18,0.43
16:43:21:613,3.93,0.06,0.64
16:43:21:630,3.99,-0.01,0.68
16:43:21:665,4.02,-0.21,0.84
16:43:21:701,3.88,-0.28,0.75
16:43:21:735,3.66,-0.37,0.63
16:43:21:735,3.80,-0.40,0.44
16:43:21:753,4.59,-0.72,0.35
16:43:21:769,4.50,-0.85,0.24
16:43:21:804,4.14,-0.80,0.17
16:43:21:822,4.15,-0.71,0.18
16:43:21:838,3.96,-0.51,0.26
16:43:21:856,3.77,-0.42,0.26
16:43:21:889,3.55,-0.43,0.22
16:43:21:907,3.64,-0.42,0.09
16:43:21:924,3.76,-0.28,-0.05
16:43:21:942,3.77,-0.12,-0.05
16:43:21:942,3.90,-0.03,-0.04
16:43:21:959,4.10,0.14,-0.12
16:43:21:977,4.19,0.41,-0.25
16:43:21:994,4.11,0.57,-0.30
16:43:22:27,4.13,0.71,-0.34
16:43:22:61,4.48,0.86,-0.36
16:43:22:96,4.79,1.08,-0.50
16:43:22:113,4.57,0.88,-0.58
16:43:22:129,4.57,0.61,-0.53
16:43:22:146,4.25,0.48,-0.33
16:43:22:163,3.71,0.67,-0.23
16:43:22:179,3.59,0.86,-0.24
16:43:22:247,3.87,0.65,-0.40
16:43:22:283,4.08,0.44,-0.38
16:43:22:301,4.01,0.22,-0.31
16:43:22:317,3.75,0.28,-0.10
16:43:22:335,3.75,0.16,-0.05
16:43:22:352,3.74,0.19,0.02
16:43:22:368,3.88,0.19,0.00
16:43:22:368,3.82,0.24,0.08
16:43:22:454,3.63,0.26,0.25
16:43:22:454,3.57,0.16,0.37
16:43:22:471,3.70,0.13,0.41
16:43:22:487,3.75,0.13,0.55
16:43:22:504,3.93,0.20,0.66
16:43:22:521,4.10,0.27,0.61
16:43:22:538,4.27,0.25,0.66
16:43:22:571,4.37,0.27,0.60
16:43:22:623,4.97,0.29,0.37
16:43:22:623,5.51,0.14,0.31
16:43:22:640,5.54,0.05,0.36
16:43:22:658,5.15,0.02,0.42
16:43:22:692,4.51,-0.03,0.38
16:43:22:711,4.02,-0.15,0.42
16:43:22:728,3.59,-0.26,0.36
16:43:22:779,3.78,-0.20,0.11
16:43:22:814,4.15,-0.19,-0.04
16:43:22:831,3.96,-0.18,-0.09
16:43:22:849,3.68,-0.06,-0.15
16:43:22:884,3.66,-0.03,-0.26
16:43:22:884,3.66,0.14,-0.25
16:43:22:919,3.74,0.11,-0.39
16:43:22:953,3.48,0.13,-0.42
16:43:23:5,3.42,0.08,-0.45
16:43:23:23,3.36,0.24,-0.48
16:43:23:23,3.50,0.35,-0.56
16:43:23:40,3.75,0.65,-0.62
16:43:23:40,4.32,0.96,-0.78
16:43:23:57,4.44,1.02,-0.75
16:43:23:92,3.95,1.23,-0.81
16:43:23:127,4.20,1.57,-0.95
16:43:23:178,4.87,1.87,-1.14
16:43:23:178,4.93,1.40,-1.12
16:43:23:195,4.23,0.87,-0.65
16:43:23:195,4.14,0.77,-0.64
16:43:23:247,4.19,1.23,-0.54
16:43:23:264,4.72,1.46,-0.29
16:43:23:334,4.48,1.47,-0.16
16:43:23:349,3.84,1.41,-0.06
16:43:23:366,3.53,1.03,-0.00
16:43:23:381,3.39,0.88,0.11
16:43:23:381,3.51,0.65,0.17
16:43:23:391,3.54,0.49,0.09
16:43:23:426,3.60,0.33,0.13
16:43:23:449,3.55,0.31,0.30
16:43:23:491,3.60,0.20,0.47
16:43:23:554,3.83,0.03,0.64
16:43:23:570,3.82,0.03,0.86
16:43:23:570,4.13,0.12,0.89
16:43:23:586,4.45,0.19,0.84
16:43:23:605,4.84,0.36,0.70
16:43:23:623,4.92,0.59,0.45
16:43:23:674,5.31,0.61,0.46
16:43:23:727,5.79,0.41,0.54
16:43:23:743,5.77,0.55,0.24
16:43:23:743,5.38,0.56,0.03
16:43:23:759,4.86,0.79,-0.11
16:43:23:762,4.60,1.25,-0.39
16:43:23:779,4.63,1.14,-0.47
16:43:23:796,4.91,0.58,-0.65
16:43:23:831,4.88,0.09,-0.82
16:43:23:883,4.38,0.20,-0.76
16:43:23:900,4.05,0.40,-0.71
16:43:23:917,4.03,0.46,-0.80
16:43:23:934,3.94,0.50,-0.80
16:43:23:969,3.56,0.53,-0.66
16:43:23:969,3.52,0.38,-0.60
16:43:24:21,3.26,0.52,-0.57
16:43:24:69,2.88,0.71,-0.52
16:43:24:86,2.77,0.69,-0.45
16:43:24:86,2.94,0.85,-0.53
16:43:24:103,3.18,0.89,-0.53
16:43:24:119,3.52,0.79,-0.44
16:43:24:153,3.54,0.96,-0.30
16:43:24:171,4.05,1.00,-0.36
16:43:24:205,4.71,0.92,-0.60
16:43:24:240,4.99,0.61,-0.57
16:43:24:257,4.81,0.43,-0.28
16:43:24:257,5.06,0.50,-0.04
16:43:24:308,5.24,0.68,-0.06
16:43:24:324,5.32,0.93,-0.15
16:43:24:342,5.14,0.83,-0.02
16:43:24:376,4.63,0.66,0.13
16:43:24:429,4.00,0.54,0.25
16:43:24:429,3.67,0.37,0.33
16:43:24:446,3.53,0.11,0.40
16:43:24:446,3.49,-0.07,0.42
16:43:24:481,3.46,-0.15,0.56
16:43:24:498,3.49,-0.19,0.74
16:43:24:533,3.53,-0.16,0.74
16:43:24:550,3.92,-0.20,0.77
16:43:24:616,4.26,-0.19,0.67
16:43:24:616,5.03,-0.16,0.58
16:43:24:634,5.29,-0.05,0.57
16:43:24:651,5.24,0.21,0.40
16:43:24:669,5.73,0.33,0.32
16:43:24:688,5.84,0.27,0.34
16:43:24:719,5.64,0.30,0.09
16:43:24:789,5.07,0.23,-0.34
16:43:24:805,4.77,0.20,-0.71
16:43:24:806,4.98,0.10,-0.78
16:43:24:823,4.97,0.10,-0.82
16:43:24:840,4.56,0.10,-0.75
16:43:24:893,4.08,0.02,-0.89
16:43:24:910,3.75,0.04,-0.71
16:43:24:960,3.68,0.02,-0.72
16:43:24:960,3.60,0.19,-0.79
16:43:24:995,3.57,0.26,-0.75
16:43:25:13,3.64,0.21,-0.72
16:43:25:13,3.85,0.33,-0.58
16:43:25:29,3.40,0.73,-0.48
16:43:25:62,2.80,1.43,-0.53
16:43:25:78,2.65,1.67,-0.51
16:43:25:148,3.34,1.23,-0.54
16:43:25:165,3.80,0.68,-0.59
16:43:25:167,3.75,0.75,-0.60
16:43:25:184,4.32,1.02,-0.65
16:43:25:201,5.16,0.74,-0.82
16:43:25:218,5.22,0.55,-0.78
16:43:25:253,5.02,0.63,-0.60
16:43:25:271,5.21,0.65,-0.28
16:43:25:322,5.24,0.93,-0.29
16:43:25:340,4.94,1.14,-0.44
16:43:25:340,4.56,0.88,-0.22
16:43:25:375,3.93,0.56,0.12
16:43:25:393,3.60,0.42,0.22
16:43:25:426,3.52,0.13,0.21
16:43:25:443,3.64,-0.06,0.24
16:43:25:460,3.71,-0.17,0.45
16:43:25:513,3.66,-0.24,0.61
16:43:25:531,3.71,-0.27,0.68
16:43:25:547,4.20,-0.40,0.66
16:43:25:547,4.26,-0.46,0.65
16:43:25:599,4.77,-0.43,0.57
16:43:25:599,5.05,-0.31,0.50
16:43:25:618,5.26,-0.08,0.31
16:43:25:652,5.98,-0.05,0.20
16:43:25:737,6.05,-0.05,0.23
16:43:25:755,5.71,0.16,-0.10
16:43:25:755,5.28,0.37,-0.48
16:43:25:772,5.17,0.67,-0.80
16:43:25:790,5.16,0.50,-0.78
16:43:25:790,4.96,0.41,-0.68
16:43:25:858,4.35,0.13,-0.68
16:43:25:875,4.01,0.02,-0.91
16:43:25:893,3.83,0.39,-0.78
16:43:25:893,3.65,0.42,-0.74
16:43:25:927,3.62,0.32,-0.76
16:43:25:944,3.59,0.37,-0.62
16:43:25:961,3.46,0.90,-0.65
16:43:25:995,2.94,1.20,-0.47
16:43:26:79,3.19,1.11,-0.48
16:43:26:96,3.73,1.31,-0.76
16:43:26:96,3.39,1.80,-0.99
16:43:26:113,3.29,1.76,-0.93
16:43:26:131,3.96,1.10,-0.79
16:43:26:131,4.47,1.06,-1.10
16:43:26:148,4.80,1.26,-1.43
16:43:26:245,5.18,0.74,-1.35
16:43:26:245,5.50,0.27,-1.04
16:43:26:263,5.53,0.11,-0.89
16:43:26:263,5.21,0.64,-0.72
16:43:26:280,5.17,1.30,-0.35
16:43:26:330,4.85,0.93,-0.36
16:43:26:330,4.52,0.96,-0.04
16:43:26:416,4.10,0.80,0.16
16:43:26:434,4.01,0.42,0.18
16:43:26:452,3.87,0.32,0.20
16:43:26:452,3.79,0.13,0.24
16:43:26:469,4.03,-0.14,0.41
16:43:26:486,3.78,-0.29,0.65
16:43:26:486,3.93,-0.54,0.87
16:43:26:520,4.01,-0.64,1.06
16:43:26:538,4.23,-0.57,1.02
16:43:26:555,4.88,-0.48,0.73
16:43:26:589,5.07,-0.31,0.45
16:43:26:642,5.29,-0.12,0.31
16:43:26:642,6.11,0.06,0.35
16:43:26:659,6.03,0.34,0.43
16:43:26:693,5.83,0.50,0.02
16:43:26:710,5.53,0.51,-0.46
16:43:26:763,5.49,0.65,-0.88
16:43:26:780,5.27,0.72,-0.94
16:43:26:798,4.78,0.74,-0.77
16:43:26:798,4.42,0.60,-0.60
16:43:26:815,4.07,0.35,-0.65
16:43:26:867,3.68,0.36,-0.81
16:43:26:884,3.38,0.56,-0.96
16:43:26:953,3.25,0.88,-0.83
16:43:26:953,2.89,1.15,-0.71
16:43:26:970,2.74,1.03,-0.58
16:43:27:3,2.83,1.01,-0.61
16:43:27:20,3.06,1.16,-0.82
16:43:27:20,3.42,1.36,-1.02
16:43:27:36,3.69,1.28,-1.04
16:43:27:84,3.86,1.30,-0.96
16:43:27:119,3.90,1.26,-0.87
16:43:27:135,4.18,1.33,-0.77
16:43:27:169,4.73,1.11,-0.82
16:43:27:169,5.24,0.90,-0.94
16:43:27:187,4.87,0.66,-0.76
16:43:27:222,4.80,0.54,-0.57
16:43:27:222,4.95,0.62,-0.32
16:43:27:323,5.08,0.98,-0.25
16:43:27:340,5.02,1.10,-0.20
16:43:27:358,4.32,0.94,-0.12
16:43:27:358,3.86,0.91,0.11
16:43:27:374,3.55,0.72,0.30
16:43:27:391,3.48,0.45,0.41
16:43:27:408,3.51,0.14,0.49
16:43:27:426,3.60,-0.02,0.59
16:43:27:460,3.57,-0.09,0.75
16:43:27:494,3.84,-0.18,0.92
16:43:27:494,4.29,-0.19,1.00
16:43:27:512,4.44,-0.14,1.11
16:43:27:562,4.82,0.03,1.14
16:43:27:579,5.08,0.20,1.00
16:43:27:631,5.07,0.40,0.78
16:43:27:666,5.83,0.40,0.62
16:43:27:682,6.17,0.27,0.40
16:43:27:682,6.29,0.33,0.16
16:43:27:682,5.52,0.56,-0.19
16:43:27:735,5.23,0.76,-0.60
16:43:27:735,5.14,0.76,-0.72
16:43:27:752,5.22,0.33,-0.66
16:43:27:785,4.85,-0.03,-0.66
16:43:27:892,4.25,0.20,-0.78
16:43:27:909,3.68,0.51,-0.92
16:43:27:909,3.36,0.64,-0.82
16:43:27:926,3.12,0.62,-0.86
16:43:27:943,3.10,0.48,-0.78
16:43:27:943,2.89,0.59,-0.79
16:43:27:960,2.87,0.68,-0.68
16:43:28:48,3.21,0.66,-0.74
16:43:28:80,3.33,1.06,-0.94
16:43:28:97,3.39,1.31,-1.00
16:43:28:97,3.62,1.33,-0.92
16:43:28:113,3.62,1.14,-0.81
16:43:28:117,4.01,1.17,-0.88
16:43:28:134,4.81,1.15,-1.17
16:43:28:187,5.05,0.62,-1.17
16:43:28:222,4.74,0.37,-0.78
16:43:28:239,4.98,0.30,-0.49
16:43:28:239,4.87,0.58,-0.36
16:43:28:274,4.90,1.03,-0.34
16:43:28:274,4.77,1.03,-0.30
16:43:28:274,4.17,0.93,-0.18
16:43:28:310,3.75,0.61,-0.12
16:43:28:342,3.80,0.43,-0.03
16:43:28:361,3.96,0.23,-0.02
16:43:28:394,3.99,0.20,-0.04
16:43:28:410,4.05,0.14,0.11
16:43:28:444,4.00,-0.02,0.40
16:43:28:479,4.19,-0.20,0.59
16:43:28:495,4.33,-0.25,0.84
16:43:28:513,4.27,-0.22,1.10
16:43:28:632,4.83,-0.07,1.19
16:43:28:632,4.83,0.22,1.19
16:43:28:649,4.69,0.63,0.85
16:43:28:665,5.31,0.86,0.75
16:43:28:665,5.75,0.85,0.42
16:43:28:682,6.10,0.89,0.16
16:43:28:682,5.31,1.04,-0.29
16:43:28:752,4.99,1.45,-0.87
16:43:28:768,5.18,1.56,-1.26
16:43:28:785,4.79,1.27,-1.58
16:43:28:802,4.75,0.70,-1.58
16:43:28:802,4.18,0.79,-1.64
16:43:28:837,3.47,1.12,-1.74
16:43:28:854,3.06,1.21,-1.65
16:43:28:904,3.29,1.29,-1.71
16:43:28:939,3.14,1.12,-1.68
16:43:28:955,3.18,0.70,-1.49
16:43:28:990,3.39,0.48,-1.38
16:43:28:990,3.41,0.63,-1.30
16:43:29:5,3.34,0.77,-1.15
16:43:29:22,3.33,0.61,-0.86
16:43:29:22,3.48,0.36,-0.65
16:43:29:57,3.42,0.12,-0.44
16:43:29:127,3.46,0.10,-0.34
16:43:29:143,3.44,0.24,-0.15
16:43:29:145,4.26,0.41,-0.15
16:43:29:145,4.65,0.11,0.07
16:43:29:193,3.94,-0.04,0.61
16:43:29:211,3.86,-0.03,0.98
16:43:29:228,4.11,0.30,1.02
16:43:29:313,4.20,0.88,0.96
16:43:29:347,4.27,1.25,0.70
16:43:29:347,4.31,1.20,0.42
16:43:29:380,4.56,1.05,0.36
16:43:29:380,4.61,0.86,0.37
16:43:29:415,4.38,0.73,0.35
16:43:29:466,4.18,0.63,0.27
16:43:29:498,3.99,0.53,0.27
16:43:29:498,3.96,0.40,0.24
16:43:29:518,3.96,0.18,0.20
16:43:29:534,4.03,0.08,0.11
16:43:29:534,4.05,0.03,-0.05
16:43:29:569,4.13,0.09,-0.14
16:43:29:569,4.04,0.30,-0.06
16:43:29:586,4.05,0.42,0.04
16:43:29:773,3.94,0.53,0.04
16:43:29:894,3.95,0.48,0.00
16:43:29:910,3.97,0.37,-0.04
16:43:29:910,3.92,0.29,-0.06
16:43:29:925,3.94,0.23,-0.06
16:43:29:959,3.95,0.16,-0.07
16:43:30:41,3.92,0.14,-0.05
16:43:30:41,3.96,0.13,-0.06
16:43:30:77,3.94,0.13,-0.01
16:43:30:77,3.99,0.14,-0.00
16:43:30:77,3.94,0.19,0.00
16:43:30:94,3.94,0.19,-0.04
16:43:30:94,4.00,0.13,-0.02
16:43:30:94,4.00,0.09,-0.01
16:43:30:111,3.97,0.08,0.00
16:43:30:111,3.97,0.07,0.01
16:43:30:179,4.00,0.07,-0.02
16:43:30:195,4.04,0.09,0.01
16:43:30:214,4.11,0.19,0.03
16:43:30:214,4.12,0.19,0.01
16:43:30:248,4.09,0.17,-0.02
16:43:30:282,4.04,0.16,0.01
16:43:30:298,4.01,0.16,-0.01
16:43:30:347,4.00,0.16,0.01
16:43:30:415,4.03,0.21,-0.01
16:43:30:430,4.01,0.24,-0.01
16:43:30:432,4.06,0.25,-0.05
16:43:30:450,4.04,0.23,-0.05
16:43:30:467,4.02,0.22,-0.09
16:43:30:467,4.00,0.23,-0.11
16:43:30:485,3.98,0.22,-0.13
16:43:30:502,3.95,0.22,-0.13
16:43:30:550,3.94,0.24,-0.10
16:43:30:567,3.94,0.27,-0.12
16:43:30:584,3.97,0.24,-0.12
16:43:30:584,3.97,0.18,-0.11
16:43:30:601,3.99,0.22,-0.10
16:43:30:634,3.98,0.24,-0.10
16:43:30:634,4.00,0.21,-0.04
16:43:30:668,4.02,0.19,-0.10
16:43:30:752,4.05,0.16,-0.10
16:43:30:786,4.06,0.15,-0.09
16:43:30:804,4.03,0.18,-0.08
16:43:30:820,4.04,0.16,-0.08
16:43:30:839,4.02,0.16,-0.10
16:43:30:889,4.06,0.15,-0.09
16:43:30:908,4.04,0.16,-0.13
16:43:30:926,4.02,0.16,-0.14
16:43:30:960,3.98,0.17,-0.14
16:43:30:976,3.98,0.18,-0.16
16:43:30:977,3.94,0.21,-0.14
16:43:30:977,3.91,0.23,-0.16
16:43:30:993,3.95,0.16,-0.12
16:43:30:993,3.98,0.12,-0.14
16:43:31:9,4.00,0.14,-0.12
16:43:31:79,4.02,0.17,-0.11
16:43:31:112,3.98,0.18,-0.11
16:43:31:161,3.96,0.19,-0.11
16:43:31:195,3.99,0.14,-0.11
16:43:31:266,3.98,0.17,-0.09
16:43:31:301,4.00,0.14,-0.15
16:43:31:301,4.08,0.21,-0.15
16:43:31:335,4.06,0.29,-0.16
16:43:31:335,4.11,0.32,-0.19
16:43:31:353,4.13,0.44,-0.24
16:43:31:370,4.08,0.59,-0.32
16:43:31:439,4.03,0.69,-0.37
16:43:31:456,4.02,0.72,-0.44
16:43:31:456,3.97,0.73,-0.50
16:43:31:489,4.08,0.74,-0.65
16:43:31:508,4.06,0.83,-0.70
16:43:31:508,3.83,0.93,-0.69
16:43:31:526,3.79,0.87,-0.75
16:43:31:542,4.00,0.79,-0.62
16:43:31:560,3.76,0.85,-0.69
16:43:31:560,3.72,1.00,-0.78
16:43:31:627,3.98,0.82,-0.77
16:43:31:646,4.22,0.67,-0.64
16:43:31:662,3.91,0.64,-0.47
16:43:31:696,3.83,0.54,-0.35
16:43:31:714,3.90,0.41,-0.24
16:43:31:731,4.09,0.36,-0.21
16:43:31:731,3.92,0.41,-0.21
16:43:31:748,3.92,0.48,-0.21
16:43:31:852,4.00,0.36,-0.12
16:43:31:852,4.10,0.17,0.01
16:43:31:869,3.97,0.16,0.00
16:43:31:869,3.97,0.34,-0.07
16:43:31:869,4.03,0.54,-0.04
16:43:31:887,3.89,0.66,-0.01
16:43:31:904,3.81,0.84,-0.05
16:43:31:921,3.71,0.78,0.00
16:43:31:921,3.65,0.69,-0.09
16:43:31:938,3.91,0.53,-0.20
16:43:31:938,4.15,0.64,-0.26
16:43:31:988,4.38,0.61,-0.28
16:43:31:988,4.72,0.51,-0.28
16:43:32:23,4.64,0.56,-0.27
16:43:32:41,4.07,0.70,-0.15
16:43:32:56,3.91,0.80,-0.16
16:43:32:56,3.98,0.62,-0.18
16:43:32:89,3.94,0.40,-0.37
16:43:32:140,3.78,0.13,-0.60
16:43:32:157,3.81,-0.26,-0.70
16:43:32:174,3.72,-0.53,-0.78
16:43:32:191,3.85,-0.60,-0.78
16:43:32:191,3.94,-0.57,-0.73
16:43:32:208,4.05,-0.43,-0.80
16:43:32:242,4.08,-0.43,-0.81
16:43:32:242,4.17,-0.48,-0.84
16:43:32:242,4.13,-0.42,-0.91
16:43:32:260,3.97,-0.43,-1.03
16:43:32:277,3.83,-0.43,-0.98
16:43:32:327,3.76,-0.52,-0.89
16:43:32:376,3.90,-0.54,-1.01
16:43:32:412,3.89,-0.63,-1.15
16:43:32:429,4.06,-0.88,-1.02
16:43:32:429,4.46,-0.94,-0.93
16:43:32:463,4.67,-1.12,-0.74
16:43:32:463,3.71,-1.28,-0.23
16:43:32:498,3.38,-1.35,0.12
16:43:32:585,4.13,-1.04,0.37
16:43:32:585,4.80,-0.78,0.37
16:43:32:602,4.63,-0.64,0.36
16:43:32:602,4.11,-0.48,0.55
16:43:32:602,4.08,-0.13,0.77
16:43:32:637,4.13,0.03,0.89
16:43:32:653,4.04,0.10,0.79
16:43:32:705,4.15,-0.01,0.63
16:43:32:722,4.19,-0.20,0.67
16:43:32:722,4.03,-0.25,0.85
16:43:32:740,4.00,-0.13,0.84
16:43:32:774,3.91,0.13,0.68
16:43:32:792,3.78,0.19,0.61
16:43:32:843,3.68,0.07,0.49
16:43:32:860,3.66,0.08,0.35
16:43:32:894,3.62,0.12,0.32
16:43:32:895,3.45,0.02,0.25
16:43:32:912,3.80,-0.10,0.09
16:43:32:929,4.00,-0.19,0.24
16:43:32:965,4.02,-0.03,0.46
16:43:32:980,4.15,0.05,0.50
16:43:33:32,4.07,0.16,0.31
16:43:33:100,4.13,0.33,0.30
16:43:33:100,4.39,0.28,0.44
16:43:33:117,4.34,0.36,0.49
16:43:33:117,4.10,0.45,0.45
16:43:33:134,3.93,0.49,0.39
16:43:33:152,4.00,0.47,0.33
16:43:33:169,4.00,0.47,0.30
16:43:33:186,3.89,0.53,0.34
16:43:33:253,3.87,0.60,0.26
16:43:33:269,3.82,0.60,0.24
16:43:33:270,3.80,0.46,0.21
16:43:33:306,3.92,0.32,0.13
16:43:33:322,3.95,0.18,0.10
16:43:33:338,3.95,0.18,0.23
16:43:33:355,3.89,0.15,0.31
16:43:33:407,3.94,0.11,0.27
16:43:33:474,4.06,0.06,0.20
16:43:33:492,3.99,0.09,0.24
16:43:33:492,4.00,0.07,0.17
16:43:33:508,3.95,-0.03,0.18
16:43:33:526,3.87,-0.10,0.14
16:43:33:526,3.95,-0.13,0.08
16:43:33:560,4.09,-0.05,-0.00
16:43:33:625,4.03,0.00,-0.02
16:43:33:625,3.94,-0.05,0.07
16:43:33:625,3.99,-0.03,0.15
16:43:33:658,3.99,0.02,0.15
16:43:33:708,4.01,0.09,0.16
16:43:33:708,4.00,0.09,0.19
16:43:33:708,4.01,0.08,0.23
16:43:33:777,4.05,0.06,0.24
16:43:33:795,4.08,0.04,0.28
16:43:33:795,4.09,-0.03,0.28
16:43:33:812,4.10,-0.05,0.24
16:43:33:846,4.13,-0.04,0.20
16:43:33:863,4.17,-0.03,0.19
16:43:33:880,4.21,-0.01,0.20
16:43:33:932,4.13,0.03,0.14
16:43:33:966,4.06,0.02,0.09
16:43:33:984,4.08,0.01,0.01
16:43:33:984,4.08,0.00,-0.01
16:43:34:18,4.01,-0.01,-0.07
16:43:34:35,3.99,-0.03,-0.13
16:43:34:52,3.96,-0.02,-0.08
16:43:34:86,3.90,-0.01,-0.12
16:43:34:136,3.94,-0.02,-0.12
16:43:34:153,4.00,-0.02,-0.13
16:43:34:153,4.04,0.03,-0.15
16:43:34:171,4.04,0.03,-0.13
16:43:34:205,4.05,0.04,-0.13
16:43:34:222,4.03,0.02,-0.11
16:43:34:257,4.00,-0.01,-0.13
16:43:34:274,4.02,0.01,-0.07
16:43:34:344,3.96,0.06,-0.02
16:43:34:362,3.95,0.12,-0.03
16:43:34:379,3.94,0.11,-0.06
16:43:34:379,4.05,0.07,-0.07
16:43:34:396,4.05,0.04,-0.08
16:43:34:414,4.03,0.08,-0.08
16:43:34:449,3.98,0.06,-0.13
16:43:34:483,3.99,-0.01,-0.12
16:43:34:500,4.00,0.02,-0.10
16:43:34:519,3.97,0.05,-0.09
16:43:34:535,3.98,0.06,-0.03
16:43:34:552,4.00,-0.02,-0.03
16:43:34:587,4.01,-0.11,-0.07
16:43:34:605,4.02,-0.12,-0.01
16:43:34:622,4.00,-0.18,-0.08
16:43:34:691,4.04,-0.10,-0.03
16:43:34:691,4.09,0.00,-0.01
16:43:34:708,4.00,0.14,-0.00
16:43:34:726,4.11,0.22,0.06
16:43:34:761,3.93,0.37,0.00
16:43:34:777,4.00,0.30,-0.07
16:43:34:865,4.04,0.28,-0.09
16:43:34:899,4.10,0.37,-0.04
16:43:34:917,3.89,0.49,-0.08
16:43:34:934,3.59,0.52,-0.13
16:43:34:934,3.66,0.31,-0.27
16:43:34:934,3.97,0.22,-0.47
16:43:34:969,4.19,0.22,-0.47
16:43:34:969,3.96,0.26,-0.33
16:43:34:987,3.84,0.26,-0.22
16:43:35:55,3.81,0.19,-0.06
16:43:35:56,3.74,0.17,0.08
16:43:35:74,3.73,0.18,0.10
16:43:35:74,3.92,0.25,0.21
16:43:35:108,4.14,0.40,0.55
16:43:35:142,4.16,0.34,0.63
16:43:35:160,4.24,-0.03,0.67
16:43:35:229,4.28,-0.52,0.58
16:43:35:247,4.24,-0.51,0.55
16:43:35:263,4.15,-0.28,0.55
16:43:35:264,4.21,-0.07,0.55
16:43:35:282,4.24,-0.05,0.49
16:43:35:316,4.13,-0.03,0.44
16:43:35:317,4.16,0.03,0.41
16:43:35:351,4.57,0.02,0.21
16:43:35:456,5.21,-0.07,0.10
16:43:35:456,5.38,-0.02,0.00
16:43:35:472,4.81,-0.06,0.08
16:43:35:473,4.13,-0.10,0.14
16:43:35:491,3.71,-0.07,0.33
16:43:35:507,3.70,-0.10,0.21
16:43:35:508,4.04,-0.11,-0.03
16:43:35:609,4.28,-0.20,-0.23
16:43:35:626,4.00,-0.12,-0.20
16:43:35:626,3.64,-0.02,-0.15
16:43:35:626,3.62,-0.05,-0.12
16:43:35:643,3.63,-0.07,-0.13
16:43:35:661,3.57,-0.20,-0.16
16:43:35:694,3.55,-0.33,-0.27
16:43:35:745,3.59,-0.25,-0.24
16:43:35:762,3.61,0.07,-0.17
16:43:35:762,3.67,0.42,-0.18
16:43:35:779,3.98,0.57,-0.26
16:43:35:813,4.05,0.66,-0.35
16:43:35:829,3.95,0.86,-0.45
16:43:35:862,3.94,0.98,-0.39
16:43:35:879,4.56,1.10,-0.59
16:43:35:914,5.03,0.81,-0.78
16:43:35:948,5.01,0.67,-0.75
16:43:35:965,4.32,0.82,-0.42
16:43:35:983,3.74,1.16,-0.22
16:43:36:0,3.56,1.35,-0.38
16:43:36:18,3.59,1.18,-0.51
16:43:36:52,3.99,0.90,-0.49
16:43:36:123,3.78,0.45,-0.35
16:43:36:140,3.65,0.15,-0.18
16:43:36:158,3.57,0.11,-0.07
16:43:36:158,3.75,0.05,0.01
16:43:36:175,3.88,0.14,0.09
16:43:36:191,3.93,0.29,0.18
16:43:36:226,3.72,0.53,0.32
16:43:36:244,3.89,0.43,0.56
16:43:36:279,4.13,0.01,0.61
16:43:36:312,3.82,0.07,0.88
16:43:36:345,4.25,-0.03,0.92
16:43:36:361,4.72,0.08,0.99
16:43:36:361,5.12,0.08,1.05
16:43:36:378,4.95,0.21,0.95
16:43:36:413,5.24,0.34,0.71
16:43:36:429,5.97,0.21,0.73
16:43:36:499,6.00,0.21,0.66
16:43:36:499,5.32,0.12,0.53
16:43:36:517,4.68,0.33,0.30
16:43:36:533,4.30,0.55,0.02
16:43:36:550,4.42,0.63,-0.33
16:43:36:567,4.62,0.33,-0.43
16:43:36:600,4.51,-0.09,-0.42
16:43:36:617,4.24,-0.10,-0.49
16:43:36:687,4.15,0.04,-0.73
16:43:36:721,3.95,0.45,-0.94
16:43:36:737,3.55,0.54,-0.92
16:43:36:738,3.50,0.34,-0.80
16:43:36:772,3.51,0.29,-0.83
16:43:36:773,3.28,0.46,-0.87
16:43:36:807,3.18,0.51,-0.80
16:43:36:857,3.17,0.81,-0.69
16:43:36:857,3.18,1.08,-0.70
16:43:36:872,3.41,1.35,-0.91
16:43:36:890,3.67,1.43,-0.80
16:43:36:907,4.07,1.26,-0.47
16:43:36:925,4.45,1.07,-0.54
16:43:36:957,4.94,0.72,-0.68
16:43:36:973,5.03,0.32,-0.47
16:43:37:25,4.90,0.42,0.00
16:43:37:25,4.78,0.67,0.15
16:43:37:42,4.76,0.97,0.12
16:43:37:76,4.77,1.05,0.05
16:43:37:93,4.59,0.73,-0.05
16:43:37:128,4.27,0.45,0.07
16:43:37:163,3.92,0.26,0.24
16:43:37:212,3.61,0.24,0.37
16:43:37:212,3.42,0.12,0.34
16:43:37:229,3.35,0.03,0.34
16:43:37:247,3.47,0.07,0.49
16:43:37:265,3.23,0.08,0.63
16:43:37:336,3.61,-0.02,0.57
16:43:37:336,3.87,-0.14,0.60
16:43:37:368,4.10,-0.17,0.46
16:43:37:387,4.77,-0.10,0.39
16:43:37:404,5.17,0.03,0.39
16:43:37:404,4.99,0.17,0.31
16:43:37:456,5.54,-0.01,0.26
16:43:37:456,5.40,-0.12,0.25
16:43:37:489,5.62,-0.24,0.19
16:43:37:490,5.34,-0.02,-0.09
16:43:37:611,4.82,0.41,-0.45
16:43:37:611,4.72,0.57,-0.74
16:43:37:629,4.71,0.43,-0.76
16:43:37:644,4.81,0.11,-0.69
16:43:37:646,4.35,-0.09,-0.80
16:43:37:663,3.73,-0.09,-0.74
16:43:37:681,3.53,-0.12,-0.71
16:43:37:747,3.56,0.13,-0.78
16:43:37:747,3.53,0.19,-0.73
16:43:37:763,3.36,0.26,-0.63
16:43:37:763,3.20,0.40,-0.47
16:43:37:797,3.01,0.71,-0.46
16:43:37:832,2.96,1.02,-0.51
16:43:37:850,2.91,1.30,-0.47
16:43:37:867,3.17,1.26,-0.43
16:43:37:902,3.79,0.91,-0.47
16:43:37:918,4.12,0.64,-0.63
16:43:37:935,4.90,0.85,-0.78
16:43:37:969,5.45,0.78,-0.91
16:43:37:986,5.35,0.25,-0.64
16:43:38:4,4.84,0.04,-0.23
16:43:38:124,4.73,0.11,-0.03
16:43:38:141,4.66,0.87,-0.17
16:43:38:141,4.63,1.14,-0.21
16:43:38:159,4.22,0.88,-0.23
16:43:38:159,3.70,0.47,0.04
16:43:38:174,3.28,0.02,0.25
16:43:38:176,3.10,-0.18,0.31
16:43:38:228,3.27,-0.17,0.41
16:43:38:228,3.33,-0.15,0.55
16:43:38:262,3.45,-0.15,0.73
16:43:38:280,3.54,-0.20,0.82
16:43:38:296,4.06,-0.12,0.81
16:43:38:331,4.19,-0.16,0.65
16:43:38:348,4.73,-0.26,0.50
16:43:38:379,5.23,-0.25,0.43
16:43:38:399,5.19,-0.10,0.29
16:43:38:416,5.86,0.02,0.23
16:43:38:486,5.88,-0.06,0.31
16:43:38:520,5.93,0.00,0.14
16:43:38:537,5.37,0.04,-0.19
16:43:38:537,5.14,0.17,-0.50
16:43:38:537,4.77,0.29,-0.63
16:43:38:555,4.61,0.14,-0.45
16:43:38:573,4.52,0.05,-0.33
16:43:38:624,3.92,0.12,-0.36
16:43:38:692,3.43,0.14,-0.43
16:43:38:692,3.16,0.19,-0.42
16:43:38:692,3.25,0.40,-0.41
16:43:38:712,3.14,0.63,-0.45
16:43:38:729,3.08,0.62,-0.42
16:43:38:746,3.08,0.58,-0.42
16:43:38:762,3.06,0.78,-0.48
16:43:38:832,3.10,1.06,-0.69
16:43:38:850,3.47,1.17,-0.80
16:43:38:867,4.16,0.87,-0.82
16:43:38:867,4.19,0.79,-0.77
16:43:38:902,4.38,0.73,-0.87
16:43:38:954,4.92,0.60,-0.92
16:43:38:988,5.02,0.22,-0.56
16:43:39:24,4.73,0.06,-0.27
16:43:39:24,4.74,0.13,-0.17
16:43:39:41,4.93,0.53,-0.15
16:43:39:59,4.86,0.90,-0.18
16:43:39:59,4.50,1.05,-0.00
16:43:39:94,3.86,0.97,0.22
16:43:39:111,3.52,0.73,0.44
16:43:39:214,3.33,0.31,0.48
16:43:39:266,3.29,-0.05,0.42
16:43:39:283,3.29,-0.15,0.47
16:43:39:283,3.20,-0.01,0.72
16:43:39:301,3.36,-0.04,0.94
16:43:39:336,4.26,-0.06,1.02
16:43:39:365,4.31,-0.11,0.91
16:43:39:381,4.52,-0.00,0.80
16:43:39:382,4.95,-0.06,0.70
16:43:39:399,4.91,0.07,0.59
16:43:39:399,5.46,0.09,0.46
16:43:39:409,6.09,-0.07,0.39
16:43:39:427,6.02,-0.17,0.33
16:43:39:444,5.48,-0.19,0.14
16:43:39:482,5.09,-0.03,-0.33
16:43:39:521,5.12,0.08,-0.52
16:43:39:555,4.90,0.20,-0.60
16:43:39:555,4.61,0.08,-0.48
16:43:39:555,4.29,0.02,-0.28
16:43:39:590,3.55,0.16,-0.30
16:43:39:607,3.16,0.23,-0.44
16:43:39:641,3.11,0.12,-0.47
16:43:39:658,3.18,-0.01,-0.43
16:43:39:693,3.23,0.02,-0.44
16:43:39:711,2.97,0.28,-0.45
16:43:39:745,3.07,0.40,-0.33
16:43:39:762,3.24,0.42,-0.33
16:43:39:795,3.48,0.76,-0.45
16:43:39:812,3.82,1.04,-0.61
16:43:39:846,4.20,1.01,-0.52
16:43:39:915,4.04,0.79,-0.16
16:43:39:933,4.42,1.21,-0.27
16:43:39:951,4.80,1.35,-0.56
16:43:39:967,5.01,1.08,-0.54
16:43:39:985,4.72,0.85,-0.14
16:43:39:985,4.67,0.89,-0.14
16:43:40:19,4.68,0.93,-0.10
16:43:40:19,4.84,0.98,-0.06
16:43:40:88,4.53,0.91,0.09
16:43:40:104,3.93,0.70,0.22
16:43:40:104,3.57,0.42,0.20
16:43:40:120,3.42,0.34,0.24
16:43:40:137,3.60,0.16,0.33
16:43:40:208,3.64,0.10,0.31
16:43:40:242,3.81,-0.00,0.34
16:43:40:260,3.78,-0.11,0.60
16:43:40:260,3.90,-0.29,0.74
16:43:40:277,4.22,-0.33,0.87
16:43:40:277,4.25,-0.34,1.02
16:43:40:312,4.85,-0.27,0.82
16:43:40:347,5.25,-0.15,0.63
16:43:40:364,5.09,0.09,0.55
16:43:40:382,5.43,0.12,0.50
16:43:40:399,5.69,-0.08,0.69
16:43:40:450,6.04,-0.12,0.47
16:43:40:468,5.71,-0.01,0.01
16:43:40:468,5.13,0.56,-0.39
16:43:40:520,4.89,0.89,-0.62
16:43:40:538,4.96,0.76,-0.68
16:43:40:555,5.13,0.32,-0.55
16:43:40:572,4.65,0.30,-0.62
16:43:40:625,3.86,0.42,-0.77
16:43:40:643,3.44,0.41,-0.77
16:43:40:643,3.46,0.41,-0.74
16:43:40:677,3.41,0.50,-0.84
16:43:40:694,3.15,0.76,-0.77
16:43:40:710,3.25,0.55,-0.66
16:43:40:744,3.31,0.53,-0.66
16:43:40:762,3.35,1.28,-0.87
16:43:40:831,3.28,1.76,-0.94
16:43:40:831,3.51,1.60,-0.91
16:43:40:847,3.77,1.15,-0.89
16:43:40:865,3.67,0.90,-0.77
16:43:40:884,4.15,0.97,-0.82
16:43:40:900,4.84,0.79,-0.92
16:43:40:935,5.15,0.50,-0.90
16:43:40:988,5.25,0.25,-0.80
16:43:40:988,5.13,-0.08,-0.51
16:43:41:4,5.08,0.26,-0.32
16:43:41:39,5.21,0.82,-0.17
16:43:41:56,4.75,0.85,-0.15
16:43:41:90,4.13,0.89,-0.11
16:43:41:108,3.65,0.70,-0.00
16:43:41:176,3.51,0.50,0.11
16:43:41:176,3.50,0.44,0.21
16:43:41:176,3.56,0.42,0.29
16:43:41:195,3.67,0.19,0.23
16:43:41:212,3.80,-0.20,0.36
16:43:41:245,4.11,-0.56,0.68
16:43:41:262,3.90,-0.44,1.09
16:43:41:296,4.34,-0.43,1.17
16:43:41:314,4.97,-0.26,1.03
16:43:41:348,5.07,-0.04,0.78
16:43:41:366,5.11,0.15,0.53
16:43:41:401,5.91,0.14,0.60
16:43:41:401,6.28,0.11,0.42
16:43:41:453,5.88,0.27,0.12
16:43:41:471,5.19,0.54,-0.38
16:43:41:522,4.95,1.00,-0.78
16:43:41:539,5.01,1.11,-0.89
16:43:41:540,4.89,0.56,-0.83
16:43:41:557,4.43,0.06,-0.81
16:43:41:593,4.09,0.10,-1.05
16:43:41:628,3.58,0.46,-1.19
16:43:41:644,3.29,0.63,-1.07
16:43:41:679,3.28,0.56,-0.95
16:43:41:713,3.18,0.46,-0.84
16:43:41:713,3.07,0.65,-0.86
16:43:41:730,3.09,0.75,-0.80
16:43:41:763,3.26,0.87,-0.74
16:43:41:763,3.40,1.04,-0.88
16:43:41:796,3.50,1.27,-1.01
16:43:41:814,3.82,1.26,-0.83
16:43:41:913,3.67,0.99,-0.60
16:43:41:947,3.77,0.77,-0.62
16:43:41:981,4.50,0.56,-0.78
16:43:42:16,5.07,0.38,-0.84
16:43:42:85,5.07,0.05,-0.61
16:43:42:86,4.79,-0.09,-0.17
16:43:42:103,4.32,0.08,0.27
16:43:42:103,4.55,0.63,0.39
16:43:42:119,4.99,0.88,0.07
16:43:42:119,4.79,0.85,-0.02
16:43:42:137,4.31,0.78,0.03
16:43:42:137,4.21,0.73,0.36
16:43:42:154,4.08,0.61,0.52
16:43:42:172,3.88,0.32,0.32
16:43:42:190,3.84,0.02,0.20
16:43:42:224,3.73,-0.03,0.30
16:43:42:242,3.61,-0.07,0.54
16:43:42:312,3.60,-0.15,0.58
16:43:42:331,3.59,-0.11,0.54
16:43:42:331,3.96,-0.09,0.56
16:43:42:349,4.46,0.12,0.53
16:43:42:349,4.74,0.40,0.30
16:43:42:365,4.84,0.51,0.17
16:43:42:417,5.02,0.37,0.10
16:43:42:451,4.83,0.28,-0.05
16:43:42:468,4.67,0.22,-0.26
16:43:42:485,4.50,0.21,-0.40
16:43:42:485,4.29,0.41,-0.43
16:43:42:519,3.81,0.62,-0.48
16:43:42:536,3.63,0.54,-0.51
16:43:42:601,3.86,0.21,-0.70
16:43:42:617,4.06,0.02,-0.97
16:43:42:635,3.89,0.09,-1.16
16:43:42:635,3.68,0.02,-1.07
16:43:42:669,3.58,0.01,-0.88
16:43:42:685,3.64,0.01,-0.82
16:43:42:704,3.54,0.03,-0.86
16:43:42:738,3.61,-0.00,-0.77
16:43:42:824,3.73,0.03,-0.62
16:43:42:893,3.78,-0.03,-0.48
16:43:42:964,4.15,0.01,-0.51
16:43:43:69,4.16,0.18,-0.47
16:43:43:70,4.07,0.27,-0.44
16:43:43:89,4.04,0.24,-0.31
16:43:43:89,4.20,0.05,-0.24
16:43:43:141,4.20,-0.08,-0.17
16:43:43:177,4.04,-0.17,-0.10
16:43:43:177,3.94,-0.21,-0.01
16:43:43:177,3.81,-0.12,0.10
16:43:43:195,3.83,-0.05,0.14
16:43:43:212,3.93,-0.00,0.14
16:43:43:212,3.97,0.05,0.14
16:43:43:228,4.06,0.09,0.15
16:43:43:228,4.16,0.14,0.13
16:43:43:228,4.16,0.15,0.15
16:43:43:262,4.16,0.07,0.15
16:43:43:297,4.16,-0.00,0.09
16:43:43:333,4.13,-0.01,0.10
16:43:43:333,4.04,0.09,0.16
16:43:43:349,4.09,0.17,0.14
16:43:43:349,4.09,0.14,0.02
16:43:43:366,4.06,0.03,-0.02
16:43:43:366,3.99,-0.04,-0.02
16:43:43:399,4.01,-0.07,0.02
16:43:43:399,4.01,-0.02,0.01
16:43:43:399,4.02,-0.07,-0.05
16:43:43:417,4.01,-0.03,-0.00
16:43:43:450,4.02,-0.00,0.01
16:43:43:484,4.05,0.07,0.00
16:43:43:536,4.06,0.03,0.06
16:43:43:553,4.12,-0.18,-0.00
16:43:43:572,4.13,-0.22,-0.26
16:43:43:572,3.81,0.08,-0.23
16:43:43:589,4.01,0.08,0.11
16:43:43:622,4.00,0.04,0.15
16:43:43:656,4.03,0.27,0.21
16:43:43:689,4.06,0.07,0.29
16:43:43:706,4.00,0.43,0.39
16:43:43:724,4.03,0.35,0.36
16:43:43:741,3.98,0.29,0.28
16:43:43:758,4.05,0.29,0.28
16:43:43:793,4.06,0.37,0.12
16:43:43:810,3.97,0.05,-0.05
16:43:43:845,4.00,0.04,0.04
16:43:43:881,3.95,0.35,0.15
16:43:43:913,3.95,0.38,0.19
16:43:43:915,4.04,0.39,0.18
16:43:43:932,3.96,0.32,0.15
16:43:43:950,4.03,0.24,0.46
16:43:43:984,4.04,0.34,0.55
16:43:44:18,3.86,0.06,0.21
16:43:44:36,4.02,-0.15,0.32
16:43:44:52,4.03,0.05,0.40
16:43:44:68,3.90,0.45,0.60
16:43:44:87,3.85,0.59,0.70
16:43:44:137,3.89,0.41,0.57
16:43:44:154,3.90,0.17,0.48
16:43:44:171,3.90,0.15,0.51
16:43:44:205,3.94,0.11,0.52
16:43:44:224,3.95,0.04,0.53
16:43:44:275,3.98,0.00,0.47
16:43:44:275,4.02,-0.01,0.57
16:43:44:275,4.09,-0.09,0.72
16:43:44:309,4.07,-0.05,0.76
16:43:44:326,4.08,-0.05,0.67
16:43:44:344,4.14,-0.05,0.59
16:43:44:412,4.22,-0.07,0.58
16:43:44:431,4.26,0.01,0.52
16:43:44:448,4.28,0.15,0.49
16:43:44:448,4.19,0.16,0.42
16:43:44:465,3.95,0.11,0.33
16:43:44:516,3.84,0.02,0.28
16:43:44:601,3.78,0.04,0.24
16:43:44:619,3.96,0.12,0.18
16:43:44:619,4.12,0.14,0.15
16:43:44:653,4.09,0.08,0.13
16:43:44:669,4.09,0.08,0.18
16:43:44:671,4.05,0.11,0.29
16:43:44:706,3.98,0.13,0.41
16:43:44:792,3.82,0.16,0.45
16:43:44:792,3.85,0.05,0.44
16:43:44:809,3.78,-0.05,0.50
16:43:44:827,3.75,-0.36,0.50
16:43:44:827,3.70,-0.46,0.41
16:43:44:845,3.76,-0.43,0.27
16:43:44:861,3.85,-0.43,0.10
16:43:44:879,3.91,-0.43,-0.03
16:43:44:896,4.19,-0.30,-0.29
16:43:44:966,4.66,-0.21,-0.66
16:43:45:17,4.51,-0.43,-0.51
16:43:45:33,3.91,-0.69,-0.54
16:43:45:34,3.76,-0.63,-0.71
16:43:45:68,3.93,-0.33,-0.70
16:43:45:68,4.28,-0.01,-0.81
16:43:45:119,4.49,0.06,-0.56
16:43:45:135,4.11,-0.09,-0.44
16:43:45:153,4.10,-0.37,-0.51
16:43:45:169,4.11,-0.45,-0.48
16:43:45:170,4.00,-0.81,-0.28
16:43:45:170,3.84,-1.07,-0.38
16:43:45:205,3.71,-1.17,-0.54
16:43:45:205,3.78,-1.05,-0.45
16:43:45:275,3.90,-0.98,-0.42
16:43:45:343,3.72,-0.83,-0.51
16:43:45:343,3.88,-0.74,-0.57
16:43:45:343,4.10,-0.74,-0.56
16:43:45:379,4.30,-0.74,-0.61
16:43:45:396,4.31,-0.40,-0.67
16:43:45:413,4.27,-0.23,-0.70
16:43:45:431,4.56,-0.25,-0.79
16:43:45:466,4.68,-0.17,-0.80
16:43:45:483,4.33,0.11,-0.58
16:43:45:483,3.98,0.40,-0.43
16:43:45:553,3.80,0.55,-0.41
16:43:45:571,3.73,0.64,-0.37
16:43:45:571,3.79,0.77,-0.39
16:43:45:588,4.22,1.06,-0.53
16:43:45:605,4.33,1.04,-0.53
16:43:45:640,4.21,0.86,-0.45
16:43:45:723,4.08,0.75,-0.36
16:43:45:723,4.16,0.84,-0.29
16:43:45:740,4.16,0.96,-0.26
16:43:45:758,4.00,0.98,-0.17
16:43:45:775,3.78,1.08,-0.00
16:43:45:792,3.75,1.05,0.03
16:43:45:877,3.80,0.94,0.09
16:43:45:877,3.83,0.75,0.14
16:43:45:895,3.67,0.74,0.23
16:43:45:895,3.63,0.81,0.37
16:43:45:912,3.72,0.77,0.38
16:43:45:912,3.71,0.68,0.42
16:43:45:945,3.88,0.54,0.36
16:43:46:32,4.13,0.37,0.32
16:43:46:32,4.10,0.33,0.35
16:43:46:50,4.04,0.26,0.41
16:43:46:67,3.90,0.20,0.38
16:43:46:67,3.94,0.23,0.13
16:43:46:67,4.00,0.32,0.15
16:43:46:118,3.96,0.32,-0.04
16:43:46:153,4.03,0.24,-0.12
16:43:46:205,4.03,0.16,-0.23
16:43:46:239,3.93,0.23,-0.22
16:43:46:257,3.91,0.20,-0.27
16:43:46:274,4.05,0.12,-0.36
16:43:46:309,4.17,0.19,-0.35
16:43:46:309,4.24,0.35,-0.39
16:43:46:326,4.18,0.33,-0.36
16:43:46:342,3.95,0.16,-0.28
16:43:46:408,3.77,0.15,-0.27
16:43:46:408,3.76,0.12,-0.27
16:43:46:426,3.76,0.16,-0.24
16:43:46:426,3.88,0.20,-0.22
16:43:46:426,4.01,0.30,-0.19
16:43:46:497,4.27,0.30,-0.23
16:43:46:514,4.26,0.25,-0.15
16:43:46:514,4.00,0.30,-0.09
16:43:46:583,3.94,0.30,0.02
16:43:46:584,3.88,0.45,0.16
16:43:46:619,3.74,0.53,0.22
16:43:46:637,3.78,0.50,0.23
16:43:46:672,3.93,0.38,0.16
16:43:46:689,4.16,0.37,0.23
16:43:46:689,4.08,0.42,0.24
16:43:46:723,4.05,0.42,0.20
16:43:46:773,4.02,0.29,0.10
16:43:46:806,3.95,0.36,0.18
16:43:46:806,3.99,0.28,0.07
16:43:46:822,4.04,0.20,0.05
16:43:46:839,4.06,0.06,0.03
16:43:46:840,4.00,0.05,-0.02
16:43:46:875,4.05,0.09,0.04
16:43:46:925,4.04,0.16,0.06
16:43:46:942,4.00,0.14,0.04
16:43:46:959,4.01,0.06,0.03
16:43:46:992,4.01,0.09,0.02
16:43:46:993,4.03,0.12,0.04
16:43:47:26,4.13,0.16,0.07
16:43:47:26,4.11,0.17,0.06
16:43:47:59,4.16,0.13,0.04
16:43:47:127,4.12,0.21,0.02
16:43:47:127,4.00,0.28,0.10
16:43:47:144,3.99,0.32,0.00
16:43:47:162,4.09,0.37,-0.07
16:43:47:180,4.16,-0.58,-0.29
16:43:47:213,3.84,-0.03,-0.22
16:43:47:231,3.95,0.74,0.38
16:43:47:281,3.98,0.68,0.51
16:43:47:433,3.79,0.65,0.43
16:43:47:485,3.93,0.48,0.42
16:43:47:520,3.89,0.40,0.39
16:43:47:552,4.06,0.42,0.31
16:43:47:553,4.00,0.31,0.31
16:43:47:570,4.00,0.38,0.29
16:43:47:585,4.01,0.41,0.32
16:43:47:620,4.03,0.26,0.32
16:43:47:655,4.01,0.23,0.37
16:43:47:655,3.96,0.18,0.31
16:43:47:672,3.95,0.13,0.23
16:43:47:706,4.01,0.14,0.23
16:43:47:706,4.00,0.20,0.26
16:43:47:725,3.99,0.22,0.24
16:43:47:742,4.00,0.20,0.26
16:43:47:742,3.95,0.21,0.21
16:43:47:759,3.96,0.21,0.15
16:43:47:828,4.00,0.13,0.17
16:43:47:846,3.98,0.15,0.13
16:43:47:863,3.93,0.18,0.13
16:43:47:863,3.98,0.17,0.15
16:43:47:880,4.01,0.25,0.16
16:43:47:897,4.05,0.25,0.14
16:43:47:913,4.04,0.29,0.16
16:43:47:930,3.97,0.32,0.22
16:43:47:930,3.96,0.36,0.21
16:43:47:947,3.99,0.36,0.17
16:43:47:982,4.03,0.34,0.18
16:43:48:16,3.99,0.35,0.20
16:43:48:16,3.95,0.40,0.16
16:43:48:35,4.02,0.44,0.18
16:43:48:52,4.10,0.42,0.24
16:43:48:52,4.06,0.52,0.23
16:43:48:104,4.04,0.57,0.28
16:43:48:121,4.10,0.52,0.34
16:43:48:191,4.04,0.46,0.45
16:43:48:191,3.99,0.34,0.48
16:43:48:208,3.99,0.21,0.53
16:43:48:226,4.02,0.05,0.57
16:43:48:226,3.88,-0.14,0.69
16:43:48:243,3.61,-0.24,0.78
16:43:48:260,3.66,-0.30,0.61
16:43:48:294,4.57,-0.45,0.36
16:43:48:294,4.83,-0.73,0.25
16:43:48:380,4.29,-0.80,0.16
16:43:48:380,4.24,-0.75,0.16
16:43:48:397,4.05,-0.44,0.21
16:43:48:397,3.89,-0.36,0.27
16:43:48:429,3.74,-0.49,0.19
16:43:48:448,3.73,-0.46,0.13
16:43:48:465,3.79,-0.38,-0.00
16:43:48:515,3.88,-0.19,-0.03
16:43:48:565,3.86,0.07,0.08
16:43:48:565,3.89,0.21,0.04
16:43:48:583,4.18,0.42,0.02
16:43:48:619,4.29,0.69,-0.10
16:43:48:635,4.06,0.86,-0.16
16:43:48:636,4.11,0.94,-0.19
16:43:48:671,4.20,1.13,-0.37
16:43:48:757,4.58,1.13,-0.59
16:43:48:757,4.77,0.95,-0.45
16:43:48:774,4.23,0.86,-0.20
16:43:48:774,3.45,0.98,-0.04
16:43:48:809,3.39,1.04,-0.05
16:43:48:826,3.57,0.93,-0.16
16:43:48:826,3.92,0.77,-0.17
16:43:48:876,3.94,0.50,-0.13
16:43:48:911,3.78,0.39,0.05
16:43:48:927,3.67,0.26,0.16
16:43:48:928,3.69,0.19,0.30
16:43:48:945,3.84,0.18,0.36
16:43:48:962,3.92,0.32,0.41
16:43:48:997,3.84,0.42,0.50
16:43:49:30,3.71,0.39,0.66
16:43:49:81,3.55,0.21,0.89
16:43:49:100,3.95,0.19,0.95
16:43:49:117,4.50,0.37,0.88
16:43:49:134,4.75,0.54,0.72
16:43:49:134,4.44,0.72,0.73
16:43:49:152,4.38,0.73,0.63
16:43:49:187,5.56,0.43,0.39
16:43:49:205,6.08,0.33,0.29
16:43:49:239,5.66,0.42,0.15
16:43:49:273,5.08,0.50,0.10
16:43:49:290,4.36,0.68,0.29
16:43:49:342,3.52,0.57,0.25
16:43:49:342,3.60,0.32,0.16
16:43:49:359,4.30,-0.03,-0.17
16:43:49:376,4.38,-0.10,-0.32
16:43:49:427,3.82,0.13,-0.34
16:43:49:479,3.59,0.43,-0.39
16:43:49:496,3.54,0.66,-0.31
16:43:49:529,3.47,0.63,-0.26
16:43:49:549,3.27,0.55,-0.34
16:43:49:549,3.23,0.37,-0.41
16:43:49:636,3.33,0.41,-0.53
16:43:49:636,3.53,0.58,-0.38
16:43:49:653,3.50,1.22,-0.47
16:43:49:688,3.95,1.52,-0.62
16:43:49:705,4.08,1.38,-0.59
16:43:49:722,4.01,1.34,-0.51
16:43:49:722,4.30,1.30,-0.63
16:43:49:738,4.83,1.06,-0.71
16:43:49:756,4.79,0.46,-0.55
16:43:49:773,4.50,0.23,-0.24
16:43:49:826,4.17,0.29,-0.10
16:43:49:826,4.10,0.53,0.12
16:43:49:826,4.34,0.79,0.17
16:43:49:861,4.33,0.85,0.13
16:43:49:879,3.87,0.79,0.23
16:43:49:963,3.54,0.69,0.37
16:43:50:31,3.43,0.54,0.53
16:43:50:31,3.56,0.42,0.53
16:43:50:47,3.62,0.39,0.36
16:43:50:47,3.63,0.38,0.42
16:43:50:64,3.38,0.30,0.78
16:43:50:65,3.58,0.03,0.87
16:43:50:82,3.85,-0.02,0.80
16:43:50:115,4.24,-0.04,0.76
16:43:50:185,5.09,0.04,0.72
16:43:50:235,5.01,0.23,0.70
16:43:50:269,5.19,0.43,0.60
16:43:50:270,5.92,0.49,0.65
16:43:50:287,5.92,0.44,0.58
16:43:50:304,5.79,0.33,0.25
16:43:50:356,5.19,0.36,0.00
16:43:50:357,4.85,0.37,-0.14
16:43:50:357,4.81,0.45,-0.29
16:43:50:373,4.74,0.45,-0.27
16:43:50:375,4.28,0.51,-0.24
16:43:50:375,3.83,0.40,-0.30
16:43:50:408,3.54,0.26,-0.52
16:43:50:441,3.44,0.09,-0.60
16:43:50:459,3.37,0.04,-0.50
16:43:50:495,3.36,0.13,-0.48
16:43:50:545,3.11,0.45,-0.53
16:43:50:562,3.19,0.54,-0.47
16:43:50:562,2.95,0.69,-0.46
16:43:50:596,3.05,0.79,-0.57
16:43:50:615,3.23,0.96,-0.72
16:43:50:615,3.55,1.19,-0.75
16:43:50:632,3.87,1.01,-0.56
16:43:50:719,3.92,0.82,-0.54
16:43:50:719,4.34,1.02,-0.85
16:43:50:735,4.68,0.96,-0.94
16:43:50:770,5.07,0.72,-0.81
16:43:50:788,5.19,0.34,-0.49
16:43:50:788,4.79,0.40,-0.26
16:43:50:805,4.59,0.50,-0.07
16:43:50:893,4.78,0.86,0.01
16:43:50:910,4.56,0.98,0.13
16:43:50:910,3.97,1.07,0.22
16:43:50:910,3.59,0.99,0.40
16:43:50:944,3.35,0.82,0.44
16:43:50:962,3.41,0.52,0.45
16:43:50:979,3.67,0.25,0.43
16:43:50:996,3.60,0.15,0.49
16:43:51:65,3.55,0.05,0.63
16:43:51:82,3.83,0.01,0.79
16:43:51:99,4.12,-0.09,0.77
16:43:51:117,4.67,-0.05,0.72
16:43:51:151,5.34,-0.03,0.62
16:43:51:151,5.13,0.22,0.55
16:43:51:169,5.46,0.44,0.31
16:43:51:186,6.23,0.42,0.32
16:43:51:255,6.11,0.35,0.37
16:43:51:255,5.33,0.32,0.14
16:43:51:272,5.09,0.43,-0.36
16:43:51:289,5.08,0.61,-0.64
16:43:51:322,4.80,0.52,-0.64
16:43:51:358,4.50,0.40,-0.57
16:43:51:428,4.04,0.28,-0.57
16:43:51:428,3.89,0.23,-0.74
16:43:51:443,3.48,0.36,-0.86
16:43:51:445,3.23,0.41,-0.85
16:43:51:495,3.18,0.36,-0.74
16:43:51:495,3.09,0.45,-0.73
16:43:51:528,2.82,0.87,-0.72
16:43:51:529,2.98,0.69,-0.66
16:43:51:581,3.06,0.89,-0.72
16:43:51:615,3.49,1.03,-0.85
16:43:51:632,3.61,1.23,-0.91
16:43:51:651,3.76,1.09,-0.64
16:43:51:651,3.69,1.06,-0.41
16:43:51:668,4.15,1.42,-0.64
16:43:51:703,4.64,1.36,-0.83
16:43:51:721,5.24,1.11,-1.10
16:43:51:755,5.07,0.36,-0.84
16:43:51:789,4.75,0.13,-0.26
16:43:51:806,4.84,0.31,-0.07
16:43:51:822,5.13,0.55,0.11
16:43:51:839,4.94,0.54,0.23
16:43:51:856,4.34,0.52,0.28
16:43:51:891,3.78,0.56,0.41
16:43:51:978,3.47,0.55,0.54
16:43:51:995,3.36,0.37,0.58
16:43:52:12,3.59,0.14,0.57
16:43:52:12,3.42,0.04,0.55
16:43:52:29,3.26,-0.00,0.53
16:43:52:29,3.80,-0.05,0.65
16:43:52:46,4.09,-0.01,0.64
16:43:52:80,4.44,0.02,0.54
16:43:52:149,4.78,0.05,0.45
16:43:52:165,5.12,0.12,0.46
16:43:52:182,5.31,0.12,0.26
16:43:52:182,6.01,0.09,0.26
16:43:52:200,5.71,0.11,0.32
16:43:52:267,5.48,0.10,0.22
16:43:52:336,5.08,0.31,-0.04
16:43:52:337,5.16,0.40,-0.38
16:43:52:337,4.90,0.42,-0.49
16:43:52:354,4.75,0.22,-0.64
16:43:52:354,4.45,0.18,-0.63
16:43:52:371,3.99,0.34,-0.69
16:43:52:387,3.66,0.33,-0.62
16:43:52:422,3.40,0.22,-0.62
16:43:52:438,3.33,0.18,-0.63
16:43:52:507,3.21,0.22,-0.57
16:43:52:524,3.11,0.25,-0.50
16:43:52:542,2.96,0.30,-0.33
16:43:52:542,2.96,0.40,-0.27
16:43:52:558,2.97,0.71,-0.29
16:43:52:592,3.12,1.02,-0.42
16:43:52:627,3.36,1.05,-0.49
16:43:52:627,3.79,0.79,-0.44
16:43:52:765,4.10,0.67,-0.34
16:43:52:783,4.71,0.92,-0.54
16:43:52:800,5.27,0.65,-0.81
16:43:52:800,5.29,0.11,-0.71
16:43:52:834,4.98,0.31,-0.36
16:43:52:852,5.14,0.49,-0.04
16:43:52:886,5.13,0.81,-0.19
16:43:52:939,4.59,1.04,-0.37
16:43:52:956,4.07,0.96,-0.23
16:43:52:956,3.80,0.83,0.11
16:43:52:973,3.58,0.63,0.26
16:43:52:973,3.41,0.53,0.20
16:43:52:991,3.42,0.32,0.29
16:43:53:9,3.56,0.31,0.32
16:43:53:9,3.54,0.11,0.41
16:43:53:79,3.40,-0.03,0.43
16:43:53:79,4.00,-0.21,0.48
16:43:53:95,4.37,-0.44,0.42
16:43:53:95,4.97,-0.65,0.44
16:43:53:113,5.20,-0.55,0.55
16:43:53:130,5.16,-0.20,0.54
16:43:53:164,5.75,-0.16,0.44
16:43:53:215,5.97,-0.27,0.65
16:43:53:234,6.03,-0.19,0.47
16:43:53:251,5.79,-0.04,0.03
16:43:53:251,5.71,0.23,-0.45
16:43:53:285,5.52,0.62,-0.59
16:43:53:335,4.97,0.78,-0.53
16:43:53:335,4.54,0.44,-0.42
16:43:53:352,4.21,0.15,-0.33
16:43:53:422,4.07,0.12,-0.39
16:43:53:438,3.77,0.32,-0.53
16:43:53:438,3.06,0.68,-0.54
16:43:53:454,2.99,0.58,-0.53
16:43:53:470,3.50,0.28,-0.52
16:43:53:487,3.57,0.61,-0.81
16:43:53:521,3.09,1.10,-0.99
16:43:53:557,3.14,1.23,-0.86
16:43:53:589,3.88,1.22,-0.97
16:43:53:589,3.93,1.09,-1.16
16:43:53:623,3.54,1.12,-0.98
16:43:53:676,3.97,0.85,-0.59
16:43:53:692,4.57,0.91,-0.56
16:43:53:693,4.80,0.99,-0.80
16:43:53:762,4.93,0.81,-0.89
16:43:53:780,5.27,0.37,-0.55
16:43:53:797,5.08,0.38,-0.03
16:43:53:798,4.95,0.61,0.04
16:43:53:815,4.65,0.85,0.03
16:43:53:832,4.30,0.94,0.19
16:43:53:866,4.03,0.69,0.44
16:43:53:952,3.64,0.47,0.48
16:43:53:952,3.74,0.23,0.54
16:43:53:969,3.76,0.04,0.50
16:43:53:987,3.89,-0.16,0.58
16:43:53:987,4.08,-0.21,0.76
16:43:54:4,3.98,-0.28,0.92
16:43:54:21,4.25,-0.39,1.06
16:43:54:55,4.55,-0.29,1.05
16:43:54:72,5.05,-0.27,0.91
16:43:54:106,5.37,-0.20,0.75
16:43:54:139,5.18,0.00,0.51
16:43:54:157,5.76,0.13,0.55
16:43:54:157,6.13,0.09,0.49
16:43:54:192,6.27,0.14,0.23
16:43:54:209,5.65,0.33,-0.20
16:43:54:261,5.24,0.60,-0.62
16:43:54:278,5.20,0.62,-0.68
16:43:54:363,5.15,0.33,-0.56
16:43:54:364,4.76,0.07,-0.45
16:43:54:364,4.34,0.19,-0.52
16:43:54:380,3.87,0.35,-0.66
16:43:54:380,3.55,0.50,-0.68
16:43:54:415,3.42,0.38,-0.63
16:43:54:432,3.33,0.30,-0.67
16:43:54:499,3.11,0.44,-0.70
16:43:54:569,3.16,0.54,-0.62
16:43:54:569,3.35,0.72,-0.61
16:43:54:587,3.36,0.96,-0.75
16:43:54:639,3.20,1.31,-0.87
16:43:54:674,3.54,1.17,-0.80
16:43:54:674,3.62,1.08,-0.71
16:43:54:674,3.57,1.12,-0.73
16:43:54:692,4.25,0.95,-0.92
16:43:54:711,4.50,0.55,-0.94
16:43:54:728,4.61,0.29,-0.66
16:43:54:728,4.84,0.10,-0.35
16:43:54:745,4.79,0.41,-0.19
16:43:54:780,5.02,0.84,-0.27
16:43:54:797,4.95,0.81,-0.26
16:43:54:815,4.37,0.88,-0.11
16:43:54:902,4.06,0.65,0.05
16:43:54:902,3.97,0.36,0.16
16:43:54:919,3.93,0.22,0.19
16:43:54:936,3.96,0.12,0.17
16:43:54:936,3.83,0.13,0.16
16:43:54:954,3.77,0.05,0.29
16:43:55:22,3.95,-0.13,0.47
16:43:55:40,4.03,-0.30,0.67
16:43:55:40,4.29,-0.36,0.79
16:43:55:40,4.58,-0.36,0.83
16:43:55:75,4.85,-0.17,0.85
16:43:55:92,5.09,0.09,0.95
16:43:55:127,4.94,0.34,1.00
16:43:55:144,5.59,0.55,0.83
16:43:55:256,5.98,0.61,0.67
16:43:55:292,6.22,0.59,0.37
16:43:55:292,6.26,0.58,0.13
16:43:55:309,5.61,0.88,-0.13
16:43:55:342,4.98,1.23,-0.72
16:43:55:359,4.72,1.58,-0.95
16:43:55:402,5.03,1.69,-1.02
16:43:55:419,4.49,1.22,-1.03
16:43:55:435,3.77,0.62,-1.34
16:43:55:476,3.54,0.53,-1.64
16:43:55:581,3.58,0.60,-1.81
16:43:55:581,3.39,0.56,-1.78
16:43:55:597,3.41,0.27,-1.69
16:43:55:597,3.58,0.20,-1.64
16:43:55:597,3.62,0.21,-1.49
16:43:55:614,3.63,0.45,-1.14
16:43:55:631,3.51,0.57,-0.81
16:43:55:631,3.34,0.47,-0.59
16:43:55:648,3.19,0.36,-0.41
16:43:55:666,3.09,0.22,-0.28
16:43:55:666,3.20,0.20,-0.12
16:43:55:700,3.32,0.19,-0.02
16:43:55:753,3.81,0.31,-0.11
16:43:55:753,4.00,-0.00,0.16
16:43:55:753,3.73,-0.17,0.75
16:43:55:788,3.77,-0.00,1.04
16:43:55:803,3.88,0.31,0.99
16:43:55:820,3.99,0.50,0.91
16:43:55:839,4.28,0.50,0.83
16:43:55:874,4.60,0.54,0.63
16:43:55:976,4.80,0.66,0.44
16:43:56:97,4.81,0.81,0.41
16:43:56:184,4.75,0.85,0.48
16:43:56:219,4.66,0.63,0.43
16:43:56:219,4.38,0.49,0.41
16:43:56:235,4.21,0.32,0.36
