17:46:11:921,3.88,-0.47,-0.83
17:46:11:937,3.88,-0.44,-0.82
17:46:11:953,3.87,-0.46,-0.83
17:46:11:968,3.87,-0.47,-0.82
17:46:11:968,3.86,-0.47,-0.85
17:46:12:54,3.89,-0.45,-0.83
17:46:12:110,3.91,-0.50,-0.76
17:46:12:157,3.91,-0.44,-0.83
17:46:12:157,3.86,-0.44,-0.82
17:46:12:173,3.89,-0.49,-0.80
17:46:12:179,3.88,-0.47,-0.81
17:46:12:274,3.87,-0.45,-0.82
17:46:12:305,3.85,-0.49,-0.81
17:46:12:320,3.86,-0.47,-0.81
17:46:12:320,3.88,-0.47,-0.77
17:46:12:336,3.89,-0.48,-0.82
17:46:12:352,3.88,-0.47,-0.80
17:46:12:430,3.87,-0.46,-0.81
17:46:12:436,3.86,-0.47,-0.82
17:46:12:452,3.86,-0.47,-0.83
17:46:12:457,3.84,-0.48,-0.79
17:46:12:504,3.86,-0.46,-0.80
17:46:12:504,3.89,-0.44,-0.81
17:46:12:520,3.90,-0.47,-0.79
17:46:12:536,3.90,-0.48,-0.83
17:46:12:536,3.86,-0.46,-0.83
17:46:12:567,3.87,-0.46,-0.82
17:46:12:626,3.86,-0.48,-0.80
17:46:12:642,3.87,-0.48,-0.83
17:46:12:657,3.86,-0.47,-0.83
17:46:12:657,3.88,-0.47,-0.86
17:46:12:681,3.88,-0.46,-0.83
17:46:12:713,3.87,-0.48,-0.87
17:46:12:824,3.89,-0.47,-0.86
17:46:12:863,3.85,-0.49,-0.87
17:46:12:899,3.88,-0.48,-0.85
17:46:12:929,3.88,-0.47,-0.83
17:46:12:979,3.85,-0.49,-0.85
17:46:12:999,3.87,-0.47,-0.86
17:46:12:999,3.85,-0.48,-0.87
17:46:13:32,3.86,-0.48,-0.86
17:46:13:39,3.87,-0.46,-0.83
17:46:13:49,3.86,-0.47,-0.86
17:46:13:49,3.85,-0.48,-0.85
17:46:13:139,3.86,-0.49,-0.86
17:46:13:199,3.86,-0.48,-0.87
17:46:13:199,3.87,-0.48,-0.87
17:46:13:199,3.86,-0.46,-0.84
17:46:13:214,3.85,-0.47,-0.85
17:46:13:239,3.87,-0.48,-0.84
17:46:13:239,3.85,-0.46,-0.87
17:46:13:264,3.86,-0.47,-0.86
17:46:13:329,3.87,-0.47,-0.85
17:46:13:359,3.86,-0.48,-0.85
17:46:13:389,3.87,-0.49,-0.88
17:46:13:411,3.86,-0.48,-0.88
17:46:13:420,3.85,-0.48,-0.83
17:46:13:434,3.86,-0.48,-0.86
17:46:13:441,3.87,-0.45,-0.88
17:46:13:549,3.86,-0.45,-0.87
17:46:13:549,3.86,-0.47,-0.87
17:46:13:554,3.86,-0.46,-0.86
17:46:13:589,3.85,-0.47,-0.85
17:46:13:611,3.86,-0.47,-0.87
17:46:13:700,3.87,-0.46,-0.87
17:46:13:744,3.86,-0.46,-0.87
17:46:13:761,3.86,-0.44,-0.85
17:46:13:761,3.84,-0.45,-0.85
17:46:13:769,3.86,-0.46,-0.88
17:46:13:832,3.86,-0.45,-0.88
17:46:13:922,3.86,-0.44,-0.84
17:46:13:929,3.85,-0.45,-0.90
17:46:14:62,3.84,-0.46,-0.89
17:46:14:149,3.87,-0.44,-0.87
17:46:14:193,3.85,-0.45,-0.86
17:46:14:264,3.88,-0.44,-0.89
17:46:14:264,3.84,-0.45,-0.89
17:46:14:271,3.86,-0.44,-0.89
17:46:14:299,3.85,-0.44,-0.86
17:46:14:331,3.86,-0.45,-0.88
17:46:14:369,3.86,-0.46,-0.91
17:46:14:369,3.85,-0.44,-0.90
17:46:14:462,3.85,-0.44,-0.88
17:46:14:462,3.85,-0.44,-0.90
17:46:14:501,3.87,-0.45,-0.87
17:46:14:602,3.87,-0.45,-0.91
17:46:14:621,3.86,-0.46,-0.91
17:46:14:634,3.85,-0.44,-0.94
17:46:14:634,3.87,-0.43,-0.91
17:46:14:634,3.86,-0.44,-0.88
17:46:14:649,3.86,-0.43,-0.91
17:46:14:649,3.85,-0.44,-0.91
17:46:14:649,3.86,-0.43,-0.91
17:46:14:680,3.85,-0.43,-0.90
17:46:14:689,3.84,-0.44,-0.90
17:46:14:741,3.86,-0.42,-0.92
17:46:14:789,3.83,-0.41,-0.92
17:46:14:789,3.88,-0.45,-0.93
17:46:14:862,3.86,-0.43,-0.92
17:46:14:862,3.86,-0.44,-0.88
17:46:14:862,3.85,-0.43,-0.92
17:46:14:862,3.82,-0.44,-0.93
17:46:14:882,3.97,-0.38,-0.85
17:46:14:882,3.93,-0.48,-0.85
17:46:14:882,3.89,-0.20,-0.82
17:46:14:969,3.91,-0.41,-0.84
17:46:14:969,3.92,-0.53,-0.75
17:46:14:969,3.89,-0.49,-0.70
17:46:14:979,3.89,-0.43,-0.71
17:46:14:992,3.84,-0.42,-0.75
17:46:15:14,3.89,-0.42,-0.64
17:46:15:14,3.85,-0.40,-0.62
17:46:15:33,3.91,-0.48,-0.61
17:46:15:33,3.83,-0.50,-0.64
17:46:15:33,3.86,-0.45,-0.74
17:46:15:62,3.91,-0.55,-0.67
17:46:15:62,3.83,-0.54,-0.83
17:46:15:123,4.05,-0.81,-0.51
17:46:15:123,3.77,-0.78,-0.66
17:46:15:123,3.84,-0.62,-0.58
17:46:15:134,3.92,-0.60,-0.21
17:46:15:134,3.68,-0.21,-0.31
17:46:15:169,3.82,-0.23,0.01
17:46:15:204,3.77,-0.80,-0.71
17:46:15:219,3.59,-1.03,-0.85
17:46:15:231,3.84,-0.38,-0.54
17:46:15:231,3.34,0.25,-0.39
17:46:15:231,3.45,-1.90,-1.64
17:46:15:241,3.57,-1.17,-1.04
17:46:15:393,4.32,-0.60,-0.28
17:46:15:393,3.96,-0.93,-0.71
17:46:15:393,4.05,-0.87,-0.44
17:46:15:513,3.70,-1.02,-0.51
17:46:15:513,3.93,-1.17,-0.33
17:46:15:513,3.91,-0.74,-0.26
17:46:15:513,4.24,-0.88,-0.51
17:46:15:548,4.04,-0.79,-0.51
17:46:15:564,4.32,-0.83,0.14
17:46:15:580,4.22,-1.50,-0.18
17:46:15:597,4.35,-1.82,0.04
17:46:15:669,4.49,-1.61,0.07
17:46:15:706,5.20,-1.51,0.15
17:46:15:706,5.65,-1.46,0.43
17:46:15:741,6.51,-0.75,0.13
17:46:15:758,6.99,-0.43,-0.65
17:46:15:758,7.15,0.38,-1.43
17:46:15:840,6.54,0.45,-2.01
17:46:15:840,7.79,-1.17,-1.92
17:46:15:856,8.00,-1.04,-2.58
17:46:16:25,6.50,0.18,-4.87
17:46:16:25,-8.00,-4.22,3.57
17:46:16:25,6.45,6.42,-5.66
17:46:16:25,0.71,2.08,-1.23
17:46:16:25,1.59,2.63,-0.93
17:46:16:143,1.57,1.43,-1.15
17:46:16:143,2.43,0.04,-2.12
17:46:16:143,3.36,-0.32,-1.83
17:46:16:143,4.65,-0.24,-1.80
17:46:16:143,5.81,0.22,-1.40
17:46:16:143,7.35,-0.00,-1.66
17:46:16:296,8.00,-1.15,-1.84
17:46:16:380,8.00,-2.18,0.04
17:46:16:396,8.00,-2.57,1.56
17:46:16:432,8.00,-6.17,2.13
17:46:16:465,8.00,-7.17,6.91
17:46:16:465,7.73,-7.22,8.00
17:46:16:484,6.85,-5.84,4.16
17:46:16:484,6.92,-3.53,2.19
17:46:16:500,3.50,2.37,-8.00
17:46:16:500,8.00,6.57,3.37
17:46:16:532,8.00,-2.63,1.80
17:46:16:566,4.59,-1.81,1.15
17:46:16:566,3.79,-0.68,-0.44
17:46:16:566,3.86,-1.67,-1.52
17:46:16:583,4.91,-2.33,-0.59
17:46:16:601,4.11,-1.46,-0.45
17:46:16:601,3.98,-0.63,-0.24
17:46:16:601,4.00,-0.26,-0.28
17:46:16:601,3.83,-0.25,-0.51
17:46:16:601,3.84,-0.98,-0.92
17:46:16:601,3.67,-0.74,-0.54
17:46:16:617,4.04,-0.52,-0.62
17:46:16:617,4.26,-0.55,-0.41
17:46:16:617,3.62,-1.18,-0.50
17:46:16:617,3.82,-0.71,-0.51
17:46:16:617,4.16,-1.12,-0.42
17:46:16:633,5.00,-1.39,-0.29
17:46:16:633,6.14,-0.80,-0.31
17:46:16:633,6.23,-0.89,-0.16
17:46:16:633,5.99,-1.97,-0.55
17:46:16:633,1.11,0.61,8.00
17:46:16:649,6.82,0.83,-3.80
17:46:16:666,6.76,0.37,-3.89
17:46:16:666,7.05,0.34,-2.35
17:46:16:666,8.00,-1.68,-3.86
17:46:16:767,7.99,-1.19,-6.86
17:46:16:783,-7.08,-2.71,0.42
17:46:16:783,5.21,4.15,-4.80
17:46:16:783,1.23,2.89,-0.42
17:46:16:816,1.59,3.51,-0.72
17:46:16:914,0.79,2.38,-0.78
17:46:16:981,1.73,0.94,-2.34
17:46:17:15,3.69,0.53,-1.79
17:46:17:32,4.90,1.07,-0.88
17:46:17:32,5.79,-0.41,-1.23
17:46:17:132,7.38,-0.23,-0.94
17:46:17:150,8.00,-1.79,-1.28
17:46:17:166,8.00,-1.91,-0.90
17:46:17:214,8.00,-2.59,0.88
17:46:17:249,8.00,-3.97,3.61
17:46:17:265,8.00,-5.76,8.00
17:46:17:265,8.00,-7.70,8.00
17:46:17:297,7.47,-6.18,6.10
17:46:17:297,6.54,-5.15,3.18
17:46:17:297,2.78,-2.12,-8.00
17:46:17:297,8.00,2.83,4.92
17:46:17:297,8.00,0.17,2.49
17:46:17:297,5.26,-1.87,-0.03
17:46:17:316,2.97,-0.23,-0.48
17:46:17:316,4.44,-1.70,-1.48
17:46:17:351,3.87,-1.68,-1.16
17:46:17:367,3.90,-0.73,-0.63
17:46:17:367,4.00,-0.21,-0.32
17:46:17:385,3.93,-0.32,-1.02
17:46:17:400,3.87,-0.76,-1.00
17:46:17:400,3.76,-1.18,-0.74
17:46:17:469,4.22,-0.45,-0.34
17:46:17:469,4.21,-0.35,-0.39
17:46:17:486,3.86,-1.29,-0.77
17:46:17:501,4.43,-0.97,-0.64
17:46:17:501,4.50,-0.91,-0.74
17:46:17:501,4.43,-1.36,-0.77
17:46:17:519,5.73,-0.87,-0.32
17:46:17:535,6.27,-0.91,-0.68
17:46:17:551,6.21,-1.94,-0.42
17:46:17:568,5.78,0.46,-0.35
17:46:17:633,6.79,-1.40,-3.61
17:46:17:633,6.00,0.44,-3.19
17:46:17:648,5.98,0.05,-2.54
17:46:17:697,8.00,-0.95,-1.80
17:46:17:697,8.00,-1.54,-3.49
17:46:17:712,8.00,4.17,-8.00
17:46:17:728,6.44,2.36,-5.50
17:46:17:744,3.81,5.49,-0.96
17:46:17:744,1.43,4.03,0.43
17:46:17:761,2.11,3.11,-0.63
17:46:17:776,1.24,1.18,-1.85
17:46:17:844,2.49,-0.35,-2.67
17:46:17:844,4.39,-0.13,-1.40
17:46:17:860,5.35,0.35,-0.61
17:46:17:893,6.33,-0.61,-1.33
17:46:17:908,7.53,-1.71,-0.76
17:46:17:924,8.00,-2.02,0.17
17:46:17:924,8.00,-2.58,0.42
17:46:18:11,8.00,-3.52,1.58
17:46:18:45,8.00,-3.42,4.48
17:46:18:45,8.00,-6.90,7.27
17:46:18:111,7.89,-7.76,8.00
17:46:18:164,7.03,-6.69,5.21
17:46:18:179,6.22,-5.34,2.41
17:46:18:195,-1.07,8.00,-8.00
17:46:18:212,8.00,-5.13,7.89
17:46:18:228,4.02,2.06,1.29
17:46:18:248,3.76,-1.25,-1.15
17:46:18:264,3.83,-1.96,-0.28
17:46:18:264,4.05,-2.15,-1.22
17:46:18:280,4.33,-1.22,-0.33
17:46:18:313,4.76,0.57,0.28
17:46:18:367,3.94,0.08,-0.44
17:46:18:367,3.80,0.03,-0.84
17:46:18:385,3.61,-0.70,-1.33
17:46:18:402,3.85,-0.58,-0.91
17:46:18:420,4.09,-0.44,-0.38
17:46:18:437,4.02,-0.61,-0.59
17:46:18:437,3.92,-0.76,-0.67
17:46:18:489,4.12,-0.69,-0.76
17:46:18:540,4.27,-0.55,-0.34
17:46:18:540,4.22,-1.02,-0.60
17:46:18:559,5.11,-1.06,-0.52
17:46:18:559,5.98,-0.63,-0.13
17:46:18:577,5.76,-0.98,-0.47
17:46:18:609,5.95,-1.50,-0.42
17:46:18:627,5.94,-1.62,-1.45
17:46:18:627,5.97,-1.28,-2.51
17:46:18:643,7.02,-0.73,-3.15
17:46:18:663,7.38,-0.27,-3.36
17:46:18:712,8.00,-1.79,-1.31
17:46:18:762,8.00,0.22,-5.68
17:46:18:779,3.48,-4.06,-5.92
17:46:18:795,2.98,4.66,-4.24
17:46:18:811,0.70,2.91,-0.36
17:46:18:811,0.53,3.40,-0.49
17:46:18:827,0.46,2.28,-0.59
17:46:18:910,1.28,1.05,-1.75
17:46:18:930,3.08,0.87,-1.71
17:46:18:954,4.39,0.96,-0.90
17:46:18:986,5.71,0.00,-1.01
17:46:18:999,7.18,-1.33,-1.43
17:46:19:128,8.00,-3.16,-0.92
17:46:19:160,8.00,-3.54,-0.55
17:46:19:176,8.00,-4.10,-0.12
17:46:19:176,8.00,-4.47,1.24
17:46:19:329,8.00,0.25,5.86
17:46:19:430,6.62,-5.20,4.39
17:46:19:479,6.72,-6.47,5.30
17:46:19:550,5.86,-5.28,3.71
17:46:19:649,5.15,-4.00,2.43
17:46:19:701,4.21,-2.96,1.22
17:46:19:735,2.89,8.00,-8.00
17:46:20:174,2.66,-8.00,2.38
17:46:20:409,2.83,-3.58,-0.42
17:46:20:804,4.63,0.64,0.42
17:46:21:93,4.17,-2.37,-0.28
17:46:21:143,3.45,-2.36,-0.57
17:46:21:143,4.10,-0.16,0.10
17:46:21:176,4.28,-0.26,-0.40
17:46:21:176,4.00,-0.21,-0.47
17:46:21:176,3.92,-0.22,-0.76
17:46:21:345,4.29,-0.01,-0.33
17:46:21:641,4.16,0.07,-0.40
17:46:21:641,4.12,-0.15,-0.29
17:46:21:641,4.04,-0.26,-0.53
17:46:21:641,4.13,-0.18,-0.18
17:46:21:690,4.27,-0.32,-0.51
17:46:21:690,4.22,0.03,-0.61
17:46:21:706,4.42,0.29,-0.09
17:46:21:802,4.68,0.98,0.45
17:46:21:986,5.07,3.96,3.38
17:46:21:986,6.47,6.91,4.94
17:46:21:986,6.26,6.18,1.04
17:46:22:147,4.75,4.66,-2.97
17:46:22:147,3.10,2.53,-5.71
17:46:22:241,3.26,-0.44,-6.49
17:46:22:257,2.82,-2.29,-5.81
17:46:22:257,2.70,-2.88,-4.43
17:46:22:342,3.01,-2.40,-2.97
17:46:22:407,3.18,-2.02,-1.84
17:46:22:407,3.32,-1.78,-1.29
17:46:22:407,3.36,-1.28,-0.74
17:46:22:407,3.39,-1.41,-0.55
17:46:22:407,3.56,-1.32,-0.24
17:46:22:407,3.65,-2.42,-1.12
17:46:22:441,3.38,-2.14,-1.07
17:46:22:441,4.52,-0.34,-0.44
17:46:22:441,4.65,-1.16,-0.89
17:46:22:441,4.39,-0.04,-0.39
17:46:22:441,3.45,0.87,-1.53
17:46:22:441,3.49,1.12,-1.83
17:46:22:441,5.37,-1.53,0.20
17:46:22:493,4.12,-1.84,1.18
17:46:22:493,3.79,-2.82,0.68
17:46:22:493,3.76,-4.13,1.31
17:46:22:493,3.31,-1.37,-0.60
17:46:22:493,3.96,-0.49,0.11
17:46:22:493,4.40,0.15,-0.21
17:46:22:493,4.19,-0.48,-0.26
17:46:22:573,4.00,-0.82,-0.68
17:46:22:573,4.13,-0.65,-0.51
17:46:22:573,3.98,-0.62,-0.38
17:46:22:573,3.82,-0.53,-0.30
17:46:22:573,3.81,-0.79,-0.29
17:46:22:573,3.93,-0.69,-0.55
17:46:22:573,3.99,-0.44,-0.31
17:46:22:690,3.95,-0.56,-0.30
17:46:22:690,4.04,-0.67,-0.41
17:46:22:690,3.89,-0.76,-0.32
17:46:22:690,4.03,-0.69,-0.34
17:46:22:690,4.01,-0.55,-0.38
17:46:22:690,3.87,-0.56,-0.42
17:46:22:705,4.21,-0.36,-0.44
17:46:22:705,4.06,-0.59,-0.70
17:46:22:705,4.17,-0.54,-0.61
17:46:22:705,4.14,-0.54,-0.43
17:46:22:705,4.24,-0.40,-0.11
17:46:22:705,4.01,-0.79,-0.10
17:46:22:705,3.21,0.67,-0.88
17:46:22:741,3.77,-0.07,-0.69
17:46:22:741,3.98,-0.33,-0.35
17:46:22:741,3.51,0.07,-0.36
17:46:22:741,4.19,0.04,-0.12
17:46:22:741,3.97,-0.20,-0.43
17:46:22:741,3.88,-0.34,-0.51
17:46:22:741,4.05,-0.42,-0.42
17:46:22:759,4.07,-0.23,-0.26
17:46:22:759,3.95,-0.23,-0.42
17:46:22:759,4.06,0.24,-0.29
17:46:22:759,3.97,-0.18,-0.39
17:46:22:759,3.86,-0.70,-0.70
17:46:22:759,3.85,-0.78,-0.50
17:46:22:759,3.98,-1.40,-0.45
17:46:22:858,3.93,-1.90,-0.23
17:46:22:858,3.81,-2.49,-0.21
17:46:22:858,3.92,-0.28,-1.31
17:46:22:858,3.95,-0.62,-0.55
17:46:22:858,4.05,-0.07,-0.32
17:46:22:858,4.16,0.14,-0.35
17:46:22:922,4.03,-0.19,-0.47
17:46:22:922,4.01,-0.27,-0.68
17:46:22:922,3.98,-0.54,-0.45
17:46:22:922,3.92,-0.34,-0.49
17:46:22:922,3.85,-0.10,-0.24
17:46:22:922,4.06,-0.23,-0.54
17:46:22:922,3.86,-0.14,-0.48
17:46:22:972,4.10,-0.18,-0.45
17:46:22:972,3.99,-0.17,-0.57
17:46:22:972,3.94,-0.12,-0.69
17:46:22:972,3.97,-0.20,-0.60
17:46:22:972,4.18,-0.34,-0.56
17:46:22:972,4.57,-0.44,-0.50
17:46:22:972,4.31,0.17,-1.23
17:46:23:38,4.55,0.34,-1.87
17:46:23:38,3.74,2.63,-4.45
17:46:23:38,3.53,2.56,-3.81
17:46:23:38,3.68,2.56,-3.74
17:46:23:38,3.43,2.88,-3.08
17:46:23:38,3.56,2.06,-2.46
17:46:23:38,4.18,1.75,-2.03
17:46:23:88,4.66,1.28,-1.49
17:46:23:88,4.75,0.79,-1.30
17:46:23:88,4.83,0.14,-0.98
17:46:23:88,4.90,0.05,-0.70
17:46:23:267,4.69,-0.37,-0.70
17:46:23:267,4.34,-0.70,-0.67
17:46:23:267,4.19,-0.84,-0.54
17:46:23:267,3.88,-0.70,-0.35
17:46:23:267,3.57,-0.19,-0.34
17:46:23:267,3.39,0.01,-0.24
17:46:23:316,3.16,0.37,-0.18
17:46:23:316,2.67,0.75,-0.29
17:46:23:316,2.68,0.67,-0.84
17:46:23:316,2.91,-0.00,-0.91
17:46:23:316,3.01,-0.15,-0.78
17:46:23:316,3.13,-0.27,-0.67
17:46:23:316,3.87,-0.36,-0.36
17:46:23:331,4.55,-0.27,0.63
17:46:23:331,5.30,-0.38,1.47
17:46:23:331,5.72,-1.51,1.82
17:46:23:331,-0.39,4.72,-8.00
17:46:23:331,7.84,-2.61,4.80
17:46:23:331,6.24,2.10,-0.31
17:46:23:331,3.75,-0.08,-1.49
17:46:23:413,4.56,0.02,-0.93
17:46:23:413,3.94,-0.99,-0.93
17:46:23:450,3.99,-0.57,-1.81
17:46:23:450,3.81,-0.55,-1.13
17:46:23:450,4.17,-0.15,-0.89
17:46:23:466,3.72,-0.35,-0.78
17:46:23:466,3.79,-0.31,-1.13
17:46:23:466,3.91,-0.28,-1.24
17:46:23:467,3.74,-0.68,-1.21
17:46:23:515,3.69,-0.34,-1.11
17:46:23:515,3.65,-0.33,-1.24
17:46:23:515,3.66,-0.67,-1.09
17:46:23:596,3.94,-0.85,-0.95
17:46:23:596,3.48,-0.76,-1.24
17:46:23:596,3.84,0.22,0.27
17:46:23:596,4.34,-1.15,0.21
17:46:23:596,4.32,-0.89,-0.17
17:46:23:628,4.28,-1.01,-0.56
17:46:23:628,4.22,-1.29,-1.28
17:46:23:643,5.06,-0.72,-0.61
17:46:23:825,5.49,-0.82,-1.01
17:46:23:825,5.93,-1.74,-0.84
17:46:23:825,6.32,-0.35,-1.49
17:46:23:825,7.43,-0.34,-2.28
17:46:23:825,7.51,0.85,-2.64
17:46:23:825,6.83,0.75,-3.76
17:46:23:971,8.00,-1.80,-3.12
17:46:23:971,8.00,-0.90,-4.61
17:46:23:971,2.93,-0.02,-6.43
17:46:24:18,1.50,1.92,-6.63
17:46:24:18,1.68,5.01,-2.29
17:46:24:18,1.79,4.30,-0.33
17:46:24:34,1.87,3.64,-0.34
17:46:24:35,2.31,1.86,-1.70
17:46:24:35,3.18,0.32,-2.34
17:46:24:35,4.32,0.10,-1.92
17:46:24:35,5.87,0.58,-1.63
17:46:24:35,6.89,-0.02,-2.08
17:46:24:35,8.00,-1.53,-3.21
17:46:24:35,8.00,-3.80,-3.13
17:46:24:35,8.00,-5.53,-0.45
17:46:24:35,8.00,-5.56,4.94
17:46:24:35,8.00,-7.47,8.00
17:46:24:67,8.00,-8.00,8.00
17:46:24:85,7.49,-7.04,6.04
17:46:24:85,3.95,-1.26,-8.00
17:46:24:85,8.00,1.78,7.12
17:46:24:121,8.00,2.38,4.53
17:46:24:138,5.35,-4.31,-0.19
17:46:24:138,3.98,0.37,0.56
17:46:24:156,4.15,-1.53,-1.21
17:46:24:172,4.38,-2.05,-1.42
17:46:24:172,4.66,-0.54,-0.47
17:46:24:172,3.64,-0.05,-0.44
17:46:24:172,4.02,-0.19,-0.75
17:46:24:172,3.97,-0.25,-0.98
17:46:24:220,3.79,-1.04,-1.42
17:46:24:237,3.93,-0.71,-1.04
17:46:24:274,3.83,-0.33,-0.62
17:46:24:274,3.50,-0.68,-0.81
17:46:24:274,4.55,-1.25,-0.63
17:46:24:274,4.29,-0.97,-0.23
17:46:24:274,4.38,-0.83,-0.30
17:46:24:274,4.79,-1.21,-0.93
17:46:24:355,6.02,-0.58,-0.40
17:46:24:355,5.98,-1.05,-0.35
17:46:24:387,1.98,5.64,5.79
17:46:24:387,5.31,-2.29,-1.79
17:46:24:387,7.76,0.05,-2.52
17:46:24:387,7.30,0.51,-3.65
17:46:24:387,7.41,0.22,-3.54
17:46:24:404,8.00,-1.72,-2.78
17:46:24:404,6.96,0.06,-6.23
17:46:24:420,-8.00,-1.04,0.28
17:46:24:484,5.53,6.80,-5.56
17:46:24:552,1.10,4.32,-0.76
17:46:24:568,1.21,3.74,-0.76
17:46:24:584,1.70,2.53,-1.01
17:46:24:664,2.58,0.92,-1.94
17:46:24:698,3.99,0.29,-2.18
17:46:24:731,5.75,0.72,-1.56
17:46:24:747,7.13,0.07,-1.25
17:46:24:832,8.00,-1.57,-1.80
17:46:24:832,8.00,-2.98,-0.75
17:46:24:882,8.00,-4.05,0.75
17:46:24:882,8.00,-3.60,3.82
17:46:24:898,8.00,-4.37,6.32
17:46:24:913,7.93,-8.00,7.75
17:46:24:913,7.58,-6.27,7.38
17:46:24:947,6.34,-5.79,3.88
17:46:25:15,1.33,3.20,-8.00
17:46:25:31,8.00,-0.75,8.00
17:46:25:82,5.43,-0.22,2.61
17:46:25:82,3.52,-1.89,-1.65
17:46:25:82,3.49,-0.14,-0.16
17:46:25:114,4.18,-3.60,-1.00
17:46:25:130,3.32,-1.84,-0.39
17:46:25:130,4.23,-0.29,0.05
17:46:25:130,4.03,0.21,-0.01
17:46:25:162,3.99,-0.19,-0.63
17:46:25:215,3.81,-0.04,-0.91
17:46:25:215,3.59,-0.99,-1.58
17:46:25:247,3.77,-0.48,-0.77
17:46:25:262,3.71,-0.10,-0.70
17:46:25:262,4.09,-0.62,-0.72
17:46:25:262,3.99,-0.80,-0.67
17:46:25:278,4.21,-0.37,-0.25
17:46:25:278,4.47,-1.11,-1.03
17:46:25:278,4.48,-1.10,-0.90
17:46:25:309,5.31,-1.27,-0.98
17:46:25:358,5.65,-1.20,-0.93
17:46:25:421,5.81,-0.96,-0.44
17:46:25:421,6.38,-1.30,-1.02
17:46:25:421,7.33,-2.00,-1.61
17:46:25:421,7.19,0.03,-2.76
17:46:25:421,7.96,0.39,-4.20
17:46:25:439,8.00,-0.04,-2.92
17:46:25:473,8.00,-1.34,-3.60
17:46:25:473,4.28,-1.02,-6.87
17:46:25:489,-0.19,-0.23,-4.39
17:46:25:522,1.77,4.77,-3.71
17:46:25:570,0.70,4.20,-0.65
17:46:25:570,0.94,3.18,-0.98
17:46:25:654,1.37,2.26,-1.46
17:46:25:670,2.57,0.97,-2.40
17:46:25:670,4.58,0.71,-2.38
17:46:25:702,6.05,0.53,-0.82
17:46:25:752,7.85,-0.67,-1.77
17:46:25:752,8.00,-3.24,-1.81
17:46:25:834,8.00,-3.77,-1.28
17:46:25:834,8.00,-4.04,0.65
17:46:25:883,8.00,-2.62,4.68
17:46:25:932,8.00,-4.24,7.32
17:46:25:947,7.41,-8.00,7.33
17:46:25:980,7.80,-5.20,6.44
17:46:25:980,6.44,-4.73,2.60
17:46:26:31,3.68,2.02,-7.85
17:46:26:31,8.00,8.00,2.97
17:46:26:115,8.00,-0.55,1.84
17:46:26:133,5.26,-1.49,0.81
17:46:26:164,3.76,-0.59,-0.58
17:46:26:197,4.35,-2.02,-1.12
17:46:26:197,4.31,-1.99,-0.64
17:46:26:213,3.43,-1.47,-1.04
17:46:26:278,4.50,0.22,-0.74
17:46:26:278,3.82,0.12,-0.42
17:46:26:278,3.81,-1.28,-1.40
17:46:26:278,3.80,-0.33,-0.94
17:46:26:294,3.74,-0.66,-0.59
17:46:26:294,3.88,-0.68,-0.91
17:46:26:294,3.97,-0.55,-0.70
17:46:26:310,3.98,-0.75,-0.72
17:46:26:310,4.05,-0.65,-0.76
17:46:26:326,3.98,-0.87,-0.59
17:46:26:357,4.34,-0.91,-0.56
17:46:26:373,4.82,-1.04,-0.62
17:46:26:390,4.91,-0.87,-0.55
17:46:26:390,4.79,-1.11,-0.77
17:46:26:390,4.58,-1.24,-0.69
17:46:26:390,4.62,-2.02,-0.65
17:46:26:406,4.58,-1.67,-0.50
17:46:26:457,4.96,-1.90,-1.58
17:46:26:473,5.46,-2.21,-2.57
17:46:26:473,5.91,-3.17,-3.05
17:46:26:490,5.85,-3.37,-3.58
17:46:26:490,5.41,-3.82,-4.40
17:46:26:490,4.52,-2.46,-7.06
17:46:26:506,4.13,4.88,-5.28
17:46:26:522,3.67,4.47,0.88
17:46:26:537,2.47,3.14,0.38
17:46:26:537,2.22,1.95,-0.69
17:46:26:553,2.29,1.94,-0.00
17:46:26:570,2.71,3.79,1.46
17:46:26:586,3.07,4.14,1.97
17:46:26:601,3.61,2.36,1.61
17:46:26:686,4.61,0.71,2.12
17:46:26:686,5.51,-0.81,1.82
17:46:26:718,5.93,-2.74,0.67
17:46:26:734,6.60,-3.97,1.45
17:46:26:766,6.93,-5.52,2.90
17:46:26:818,6.90,-5.94,3.14
17:46:26:835,7.55,-4.24,8.00
17:46:26:884,6.52,-5.06,6.39
17:46:26:886,3.46,0.96,-4.05
17:46:26:904,2.78,-1.52,-0.97
17:46:26:904,2.98,0.37,0.85
17:46:26:935,3.60,-0.81,-1.11
17:46:27:13,3.99,-1.60,-1.48
17:46:27:13,4.04,-0.80,-0.46
17:46:27:45,4.66,-0.88,-0.74
17:46:27:45,3.98,-1.24,-0.87
17:46:27:45,4.03,-1.29,-0.72
17:46:27:63,3.62,-1.49,-0.68
17:46:27:63,3.33,-1.63,-0.76
17:46:27:79,2.97,-2.47,-1.52
17:46:27:95,2.02,-4.42,-4.08
17:46:27:128,1.68,-4.63,-5.43
17:46:27:164,2.60,-2.05,-4.77
17:46:27:182,3.40,0.06,-3.80
17:46:27:198,4.27,1.33,-2.91
17:46:27:231,5.35,2.61,-1.35
17:46:27:231,5.88,4.42,1.06
17:46:27:248,5.22,3.21,1.05
17:46:27:264,4.07,0.51,-0.54
17:46:27:264,3.61,-1.28,-1.69
17:46:27:280,3.52,-1.89,-2.07
17:46:27:361,3.82,-1.43,-1.40
17:46:27:361,3.99,-1.79,-1.15
17:46:27:377,4.33,-1.13,-0.13
17:46:27:393,4.44,-0.58,0.14
17:46:27:410,4.24,0.17,-0.57
17:46:27:638,4.04,1.80,-1.19
17:46:27:671,3.61,8.00,-1.59
17:46:27:736,4.21,5.26,-2.77
17:46:27:785,5.80,-2.37,-0.62
17:46:27:802,4.12,-1.19,-0.82
17:46:27:820,3.83,-0.52,-0.51
17:46:27:836,3.94,-0.27,-0.25
17:46:27:867,3.99,-0.93,-0.39
17:46:27:914,3.97,-0.72,-0.30
17:46:27:931,3.96,-0.86,-0.60
17:46:27:962,4.04,-0.95,-0.52
17:46:27:965,4.01,-0.78,-0.46
17:46:28:14,3.88,-0.84,-0.45
17:46:28:77,3.90,-0.90,-0.49
17:46:28:92,3.88,-0.76,-0.42
17:46:28:92,3.97,-0.75,-0.49
17:46:28:108,3.89,-0.66,-0.51
17:46:28:108,3.96,-0.76,-0.60
17:46:28:125,4.09,-0.51,-0.58
17:46:28:125,3.94,-0.52,-0.75
17:46:28:160,3.87,-0.45,-0.88
17:46:28:292,4.16,-0.48,-0.97
17:46:28:323,3.87,-0.42,-0.91
17:46:28:356,3.90,-0.30,-0.59
17:46:28:371,3.79,-0.42,-0.62
17:46:28:371,3.70,-0.71,-0.45
17:46:28:406,3.84,-0.34,0.01
17:46:28:423,3.74,-0.57,-0.57
17:46:28:491,3.92,-0.35,-0.62
17:46:28:491,3.97,-0.39,-0.57
17:46:28:507,3.92,-0.50,-0.66
17:46:28:522,3.92,-0.55,-0.89
17:46:28:538,3.97,-0.54,-0.90
17:46:28:669,3.92,-0.42,-0.85
17:46:28:700,3.96,-0.38,-0.79
17:46:28:731,3.86,-0.43,-0.96
17:46:28:731,3.90,-0.51,-0.87
17:46:28:731,3.91,-0.51,-0.81
17:46:28:731,3.82,-0.55,-0.91
17:46:28:798,3.80,-0.49,-0.85
17:46:28:814,3.85,-0.47,-0.75
17:46:28:814,3.96,-0.53,-0.86
17:46:28:882,3.95,-0.47,-0.76
17:46:28:898,3.89,-0.56,-0.90
17:46:28:978,3.89,-0.67,-0.93
17:46:29:9,3.83,-0.74,-0.96
17:46:29:24,3.85,-0.63,-0.88
17:46:29:58,3.90,-0.54,-0.95
17:46:29:58,3.83,-0.54,-0.93
17:46:29:76,3.83,-0.59,-0.86
17:46:29:175,3.89,-0.62,-0.83
17:46:29:175,3.80,-0.70,-0.79
17:46:29:175,3.89,-0.67,-0.83
17:46:29:191,3.85,-0.53,-0.87
17:46:29:191,3.86,-0.53,-0.90
17:46:29:224,3.64,-0.44,-0.90
17:46:29:243,3.89,-0.48,-0.86
17:46:29:258,3.86,-0.52,-0.89
17:46:29:277,3.82,-0.52,-0.85
17:46:29:277,3.84,-0.49,-0.84
17:46:29:312,3.83,-0.54,-0.82
17:46:29:343,3.87,-0.52,-0.84
17:46:29:361,3.87,-0.48,-0.84
17:46:29:361,3.87,-0.54,-0.83
17:46:29:410,3.72,-0.66,-0.86
17:46:29:444,3.93,-0.51,-0.85
17:46:29:496,4.01,-0.55,-0.80
17:46:29:496,3.85,-0.51,-0.82
17:46:29:528,3.90,-0.41,-0.99
17:46:29:528,3.84,-0.48,-0.71
17:46:29:546,3.88,-0.51,-0.76
17:46:29:546,3.88,-0.55,-0.71
17:46:29:562,3.93,-0.59,-0.72
17:46:29:562,3.78,-0.49,-0.74
17:46:29:562,3.93,-0.48,-0.70
17:46:29:562,3.93,-0.53,-0.74
17:46:29:594,3.89,-0.52,-0.71
17:46:29:594,3.92,-0.57,-0.72
17:46:29:610,3.91,-0.57,-0.78
17:46:29:676,3.87,-0.56,-0.73
17:46:29:707,3.95,-0.47,-0.65
17:46:29:707,4.03,-0.47,-0.67
17:46:29:722,4.26,-0.43,-0.63
17:46:29:757,4.67,-0.84,-0.70
17:46:29:791,4.91,-0.43,-1.05
17:46:29:791,5.26,0.53,-1.27
17:46:29:791,4.98,-0.62,-4.52
17:46:29:822,3.17,2.45,-3.63
17:46:29:822,2.18,3.46,-3.72
17:46:29:822,2.04,3.41,-3.78
17:46:29:889,2.82,2.90,-2.98
17:46:29:905,4.27,2.50,-2.09
17:46:29:921,5.26,1.57,-1.55
17:46:29:921,5.62,0.43,-1.26
17:46:29:936,5.81,-0.46,-0.87
17:46:29:952,5.53,-0.92,-0.66
17:46:29:968,5.00,-1.03,-0.42
17:46:30:66,4.33,-0.77,-0.17
17:46:30:132,3.98,-0.37,-0.42
17:46:30:180,3.45,0.01,-0.76
17:46:30:180,3.27,0.85,-0.49
17:46:30:180,3.22,1.42,-0.74
17:46:30:263,2.62,0.96,-1.06
17:46:30:298,2.51,0.79,-0.91
17:46:30:332,2.77,0.11,-0.28
17:46:30:332,3.29,-0.42,0.23
17:46:30:332,3.52,-0.85,0.84
17:46:30:363,4.24,-1.21,1.86
17:46:30:430,5.04,-1.55,2.80
17:46:30:446,5.63,-2.46,2.70
17:46:30:446,5.57,-1.25,-1.92
17:46:30:464,8.00,8.00,8.00
17:46:30:464,7.49,-2.16,-2.35
17:46:30:480,3.39,-4.49,-1.43
17:46:30:480,4.74,-1.71,-2.73
17:46:30:480,3.66,-0.28,-0.87
17:46:30:480,3.77,-1.02,-1.32
17:46:30:514,3.24,-0.10,-1.83
17:46:30:529,4.04,0.26,-1.17
17:46:30:529,3.68,0.13,-2.01
17:46:30:529,3.46,-0.09,-2.17
17:46:30:529,3.65,-0.81,-1.90
17:46:30:529,3.92,-0.12,-1.43
17:46:30:658,3.68,0.54,-0.98
17:46:30:690,4.15,0.15,-0.95
17:46:30:706,3.63,-0.83,-1.08
17:46:30:708,3.93,-0.70,-1.12
17:46:30:708,3.84,-0.45,-1.26
17:46:30:789,3.75,-0.46,-1.23
17:46:30:805,3.88,-0.66,-0.96
17:46:30:836,4.07,-0.48,-0.77
17:46:30:854,4.18,-1.05,-0.64
17:46:30:870,4.20,-1.23,-0.65
17:46:30:903,4.63,-0.83,-0.64
17:46:30:953,4.73,-0.47,-1.04
17:46:30:969,5.59,-1.71,-1.46
17:46:30:969,6.22,-1.93,-1.69
17:46:30:969,6.89,-0.25,-1.36
17:46:30:985,7.42,0.34,-1.97
17:46:31:20,7.02,0.79,-3.41
17:46:31:38,7.66,-0.25,-2.28
17:46:31:71,8.00,-1.99,-2.79
17:46:31:71,8.00,-0.12,-3.81
17:46:31:105,8.00,0.31,-8.00
17:46:31:139,4.39,3.11,-4.96
17:46:31:155,0.41,4.34,-0.61
17:46:31:173,0.73,3.87,0.22
17:46:31:173,1.23,3.31,-0.48
17:46:31:188,1.27,1.88,-1.35
17:46:31:204,2.38,0.88,-2.25
17:46:31:238,4.66,0.36,-2.51
17:46:31:238,5.80,-0.04,-1.72
17:46:31:253,7.47,-1.36,-2.92
17:46:31:340,8.00,-3.68,-3.77
17:46:31:360,8.00,-3.99,-3.28
17:46:31:392,8.00,-4.97,-2.31
17:46:31:425,8.00,-2.68,5.53
17:46:31:425,8.00,-8.00,8.00
17:46:31:425,7.18,-8.00,6.20
17:46:31:472,5.53,-3.80,3.03
17:46:31:506,6.07,-3.83,1.51
17:46:31:506,5.33,-0.92,1.86
17:46:31:557,3.81,8.00,-8.00
17:46:31:573,4.09,-5.32,0.70
17:46:31:588,3.02,-0.12,0.96
17:46:31:588,4.14,-2.28,-1.33
17:46:31:604,2.77,-1.23,-0.85
17:46:31:604,4.44,-0.98,-0.84
17:46:31:654,1.49,-2.93,-2.94
17:46:31:685,3.23,-0.34,0.10
17:46:31:702,4.27,0.14,-0.42
17:46:31:721,3.91,-0.78,-1.16
17:46:31:721,3.80,-0.73,-1.15
17:46:31:738,3.73,-0.76,-1.05
17:46:31:758,3.93,-0.14,-0.61
17:46:31:758,4.02,-0.56,-0.68
17:46:31:871,3.87,-0.83,-0.92
17:46:31:888,4.24,-0.59,-0.58
17:46:31:888,4.31,-0.64,-0.61
17:46:31:904,4.08,-0.72,-0.56
17:46:31:922,4.69,-0.98,-0.54
17:46:31:938,4.87,-1.20,-0.57
17:46:31:938,6.78,-1.16,-0.35
17:46:31:957,5.73,-1.34,-0.73
17:46:31:958,5.85,-1.77,-1.56
17:46:31:975,6.68,-1.52,-1.68
17:46:31:975,7.32,-0.10,-2.34
17:46:32:8,6.76,0.45,-3.53
17:46:32:26,7.33,-0.57,-3.84
17:46:32:43,8.00,-2.53,-3.32
17:46:32:62,5.92,0.46,-7.19
17:46:32:78,-3.83,-0.03,-4.65
17:46:32:78,3.35,5.72,-5.35
17:46:32:94,1.78,4.87,-0.85
17:46:32:111,1.61,3.98,-0.79
17:46:32:127,1.83,2.43,-1.44
17:46:32:145,3.13,0.95,-2.32
17:46:32:161,5.01,0.43,-2.04
17:46:32:227,6.71,1.25,-0.92
17:46:32:227,7.59,-0.19,-1.58
17:46:32:245,8.00,-1.59,-1.40
17:46:32:263,8.00,-2.28,-0.87
17:46:32:263,8.00,-2.06,1.53
17:46:32:279,8.00,-3.59,5.21
17:46:32:294,8.00,-6.80,8.00
17:46:32:310,7.62,-8.00,8.00
17:46:32:341,7.08,-6.45,5.27
17:46:32:391,6.17,-5.89,2.68
17:46:32:408,5.30,-3.91,0.98
17:46:32:424,6.49,8.00,-8.00
17:46:32:424,8.00,-8.00,1.86
17:46:32:494,1.56,-0.61,0.30
17:46:32:494,2.88,0.87,0.19
17:46:32:513,3.97,-2.21,-0.84
17:46:32:560,4.56,-2.10,-1.49
17:46:32:596,4.47,-0.79,-0.18
17:46:32:596,4.30,0.25,-0.17
17:46:32:612,4.04,0.68,-0.27
17:46:32:632,3.90,-0.31,-1.02
17:46:32:648,3.53,-1.22,-1.25
17:46:32:665,3.77,-0.38,-0.55
17:46:32:697,3.71,-0.69,-0.50
17:46:32:777,3.89,-0.79,-0.83
17:46:32:827,3.83,-0.79,-0.45
17:46:32:842,4.02,-0.61,-0.36
17:46:32:876,4.05,-0.57,-0.38
17:46:32:907,4.04,-1.24,-0.85
17:46:32:940,4.66,-1.08,-0.68
17:46:32:991,5.17,-0.67,-0.72
17:46:32:992,5.57,-1.28,-0.52
17:46:33:10,5.64,-1.05,-0.84
17:46:33:92,6.38,-1.45,-0.86
17:46:33:126,6.12,-1.36,-1.53
17:46:33:158,5.94,-0.81,-1.66
17:46:33:158,6.46,0.12,-3.41
17:46:33:174,7.34,1.97,-2.23
17:46:33:190,8.00,-1.81,-1.96
17:46:33:190,7.87,-0.50,-4.63
17:46:33:207,3.62,-0.35,-6.50
17:46:33:224,2.46,4.25,-5.96
17:46:33:224,1.65,4.46,-2.37
17:46:33:242,1.22,3.34,-0.64
17:46:33:242,1.80,2.75,-0.57
17:46:33:295,2.17,1.55,-1.54
17:46:33:326,4.05,0.44,-2.45
17:46:33:326,5.54,0.36,-0.56
17:46:33:359,6.77,0.02,-0.95
17:46:33:359,8.00,-1.16,-1.33
17:46:33:375,8.00,-2.89,-1.64
17:46:33:408,8.00,-3.47,-1.84
17:46:33:409,8.00,-3.79,-1.30
17:46:33:409,8.00,-4.92,0.60
17:46:33:494,8.00,-3.66,5.60
17:46:33:511,7.21,-7.40,7.73
17:46:33:526,6.15,-4.10,5.70
17:46:33:557,5.08,-3.17,3.46
17:46:33:575,5.86,-1.56,3.85
17:46:33:591,5.66,-1.33,3.00
17:46:33:607,4.99,8.00,-8.00
17:46:33:609,7.00,-8.00,-1.77
17:46:33:693,3.17,-0.29,0.86
17:46:33:773,3.36,0.06,-0.32
17:46:33:855,4.07,-1.95,-1.32
17:46:33:901,3.45,-2.02,-0.80
17:46:33:917,3.96,-1.13,-0.30
17:46:33:933,3.97,-0.17,-0.53
17:46:34:16,4.20,0.06,-0.48
17:46:34:32,3.77,-0.46,-1.35
17:46:34:48,3.67,-1.12,-1.45
17:46:34:64,4.04,-0.27,-1.10
17:46:34:82,3.84,-0.34,-0.52
17:46:34:98,3.68,-0.86,-0.83
17:46:34:116,3.99,-0.88,-0.97
17:46:34:116,3.92,-0.76,-0.71
17:46:34:151,4.00,-1.01,-0.67
17:46:34:167,4.08,-0.96,-0.56
17:46:34:218,4.13,-0.96,-0.92
17:46:34:220,4.51,-1.00,-0.93
17:46:34:238,5.22,-0.70,-0.74
17:46:34:255,5.36,-1.07,-0.54
17:46:34:271,5.77,-1.42,-0.42
17:46:34:289,6.40,-1.27,-0.91
17:46:34:289,6.80,-0.29,-0.99
17:46:34:289,7.03,0.49,-1.23
17:46:34:322,6.35,0.93,-3.85
17:46:34:325,8.00,1.64,0.09
17:46:34:325,8.00,-0.85,-3.73
17:46:34:391,3.74,-0.35,-4.45
17:46:34:408,-1.98,-4.72,-4.01
17:46:34:522,0.63,3.73,-0.96
17:46:34:620,-0.08,1.05,-0.77
17:46:34:635,0.16,0.45,-1.30
17:46:34:685,0.62,0.52,-1.25
17:46:34:765,1.53,0.36,-1.06
17:46:34:799,2.70,-0.22,-0.89
17:46:34:815,3.72,-1.01,-0.53
17:46:34:818,5.40,-0.73,1.57
17:46:34:898,7.08,-1.82,1.29
17:46:34:981,7.65,-4.96,-0.88
17:46:34:998,8.00,-6.72,-2.38
17:46:35:129,7.61,-7.60,-3.57
17:46:35:335,5.60,-8.00,-4.08
17:46:35:352,4.36,-8.00,-2.79
17:46:35:401,4.95,-8.00,-0.25
17:46:35:641,4.27,-7.13,-1.28
17:46:35:985,3.33,-0.62,-0.64
17:46:35:985,6.17,0.06,0.99
17:46:35:985,3.21,-0.42,0.68
17:46:36:317,4.48,-0.79,0.69
17:46:36:317,3.98,0.04,-0.08
17:46:36:505,4.38,-0.40,-0.83
17:46:36:754,4.06,0.44,-0.44
17:46:36:754,4.36,0.86,0.73
17:46:37:1,4.01,0.51,-0.34
17:46:37:49,3.87,0.04,-0.69
17:46:37:49,3.63,-0.73,-1.36
17:46:37:149,3.84,-0.86,-0.92
17:46:37:149,3.74,-0.65,-0.80
17:46:37:167,2.95,-1.18,-1.29
17:46:37:487,3.95,-0.97,-0.52
17:46:37:487,3.90,-1.24,-0.49
17:46:37:487,3.90,-0.34,-0.70
17:46:37:487,3.76,-0.99,-0.75
17:46:37:487,3.92,-0.93,-0.46
17:46:37:832,3.78,-0.73,-0.54
17:46:37:832,3.84,-0.86,-0.67
17:46:37:832,3.82,-0.77,-0.77
17:46:37:832,3.84,-0.74,-0.65
17:46:37:832,3.91,-0.81,-0.61
17:46:37:832,3.95,-0.97,-0.67
17:46:37:849,3.85,-0.86,-0.84
17:46:37:849,3.78,-0.93,-0.96
17:46:37:865,3.69,-0.78,-1.21
17:46:37:865,3.35,-0.98,-1.55
17:46:37:916,3.91,-0.98,-0.93
17:46:37:916,3.74,-0.66,-1.08
17:46:38:31,4.28,-0.45,0.14
17:46:38:31,3.99,-0.30,-0.65
17:46:38:31,3.78,-0.43,-0.88
17:46:38:31,3.81,-0.44,-0.97
17:46:38:31,3.78,-0.46,-1.00
17:46:38:162,3.76,-0.50,-1.01
17:46:38:162,3.98,-0.39,-0.83
17:46:38:162,3.70,-0.50,-1.12
17:46:38:162,3.82,-0.41,-0.88
17:46:38:162,4.06,-0.29,-0.82
17:46:38:162,3.91,-0.32,-0.85
17:46:38:162,3.94,-0.42,-0.77
17:46:38:162,3.76,-0.53,-0.75
17:46:38:162,3.81,-0.46,-1.00
17:46:38:162,3.80,-0.33,-0.86
17:46:38:196,3.95,-0.34,-0.79
17:46:38:196,3.95,-0.39,-0.87
17:46:38:196,3.82,-0.45,-1.03
17:46:38:196,3.91,-0.48,-0.95
17:46:38:196,3.88,-0.26,-0.89
17:46:38:196,3.93,-0.49,-0.85
17:46:38:196,3.75,-0.54,-0.87
17:46:38:282,3.82,-0.50,-0.94
17:46:38:282,3.84,-0.50,-0.93
17:46:38:282,3.86,-0.48,-0.93
17:46:38:282,3.88,-0.46,-0.90
17:46:38:282,3.83,-0.47,-0.90
17:46:38:282,3.79,-0.49,-0.89
17:46:38:282,3.87,-0.46,-0.86
17:46:38:361,3.86,-0.48,-0.88
17:46:38:361,3.84,-0.48,-0.88
17:46:38:361,3.84,-0.47,-0.88
17:46:38:361,3.82,-0.49,-0.88
17:46:38:361,3.84,-0.50,-0.86
17:46:38:361,3.83,-0.49,-0.88
17:46:38:527,3.84,-0.48,-0.88
17:46:38:527,3.86,-0.46,-0.92
17:46:38:527,3.87,-0.47,-0.93
17:46:38:527,3.92,-0.45,-0.89
17:46:38:527,3.88,-0.47,-0.90
17:46:38:527,3.85,-0.48,-0.90
17:46:38:527,3.87,-0.50,-0.84
17:46:38:609,3.87,-0.50,-0.83
17:46:38:609,3.80,-0.50,-0.86
17:46:38:609,3.81,-0.55,-0.89
17:46:38:609,3.85,-0.55,-0.84
17:46:38:609,3.87,-0.54,-0.88
17:46:38:609,3.85,-0.56,-0.89
17:46:38:609,3.86,-0.55,-0.93
17:46:38:625,3.79,-0.53,-0.94
17:46:38:625,3.82,-0.55,-0.92
17:46:38:641,3.87,-0.61,-0.86
17:46:38:641,3.79,-0.57,-0.89
17:46:38:641,3.83,-0.58,-0.96
17:46:38:641,3.82,-0.52,-0.91
17:46:38:760,3.83,-0.55,-0.95
17:46:38:760,3.85,-0.61,-0.97
17:46:38:760,3.84,-0.59,-0.94
17:46:38:760,3.86,-0.57,-0.87
17:46:38:760,3.80,-0.59,-0.91
17:46:38:760,3.82,-0.65,-0.85
17:46:38:807,3.82,-0.67,-0.92
17:46:38:807,3.79,-0.68,-0.89
17:46:38:807,3.95,-0.76,-0.80
17:46:38:807,3.72,-0.82,-0.86
17:46:38:807,3.82,-0.78,-0.78
17:46:38:807,3.72,-0.83,-0.90
17:46:38:807,3.82,-0.79,-0.76
17:46:38:823,3.97,-0.63,-0.64
17:46:38:823,3.94,-0.80,-0.87
17:46:38:823,3.79,-0.73,-1.10
17:46:38:901,3.46,-0.25,-0.93
17:46:38:901,4.00,-0.43,-1.11
17:46:38:901,4.10,-1.42,-0.97
17:46:38:916,3.90,-1.37,-1.11
17:46:38:916,3.82,-0.64,-0.46
17:46:38:916,3.54,-0.79,-0.42
17:46:38:916,3.99,-0.39,-0.34
17:46:38:916,3.73,-0.51,-0.21
17:46:38:916,3.15,-0.88,-0.40
17:46:38:951,4.04,-0.54,-0.11
17:46:38:951,3.06,-1.73,-0.80
17:46:38:951,3.75,-0.82,-0.55
17:46:38:951,3.62,-0.93,-0.55
17:46:38:951,3.72,-1.14,-0.71
17:46:38:951,4.47,-0.70,-0.84
17:46:38:951,3.80,-1.00,-0.66
17:46:38:951,4.25,-1.15,-0.34
17:46:38:951,4.47,-1.34,-0.50
17:46:38:951,4.54,-1.26,-0.55
17:46:38:951,4.07,-1.51,-0.72
17:46:38:951,5.32,-2.11,-0.77
17:46:38:951,5.71,-1.97,-0.46
17:46:38:951,5.98,-1.03,-0.19
17:46:38:969,6.50,-0.33,-0.69
17:46:38:969,6.27,0.91,-0.73
17:46:38:969,6.02,-0.01,-2.31
17:46:38:969,6.34,-0.49,-2.58
17:46:38:969,7.41,-2.25,-2.44
17:46:38:969,8.00,-1.38,-3.37
17:46:39:1,5.71,-0.05,-4.09
17:46:39:1,-7.10,-5.86,-0.56
17:46:39:1,4.21,4.64,-2.68
17:46:39:1,1.70,3.11,0.08
17:46:39:97,1.35,2.88,-0.88
17:46:39:97,1.70,1.44,-1.43
17:46:39:97,2.49,0.29,-2.10
17:46:39:97,4.28,0.27,-1.38
17:46:39:97,5.31,-0.41,-0.90
17:46:39:97,7.16,-1.65,-1.55
17:46:39:97,7.73,-2.77,-0.86
17:46:39:97,8.00,-1.88,-0.94
17:46:39:97,8.00,-2.71,-0.98
17:46:39:115,8.00,-3.25,-0.21
17:46:39:115,8.00,-4.21,1.12
17:46:39:147,7.88,-5.12,4.50
17:46:39:147,7.04,-5.79,8.00
17:46:39:147,6.22,-5.50,5.04
17:46:39:147,6.33,-2.91,3.53
17:46:39:214,6.04,-0.80,3.39
17:46:39:214,5.29,0.75,3.26
17:46:39:214,3.22,8.00,-8.00
17:46:39:331,5.49,-7.70,-3.14
17:46:39:331,3.69,-0.64,0.57
17:46:39:331,3.79,0.98,0.14
17:46:39:331,3.66,-1.38,-0.98
17:46:39:331,3.46,-2.23,-1.06
17:46:39:331,3.87,-1.30,-0.62
17:46:39:395,3.92,0.04,-0.37
17:46:39:395,3.88,-0.26,-0.83
17:46:39:395,3.80,-0.75,-1.36
17:46:39:395,3.88,-0.47,-1.33
17:46:39:430,3.76,-0.98,-1.14
17:46:39:430,3.89,-0.47,-1.01
17:46:39:430,3.79,-0.46,-1.10
17:46:39:430,3.69,-1.03,-1.33
17:46:39:430,3.77,-0.98,-1.12
17:46:39:430,4.40,-0.14,-0.71
17:46:39:430,4.11,-1.08,-0.66
17:46:39:448,4.32,-0.48,-0.98
17:46:39:448,4.28,-0.99,-1.13
17:46:39:482,5.13,-1.44,-1.28
17:46:39:482,5.96,-1.58,-1.22
17:46:39:482,6.16,-1.38,-1.08
17:46:39:499,6.27,-0.51,-0.81
17:46:39:530,6.42,1.04,-1.37
17:46:39:547,6.69,0.67,-2.54
17:46:39:610,5.83,0.88,-3.59
17:46:39:626,7.82,-1.08,-2.03
17:46:39:626,8.00,-1.80,-3.27
17:46:39:643,6.02,0.46,-6.30
17:46:39:643,-5.90,-7.71,-5.69
17:46:39:658,4.13,5.63,-5.05
17:46:39:674,0.81,4.06,-1.04
17:46:39:691,0.74,3.61,-0.44
17:46:39:706,2.02,3.15,-0.82
17:46:39:706,2.29,1.37,-1.69
17:46:39:706,4.43,0.61,-1.73
17:46:39:792,5.62,0.70,-0.59
17:46:39:792,6.36,-0.03,-0.95
17:46:39:792,7.72,-1.35,-1.44
17:46:39:792,8.00,-2.41,-1.51
17:46:39:792,8.00,-3.70,-0.90
17:46:40:39,8.00,-5.11,1.25
17:46:40:39,8.00,-0.96,7.20
17:46:40:39,8.00,-8.00,7.32
17:46:40:55,7.90,-8.00,7.45
17:46:40:73,6.59,-6.45,4.30
17:46:40:89,2.67,0.01,-8.00
17:46:40:139,8.00,3.38,5.08
17:46:40:154,8.00,0.98,3.58
17:46:40:154,5.10,-3.10,-0.22
17:46:40:186,3.59,-0.04,0.98
17:46:40:186,4.28,-1.53,-1.09
17:46:40:186,4.26,-2.57,-1.51
17:46:40:201,3.45,-2.01,-1.83
17:46:40:235,4.78,0.25,-0.08
17:46:40:235,4.09,-0.03,-0.50
17:46:40:253,3.98,-0.29,-0.68
17:46:40:253,4.00,-0.68,-0.84
17:46:40:253,3.66,-0.92,-0.70
17:46:40:253,3.84,-0.48,-0.40
17:46:40:253,4.16,-0.21,-0.28
17:46:40:270,3.88,-0.73,-0.52
17:46:40:270,3.93,-0.37,-0.71
17:46:40:270,3.98,-0.47,-0.12
17:46:40:270,4.45,-0.29,-0.50
17:46:40:270,4.51,-1.03,-1.25
17:46:40:270,4.87,-1.37,-1.40
17:46:40:323,5.85,-1.57,-0.65
17:46:40:323,6.15,-0.85,-0.37
17:46:40:323,6.64,-1.55,-0.73
17:46:40:339,6.80,-0.57,-2.48
17:46:40:357,7.50,1.01,-3.08
17:46:40:373,6.92,0.30,-3.91
17:46:40:389,7.98,-2.47,-2.94
17:46:40:406,8.00,-1.67,-4.84
17:46:40:424,3.53,-0.99,-8.00
17:46:40:458,1.17,4.66,-7.27
17:46:40:491,1.09,4.93,-2.42
17:46:40:556,1.53,4.26,-1.27
17:46:40:575,1.55,2.64,-1.66
17:46:40:575,2.61,0.97,-2.64
17:46:40:593,4.63,0.57,-2.41
17:46:40:610,5.92,1.17,-0.83
17:46:40:610,7.12,0.62,-1.53
17:46:40:628,8.00,-0.90,-2.31
17:46:40:696,8.00,-2.90,-3.08
17:46:40:696,8.00,-2.56,-1.95
17:46:40:712,8.00,-3.15,1.74
17:46:40:728,8.00,-5.21,6.20
17:46:40:746,8.00,-7.70,8.00
17:46:40:762,7.99,-7.44,8.00
17:46:40:777,7.55,-4.30,6.19
17:46:40:777,6.46,-2.71,3.69
17:46:40:860,5.29,8.00,-8.00
17:46:40:875,7.13,-8.00,1.18
17:46:40:875,3.28,-0.81,0.51
17:46:40:944,2.69,0.11,-0.61
17:46:40:962,3.69,-2.21,-0.57
17:46:40:962,3.73,-1.95,-1.00
17:46:41:31,4.04,-0.68,-0.16
17:46:41:62,4.18,0.50,-0.41
17:46:41:80,4.06,-0.07,-0.89
17:46:41:95,4.07,-0.47,-0.69
17:46:41:127,3.73,-1.19,-1.49
17:46:41:128,3.67,-0.65,-0.81
17:46:41:144,3.73,-0.61,-0.56
17:46:41:228,3.66,-0.57,-0.50
17:46:41:228,3.70,-0.64,-0.65
17:46:41:245,4.15,-0.77,-0.69
17:46:41:262,4.46,-0.48,-0.61
17:46:41:295,4.17,-0.96,-0.74
17:46:41:312,4.44,-0.74,-0.77
17:46:41:329,5.16,-0.77,-0.70
17:46:41:345,5.35,-1.20,-0.47
17:46:41:361,6.30,-1.94,-0.97
17:46:41:409,6.47,-0.55,-0.70
17:46:41:441,6.84,0.03,-0.64
17:46:41:441,7.85,0.63,-3.06
17:46:41:441,8.00,0.39,-3.37
17:46:41:456,8.00,-2.49,-2.66
17:46:41:472,7.50,-1.12,-6.70
17:46:41:472,-6.00,3.01,-0.65
17:46:41:506,3.30,7.16,-3.95
17:46:41:579,0.68,3.68,-1.28
17:46:41:594,0.86,3.12,-1.18
17:46:41:613,1.38,1.64,-1.52
17:46:41:628,2.68,0.83,-2.24
17:46:41:628,4.42,0.46,-2.02
17:46:41:644,5.83,-0.28,-1.41
17:46:41:644,7.34,-2.12,-2.25
17:46:41:675,8.00,-4.70,-2.29
17:46:41:691,8.00,-5.94,-0.94
17:46:41:756,8.00,-7.15,1.49
17:46:41:773,8.00,-2.17,7.56
17:46:41:789,8.00,-3.39,7.89
17:46:41:789,6.75,-8.00,7.99
17:46:41:824,7.62,-2.91,8.00
17:46:41:859,6.74,-3.67,4.46
17:46:41:859,0.21,8.00,-8.00
17:46:41:859,8.00,-4.88,3.84
17:46:41:874,3.84,0.88,0.43
17:46:41:909,3.68,-0.62,0.24
17:46:41:989,3.98,-2.72,-1.90
17:46:42:24,2.92,-2.19,-1.38
17:46:42:40,3.75,0.09,0.10
17:46:42:40,3.42,1.08,0.84
17:46:42:56,3.68,-1.69,-2.02
17:46:42:121,3.71,-0.39,-0.64
17:46:42:184,4.20,-0.74,-1.21
17:46:42:184,4.00,-0.49,-0.96
17:46:42:199,4.05,-0.25,-0.73
17:46:42:231,4.01,-0.50,-0.78
17:46:42:248,4.02,-0.80,-1.25
17:46:42:266,4.25,-0.83,-1.33
17:46:42:329,3.80,-0.88,-0.69
17:46:42:329,3.31,-1.10,-0.54
17:46:42:346,3.20,-1.63,-0.91
17:46:42:362,3.22,-1.72,-0.87
17:46:42:364,3.31,-1.90,-1.31
17:46:42:380,3.44,-2.52,-2.04
17:46:42:380,2.64,-4.61,-4.93
17:46:42:396,2.48,-4.03,-5.35
17:46:42:475,2.54,-2.32,-5.38
17:46:42:492,3.42,-1.04,-5.55
17:46:42:526,4.60,0.52,-5.03
17:46:42:526,4.85,1.50,-4.99
17:46:42:542,4.60,2.60,-4.79
17:46:42:542,4.58,3.42,-3.65
17:46:42:573,4.68,3.79,-2.40
17:46:42:573,4.78,3.71,-1.25
17:46:42:589,4.59,3.23,-0.17
17:46:42:637,4.71,2.61,0.19
17:46:42:671,4.75,2.51,0.96
17:46:42:687,4.63,1.71,1.20
17:46:42:703,4.36,1.44,1.42
17:46:42:720,5.65,2.17,2.35
17:46:42:754,5.28,0.28,0.60
17:46:42:754,4.38,-2.22,-2.47
17:46:42:754,3.93,-2.30,-1.37
17:46:42:771,3.34,-1.35,-0.69
17:46:42:787,3.88,1.42,-0.38
17:46:42:901,4.44,1.00,-0.87
17:46:42:933,4.33,0.32,-0.94
17:46:42:933,3.83,-0.79,-0.74
17:46:42:948,3.98,-1.09,-0.94
17:46:42:964,4.00,-0.22,-0.86
17:46:43:46,3.95,-0.43,-1.00
17:46:43:62,3.85,-0.55,-0.85
17:46:43:79,4.02,-0.36,-0.89
17:46:43:95,3.94,-0.33,-0.82
17:46:43:177,3.81,-0.34,-0.79
17:46:43:193,3.97,-0.50,-0.72
17:46:43:211,3.89,-0.56,-0.61
17:46:43:227,4.00,-0.52,-0.57
17:46:43:260,3.95,-0.50,-0.60
17:46:43:295,4.01,-0.36,-0.64
17:46:43:311,4.12,-0.38,-0.65
17:46:43:311,4.05,-0.74,-0.94
17:46:43:326,3.92,-0.39,-0.83
17:46:43:375,3.96,-0.36,-0.78
17:46:43:407,4.07,-1.49,-0.12
17:46:43:407,4.02,-1.85,0.51
17:46:43:407,3.74,-0.83,0.17
17:46:43:424,3.39,0.15,-0.50
17:46:43:441,3.19,1.94,-2.65
17:46:43:441,4.11,3.76,-2.20
17:46:43:456,4.18,0.56,0.48
17:46:43:491,4.03,0.57,-0.79
17:46:43:491,3.85,-0.67,-0.80
17:46:43:558,3.89,-0.69,-1.04
17:46:43:575,3.79,-0.23,-0.63
17:46:43:592,4.01,-0.06,-0.59
17:46:43:608,3.94,-0.10,-0.62
17:46:43:623,3.88,-0.42,-0.83
17:46:43:623,3.88,-0.58,-0.79
17:46:43:657,3.91,-0.41,-0.72
17:46:43:675,3.89,-0.32,-0.68
17:46:43:740,3.93,-0.20,-0.82
17:46:43:740,3.90,-0.31,-0.91
17:46:43:772,3.91,-0.33,-0.87
17:46:43:803,3.90,-0.27,-0.84
17:46:43:803,3.87,-0.33,-0.78
17:46:43:852,3.94,-0.33,-0.75
17:46:43:918,3.88,-0.29,-0.85
17:46:43:918,3.89,-0.31,-0.88
17:46:43:936,3.89,-0.29,-0.83
17:46:43:936,3.87,-0.29,-0.83
17:46:43:953,3.92,-0.32,-0.80
17:46:43:953,3.89,-0.32,-0.82
17:46:43:984,3.87,-0.32,-0.89
17:46:44:3,3.87,-0.32,-0.87
17:46:44:19,3.90,-0.32,-0.86
17:46:44:36,3.90,-0.31,-0.89
17:46:44:69,3.92,-0.34,-0.76
17:46:44:103,3.98,-0.24,-0.68
17:46:44:103,3.96,-0.24,-0.62
17:46:44:120,3.94,-0.16,-0.74
17:46:44:136,3.88,-0.31,-0.71
17:46:44:168,3.92,-0.40,-0.74
17:46:44:168,3.92,-0.32,-0.71
17:46:44:184,3.91,-0.29,-0.72
17:46:44:200,3.95,-0.33,-0.80
17:46:44:215,4.04,-0.43,-0.85
17:46:44:252,3.94,-0.31,-0.74
17:46:44:284,4.01,-0.32,-0.74
17:46:44:299,3.83,-0.17,-0.73
17:46:44:301,3.73,-0.13,-0.70
17:46:44:350,3.98,-0.45,-0.55
17:46:44:350,3.97,-0.32,-0.51
17:46:44:384,3.91,-0.51,-0.58
17:46:44:450,3.98,-0.39,-0.60
17:46:44:485,3.95,-0.35,-0.61
17:46:44:502,3.96,-0.34,-0.55
17:46:44:518,3.96,-0.37,-0.63
17:46:44:518,3.86,-0.40,-0.71
17:46:44:534,3.92,-0.30,-0.55
17:46:44:549,3.87,-0.32,-0.62
17:46:44:581,3.81,-0.50,-0.72
17:46:44:612,3.96,-0.52,-0.65
17:46:44:628,3.98,-0.45,-0.72
17:46:44:662,4.04,-0.41,-0.67
17:46:44:678,4.15,-0.32,-0.66
17:46:44:693,4.16,-0.47,-0.55
17:46:44:710,4.53,-0.71,-0.59
17:46:44:746,5.27,-0.27,-0.75
17:46:44:763,5.04,0.24,-1.53
17:46:44:830,5.76,-0.86,-2.82
17:46:44:830,5.46,0.05,-4.44
17:46:44:863,3.19,2.76,-4.97
17:46:44:895,1.27,1.64,-5.39
17:46:44:910,2.18,3.15,-3.82
17:46:44:941,3.48,4.22,-1.89
17:46:44:988,4.29,4.29,-0.70
17:46:44:988,4.94,3.21,-0.53
17:46:45:37,5.43,2.25,-0.52
17:46:45:54,5.63,1.37,-0.37
17:46:45:87,5.38,-0.27,-0.05
17:46:45:102,5.11,-0.92,-0.55
17:46:45:118,4.70,-1.27,-0.45
17:46:45:150,4.18,-1.41,-0.04
17:46:45:200,4.07,-1.68,0.29
17:46:45:200,3.75,-1.95,0.73
17:46:45:217,4.22,-1.45,1.37
17:46:45:217,4.23,-2.01,1.71
17:46:45:251,5.06,-2.45,2.63
17:46:45:267,5.56,-3.32,2.64
17:46:45:267,5.54,-3.74,2.25
17:46:45:300,3.90,8.00,-8.00
17:46:45:365,3.93,-6.56,2.60
17:46:45:365,5.39,0.28,-0.09
17:46:45:383,3.68,0.15,-0.08
17:46:45:383,4.36,-1.27,-0.83
17:46:45:416,3.20,-0.54,-1.67
17:46:45:448,4.01,-0.66,-0.50
17:46:45:464,3.70,-0.20,-0.60
17:46:45:531,3.93,-0.33,-0.70
17:46:45:547,3.77,-0.57,-1.16
17:46:45:565,3.70,-0.76,-1.06
17:46:45:584,3.76,-0.44,-1.01
17:46:45:600,3.81,-0.22,-0.98
17:46:45:600,3.90,-0.74,-0.82
17:46:45:633,3.75,-0.81,-0.91
17:46:45:649,3.68,-0.96,-0.86
17:46:45:716,4.08,-0.61,-0.75
17:46:45:732,4.19,-0.85,-0.63
17:46:45:747,4.38,-0.54,-0.89
17:46:45:765,4.65,-2.02,-0.27
17:46:45:765,4.77,-1.63,-0.00
17:46:45:800,6.05,-1.40,-0.16
17:46:45:849,5.75,-1.31,-0.55
17:46:45:865,6.22,-1.03,-1.11
17:46:45:898,7.34,-0.46,-2.23
17:46:45:913,8.00,-0.05,-4.51
17:46:45:929,8.00,0.96,-3.12
17:46:45:945,8.00,-2.01,-2.95
17:46:45:976,7.64,0.09,-6.38
17:46:45:991,-8.00,0.99,-1.16
17:46:46:26,5.79,8.00,-6.19
17:46:46:78,1.66,4.14,-0.97
17:46:46:126,1.21,3.84,-1.31
17:46:46:127,1.80,2.14,-1.71
17:46:46:127,3.09,0.48,-2.68
17:46:46:142,4.72,0.41,-2.10
17:46:46:161,6.27,0.97,-1.68
17:46:46:177,7.48,-0.01,-1.91
17:46:46:260,8.00,-1.52,-2.62
17:46:46:276,8.00,-2.55,-0.65
17:46:46:292,8.00,-4.15,2.49
17:46:46:292,8.00,-6.11,6.73
17:46:46:309,8.00,-7.83,8.00
17:46:46:327,8.00,-8.00,8.00
17:46:46:362,7.85,-7.66,5.19
17:46:46:378,5.74,-4.65,2.48
17:46:46:543,8.00,8.00,-8.00
17:46:46:543,8.00,-8.00,5.70
17:46:46:559,3.32,-4.30,-0.49
17:46:46:610,1.42,1.31,-0.13
17:46:46:642,5.00,-4.61,-1.89
17:46:46:642,4.08,-1.79,-0.85
17:46:46:677,3.98,-0.59,-0.04
17:46:46:710,3.98,0.16,0.06
17:46:46:710,3.90,-0.09,-0.27
17:46:46:710,3.99,-0.59,-0.98
17:46:46:790,3.81,-0.83,-0.93
17:46:46:806,3.83,-1.18,-0.73
17:46:46:822,4.00,-0.07,0.21
17:46:46:822,4.12,-0.84,-0.33
17:46:46:837,4.03,-1.15,-0.38
17:46:46:837,4.60,-0.82,-0.58
17:46:46:870,4.59,-0.76,-0.31
17:46:46:886,4.91,-1.43,-1.44
17:46:46:901,6.16,-0.60,0.08
17:46:46:901,5.99,-0.70,-0.50
17:46:46:901,6.55,-1.69,-0.75
17:46:46:918,6.61,-1.66,-2.55
17:46:46:952,7.31,-0.05,-3.21
17:46:47:20,7.39,0.64,-4.56
17:46:47:36,8.00,-1.87,-2.66
17:46:47:36,8.00,-0.28,-5.04
17:46:47:51,6.64,-1.79,-7.96
17:46:47:67,3.83,1.67,-7.41
17:46:47:84,1.13,4.44,-2.42
17:46:47:100,0.65,3.52,-0.84
17:46:47:167,1.74,2.76,-1.13
17:46:47:183,2.04,0.90,-2.33
17:46:47:199,3.84,0.31,-2.56
17:46:47:202,5.29,0.46,-1.97
17:46:47:253,6.40,-0.01,-1.46
17:46:47:253,7.72,-1.67,-2.54
17:46:47:268,8.00,-2.63,-2.22
17:46:47:336,8.00,-3.11,-0.95
17:46:47:404,8.00,-2.73,1.96
17:46:47:419,8.00,-5.43,5.47
17:46:47:419,8.00,-8.00,8.00
17:46:47:435,8.00,-7.12,8.00
17:46:47:453,7.86,-5.79,5.58
17:46:47:453,6.55,-3.13,3.79
17:46:47:471,6.52,8.00,-8.00
17:46:47:519,8.00,-8.00,5.69
17:46:47:519,4.01,-2.41,0.41
17:46:47:536,2.51,0.99,0.41
17:46:47:571,4.66,-3.22,-1.09
17:46:47:606,4.08,-2.78,-0.98
17:46:47:606,3.50,-1.19,-0.40
17:46:47:622,3.84,-0.12,-0.29
17:46:47:703,3.93,-0.20,-0.76
17:46:47:717,3.94,-0.40,-1.12
17:46:47:725,3.69,-1.00,-1.22
17:46:47:743,3.77,-1.24,-1.25
17:46:47:755,3.81,-0.61,-0.58
17:46:47:787,4.24,-0.46,-0.63
17:46:47:803,3.95,-1.07,-0.92
17:46:47:821,4.53,-0.26,-0.88
17:46:47:882,4.48,-0.91,-1.06
17:46:47:900,4.86,-1.47,-0.78
17:46:47:938,6.27,-0.78,-0.40
17:46:47:938,6.38,-0.47,-0.24
17:46:47:956,6.69,-1.06,-0.83
17:46:47:956,6.90,-1.54,-2.42
17:46:47:991,7.31,-0.47,-3.61
17:46:48:61,7.18,-1.80,-2.88
17:46:48:79,8.00,-2.03,-2.47
17:46:48:94,8.00,1.09,-5.12
17:46:48:94,8.00,-0.95,-8.00
17:46:48:112,4.10,4.87,-5.18
17:46:48:146,1.11,4.65,-0.64
17:46:48:163,0.67,3.98,-0.38
17:46:48:228,1.46,2.72,-0.86
17:46:48:228,1.82,1.16,-2.14
17:46:48:265,4.08,0.40,-2.23
17:46:48:265,5.57,1.15,-1.54
17:46:48:315,6.79,0.11,-1.23
17:46:48:331,8.00,-0.66,-1.88
17:46:48:331,8.00,-2.39,-1.89
17:46:48:348,8.00,-3.05,-1.60
17:46:48:426,8.00,-4.77,-0.13
17:46:48:442,8.00,-2.21,5.82
17:46:48:460,8.00,-6.94,8.00
17:46:48:477,8.00,-8.00,8.00
17:46:48:494,7.15,-5.96,5.61
17:46:48:510,5.83,-4.59,3.66
17:46:48:528,0.08,8.00,-8.00
17:46:48:595,8.00,-8.00,6.79
17:46:48:615,4.77,1.90,1.66
17:46:48:630,4.23,-0.35,-2.31
17:46:48:630,2.69,-1.64,-0.86
17:46:48:647,5.62,-4.26,-2.12
17:46:48:681,4.87,-2.28,0.54
17:46:48:681,4.31,-1.13,-0.23
17:46:48:717,3.79,-0.90,-0.36
17:46:48:748,4.25,-0.76,-0.65
17:46:48:765,3.71,-1.25,-1.20
17:46:48:805,3.99,-0.66,-0.43
17:46:48:860,3.97,-0.74,-0.42
17:46:49:16,3.83,-0.72,-0.38
17:46:49:36,3.99,-1.20,-0.73
17:46:49:36,4.06,-1.15,-0.57
17:46:49:69,4.39,-1.12,-0.74
17:46:49:69,4.76,-1.05,-0.17
17:46:49:86,5.46,-0.33,0.69
17:46:49:174,5.70,0.32,1.32
17:46:49:190,6.09,-0.88,0.77
17:46:49:206,7.69,-1.60,0.29
17:46:49:331,8.00,3.80,0.29
17:46:49:365,8.00,8.00,-1.65
17:46:49:418,8.00,-4.65,0.84
17:46:49:434,4.58,-0.07,-3.82
17:46:49:570,3.14,-0.94,-4.50
17:46:49:752,2.10,1.48,-4.05
17:46:49:871,-0.63,-0.55,-2.01
17:46:49:902,0.84,1.20,-1.73
17:46:50:70,1.89,-0.25,-1.81
17:46:50:298,2.64,-1.72,-2.71
17:46:50:314,3.53,-2.69,-2.73
17:46:50:381,4.54,-3.44,-1.38
17:46:50:613,5.33,-3.47,-0.37
17:46:50:868,6.50,-4.18,-0.23
17:46:51:178,6.88,-6.11,-1.01
17:46:51:542,6.30,-7.19,-1.47
17:46:51:542,5.22,-6.85,-1.11
17:46:52:44,4.79,-5.56,-0.47
17:46:52:64,4.38,-4.22,0.35
17:46:52:64,4.48,-2.50,0.65
17:46:52:64,3.70,-1.71,0.26
17:46:52:197,3.35,-2.29,-0.68
17:46:52:197,5.39,-6.23,-1.62
17:46:52:197,3.76,1.32,-2.98
17:46:52:291,4.11,-0.47,1.62
17:46:52:291,4.66,-0.61,1.13
17:46:52:291,3.93,0.40,0.78
17:46:52:291,3.72,-0.71,-0.54
17:46:52:291,3.87,-1.19,-0.87
17:46:52:291,4.23,-0.63,-0.51
17:46:52:326,4.05,-0.36,-0.53
17:46:52:326,3.93,-0.26,-0.89
17:46:52:326,3.63,-1.17,-1.06
17:46:52:326,4.10,-1.09,-0.75
17:46:52:326,3.89,-0.94,-0.97
17:46:52:326,3.85,-0.62,-0.72
17:46:52:326,4.04,-0.42,-0.38
17:46:52:406,3.87,-0.97,-0.62
17:46:52:406,3.99,-1.10,-0.89
17:46:52:475,3.58,-0.64,-0.94
17:46:52:475,3.45,-1.87,-1.40
17:46:52:475,3.78,-0.99,-0.70
17:46:52:927,3.77,-1.16,-0.87
17:46:52:927,3.78,-0.65,-0.90
17:46:52:927,3.84,-0.85,-0.66
17:46:52:927,3.82,-0.53,-0.71
17:46:52:927,4.06,-0.56,-0.47
17:46:52:927,3.92,-0.55,-0.81
17:46:52:959,3.73,-0.72,-0.76
17:46:52:959,3.85,-0.64,-0.71
17:46:52:959,3.90,-0.65,-0.63
17:46:52:959,3.85,-0.68,-0.76
17:46:52:959,3.77,-0.69,-0.89
17:46:52:959,3.80,-0.54,-0.85
17:46:52:975,3.89,-0.71,-0.65
17:46:52:992,4.04,-0.67,-0.57
17:46:52:992,3.88,-0.59,-0.70
17:46:52:992,3.80,-0.70,-0.86
17:46:53:26,3.89,-0.67,-0.77
17:46:53:26,3.78,-0.65,-0.74
17:46:53:26,3.84,-0.67,-0.79
17:46:53:26,3.87,-0.67,-0.68
17:46:53:26,3.91,-0.66,-0.82
17:46:53:26,3.82,-0.64,-0.79
17:46:53:89,3.89,-0.63,-0.72
17:46:53:89,3.84,-0.68,-0.74
17:46:53:89,3.84,-0.70,-0.76
17:46:53:89,3.85,-0.61,-0.70
17:46:53:89,3.87,-0.62,-0.73
17:46:53:89,3.86,-0.66,-0.74
17:46:53:89,3.86,-0.73,-0.62
17:46:53:138,3.86,-0.60,-0.78
17:46:53:138,3.92,-0.66,-0.66
17:46:53:138,3.89,-0.58,-0.72
17:46:53:138,3.82,-0.55,-0.76
17:46:53:138,3.95,-0.60,-0.64
17:46:53:138,3.81,-0.54,-0.95
17:46:53:138,3.89,-0.61,-0.87
17:46:53:154,3.87,-0.60,-0.79
17:46:53:154,3.91,-0.55,-0.80
17:46:53:154,3.85,-0.63,-0.79
17:46:53:154,3.86,-0.60,-0.77
17:46:53:154,3.85,-0.56,-0.78
17:46:53:154,3.84,-0.56,-0.80
17:46:53:169,3.88,-0.58,-0.84
17:46:53:169,3.86,-0.62,-0.83
17:46:53:169,3.85,-0.59,-0.78
17:46:53:169,3.87,-0.59,-0.80
17:46:53:169,3.88,-0.57,-0.82
17:46:53:169,3.88,-0.57,-0.79
17:46:53:169,3.87,-0.58,-0.78
17:46:53:186,3.88,-0.55,-0.79
17:46:53:186,3.86,-0.57,-0.74
17:46:53:186,3.85,-0.57,-0.76
17:46:53:186,3.87,-0.57,-0.78
17:46:53:186,3.88,-0.53,-0.73
17:46:53:186,3.87,-0.55,-0.74
17:46:53:186,3.86,-0.55,-0.73
17:46:53:186,4.05,-0.42,-0.73
17:46:53:186,3.87,-0.53,-0.73
17:46:53:186,3.92,-0.47,-0.66
17:46:53:186,3.93,-0.52,-0.75
17:46:53:186,3.90,-0.53,-0.76
17:46:53:186,3.93,-0.50,-0.86
17:46:53:218,3.94,-0.50,-0.78
17:46:53:218,3.90,-0.58,-0.78
17:46:53:218,4.01,-0.58,-0.74
17:46:53:218,4.00,-0.52,-0.69
17:46:53:218,4.18,-0.58,-0.59
17:46:53:218,4.92,-0.90,-0.59
17:46:53:218,4.97,-0.39,-0.91
17:46:53:269,5.15,1.04,-2.53
17:46:53:269,5.77,-0.22,-4.12
17:46:53:269,4.53,2.32,-4.74
17:46:53:269,3.13,1.84,-4.43
17:46:53:269,3.09,2.96,-4.76
17:46:53:269,2.84,2.97,-3.99
17:46:53:269,3.05,2.74,-2.79
17:46:53:301,3.86,2.51,-1.59
17:46:53:301,4.53,2.00,-1.25
17:46:53:301,4.92,1.06,-1.15
17:46:53:301,5.07,0.02,-1.00
17:46:53:301,5.09,-0.48,-0.61
17:46:53:301,4.55,-0.32,-0.31
17:46:53:301,4.33,-0.59,-0.44
17:46:53:366,4.26,-1.70,-0.57
17:46:53:366,4.38,-2.61,-0.07
17:46:53:366,4.57,-2.56,1.06
17:46:53:366,5.07,-2.13,2.81
17:46:53:366,5.81,-2.55,4.03
17:46:53:366,6.55,-3.25,4.40
17:46:53:366,7.44,-4.45,3.22
17:46:53:398,6.24,-3.51,-3.98
17:46:53:398,3.39,8.00,-8.00
17:46:53:398,1.18,-8.00,-0.74
17:46:53:398,5.54,1.71,-0.85
17:46:53:398,4.81,-2.20,-0.62
17:46:53:398,5.31,-1.64,-0.52
17:46:53:398,3.60,-1.34,-0.54
17:46:53:465,4.17,-0.61,-0.20
17:46:53:465,3.82,-0.55,-0.19
17:46:53:465,3.70,-0.89,-0.69
17:46:53:465,3.66,-0.78,-0.92
17:46:53:465,3.68,-0.87,-1.08
17:46:53:480,3.61,-1.13,-1.05
17:46:53:480,3.66,-0.17,-1.14
17:46:53:480,3.88,-0.26,-0.74
17:46:53:480,3.90,-0.19,-0.97
17:46:53:480,3.82,-0.43,-0.78
17:46:53:480,4.25,-0.92,-0.82
17:46:53:561,4.30,-1.65,-0.27
17:46:53:561,4.53,-2.00,-0.36
17:46:53:561,4.96,-1.62,-0.33
17:46:53:561,6.25,-1.90,-0.95
17:46:53:561,6.28,-2.31,-0.52
17:46:53:561,6.83,-0.80,-0.99
17:46:53:561,7.81,0.61,-1.90
17:46:53:643,8.00,0.90,-4.17
17:46:53:643,8.00,1.96,-4.85
17:46:53:643,8.00,-1.28,-1.92
17:46:53:643,8.00,1.88,-6.91
17:46:53:643,-8.00,-4.83,-0.21
17:46:53:643,8.00,8.00,-6.72
17:46:53:643,-0.74,2.72,-2.26
17:46:53:696,1.01,3.61,-1.48
17:46:53:711,1.79,2.71,-1.38
17:46:53:711,3.06,1.30,-2.24
17:46:53:711,4.64,0.83,-1.98
17:46:53:729,6.29,1.54,-1.51
17:46:53:729,7.72,0.75,-1.96
17:46:53:832,8.00,-0.39,-1.20
17:46:53:866,8.00,-0.91,1.32
17:46:53:866,8.00,-3.06,4.32
17:46:53:882,8.00,-7.33,7.12
17:46:53:898,8.00,-8.00,8.00
17:46:53:898,7.70,-8.00,7.45
17:46:53:898,7.51,-8.00,4.28
17:46:53:898,0.45,4.49,-8.00
17:46:53:898,6.83,-6.12,5.02
17:46:53:913,4.23,2.26,1.22
17:46:53:913,4.24,-1.31,-0.75
17:46:53:929,4.24,-2.36,-0.63
17:46:53:929,4.45,-2.33,-0.25
17:46:53:929,4.16,-1.30,0.48
17:46:53:929,4.48,0.28,-0.13
17:46:53:944,3.94,-0.46,-0.49
17:46:53:944,3.89,-0.57,-0.56
17:46:53:994,3.71,-1.10,-1.24
17:46:53:994,3.81,-1.16,-1.38
17:46:53:994,4.15,-1.02,0.04
17:46:54:9,4.55,-0.40,0.10
17:46:54:9,4.19,0.12,-0.11
17:46:54:9,4.25,-1.52,-1.03
17:46:54:9,5.50,-1.04,0.21
17:46:54:9,6.20,-0.50,0.32
17:46:54:26,6.31,-0.91,-0.26
17:46:54:42,6.38,-0.79,-0.63
17:46:54:42,7.15,-0.54,-2.16
17:46:54:42,7.01,-1.11,-4.07
17:46:54:42,8.00,0.41,-4.80
17:46:54:42,8.00,-3.08,-2.22
17:46:54:59,8.00,-0.99,-5.93
17:46:54:59,8.00,-2.37,-8.00
17:46:54:91,5.22,5.19,-4.86
17:46:54:139,1.00,4.65,0.26
17:46:54:208,1.04,4.05,-0.62
17:46:54:223,0.42,2.14,-1.48
17:46:54:257,1.29,0.63,-2.69
17:46:54:308,3.37,0.67,-2.21
17:46:54:405,5.32,1.06,-1.29
17:46:54:538,5.82,-0.67,-1.82
17:46:54:569,7.33,-2.29,-2.78
17:46:54:586,8.00,-3.87,-2.62
17:46:54:618,8.00,-2.79,-0.77
17:46:54:618,8.00,-2.20,3.12
17:46:54:633,8.00,-4.13,5.44
17:46:54:649,8.00,-8.00,8.00
17:46:54:667,8.00,-7.41,8.00
17:46:54:716,7.37,-5.51,4.99
17:46:54:732,5.72,-2.80,3.82
17:46:54:748,6.93,8.00,-8.00
17:46:54:748,8.00,-7.74,6.31
17:46:54:748,6.05,-1.83,1.56
17:46:54:764,3.08,0.15,-0.50
17:46:54:764,4.90,-2.88,-1.42
17:46:54:780,5.07,-3.89,-0.31
17:46:54:780,3.48,-0.92,-0.16
17:46:54:780,4.02,0.24,-0.00
17:46:54:780,3.97,-0.52,-0.87
17:46:54:780,3.62,-0.83,-1.13
17:46:54:780,3.65,-1.23,-1.17
17:46:54:780,3.61,-1.15,-0.76
17:46:54:780,4.00,-0.77,-0.33
17:46:54:799,4.09,-0.99,-0.93
17:46:54:848,3.84,-1.22,-1.07
17:46:54:898,4.27,-0.63,-0.43
17:46:54:901,4.77,-0.89,-0.48
17:46:54:917,5.40,-1.09,-0.64
17:46:54:933,5.71,-0.75,-0.27
17:46:54:952,6.00,-0.84,-0.49
17:46:54:968,6.50,-1.90,-1.45
17:46:54:968,6.59,-1.24,-2.49
17:46:54:984,6.77,-0.48,-3.34
17:46:55:20,7.10,-0.20,-4.71
17:46:55:178,8.00,-1.66,-2.37
17:46:55:260,8.00,-0.91,-4.97
17:46:55:277,4.29,-1.62,-6.65
17:46:55:295,2.19,2.34,-4.36
17:46:55:311,1.71,4.13,-1.42
17:46:55:311,0.79,3.16,-0.68
17:46:55:311,0.99,2.35,-1.27
17:46:55:328,1.61,0.37,-2.31
17:46:55:360,3.43,0.12,-2.35
17:46:55:376,4.59,0.47,-1.67
17:46:55:424,5.98,0.98,-0.88
17:46:55:457,7.21,-0.10,-1.77
17:46:55:489,8.00,-2.45,-1.57
17:46:55:538,8.00,-2.16,-0.39
17:46:55:538,8.00,-2.21,1.73
17:46:55:538,8.00,-2.85,3.37
17:46:55:554,8.00,-3.65,4.83
17:46:55:618,7.16,-6.34,6.71
17:46:55:636,7.57,-6.05,7.69
17:46:55:668,6.62,-5.83,5.13
17:46:55:704,6.20,-4.93,3.12
17:46:55:737,2.36,0.30,-8.00
17:46:55:770,8.00,2.98,8.00
17:46:55:786,6.47,0.93,2.07
17:46:55:818,3.30,-2.39,-1.00
17:46:55:818,1.57,0.42,-0.44
17:46:55:835,3.57,-0.88,-2.16
17:46:55:852,3.88,-3.74,-0.37
17:46:55:868,3.37,-0.75,-0.44
17:46:55:868,4.02,-0.43,0.10
17:46:55:868,3.99,-0.40,-0.59
17:46:55:900,3.54,-1.58,-1.26
17:46:55:916,3.89,-0.47,-0.66
17:46:55:916,3.84,-0.58,-0.80
17:46:55:916,3.97,-0.50,-0.77
17:46:55:986,4.25,-0.46,-0.96
17:46:56:2,3.97,-0.76,-1.01
17:46:56:2,4.22,-0.74,-0.90
17:46:56:19,4.09,-0.71,-0.23
17:46:56:19,3.79,-1.49,-0.62
17:46:56:36,3.71,-1.53,-0.77
17:46:56:54,3.96,-1.65,-1.25
17:46:56:70,3.74,-1.81,-1.08
17:46:56:70,3.73,-2.28,-1.15
17:46:56:85,3.10,-2.80,-0.89
17:46:56:120,2.67,-4.49,-1.94
17:46:56:167,5.00,-4.76,-3.95
17:46:56:183,4.85,-5.16,-5.57
17:46:56:183,4.60,-4.00,-6.25
17:46:56:199,4.42,-2.66,-6.34
17:46:56:214,4.42,-0.66,-6.13
17:46:56:248,4.23,2.24,-5.02
17:46:56:248,5.61,2.07,-3.02
17:46:56:264,4.64,0.95,-2.09
17:46:56:264,4.52,1.84,-1.44
17:46:56:348,4.33,2.04,-1.13
17:46:56:382,4.50,1.74,-1.36
17:46:56:382,4.59,1.55,-1.68
17:46:56:382,4.51,1.25,-3.02
17:46:56:398,4.65,2.38,-1.38
17:46:56:415,4.71,2.45,-0.95
17:46:56:415,4.99,1.57,-1.00
17:46:56:434,5.02,1.47,-0.83
17:46:56:450,5.57,2.33,-0.15
17:46:56:465,5.35,2.02,-0.62
17:46:56:547,4.79,1.84,-0.92
17:46:56:567,4.36,2.21,-0.88
17:46:56:599,4.09,2.51,-0.78
17:46:56:616,4.66,2.72,0.64
17:46:56:634,4.80,2.23,2.04
17:46:56:651,4.62,2.39,2.10
17:46:56:667,4.45,0.08,1.15
17:46:56:734,3.75,-0.87,-0.57
17:46:56:749,4.24,-2.34,-1.70
17:46:56:749,4.01,-1.00,-0.24
17:46:56:765,4.23,-0.14,0.17
17:46:56:781,4.00,-0.52,-0.25
17:46:56:812,3.81,-0.93,-0.43
17:46:56:880,4.01,-0.75,-0.37
17:46:56:880,4.00,-0.80,-0.37
17:46:56:912,4.00,-0.84,-0.53
17:46:56:913,3.97,-0.54,-0.45
17:46:56:929,3.94,-0.57,-0.51
17:46:56:945,4.07,-0.54,-0.63
17:46:56:945,3.98,-0.77,-0.57
17:46:56:960,3.92,-0.75,-0.53
17:46:57:7,3.96,-0.66,-0.58
17:46:57:55,3.97,-0.63,-0.57
17:46:57:71,3.91,-0.69,-0.59
17:46:57:71,3.85,-0.67,-0.62
17:46:57:104,3.93,-0.59,-0.66
17:46:57:104,3.89,-0.60,-0.62
17:46:57:119,3.90,-0.59,-0.66
17:46:57:151,3.88,-0.55,-0.72
17:46:57:169,3.89,-0.56,-0.77
17:46:57:248,3.88,-0.53,-0.77
17:46:57:283,3.90,-0.57,-0.76
17:46:57:299,3.90,-0.54,-0.77
17:46:57:299,3.88,-0.49,-0.81
17:46:57:330,3.90,-0.55,-0.79
17:46:57:361,3.89,-0.50,-0.81
17:46:57:392,3.85,-0.55,-0.76
17:46:57:408,3.88,-0.49,-0.79
17:46:57:439,3.85,-0.51,-0.79
17:46:57:455,3.85,-0.55,-0.82
17:46:57:471,3.88,-0.47,-0.87
17:46:57:490,3.85,-0.44,-0.84
17:46:57:506,3.86,-0.43,-0.83
17:46:57:506,3.85,-0.48,-0.83
17:46:57:522,3.86,-0.48,-0.83
17:46:57:621,3.86,-0.48,-0.84
17:46:57:637,3.88,-0.41,-0.83
17:46:57:655,3.88,-0.44,-0.82
17:46:57:673,3.86,-0.44,-0.87
17:46:57:673,3.84,-0.42,-0.83
17:46:57:690,3.88,-0.46,-0.87
17:46:57:694,3.95,-0.39,-0.86
17:46:57:775,3.85,-0.44,-0.89
17:46:57:791,3.85,-0.42,-0.92
17:46:57:791,3.86,-0.43,-0.90
17:46:57:807,3.86,-0.44,-0.87
17:46:57:857,3.88,-0.39,-0.90
17:46:57:857,3.85,-0.41,-0.90
17:46:57:857,3.86,-0.46,-0.92
17:46:57:889,3.85,-0.43,-0.95
17:46:57:937,3.86,-0.40,-0.89
17:46:57:986,3.87,-0.39,-0.84
17:46:58:2,3.87,-0.42,-0.94
17:46:58:18,3.85,-0.41,-0.93
17:46:58:18,3.85,-0.41,-0.92
17:46:58:33,3.84,-0.41,-0.92
17:46:58:49,3.83,-0.38,-0.91
17:46:58:103,3.88,-0.40,-0.85
17:46:58:153,3.88,-0.34,-0.92
17:46:58:187,3.84,-0.39,-0.95
17:46:58:187,3.86,-0.36,-1.00
17:46:58:220,3.84,-0.37,-0.93
17:46:58:255,3.85,-0.38,-0.89
17:46:58:303,3.86,-0.36,-0.91
17:46:58:387,3.87,-0.37,-0.94
17:46:58:405,3.84,-0.36,-0.94
17:46:58:421,3.86,-0.37,-0.92
17:46:58:421,3.89,-0.39,-0.86
17:46:58:437,3.92,-0.38,-0.87
17:46:58:520,3.87,-0.38,-0.88
17:46:58:535,3.89,-0.32,-0.86
17:46:58:535,3.91,-0.31,-0.84
17:46:58:553,3.90,-0.40,-0.82
17:46:58:569,3.83,-0.39,-0.88
17:46:58:569,3.88,-0.36,-0.83
17:46:58:584,3.90,-0.34,-0.82
17:46:58:651,3.83,-0.42,-0.75
17:46:58:685,3.90,-0.38,-0.77
17:46:58:705,3.92,-0.41,-0.84
17:46:58:721,4.01,-0.31,-0.81
17:46:58:737,3.98,-0.35,-0.79
17:46:58:755,4.02,-0.44,-0.67
17:46:58:789,4.18,-0.34,-0.66
17:46:58:858,4.69,-0.68,-0.84
17:46:58:858,4.82,-0.22,-1.21
17:46:58:874,5.01,0.26,-1.54
17:46:58:890,5.52,1.29,-3.70
17:46:58:958,4.75,1.23,-4.72
17:46:58:958,2.92,1.51,-4.85
17:46:58:991,2.44,2.38,-4.33
17:46:59:40,2.79,2.54,-3.97
17:46:59:73,3.22,2.21,-2.93
17:46:59:91,3.99,2.05,-2.36
17:46:59:108,4.97,1.66,-1.74
17:46:59:124,5.46,1.29,-1.18
17:46:59:139,5.42,0.65,-0.80
17:46:59:157,5.19,0.04,-0.57
17:46:59:173,4.71,0.50,-0.58
17:46:59:221,4.09,-0.50,-1.13
17:46:59:256,3.95,-0.75,-0.83
17:46:59:271,3.94,-1.31,-0.42
17:46:59:289,4.05,-1.13,0.27
17:46:59:289,4.35,-1.47,1.20
17:46:59:306,4.43,-0.97,2.81
17:46:59:323,4.94,-1.85,3.33
17:46:59:374,5.94,-3.10,3.23
17:46:59:407,6.62,-4.27,3.26
17:46:59:441,7.83,-6.16,3.27
17:46:59:442,-0.10,8.00,-8.00
17:46:59:473,0.42,-8.00,-1.13
17:46:59:505,7.38,1.32,0.85
17:46:59:520,4.63,-0.14,-1.20
17:46:59:554,4.36,-0.87,-0.32
17:46:59:667,3.94,-1.36,-1.45
17:46:59:684,3.64,-0.21,-0.49
17:46:59:702,4.01,0.07,-0.51
17:46:59:767,3.76,-0.72,-0.98
17:46:59:799,3.98,-0.66,-0.76
17:46:59:799,3.96,-1.10,-0.71
17:46:59:817,3.75,-0.96,-0.59
17:46:59:834,3.72,-0.88,-0.95
17:46:59:867,4.00,-0.59,-0.62
17:46:59:867,3.56,-1.03,-0.93
17:46:59:883,3.89,-0.99,-1.09
17:46:59:949,4.08,-0.83,-0.96
17:46:59:964,4.24,-0.94,-0.91
17:46:59:964,4.40,-0.84,-1.04
17:46:59:980,4.69,-1.65,-0.75
17:46:59:997,5.99,-0.67,-0.96
17:46:59:997,5.77,-1.00,-0.24
17:46:59:997,6.60,-0.83,-0.15
17:47:0:26,6.77,-1.36,-1.64
17:47:0:42,6.62,-1.09,-2.82
17:47:0:91,7.54,0.29,-3.81
17:47:0:125,6.92,0.64,-3.89
17:47:0:143,8.00,0.37,-1.96
17:47:0:159,8.00,-0.30,-4.09
17:47:0:190,8.00,1.11,-8.00
17:47:0:224,5.99,5.90,-7.91
17:47:0:224,0.62,5.14,-0.16
17:47:0:240,1.52,4.13,-0.45
17:47:0:272,1.63,2.37,-0.85
17:47:0:335,2.29,1.02,-2.39
17:47:0:350,3.75,0.59,-2.67
17:47:0:366,5.05,0.29,-1.79
17:47:0:382,6.22,0.70,-1.53
17:47:0:382,7.66,-0.48,-2.63
17:47:0:382,8.00,-1.97,-2.30
17:47:0:415,8.00,-3.48,0.17
17:47:0:415,8.00,-3.23,4.21
17:47:0:434,8.00,-6.76,6.69
17:47:0:501,8.00,-8.00,8.00
17:47:0:518,8.00,-8.00,7.12
17:47:0:518,7.34,-8.00,3.57
17:47:0:534,1.25,5.34,-8.00
17:47:0:534,8.00,-4.79,8.00
17:47:0:550,4.94,0.91,1.24
17:47:0:550,4.17,-1.05,-1.20
17:47:0:581,3.66,-1.80,0.19
17:47:0:598,4.21,-1.73,-0.47
17:47:0:630,3.85,-2.13,-0.20
17:47:0:646,3.96,-0.35,0.29
17:47:0:663,3.76,0.29,0.02
17:47:0:679,4.03,0.01,-0.41
17:47:0:679,3.71,-0.63,-1.03
17:47:0:695,3.85,-1.07,-0.89
17:47:0:728,4.46,-0.37,-0.11
17:47:0:733,4.49,-0.55,0.36
17:47:0:749,4.17,-1.18,-0.51
17:47:0:782,4.36,-0.93,-0.40
17:47:0:830,5.13,-0.73,-0.28
17:47:0:846,5.42,-0.45,-1.10
17:47:0:861,6.07,-0.47,-0.14
17:47:0:896,5.90,-1.03,-0.72
17:47:0:913,6.94,-0.56,-1.88
17:47:0:913,7.92,-0.61,-3.64
17:47:1:15,7.07,0.51,-4.20
17:47:1:32,7.25,-0.60,-4.78
17:47:1:32,8.00,-0.20,-2.14
17:47:1:48,8.00,-2.19,-7.11
17:47:1:64,-3.25,-2.80,-4.04
17:47:1:64,4.87,5.14,-4.59
17:47:1:111,0.84,3.95,-0.84
17:47:1:143,-0.21,3.30,-1.13
17:47:1:143,0.60,2.63,-1.85
17:47:1:190,2.22,1.11,-3.05
17:47:1:205,4.25,0.07,-2.62
17:47:1:237,5.95,-0.97,-1.88
17:47:1:237,7.69,-1.73,-1.53
17:47:1:254,8.00,-2.41,-0.36
17:47:1:288,8.00,-2.28,0.29
17:47:1:304,8.00,-2.09,1.17
17:47:1:319,8.00,-1.85,2.78
17:47:1:391,8.00,-3.08,4.37
17:47:1:406,7.61,-6.51,6.25
17:47:1:406,7.68,-7.04,7.19
17:47:1:422,7.13,-5.82,5.11
17:47:1:475,6.62,-3.86,4.20
17:47:1:490,1.70,-0.71,-8.00
17:47:1:554,8.00,3.55,8.00
17:47:1:617,6.36,-0.39,1.67
17:47:1:648,4.44,-0.30,0.27
17:47:1:663,2.45,-1.52,-0.34
17:47:1:679,4.09,-1.45,-0.95
17:47:1:743,4.48,-4.02,-1.16
17:47:1:760,4.30,-0.75,0.18
17:47:1:760,4.14,-0.33,-0.40
17:47:1:791,3.98,-0.73,-0.80
17:47:1:791,3.80,-1.11,-0.94
17:47:1:809,3.55,-1.55,-1.13
17:47:1:857,3.71,-1.06,-0.45
17:47:1:875,3.85,-1.17,-0.65
17:47:1:922,4.00,-1.48,-0.73
17:47:1:938,4.32,-1.53,-1.02
17:47:1:955,4.31,-1.33,-0.47
17:47:1:955,4.75,-1.13,0.16
17:47:1:971,5.38,-0.55,0.30
17:47:1:986,5.83,-1.33,-0.13
17:47:1:986,6.10,-0.74,0.31
17:47:2:2,6.04,-0.84,-1.07
17:47:2:18,6.05,-1.31,-2.00
17:47:2:69,5.72,-0.59,-2.51
17:47:2:87,6.15,0.24,-2.59
17:47:2:103,7.27,-1.73,-0.25
17:47:2:118,8.00,-2.32,-2.84
17:47:2:118,5.93,-2.45,-5.87
17:47:2:134,0.64,-5.71,-3.69
17:47:2:198,3.72,3.89,-2.44
17:47:2:198,1.58,3.08,0.31
17:47:2:214,1.02,2.43,-0.36
17:47:2:245,0.91,1.40,-1.38
17:47:2:309,2.07,0.30,-2.27
17:47:2:325,3.36,0.26,-1.73
17:47:2:341,4.66,0.59,-1.37
17:47:2:358,5.38,-0.73,-1.72
17:47:2:375,6.60,-1.84,-2.18
17:47:2:391,8.00,-2.90,-1.65
17:47:2:455,8.00,-3.48,-0.56
17:47:2:486,8.00,-3.57,0.16
17:47:2:502,8.00,-2.22,4.40
17:47:2:502,8.00,-3.48,7.09
17:47:2:534,7.26,-8.00,6.55
17:47:2:549,6.83,-6.44,7.22
17:47:2:549,6.42,-5.80,4.32
17:47:2:566,1.78,8.00,-8.00
17:47:2:667,8.00,-8.00,1.45
17:47:2:667,3.43,1.99,2.57
17:47:2:667,3.60,-1.50,-1.41
17:47:2:700,3.72,-1.24,-0.94
17:47:2:715,3.17,-2.52,-0.38
17:47:2:715,3.24,-1.36,0.63
17:47:2:732,4.46,-0.65,0.30
17:47:2:812,3.03,-1.61,-2.24
17:47:2:861,4.02,-0.50,-0.87
17:47:2:861,3.66,-0.87,-1.41
17:47:2:909,3.89,-0.81,-0.90
17:47:2:943,4.07,-0.59,-0.67
17:47:2:974,3.79,-0.67,-0.76
17:47:2:990,3.75,-0.79,-0.83
17:47:3:68,4.11,-0.90,-0.81
17:47:3:68,4.06,-0.84,-0.48
17:47:3:166,4.38,-0.78,-0.79
17:47:3:199,4.38,-1.02,-0.72
17:47:3:219,4.82,-0.46,0.14
17:47:3:251,5.72,-0.36,0.21
17:47:3:286,5.27,-1.04,-0.14
17:47:3:302,6.36,-2.19,-1.24
17:47:3:380,8.00,0.33,-1.82
17:47:3:414,8.00,2.24,-1.49
17:47:3:433,5.87,1.08,-0.19
17:47:3:433,3.31,-0.97,-0.97
17:47:3:433,-0.66,3.31,-3.60
17:47:3:503,-0.42,3.63,-2.36
17:47:3:552,0.05,1.89,-1.49
17:47:3:583,0.80,1.15,-1.97
17:47:3:648,1.76,0.30,-2.23
17:47:3:683,3.14,-0.03,-2.07
17:47:3:770,5.05,-0.34,-1.24
17:47:3:803,6.47,0.00,-0.34
17:47:3:970,7.67,0.13,-1.11
17:47:4:22,8.00,-0.97,-2.94
17:47:4:103,7.67,-3.15,-5.56
17:47:4:137,5.88,-3.99,-6.86
17:47:4:168,4.04,-7.03,-8.00
17:47:4:168,2.04,-7.03,-7.75
17:47:4:287,1.73,-5.57,-5.80
17:47:4:352,8.00,-8.00,8.00
17:47:4:368,3.70,4.53,1.52
17:47:4:368,4.09,-0.61,0.26
17:47:4:368,3.80,-0.09,0.04
17:47:4:385,4.09,-0.86,-0.54
17:47:4:435,3.92,-0.57,-0.23
17:47:4:500,4.44,-0.64,0.42
17:47:4:516,3.97,-0.35,0.06
17:47:4:516,3.96,-0.68,-0.01
17:47:4:533,3.87,-0.78,-0.13
17:47:4:533,3.91,-0.60,-0.27
17:47:4:615,4.05,-0.62,-0.24
17:47:4:615,4.41,1.22,0.13
17:47:4:615,4.04,-0.03,0.14
17:47:4:615,4.00,-0.25,-0.40
17:47:4:694,3.97,-0.67,-0.52
17:47:4:694,3.90,-0.54,-0.45
17:47:4:694,3.83,-0.69,-0.78
17:47:4:695,3.76,-0.80,-0.94
17:47:4:815,3.83,-1.18,-0.99
17:47:4:815,3.72,-1.52,-0.91
17:47:4:895,3.77,-1.28,-0.59
17:47:4:895,3.79,-1.22,-0.63
17:47:4:895,3.84,-1.00,-0.55
17:47:4:895,3.49,-1.07,-0.91
17:47:5:9,3.67,-0.30,-0.54
17:47:5:27,3.90,-0.63,-0.61
17:47:5:44,3.90,-0.77,-0.72
17:47:5:44,4.06,-0.52,-0.65
17:47:5:44,4.26,-0.50,-0.58
17:47:5:44,4.04,-0.59,-0.57
17:47:5:75,3.97,-0.60,-0.67
17:47:5:75,3.81,-0.57,-0.66
17:47:5:92,3.91,-0.54,-0.63
17:47:5:172,3.83,-0.69,-0.65
17:47:5:243,3.82,-0.71,-0.69
17:47:5:243,3.88,-0.71,-0.66
17:47:5:259,3.89,-0.64,-0.55
17:47:5:259,3.88,-0.63,-0.58
17:47:5:275,3.89,-0.62,-0.60
17:47:5:372,3.88,-0.65,-0.62
17:47:5:458,3.89,-0.65,-0.62
17:47:5:458,3.88,-0.63,-0.62
17:47:5:458,3.92,-0.61,-0.49
17:47:5:458,3.87,-0.64,-0.65
17:47:5:524,3.86,-0.65,-0.67
17:47:5:524,3.94,-0.66,-0.69
17:47:5:606,3.98,-0.59,-0.70
17:47:5:639,3.90,-0.67,-0.64
17:47:5:639,3.89,-0.65,-0.67
17:47:5:639,3.87,-0.61,-0.66
17:47:5:639,3.90,-0.59,-0.63
17:47:5:639,3.90,-0.60,-0.62
17:47:5:739,3.90,-0.62,-0.58
17:47:5:739,3.88,-0.61,-0.65
17:47:5:739,3.90,-0.60,-0.64
17:47:5:773,3.94,-0.59,-0.62
17:47:5:856,3.91,-0.61,-0.65
17:47:5:890,3.90,-0.61,-0.62
17:47:5:890,3.87,-0.65,-0.68
17:47:5:907,3.85,-0.73,-0.64
17:47:5:907,3.86,-0.69,-0.59
17:47:5:987,3.93,-0.63,-0.63
17:47:5:987,3.96,-0.58,-0.73
17:47:6:51,3.98,-0.61,-0.67
17:47:6:88,4.02,-0.71,-0.67
17:47:6:88,3.99,-0.60,-0.62
17:47:6:88,4.06,-0.63,-0.61
17:47:6:103,4.06,-0.57,-0.53
17:47:6:107,4.53,-0.41,-0.48
17:47:6:268,4.82,-0.87,-0.46
17:47:6:335,5.33,0.15,-1.36
17:47:6:351,6.51,0.22,-3.07
17:47:6:351,6.36,0.52,-5.12
17:47:6:351,3.52,3.70,-5.85
17:47:6:351,1.98,2.85,-6.13
17:47:6:450,2.23,3.92,-5.64
17:47:6:450,3.22,3.82,-4.23
17:47:6:450,4.55,3.72,-2.53
17:47:6:450,5.64,2.52,-1.51
17:47:6:469,6.18,1.01,-1.06
17:47:6:469,6.39,-0.29,-0.88
17:47:6:484,6.02,-1.16,-0.57
17:47:6:484,5.44,-1.92,0.12
17:47:6:484,4.57,-2.32,0.12
17:47:6:502,4.39,-2.89,0.23
17:47:6:502,4.53,-3.18,1.11
17:47:6:502,4.71,-2.75,2.37
17:47:6:502,4.89,-2.24,3.31
17:47:6:518,5.26,-2.36,3.05
17:47:6:518,5.76,-2.13,2.29
17:47:6:518,6.47,-1.88,2.01
17:47:6:534,6.27,-2.83,1.99
17:47:6:534,2.10,6.19,-8.00
17:47:6:534,8.00,0.42,8.00
17:47:6:534,6.29,3.59,2.67
17:47:6:534,2.91,-0.84,-1.15
17:47:6:550,3.17,-1.46,-1.07
17:47:6:566,4.35,-1.32,-0.74
17:47:6:646,4.20,-0.99,-0.49
17:47:6:646,3.96,-0.50,-0.43
17:47:6:646,3.73,-0.39,-0.38
17:47:6:648,3.91,-1.23,-0.81
17:47:6:648,3.63,-0.70,-0.62
17:47:6:679,3.45,-0.59,-0.84
17:47:6:712,4.56,-0.36,-0.80
17:47:6:744,3.22,-0.99,-0.85
17:47:6:794,3.88,-0.49,-1.29
17:47:6:794,3.83,-0.56,-1.03
17:47:6:794,3.75,-0.56,-0.85
17:47:6:794,3.98,-0.53,-0.84
17:47:6:794,4.85,-1.12,-0.43
17:47:6:794,4.80,-1.23,0.53
17:47:6:794,5.08,-1.70,-0.44
17:47:6:794,5.44,-1.19,-1.81
17:47:6:794,5.25,-0.83,-0.24
17:47:6:810,6.03,-0.22,-0.52
17:47:6:844,7.08,-0.68,-2.26
17:47:6:844,7.92,0.21,-4.20
17:47:6:844,7.41,1.59,-4.49
17:47:6:844,8.00,-0.75,-2.83
17:47:6:844,8.00,-1.21,-3.69
17:47:6:844,8.00,1.22,-8.00
17:47:6:863,4.42,5.35,-6.13
17:47:6:878,0.36,4.90,-0.98
17:47:6:878,0.72,3.09,-0.64
17:47:6:927,1.07,3.17,-1.17
17:47:6:976,1.59,1.56,-2.57
17:47:6:976,3.26,0.50,-3.16
17:47:6:992,4.92,0.14,-1.90
17:47:6:992,6.22,-1.63,-2.83
17:47:7:8,7.30,-3.80,-3.34
17:47:7:8,8.00,-2.39,-2.68
17:47:7:8,8.00,-2.82,-1.79
17:47:7:24,8.00,-1.22,3.15
17:47:7:40,8.00,-6.04,6.23
17:47:7:73,8.00,-8.00,8.00
17:47:7:106,7.88,-8.00,7.11
17:47:7:154,7.79,-5.96,3.63
17:47:7:186,6.61,-3.03,2.74
17:47:7:237,6.74,8.00,-8.00
17:47:7:336,8.00,-8.00,0.12
17:47:7:336,4.11,-0.48,0.62
17:47:7:398,4.01,-1.02,-0.63
17:47:7:414,4.69,-3.50,-1.77
17:47:7:431,4.55,-5.08,0.28
17:47:7:448,3.83,-1.06,0.28
17:47:7:515,4.28,0.00,-0.03
17:47:7:550,4.05,-0.43,-0.55
17:47:7:567,3.84,-0.81,-1.06
17:47:7:585,3.65,-1.18,-1.13
17:47:7:585,3.73,-0.90,-0.63
17:47:7:605,4.05,-0.57,-0.43
17:47:7:605,4.24,-1.01,-0.79
17:47:7:621,4.40,-1.15,-1.55
17:47:7:621,4.41,-1.06,-1.00
17:47:7:621,5.46,-1.35,-0.18
17:47:7:621,6.25,-0.55,-0.17
17:47:7:726,6.42,-0.72,-0.70
17:47:7:726,6.84,-1.02,-1.05
17:47:7:744,7.11,-0.76,-2.78
17:47:7:761,7.39,-0.16,-4.59
17:47:7:795,7.57,0.64,-5.44
17:47:7:863,8.00,-2.16,-1.99
17:47:7:983,8.00,0.26,-6.75
17:47:8:101,-8.00,-5.13,-3.14
17:47:8:101,5.58,6.32,-7.45
17:47:8:170,0.03,4.79,-0.70
17:47:8:223,0.59,3.86,-0.70
17:47:8:239,1.53,2.48,-1.32
17:47:8:256,2.28,0.44,-3.03
17:47:8:258,4.51,-0.15,-2.74
17:47:8:265,5.59,0.57,-1.84
17:47:8:281,7.16,0.37,-1.69
17:47:8:296,8.00,-0.76,-1.63
17:47:8:348,8.00,-2.40,-0.32
17:47:8:397,8.00,-3.28,1.79
17:47:8:397,8.00,-2.27,6.92
17:47:8:397,8.00,-8.00,7.45
17:47:8:413,8.00,-8.00,8.00
17:47:8:413,7.43,-8.00,5.46
17:47:8:413,5.34,-7.97,2.02
17:47:8:413,7.82,8.00,-8.00
17:47:8:413,8.00,-8.00,8.00
17:47:8:413,2.58,-2.64,-0.72
17:47:8:413,2.98,-0.35,-0.12
17:47:8:481,4.68,-2.34,-0.47
17:47:8:481,5.02,-3.49,-1.96
17:47:8:481,3.73,-0.67,-0.14
17:47:8:550,4.38,-0.12,-0.17
17:47:8:581,3.77,-0.75,-0.40
17:47:8:581,3.68,-1.01,-0.58
17:47:8:581,3.33,-1.03,-0.98
17:47:8:581,3.43,-0.97,-1.07
17:47:8:599,4.22,-0.72,-0.94
17:47:8:599,4.52,-0.98,0.33
17:47:8:615,4.66,-1.19,0.10
17:47:8:648,4.42,-0.99,-0.75
17:47:8:669,4.60,-0.86,-0.21
17:47:8:684,5.47,-1.38,-0.13
17:47:8:702,6.31,-0.48,0.28
17:47:8:737,6.04,-1.06,-0.56
17:47:8:770,6.42,-1.40,-1.47
17:47:8:852,7.19,-1.03,-2.97
17:47:8:852,8.00,0.11,-4.12
17:47:8:884,8.00,0.85,-4.36
17:47:8:884,8.00,-1.70,-2.67
17:47:8:884,7.41,0.57,-7.10
17:47:8:884,-8.00,-0.82,-0.56
17:47:8:954,6.52,6.08,-5.97
17:47:8:969,0.65,3.68,-0.39
17:47:8:969,0.80,3.34,-1.18
17:47:8:987,1.67,2.13,-1.79
17:47:9:3,2.82,0.37,-2.72
17:47:9:22,4.35,0.10,-1.96
17:47:9:22,5.92,0.96,-1.66
17:47:9:37,7.27,0.93,-1.74
17:47:9:87,8.00,-1.46,-2.42
17:47:9:122,8.00,-2.95,-1.42
17:47:9:139,8.00,-3.55,0.51
17:47:9:139,8.00,-2.72,4.04
17:47:9:155,8.00,-5.28,6.67
17:47:9:155,8.00,-6.85,8.00
17:47:9:206,7.49,-7.45,8.00
17:47:9:206,6.97,-8.00,4.76
17:47:9:254,4.88,-6.29,2.41
17:47:9:304,7.30,8.00,-8.00
17:47:9:306,4.18,-8.00,8.00
17:47:9:322,4.20,-2.05,0.91
17:47:9:371,1.52,0.60,-0.10
17:47:9:387,5.87,-4.30,-0.84
17:47:9:387,3.07,-0.80,0.32
17:47:9:403,3.62,-1.25,0.21
17:47:9:403,4.42,-0.35,-0.18
17:47:9:453,3.94,-0.31,-0.17
17:47:9:501,3.78,-1.64,-1.43
17:47:9:502,3.78,-0.53,-0.52
17:47:9:519,3.84,-0.83,-0.62
17:47:9:535,3.57,-0.99,-0.61
17:47:9:551,4.12,-0.82,-0.60
17:47:9:551,3.76,-0.98,-0.61
17:47:9:583,4.10,-0.80,-0.13
17:47:9:583,4.05,-0.65,-0.28
17:47:9:599,4.13,-1.03,-0.21
17:47:9:665,4.33,-1.30,-0.20
17:47:9:680,4.28,-1.42,-0.13
17:47:9:680,4.46,-1.66,0.12
17:47:9:696,4.01,-2.07,0.01
17:47:9:730,3.53,-2.47,-0.36
17:47:9:730,3.46,-3.38,-0.73
17:47:9:730,3.80,-4.12,-1.41
17:47:9:761,3.93,-4.20,-2.02
17:47:9:859,4.00,-3.10,-2.20
17:47:9:859,4.02,-3.19,-2.78
17:47:9:874,3.85,-3.81,-3.90
17:47:9:890,2.63,-2.29,-4.85
17:47:9:890,3.69,0.42,-3.85
17:47:9:907,3.86,-0.73,-2.27
17:47:9:923,4.28,-0.29,-1.24
17:47:9:939,4.19,-0.79,-1.03
17:47:9:939,4.72,-0.55,-0.37
17:47:9:972,5.26,-0.12,-0.05
17:47:10:22,5.49,0.42,0.73
17:47:10:38,5.39,0.84,0.69
17:47:10:38,5.15,1.03,0.28
17:47:10:38,4.99,1.40,-0.39
17:47:10:53,4.97,2.58,-0.99
17:47:10:70,4.77,2.99,-1.48
17:47:10:86,4.41,3.80,-1.74
17:47:10:103,3.00,0.93,-1.86
17:47:10:119,4.21,3.38,-0.84
17:47:10:119,5.49,2.68,-0.08
17:47:10:135,5.30,1.42,0.20
17:47:10:151,5.15,1.23,0.56
17:47:10:169,3.89,0.72,-0.61
17:47:10:218,4.41,1.85,0.33
17:47:10:234,4.69,2.09,0.82
17:47:10:251,4.71,2.26,1.77
17:47:10:286,4.73,2.18,2.22
17:47:10:301,5.30,3.05,3.03
17:47:10:385,3.87,-1.22,-0.94
17:47:10:401,3.70,-2.07,-1.30
17:47:10:416,4.35,-1.26,-0.49
17:47:10:463,4.52,-0.02,0.21
17:47:10:501,4.43,-0.71,-0.62
17:47:10:565,4.05,-1.20,-0.93
17:47:10:565,3.93,-0.84,-0.39
17:47:10:580,3.93,-1.03,-0.52
17:47:10:598,4.15,-1.03,-0.47
17:47:10:630,3.96,-0.78,-0.41
17:47:10:662,3.94,-0.79,-0.21
17:47:10:743,3.82,-0.84,-0.36
17:47:10:758,3.92,-0.77,-0.34
17:47:10:774,3.87,-0.80,-0.39
17:47:10:793,4.04,-0.75,-0.74
17:47:10:827,4.08,-0.56,-0.40
17:47:10:843,3.94,-0.64,-0.47
17:47:10:924,3.97,-0.67,-0.53
17:47:10:988,3.88,-0.71,-0.44
17:47:11:4,3.96,-0.60,-0.39
17:47:11:21,3.73,-0.70,-0.54
17:47:11:72,3.88,-0.65,-0.67
17:47:11:88,4.08,-0.54,-0.68
17:47:11:119,3.86,-0.55,-0.94
17:47:11:168,3.84,-0.56,-0.95
17:47:11:185,4.00,-0.45,-0.97
17:47:11:185,3.92,-0.38,-0.59
17:47:11:217,4.04,-0.36,-0.39
17:47:11:217,3.52,-0.82,-0.44
17:47:11:282,3.77,-0.60,-0.45
17:47:11:315,3.80,-0.55,-0.49
17:47:11:315,3.77,-0.59,-0.27
17:47:11:330,3.90,-0.49,-0.20
17:47:11:330,3.84,-0.60,-0.41
17:47:11:364,3.91,-0.52,-0.52
17:47:11:364,3.92,-0.57,-0.59
17:47:11:382,4.02,-0.66,-0.55
17:47:11:430,3.97,-0.55,-0.61
17:47:11:479,3.93,-0.56,-0.58
17:47:11:495,4.04,-0.46,-0.73
17:47:11:495,3.90,-0.40,-0.69
17:47:11:530,3.94,-0.39,-0.72
17:47:11:546,3.95,-0.46,-0.71
17:47:11:546,3.93,-0.53,-0.75
17:47:11:563,3.89,-0.54,-0.74
17:47:11:580,3.88,-0.52,-0.69
17:47:11:612,3.92,-0.54,-0.68
17:47:11:643,3.90,-0.56,-0.70
17:47:11:659,3.85,-0.56,-0.70
17:47:11:675,3.90,-0.57,-0.71
17:47:11:706,3.87,-0.56,-0.69
17:47:11:724,3.88,-0.56,-0.73
17:47:11:739,3.87,-0.60,-0.73
17:47:11:789,3.91,-0.57,-0.75
17:47:11:843,3.88,-0.53,-0.70
17:47:11:859,3.90,-0.56,-0.64
17:47:11:859,3.89,-0.56,-0.74
17:47:11:891,3.91,-0.55,-0.73
17:47:11:907,3.85,-0.54,-0.74
17:47:11:924,3.86,-0.55,-0.74
17:47:11:972,3.85,-0.57,-0.75
17:47:12:39,3.83,-0.59,-0.78
17:47:12:39,3.92,-0.57,-0.73
17:47:12:56,3.82,-0.57,-0.76
17:47:12:87,3.86,-0.57,-0.81
17:47:12:89,3.85,-0.56,-0.80
17:47:12:89,3.89,-0.58,-0.78
17:47:12:105,3.90,-0.52,-0.78
17:47:12:120,3.88,-0.51,-0.80
17:47:12:203,3.90,-0.50,-0.72
17:47:12:203,3.96,-0.51,-0.77
17:47:12:236,3.88,-0.51,-0.78
17:47:12:267,3.88,-0.52,-0.78
17:47:12:284,3.89,-0.53,-0.78
17:47:12:301,3.88,-0.53,-0.76
17:47:12:365,3.88,-0.52,-0.77
17:47:12:397,3.88,-0.53,-0.76
17:47:12:413,3.90,-0.52,-0.77
17:47:12:429,3.90,-0.52,-0.78
17:47:12:446,3.87,-0.51,-0.81
17:47:12:480,3.91,-0.52,-0.80
17:47:12:511,3.88,-0.50,-0.79
17:47:12:543,3.87,-0.48,-0.80
17:47:12:545,3.88,-0.48,-0.75
17:47:12:578,3.89,-0.48,-0.76
17:47:12:594,3.87,-0.49,-0.74
17:47:12:594,3.89,-0.47,-0.77
17:47:12:611,3.87,-0.51,-0.75
17:47:12:642,3.87,-0.49,-0.77
17:47:12:659,3.87,-0.48,-0.77
17:47:12:659,3.87,-0.47,-0.79
17:47:12:760,3.88,-0.48,-0.82
17:47:12:760,3.90,-0.47,-0.78
17:47:12:775,3.89,-0.44,-0.77
17:47:12:777,3.87,-0.45,-0.77
17:47:12:795,3.86,-0.47,-0.79
17:47:12:812,3.88,-0.46,-0.77
17:47:12:828,3.89,-0.44,-0.76
17:47:12:877,3.89,-0.44,-0.76
17:47:12:911,3.87,-0.43,-0.80
17:47:12:911,3.87,-0.44,-0.77
17:47:12:927,3.88,-0.44,-0.78
17:47:12:945,3.89,-0.44,-0.78
17:47:12:994,3.90,-0.42,-0.77
17:47:13:9,3.88,-0.43,-0.76
17:47:13:92,3.92,-0.43,-0.74
