17:34:18:555,3.79,1.03,0.27
17:34:18:638,3.78,1.03,0.28
17:34:18:700,3.73,1.10,0.32
17:34:18:732,3.71,0.84,0.33
17:34:18:763,3.72,0.96,0.39
17:34:18:779,3.71,1.15,0.43
17:34:18:779,3.73,1.33,0.48
17:34:18:779,3.77,1.62,0.54
17:34:18:794,3.71,1.96,0.57
17:34:18:810,3.65,2.04,0.44
17:34:18:872,3.66,1.82,0.22
17:34:18:919,3.62,1.76,0.04
17:34:18:955,3.73,1.07,-0.13
17:34:18:960,3.84,-1.08,0.11
17:34:18:965,3.76,-2.05,0.70
17:34:18:982,3.61,-1.22,1.01
17:34:19:20,3.72,-0.10,1.04
17:34:19:43,3.72,0.44,0.96
17:34:19:55,3.70,0.66,0.91
17:34:19:66,3.79,0.63,0.85
17:34:19:74,3.79,0.50,0.79
17:34:19:74,3.80,0.49,0.73
17:34:19:86,3.78,0.48,0.70
17:34:19:114,3.74,0.38,0.66
17:34:19:119,3.72,0.39,0.76
17:34:19:134,3.69,0.38,0.83
17:34:19:165,3.65,0.38,0.89
17:34:19:225,3.69,0.39,0.95
17:34:19:245,3.73,0.37,0.95
17:34:19:257,3.78,0.33,0.98
17:34:19:274,3.80,0.30,0.97
17:34:19:285,3.76,0.34,0.98
17:34:19:311,3.74,0.40,0.97
17:34:19:344,3.71,0.35,0.93
17:34:19:354,3.68,0.30,0.91
17:34:19:384,3.74,0.30,0.90
17:34:19:411,3.73,0.31,0.87
17:34:19:431,3.73,0.31,0.86
17:34:19:454,3.77,0.25,0.79
17:34:19:474,3.85,0.25,0.73
17:34:19:495,3.83,0.24,0.73
17:34:19:516,3.80,0.26,0.75
17:34:19:559,3.73,0.36,0.78
17:34:19:619,3.72,0.31,0.81
17:34:19:626,3.68,0.25,0.93
17:34:19:634,3.68,0.25,0.92
17:34:19:646,3.68,0.27,0.92
17:34:19:665,3.67,0.29,0.98
17:34:19:686,3.72,0.36,1.00
17:34:19:714,3.75,0.36,0.95
17:34:19:747,3.77,0.38,0.94
17:34:19:769,3.79,0.37,0.90
17:34:19:786,3.72,0.36,0.87
17:34:19:806,3.75,0.34,0.86
17:34:19:835,3.75,0.35,0.86
17:34:19:855,3.77,0.39,0.84
17:34:19:880,3.73,0.34,0.90
17:34:19:926,3.70,0.15,0.83
17:34:19:968,3.71,0.09,0.87
17:34:19:973,3.76,0.14,0.84
17:34:19:990,3.76,0.30,0.84
17:34:19:994,3.74,0.31,0.78
17:34:20:35,3.78,0.18,0.69
17:34:20:46,3.72,-0.18,0.61
17:34:20:81,3.79,-0.03,0.49
17:34:20:105,3.96,-0.01,0.27
17:34:20:129,3.94,-0.05,0.05
17:34:20:147,3.71,0.23,0.19
17:34:20:174,3.64,0.67,0.30
17:34:20:194,3.79,0.83,0.53
17:34:20:226,3.75,-0.03,0.63
17:34:20:274,3.83,0.53,0.93
17:34:20:324,3.56,0.21,0.86
17:34:20:326,3.73,0.44,0.67
17:34:20:344,3.83,0.71,0.45
17:34:20:354,3.89,0.85,0.38
17:34:20:354,3.83,0.91,0.33
17:34:20:379,3.75,0.74,0.21
17:34:20:411,3.79,0.60,0.23
17:34:20:439,3.72,0.72,0.33
17:34:20:467,3.66,0.94,0.34
17:34:20:488,3.69,0.92,0.25
17:34:20:507,3.71,1.17,0.27
17:34:20:527,3.64,1.14,0.31
17:34:20:554,3.58,1.34,0.33
17:34:20:575,3.50,1.59,0.27
17:34:20:605,3.83,1.32,0.08
17:34:20:647,4.23,1.26,0.16
17:34:20:682,4.19,1.74,0.39
17:34:20:690,4.21,2.11,0.57
17:34:20:701,4.02,2.14,0.58
17:34:20:721,3.88,2.47,0.65
17:34:20:742,3.79,2.78,0.79
17:34:20:767,3.81,2.42,0.63
17:34:20:824,3.83,2.01,0.58
17:34:20:852,3.84,1.69,0.52
17:34:20:854,3.64,1.37,0.48
17:34:20:870,3.58,1.23,0.45
17:34:20:890,3.77,1.08,0.46
17:34:20:945,3.83,0.98,0.41
17:34:20:954,3.67,0.94,0.44
17:34:20:997,3.59,0.85,0.70
17:34:21:16,3.54,0.79,0.72
17:34:21:40,3.73,0.64,0.59
17:34:21:58,3.99,0.50,0.58
17:34:21:67,4.11,0.46,0.84
17:34:21:93,4.59,0.22,0.61
17:34:21:100,4.21,0.04,0.32
17:34:21:126,4.18,-0.06,0.54
17:34:21:147,4.89,-0.01,0.93
17:34:21:179,3.84,0.31,0.65
17:34:21:255,3.31,0.32,0.60
17:34:21:301,2.82,0.23,0.84
17:34:21:324,3.54,0.44,0.87
17:34:21:329,3.51,0.41,0.58
17:34:21:334,3.92,0.17,0.55
17:34:21:396,3.99,0.12,0.57
17:34:21:438,4.08,0.27,0.33
17:34:21:454,4.28,0.47,0.56
17:34:21:480,3.73,0.48,0.89
17:34:21:487,3.22,0.27,0.89
17:34:21:501,2.99,0.34,0.94
17:34:21:509,3.00,0.27,1.14
17:34:21:545,3.01,0.27,1.13
17:34:21:574,2.96,0.28,1.00
17:34:21:587,2.98,0.17,1.26
17:34:21:591,3.12,0.43,1.14
17:34:21:597,3.46,0.90,1.35
17:34:21:613,3.46,1.17,1.80
17:34:21:613,4.10,1.19,2.03
17:34:21:648,4.70,1.49,2.06
17:34:21:665,5.17,1.87,2.07
17:34:21:682,5.56,1.94,2.33
17:34:21:753,5.79,1.34,2.37
17:34:21:770,5.73,0.54,2.10
17:34:21:789,5.58,0.24,1.07
17:34:21:789,4.87,0.40,0.54
17:34:21:806,4.87,0.62,0.53
17:34:21:840,4.76,0.86,0.80
17:34:21:874,5.41,0.73,0.75
17:34:21:893,5.34,1.04,0.28
17:34:21:927,4.78,1.16,0.16
17:34:21:943,3.95,1.01,0.46
17:34:21:978,3.69,0.94,0.64
17:34:21:980,3.68,0.70,0.49
17:34:21:997,3.47,0.41,0.22
17:34:22:48,3.15,0.48,0.70
17:34:22:120,2.91,0.56,0.65
17:34:22:121,2.25,0.58,0.28
17:34:22:121,2.30,0.60,0.17
17:34:22:138,2.50,0.54,0.22
17:34:22:173,2.64,0.64,0.35
17:34:22:190,2.52,0.54,0.49
17:34:22:190,2.83,0.29,0.76
17:34:22:224,3.18,-0.04,0.62
17:34:22:241,3.69,-0.00,0.53
17:34:22:269,3.86,0.26,0.67
17:34:22:293,3.68,0.34,1.46
17:34:22:327,3.84,0.39,0.99
17:34:22:328,3.97,0.33,0.64
17:34:22:362,4.61,0.34,0.74
17:34:22:380,5.12,0.63,1.05
17:34:22:398,5.27,1.23,1.50
17:34:22:486,5.20,1.72,2.50
17:34:22:486,5.59,0.77,2.23
17:34:22:504,5.47,-0.24,1.49
17:34:22:523,4.88,-0.83,1.27
17:34:22:523,3.83,-1.03,1.13
17:34:22:557,3.47,-0.57,1.15
17:34:22:591,3.46,-0.39,1.65
17:34:22:591,3.41,-0.07,1.68
17:34:22:677,3.29,0.47,1.90
17:34:22:712,3.13,0.84,2.04
17:34:22:730,3.55,1.14,2.27
17:34:22:747,4.03,1.64,2.50
17:34:22:747,4.39,1.93,2.73
17:34:22:764,5.15,1.75,2.45
17:34:22:765,6.29,1.13,2.38
17:34:22:828,7.23,0.29,2.02
17:34:22:868,6.50,-0.28,1.50
17:34:22:878,5.83,-0.13,0.67
17:34:22:903,5.86,0.27,0.58
17:34:22:922,6.15,0.66,0.66
17:34:22:942,5.97,0.76,0.76
17:34:22:952,5.65,0.83,0.42
17:34:23:67,5.21,0.69,0.27
17:34:23:71,4.56,0.33,0.36
17:34:23:82,4.30,0.08,0.57
17:34:23:87,3.96,0.12,0.34
17:34:23:91,3.62,0.22,0.15
17:34:23:104,3.22,0.35,0.35
17:34:23:114,2.80,0.58,0.39
17:34:23:134,2.54,0.69,0.18
17:34:23:169,2.41,0.59,0.22
17:34:23:219,2.00,0.50,0.22
17:34:23:253,2.17,0.44,0.50
17:34:23:258,2.35,0.14,0.50
17:34:23:263,2.51,-0.04,0.48
17:34:23:273,2.53,-0.12,0.49
17:34:23:302,3.26,0.15,0.56
17:34:23:335,3.39,0.63,0.53
17:34:23:378,3.30,0.78,0.78
17:34:23:398,3.65,0.46,1.13
17:34:23:403,4.72,0.42,1.15
17:34:23:413,5.30,0.51,1.12
17:34:23:448,6.37,0.71,1.22
17:34:23:468,6.44,1.66,2.04
17:34:23:493,5.81,2.98,3.14
17:34:23:553,5.79,1.53,2.11
17:34:23:599,5.97,-1.02,0.96
17:34:23:621,5.00,-1.73,0.65
17:34:23:626,3.60,-1.95,0.56
17:34:23:631,3.64,-1.11,0.77
17:34:23:647,3.43,-0.07,1.17
17:34:23:657,3.30,0.99,2.31
17:34:23:679,3.59,1.18,3.22
17:34:23:742,3.53,0.74,2.95
17:34:23:817,3.66,0.67,2.52
17:34:23:820,4.21,1.00,2.57
17:34:23:830,5.23,1.07,2.54
17:34:23:901,5.43,1.27,2.41
17:34:23:921,5.76,1.12,2.53
17:34:23:937,6.52,0.09,2.61
17:34:23:941,5.93,-0.37,1.72
17:34:23:952,6.40,-0.19,1.03
17:34:23:966,7.83,0.26,0.55
17:34:23:971,7.15,0.76,0.53
17:34:23:976,6.81,0.76,0.41
17:34:23:997,6.14,0.56,0.47
17:34:24:13,5.64,0.22,0.31
17:34:24:39,4.67,0.08,0.08
17:34:24:90,4.01,0.00,0.11
17:34:24:102,3.80,0.01,0.16
17:34:24:122,3.59,0.19,0.10
17:34:24:176,3.47,0.49,0.25
17:34:24:185,3.35,0.70,0.09
17:34:24:201,2.83,0.66,-0.15
17:34:24:211,2.59,0.64,-0.12
17:34:24:245,2.39,0.61,0.38
17:34:24:292,2.52,0.43,0.24
17:34:24:297,2.39,0.26,0.01
17:34:24:301,2.26,-0.04,-0.11
17:34:24:342,2.40,-0.10,0.40
17:34:24:352,2.23,0.19,0.78
17:34:24:394,1.83,0.42,0.67
17:34:24:428,2.16,0.20,0.36
17:34:24:459,3.07,0.12,1.23
17:34:24:479,4.21,0.21,2.24
17:34:24:484,5.56,0.23,1.40
17:34:24:489,7.83,0.74,1.05
17:34:24:529,8.00,1.45,1.88
17:34:24:554,8.00,2.41,3.68
17:34:24:564,7.91,1.75,3.75
17:34:24:581,4.23,1.82,0.84
17:34:24:709,4.86,-0.38,-0.24
17:34:24:760,4.11,-2.54,-0.00
17:34:24:837,4.35,-3.12,0.50
17:34:24:868,3.72,-2.42,1.02
17:34:24:905,3.92,-1.11,1.78
17:34:24:905,3.94,0.19,2.75
17:34:24:939,3.42,1.53,3.65
17:34:25:7,3.99,2.30,3.70
17:34:25:25,4.98,2.23,2.97
17:34:25:25,5.72,1.94,2.71
17:34:25:60,6.89,0.44,2.10
17:34:25:77,6.02,-0.81,1.31
17:34:25:77,5.15,-1.03,0.83
17:34:25:77,6.54,-0.70,0.70
17:34:25:97,6.46,0.02,0.69
17:34:25:97,6.47,0.68,0.82
17:34:25:113,6.80,1.00,0.85
17:34:25:113,6.66,1.09,0.69
17:34:25:113,5.99,0.89,0.41
17:34:25:148,5.20,0.42,0.35
17:34:25:182,4.62,-0.06,0.37
17:34:25:198,4.33,-0.33,0.33
17:34:25:215,4.13,-0.27,0.01
17:34:25:215,3.63,0.15,-0.12
17:34:25:232,3.16,0.32,0.04
17:34:25:232,2.89,0.53,0.13
17:34:25:263,2.73,0.61,-0.03
17:34:25:280,2.92,0.75,0.19
17:34:25:280,2.93,0.76,0.22
17:34:25:315,2.66,0.54,0.23
17:34:25:362,2.54,0.15,0.26
17:34:25:362,2.52,0.09,0.58
17:34:25:379,2.20,0.20,0.81
17:34:25:444,2.08,0.28,0.44
17:34:25:444,2.63,0.54,0.37
17:34:25:460,3.07,0.88,2.24
17:34:25:462,3.95,0.99,2.07
17:34:25:546,5.06,0.17,0.61
17:34:25:562,7.05,0.52,0.93
17:34:25:578,7.83,1.05,2.00
17:34:25:594,6.64,2.18,3.35
17:34:25:612,5.36,1.89,3.32
17:34:25:612,5.12,0.89,0.63
17:34:25:646,4.87,-0.25,-0.10
17:34:25:716,4.62,-1.65,0.04
17:34:25:716,4.79,-2.63,0.50
17:34:25:716,4.33,-2.14,1.10
17:34:25:732,4.12,-1.04,1.64
17:34:25:764,4.18,-0.00,2.29
17:34:25:780,4.19,0.97,3.02
17:34:25:797,4.38,1.08,3.29
17:34:25:830,4.57,0.82,2.62
17:34:25:863,4.55,1.59,2.42
17:34:25:881,5.49,1.88,2.94
17:34:25:898,6.38,1.17,2.79
17:34:25:929,5.83,0.74,2.25
17:34:25:945,5.90,0.23,1.42
17:34:25:994,7.10,-0.38,0.75
17:34:26:11,6.87,-0.36,0.35
17:34:26:92,7.09,-0.27,0.16
17:34:26:108,7.12,0.02,0.18
17:34:26:108,6.72,0.34,0.28
17:34:26:125,5.79,0.30,0.50
17:34:26:142,5.27,0.21,0.41
17:34:26:142,4.67,0.25,0.25
17:34:26:158,4.13,0.17,0.32
17:34:26:175,4.17,0.22,0.20
17:34:26:242,3.64,0.47,-0.07
17:34:26:258,2.90,0.50,-0.02
17:34:26:258,2.42,0.39,0.33
17:34:26:291,1.77,0.29,0.18
17:34:26:310,1.64,0.31,0.15
17:34:26:330,2.18,0.33,0.12
17:34:26:364,1.95,0.19,0.21
17:34:26:429,1.79,0.19,0.39
17:34:26:429,2.33,0.32,0.55
17:34:26:429,2.54,0.26,0.49
17:34:26:463,3.06,0.16,0.20
17:34:26:480,3.32,0.29,0.15
17:34:26:496,3.74,0.27,0.84
17:34:26:511,5.83,0.38,2.32
17:34:26:615,7.23,0.17,0.76
17:34:26:615,7.35,0.14,0.44
17:34:26:630,7.29,0.40,1.42
17:34:26:630,7.61,2.07,2.77
17:34:26:694,6.61,1.91,1.83
17:34:26:710,5.80,-0.73,0.91
17:34:26:727,5.57,-1.51,0.46
17:34:26:727,4.21,-1.61,0.72
17:34:26:795,4.04,-1.05,1.33
17:34:26:795,4.29,-0.72,2.06
17:34:26:795,3.83,0.17,2.63
17:34:26:828,3.27,1.08,2.89
17:34:26:845,3.61,1.77,3.02
17:34:26:845,4.55,2.37,3.13
17:34:26:877,5.05,2.43,2.86
17:34:26:894,5.69,1.40,2.13
17:34:27:31,6.49,0.19,1.81
17:34:27:31,5.93,-0.64,1.54
17:34:27:47,5.59,-0.96,1.30
17:34:27:97,6.80,-0.91,0.81
17:34:27:167,6.75,-0.26,0.28
17:34:27:167,6.82,0.33,0.06
17:34:27:185,7.12,0.80,0.34
17:34:27:202,7.26,0.92,0.75
17:34:27:202,6.55,0.74,0.53
17:34:27:202,5.74,0.43,0.38
17:34:27:220,5.16,-0.07,0.16
17:34:27:220,4.59,-0.18,-0.07
17:34:27:220,4.15,-0.01,-0.01
17:34:27:254,3.63,0.22,0.11
17:34:27:271,3.31,0.49,0.17
17:34:27:358,2.82,0.54,0.21
17:34:27:358,2.50,0.40,0.17
17:34:27:375,2.01,0.39,0.26
17:34:27:375,1.90,0.35,0.26
17:34:27:392,1.84,0.14,0.31
17:34:27:409,1.61,-0.01,0.36
17:34:27:459,1.90,-0.15,0.45
17:34:27:476,2.23,0.07,0.60
17:34:27:510,2.35,0.53,0.60
17:34:27:526,2.63,0.81,1.04
17:34:27:526,2.94,0.78,1.28
17:34:27:544,3.31,0.53,1.17
17:34:27:577,4.46,0.39,0.84
17:34:27:594,5.81,0.41,1.38
17:34:27:626,7.32,0.45,1.51
17:34:27:694,7.67,0.78,1.73
17:34:27:726,7.68,1.50,2.51
17:34:27:726,6.58,2.37,2.99
17:34:27:743,5.80,1.53,1.99
17:34:27:760,5.58,-0.79,1.04
17:34:27:760,4.63,-1.56,0.78
17:34:27:794,4.00,-1.79,0.96
17:34:27:847,3.82,-0.95,1.41
17:34:27:864,3.79,-0.22,2.04
17:34:27:881,3.77,0.51,2.27
17:34:27:899,3.47,1.17,2.29
17:34:27:916,3.76,1.75,2.44
17:34:27:932,4.11,2.01,2.53
17:34:27:965,4.32,1.99,2.62
17:34:27:997,5.20,1.62,2.69
17:34:28:14,5.95,0.17,2.30
17:34:28:49,5.82,-0.58,1.62
17:34:28:66,6.37,-0.72,1.10
17:34:28:66,6.36,-0.33,0.68
17:34:28:101,5.65,-0.08,0.41
17:34:28:168,5.52,0.16,0.62
17:34:28:234,6.31,0.23,0.61
17:34:28:234,6.67,0.59,0.37
17:34:28:234,6.13,0.63,0.23
17:34:28:251,5.90,0.38,0.23
17:34:28:268,5.71,0.23,0.17
17:34:28:302,5.06,0.11,0.02
17:34:28:302,4.55,-0.02,0.21
17:34:28:319,4.55,0.26,0.10
17:34:28:354,3.45,0.66,-0.06
17:34:28:354,2.80,0.65,0.01
17:34:28:490,2.58,0.64,0.30
17:34:28:556,2.18,0.74,0.25
17:34:28:590,1.95,0.65,0.02
17:34:28:607,1.88,0.20,0.03
17:34:28:624,1.85,0.02,0.29
17:34:28:643,1.70,0.13,0.39
17:34:28:643,1.70,0.09,0.44
17:34:28:660,2.26,-0.02,0.44
17:34:28:712,2.78,-0.05,0.28
17:34:28:730,3.80,0.21,0.39
17:34:28:763,4.44,0.54,0.85
17:34:28:779,4.95,0.84,2.17
17:34:28:796,5.72,0.57,1.81
17:34:28:816,6.13,0.06,0.77
17:34:28:833,7.24,0.11,0.47
17:34:28:833,7.59,0.88,1.91
17:34:28:854,6.60,2.74,2.56
17:34:28:871,6.19,1.86,1.92
17:34:28:871,6.18,-0.61,1.27
17:34:28:887,5.62,-1.44,0.97
17:34:28:887,5.33,-0.96,1.06
17:34:28:954,4.90,-0.37,2.04
17:34:28:971,4.23,-0.77,1.87
17:34:28:988,2.78,-0.04,1.90
17:34:29:20,2.44,0.97,1.84
17:34:29:20,2.46,1.13,1.83
17:34:29:54,3.18,1.71,1.99
17:34:29:69,3.29,1.87,1.92
17:34:29:69,3.68,1.65,1.66
17:34:29:153,4.51,1.30,1.26
17:34:29:153,5.60,1.21,1.36
17:34:29:170,6.23,1.03,1.19
17:34:29:218,5.98,0.74,0.80
17:34:29:300,5.45,0.50,0.59
17:34:29:350,5.01,0.35,0.69
17:34:29:366,4.90,0.04,0.69
17:34:29:366,4.61,-0.07,0.52
17:34:29:382,4.27,-0.05,0.37
17:34:29:435,4.00,0.09,0.32
17:34:29:504,3.90,0.36,0.28
17:34:29:537,3.67,0.49,0.26
17:34:29:553,3.40,0.62,0.28
17:34:29:584,2.99,0.67,0.23
17:34:29:586,2.77,0.69,0.23
17:34:29:603,2.58,0.63,0.22
17:34:29:703,2.46,0.74,0.25
17:34:29:720,2.45,0.73,0.29
17:34:29:737,2.58,0.69,0.32
17:34:29:754,2.74,0.34,0.30
17:34:29:754,2.99,0.15,0.42
17:34:29:948,3.36,0.42,0.49
17:34:29:948,3.76,0.38,0.54
17:34:29:964,4.47,0.92,0.76
17:34:30:31,4.78,1.22,1.25
17:34:30:42,4.94,0.84,1.20
17:34:30:78,4.85,0.83,1.28
17:34:30:112,5.27,-1.76,3.00
17:34:30:141,7.73,-2.67,4.14
17:34:30:159,3.88,7.81,2.82
17:34:30:159,3.06,4.62,0.87
17:34:30:271,4.16,0.30,0.25
17:34:30:617,3.26,1.46,1.07
17:34:30:617,3.32,1.78,1.07
17:34:30:617,3.49,1.66,0.51
17:34:30:617,3.70,1.44,-0.04
17:34:30:617,3.85,1.43,-0.16
17:34:30:617,3.56,1.31,-0.01
17:34:30:674,3.47,0.77,-0.00
17:34:30:739,3.62,0.79,0.09
17:34:30:771,3.47,1.25,0.28
17:34:30:786,3.41,1.43,0.36
17:34:30:800,3.43,1.32,0.20
17:34:30:805,3.44,1.19,0.10
17:34:30:813,3.52,1.22,0.17
17:34:30:818,3.59,1.22,0.14
17:34:30:829,3.80,1.12,0.32
17:34:30:838,3.86,1.03,0.14
17:34:30:877,3.86,0.82,0.04
17:34:30:970,3.80,0.70,0.23
17:34:30:970,3.79,0.84,0.55
17:34:30:988,3.75,1.01,0.68
17:34:30:988,5.12,0.56,3.89
17:34:31:7,4.34,-4.18,4.61
17:34:31:30,2.95,-0.63,1.52
17:34:31:30,4.00,1.19,0.61
17:34:31:30,3.73,2.35,0.89
17:34:31:30,4.04,1.40,0.83
17:34:31:30,4.02,0.61,0.43
17:34:31:30,3.79,0.78,0.14
17:34:31:30,3.73,0.86,0.15
17:34:31:36,3.71,0.86,0.29
17:34:31:36,3.64,0.82,0.41
17:34:31:36,3.65,0.83,0.46
17:34:31:36,3.59,0.89,0.66
17:34:31:36,3.64,0.68,0.69
17:34:31:36,3.73,0.69,0.63
17:34:31:44,3.80,0.90,0.64
17:34:31:55,3.77,1.14,0.66
17:34:31:55,3.72,1.28,0.66
17:34:31:55,3.71,1.15,0.65
17:34:31:105,3.69,0.94,0.67
17:34:31:105,3.70,0.71,0.70
17:34:31:151,3.72,0.61,0.79
17:34:31:182,3.77,0.46,0.67
17:34:31:183,3.74,0.65,0.67
17:34:31:200,3.71,0.76,0.77
17:34:31:200,3.77,0.73,0.82
17:34:31:248,3.69,0.79,0.74
17:34:31:330,3.72,0.61,0.68
17:34:31:330,3.68,0.71,0.82
17:34:31:330,3.69,0.80,0.97
17:34:31:349,3.68,0.72,0.89
17:34:31:349,3.66,0.75,0.83
17:34:31:385,3.70,0.72,0.86
17:34:31:402,3.69,0.76,0.92
17:34:31:419,3.68,0.77,0.92
17:34:31:471,3.68,0.74,0.88
17:34:31:489,3.69,0.83,0.89
17:34:31:489,3.75,0.76,0.82
17:34:31:489,3.77,0.86,0.81
17:34:31:520,3.74,0.86,0.80
17:34:31:537,3.68,0.94,0.82
17:34:31:537,3.70,0.92,0.76
17:34:31:667,3.73,0.96,0.75
17:34:31:715,3.70,0.98,0.79
17:34:31:797,3.70,0.93,0.87
17:34:31:898,3.75,0.80,0.76
17:34:31:933,3.73,0.83,0.71
17:34:31:967,3.73,0.89,0.73
17:34:32:46,3.64,0.90,0.84
17:34:32:46,3.59,0.88,0.92
17:34:32:62,3.75,0.67,0.74
17:34:32:80,3.69,0.83,0.67
17:34:32:80,3.74,0.97,0.86
17:34:32:80,3.90,0.86,0.93
17:34:32:113,3.71,0.85,0.80
17:34:32:130,3.79,0.81,0.84
17:34:32:130,4.01,0.57,1.24
17:34:32:130,4.15,0.35,0.75
17:34:32:197,3.73,0.45,0.62
17:34:32:197,3.72,0.62,0.72
17:34:32:197,3.89,0.62,0.86
17:34:32:229,4.22,0.63,0.67
17:34:32:229,3.82,0.60,0.51
17:34:32:229,3.65,0.54,0.76
17:34:32:229,3.59,0.50,0.91
17:34:32:229,3.51,0.48,0.64
17:34:32:246,3.37,0.50,0.57
17:34:32:246,3.53,0.52,0.86
17:34:32:262,3.60,0.67,0.82
17:34:32:280,3.33,0.65,0.81
17:34:32:315,3.59,0.56,0.82
17:34:32:315,3.68,0.64,1.12
17:34:32:315,3.65,0.70,0.98
17:34:32:315,3.51,0.70,0.86
17:34:32:380,3.52,0.72,0.88
17:34:32:397,3.49,0.84,0.95
17:34:32:397,3.50,0.87,0.77
17:34:32:413,3.60,0.91,0.71
17:34:32:430,3.69,0.94,0.70
17:34:32:464,3.72,1.10,0.70
17:34:32:464,3.77,1.04,0.71
17:34:32:481,3.69,1.07,0.71
17:34:32:531,3.65,1.22,0.75
17:34:32:596,3.57,1.29,0.86
17:34:32:630,3.62,1.30,0.89
17:34:32:665,3.74,1.44,1.00
17:34:32:665,3.89,1.29,1.26
17:34:32:665,4.27,0.96,1.10
17:34:32:681,4.86,1.06,1.11
17:34:32:735,4.40,1.22,1.18
17:34:32:735,3.80,1.33,1.20
17:34:32:770,3.29,1.38,1.25
17:34:32:786,3.40,1.25,1.47
17:34:32:786,3.67,0.19,1.04
17:34:32:803,4.12,0.06,0.76
17:34:32:819,4.80,-0.10,0.62
17:34:32:819,4.90,0.02,0.29
17:34:32:856,4.85,0.36,0.19
17:34:32:889,4.78,0.51,0.18
17:34:32:906,4.18,0.69,0.34
17:34:32:922,3.63,0.69,0.39
17:34:32:922,3.23,0.54,0.35
17:34:32:939,3.02,0.71,0.42
17:34:32:972,2.95,0.75,0.27
17:34:32:988,3.29,0.79,0.07
17:34:32:988,3.61,0.97,-0.09
17:34:33:5,3.81,1.03,-0.08
17:34:33:102,4.08,1.16,-0.16
17:34:33:119,4.28,1.41,-0.36
17:34:33:120,4.39,1.65,-0.42
17:34:33:120,3.85,1.73,-0.31
17:34:33:137,3.67,1.67,0.00
17:34:33:171,3.61,1.79,0.45
17:34:33:186,3.48,2.25,0.40
17:34:33:203,3.18,2.18,0.11
17:34:33:203,2.99,2.41,0.60
17:34:33:219,3.02,2.70,0.91
17:34:33:235,3.13,2.90,1.09
17:34:33:287,3.31,2.25,1.38
17:34:33:287,3.23,1.64,1.34
17:34:33:287,3.22,1.63,1.44
17:34:33:321,3.18,1.38,1.44
17:34:33:321,3.47,1.14,1.36
17:34:33:337,3.62,1.51,1.61
17:34:33:355,3.57,1.48,1.82
17:34:33:356,3.42,1.40,1.74
17:34:33:404,3.22,1.02,1.76
17:34:33:472,3.18,1.08,1.66
17:34:33:472,3.23,1.22,1.52
17:34:33:521,3.31,1.25,1.68
17:34:33:523,3.52,1.02,1.45
17:34:33:538,3.68,1.10,1.41
17:34:33:538,3.92,0.54,1.08
17:34:33:557,3.86,0.43,1.06
17:34:33:573,4.09,0.34,1.08
17:34:33:608,4.09,0.52,1.28
17:34:33:641,4.46,0.36,1.49
17:34:33:641,4.23,0.19,1.02
17:34:33:658,4.36,0.44,0.52
17:34:33:674,4.43,0.52,0.42
17:34:33:724,4.11,0.76,0.49
17:34:33:724,3.82,0.91,0.55
17:34:33:742,3.46,0.83,0.59
17:34:33:778,3.45,1.02,0.61
17:34:33:829,3.65,1.08,0.36
17:34:33:829,3.47,1.11,0.34
17:34:33:829,3.39,1.11,0.33
17:34:33:863,3.30,1.16,0.26
17:34:33:879,3.45,1.05,0.11
17:34:33:879,3.64,0.76,-0.21
17:34:33:912,4.20,0.70,-0.40
17:34:33:930,4.29,0.93,-0.29
17:34:33:983,4.01,0.96,-0.29
17:34:34:1,3.76,0.69,-0.46
17:34:34:1,3.70,1.06,-0.12
17:34:34:18,3.50,1.32,0.19
17:34:34:51,3.60,1.26,0.51
17:34:34:70,3.48,1.39,0.70
17:34:34:102,3.48,1.69,0.87
17:34:34:117,3.75,1.54,0.91
17:34:34:134,4.27,0.96,3.62
17:34:34:168,4.72,0.63,5.38
17:34:34:204,4.79,1.68,1.66
17:34:34:221,3.44,2.37,0.79
17:34:34:238,3.84,1.87,1.14
17:34:34:255,3.71,0.75,0.76
17:34:34:291,4.11,0.94,0.05
17:34:34:339,3.96,1.14,-0.42
17:34:34:390,3.87,1.24,-0.31
17:34:34:390,3.79,0.83,-0.36
17:34:34:426,3.64,0.44,-0.33
17:34:34:443,3.48,0.73,-0.13
17:34:34:443,3.32,0.76,0.09
17:34:34:460,3.36,0.85,0.25
17:34:34:492,3.45,0.58,0.26
17:34:34:526,3.52,1.06,0.37
17:34:34:542,3.66,1.15,0.41
17:34:34:559,3.63,1.29,0.44
17:34:34:575,3.70,1.03,0.51
17:34:34:592,3.70,0.80,0.58
17:34:34:608,3.69,0.86,0.70
17:34:34:658,3.69,0.92,0.84
17:34:34:710,3.93,1.43,1.27
17:34:34:725,4.29,0.34,1.91
17:34:34:759,3.80,-0.36,2.06
17:34:34:775,3.42,0.32,1.33
17:34:34:791,3.73,0.71,0.73
17:34:34:792,3.77,0.69,0.53
17:34:34:807,3.74,1.01,0.57
17:34:34:860,3.70,1.09,0.46
17:34:34:893,3.75,1.09,0.26
17:34:34:893,3.77,0.86,0.00
17:34:34:912,3.86,0.83,-0.00
17:34:34:927,3.70,0.85,0.06
17:34:34:960,3.58,0.90,0.17
17:34:34:976,3.55,0.86,0.27
17:34:35:9,3.60,0.76,0.38
17:34:35:60,3.67,0.94,0.32
17:34:35:78,3.85,1.13,0.44
17:34:35:78,3.80,1.35,1.07
17:34:35:95,3.86,0.48,1.40
17:34:35:112,3.90,0.76,1.37
17:34:35:144,3.73,0.99,0.98
17:34:35:176,3.68,1.08,0.75
17:34:35:192,3.66,1.06,0.48
17:34:35:226,3.72,0.93,0.41
17:34:35:241,3.75,0.93,0.42
17:34:35:274,3.79,0.92,0.29
17:34:35:306,3.70,0.90,0.20
17:34:35:306,3.67,0.91,0.24
17:34:35:338,3.65,0.96,0.40
17:34:35:438,3.68,0.96,0.44
17:34:35:438,3.79,0.92,0.48
17:34:35:453,3.85,0.85,0.59
17:34:35:453,3.77,0.77,0.63
17:34:35:502,3.71,0.77,0.71
17:34:35:519,3.78,0.76,0.67
17:34:35:519,3.71,0.87,0.59
17:34:35:552,3.74,0.97,0.62
17:34:35:603,3.73,0.99,0.57
17:34:35:636,3.78,0.94,0.48
17:34:35:654,3.72,0.91,0.45
17:34:35:686,3.71,0.92,0.42
17:34:35:686,3.76,0.92,0.38
17:34:35:702,3.75,0.89,0.42
17:34:35:702,3.72,0.85,0.49
17:34:35:718,3.70,0.88,0.58
17:34:35:767,3.75,0.82,0.53
17:34:35:834,3.76,0.83,0.56
17:34:35:852,3.70,0.90,0.56
17:34:35:886,3.77,0.93,0.51
17:34:35:886,3.81,0.91,0.43
17:34:35:886,3.76,0.75,0.45
17:34:35:902,3.71,0.94,0.54
17:34:35:933,3.70,1.00,0.58
17:34:35:966,3.74,0.99,0.56
17:34:35:966,3.78,0.96,0.53
17:34:36:16,3.73,0.86,0.46
17:34:36:33,3.77,0.84,0.48
17:34:36:33,3.83,0.80,0.70
17:34:36:50,3.99,0.85,0.46
17:34:36:66,4.49,0.81,0.96
17:34:36:115,5.11,1.96,1.18
17:34:36:149,3.85,0.46,0.59
17:34:36:150,3.27,1.86,0.50
17:34:36:183,2.94,3.27,0.90
17:34:36:199,2.22,2.44,1.41
17:34:36:216,2.24,2.50,0.87
17:34:36:265,2.74,2.59,0.35
17:34:36:329,2.90,2.27,-0.21
17:34:36:346,3.14,2.20,-0.36
17:34:36:363,3.17,2.37,-0.16
17:34:36:363,3.13,2.61,0.18
17:34:36:379,2.98,2.55,0.47
17:34:36:394,2.93,2.43,0.32
17:34:36:410,3.06,2.13,0.15
17:34:36:444,3.13,1.97,0.13
17:34:36:460,3.22,2.15,0.46
17:34:36:477,3.18,2.16,0.89
17:34:36:511,2.97,1.16,0.63
17:34:36:529,3.39,0.94,0.21
17:34:36:560,3.78,1.09,0.35
17:34:36:579,3.48,1.44,0.64
17:34:36:633,3.28,1.53,1.04
17:34:36:702,3.22,1.49,1.01
17:34:36:702,3.22,1.48,0.92
17:34:36:720,3.24,1.36,0.93
17:34:36:720,3.43,1.52,1.28
17:34:36:736,3.34,1.28,1.05
17:34:36:736,3.43,1.05,0.78
17:34:36:789,3.62,0.89,0.58
17:34:36:822,3.58,0.66,0.63
17:34:36:888,3.85,0.70,0.87
17:34:36:888,3.98,0.85,0.89
17:34:36:888,3.86,1.11,1.00
17:34:36:920,3.67,0.91,1.22
17:34:36:952,3.48,0.86,1.06
17:34:36:952,3.28,0.85,1.01
17:34:36:969,3.38,0.81,1.15
17:34:37:52,3.73,0.99,1.24
17:34:37:68,3.54,1.21,1.23
17:34:37:68,3.51,1.16,1.34
17:34:37:101,3.63,0.90,1.59
17:34:37:101,3.50,0.98,1.47
17:34:37:116,3.61,1.15,1.43
17:34:37:116,3.85,1.28,1.57
17:34:37:148,3.97,1.20,1.60
17:34:37:181,4.15,1.03,1.54
17:34:37:197,4.51,1.16,1.45
17:34:37:228,5.11,1.48,1.46
17:34:37:307,6.25,2.02,1.71
17:34:37:309,6.50,2.02,1.70
17:34:37:309,5.48,1.43,1.35
17:34:37:325,3.81,1.10,1.09
17:34:37:358,3.11,1.01,1.16
17:34:37:462,3.96,1.01,0.94
17:34:37:477,4.19,1.35,0.91
17:34:37:493,4.36,1.44,0.95
17:34:37:493,4.18,1.35,0.28
17:34:37:510,3.95,1.38,-0.13
17:34:37:510,3.75,1.37,-0.10
17:34:37:526,3.64,1.56,0.54
17:34:37:559,3.56,1.26,0.23
17:34:37:591,3.15,1.02,-0.06
17:34:37:606,2.75,1.02,-0.15
17:34:37:623,2.30,1.25,0.14
17:34:37:623,2.08,1.39,0.22
17:34:37:657,2.03,1.29,0.08
17:34:37:691,2.19,1.09,-0.03
17:34:37:744,2.38,0.79,0.06
17:34:37:760,2.89,0.61,0.22
17:34:37:795,2.94,0.65,0.55
17:34:37:813,3.44,0.62,0.40
17:34:37:830,4.22,0.78,0.27
17:34:37:830,4.80,1.12,0.54
17:34:37:847,5.57,1.55,1.29
17:34:37:880,4.95,1.51,1.43
17:34:37:897,3.93,1.20,1.41
17:34:37:961,4.22,1.51,1.68
17:34:37:961,4.20,2.52,2.35
17:34:37:976,4.50,2.01,2.06
17:34:37:976,5.02,-0.17,1.15
17:34:38:25,4.95,-2.37,0.51
17:34:38:42,3.99,-2.54,0.61
17:34:38:74,3.57,-1.69,0.93
17:34:38:106,3.44,-0.73,1.53
17:34:38:123,3.22,-0.94,1.58
17:34:38:139,2.74,-0.44,1.64
17:34:38:156,2.55,0.15,1.89
17:34:38:188,2.92,0.60,2.30
17:34:38:188,3.57,0.77,2.11
17:34:38:253,3.26,0.71,1.71
17:34:38:254,4.14,0.39,1.46
17:34:38:288,4.73,0.37,1.28
17:34:38:324,5.08,0.35,1.38
17:34:38:324,5.26,0.08,1.49
17:34:38:374,5.90,0.10,1.63
17:34:38:374,5.82,0.12,1.77
17:34:38:391,5.64,0.32,1.95
17:34:38:411,5.16,0.65,1.55
17:34:38:487,4.49,0.83,1.42
17:34:38:503,4.80,0.57,1.32
17:34:38:504,4.84,0.84,1.09
17:34:38:521,5.04,1.02,0.87
17:34:38:538,4.82,0.82,0.59
17:34:38:589,4.54,0.69,0.22
17:34:38:589,4.02,0.71,0.20
17:34:38:606,3.35,0.50,0.73
17:34:38:639,3.27,0.34,0.56
17:34:38:688,3.09,0.53,0.34
17:34:38:704,2.70,0.53,0.49
17:34:38:705,2.87,0.55,0.60
17:34:38:723,2.42,0.72,0.28
17:34:38:740,2.46,0.67,0.23
17:34:38:773,3.08,0.68,0.43
17:34:38:810,3.31,0.62,0.36
17:34:38:844,3.09,0.58,0.18
17:34:38:861,3.36,0.42,0.19
17:34:38:861,3.41,0.54,0.95
17:34:38:894,2.80,0.84,1.37
17:34:38:911,2.48,0.54,1.10
17:34:38:944,2.86,0.32,0.67
17:34:38:978,3.35,0.48,1.42
17:34:39:42,4.08,0.58,2.13
17:34:39:58,4.62,0.67,1.75
17:34:39:58,5.39,0.67,1.23
17:34:39:77,5.61,0.74,1.16
17:34:39:77,4.86,1.32,1.95
17:34:39:111,5.27,-0.21,1.66
17:34:39:128,4.40,-1.07,1.19
17:34:39:146,4.14,-1.59,1.01
17:34:39:181,3.80,-1.72,1.57
17:34:39:212,3.96,-1.17,2.10
17:34:39:245,4.32,-0.04,2.35
17:34:39:262,3.65,0.35,2.46
17:34:39:278,3.82,0.90,2.62
17:34:39:296,4.54,1.35,2.56
17:34:39:313,5.10,1.29,2.29
17:34:39:364,5.29,0.85,1.99
17:34:39:418,5.37,0.50,1.89
17:34:39:434,5.88,-0.24,2.01
17:34:39:434,5.88,-0.57,1.97
17:34:39:434,4.75,-0.37,1.77
17:34:39:466,5.76,0.02,1.50
17:34:39:547,6.22,0.73,1.17
17:34:39:579,5.96,1.04,0.85
17:34:39:579,5.84,0.95,0.83
17:34:39:596,5.99,0.47,0.22
17:34:39:596,5.37,0.37,-0.08
17:34:39:612,4.79,0.07,-0.10
17:34:39:648,3.91,-0.07,0.11
17:34:39:663,3.30,0.05,0.31
17:34:39:681,3.02,0.24,0.33
17:34:39:698,2.70,0.35,0.70
17:34:39:750,2.90,0.46,0.62
17:34:39:750,2.58,0.50,0.14
17:34:39:766,2.70,0.52,0.01
17:34:39:800,2.75,0.59,0.38
17:34:39:851,2.50,0.74,0.50
17:34:39:851,2.50,0.68,0.50
17:34:39:901,2.68,0.53,0.44
17:34:39:918,2.88,0.36,0.72
17:34:39:934,2.34,0.33,0.62
17:34:39:934,1.89,0.08,0.46
17:34:39:967,2.92,0.13,1.20
17:34:40:0,3.58,0.59,1.48
17:34:40:17,4.55,0.91,1.35
17:34:40:34,6.07,1.18,1.01
17:34:40:102,6.91,1.76,1.03
17:34:40:171,6.26,2.57,3.23
17:34:40:171,5.81,1.11,2.48
17:34:40:189,4.72,0.23,1.78
17:34:40:189,4.48,-0.64,1.26
17:34:40:206,3.74,-1.15,1.31
17:34:40:206,3.57,-0.24,1.88
17:34:40:239,4.14,-0.22,2.10
17:34:40:303,4.00,0.51,2.47
17:34:40:319,3.88,1.28,2.63
17:34:40:335,4.36,1.71,2.91
17:34:40:335,4.79,1.92,2.68
17:34:40:351,5.25,1.49,2.49
17:34:40:368,5.28,1.20,2.36
17:34:40:401,5.92,0.39,2.45
17:34:40:440,6.09,-0.22,2.26
17:34:40:506,4.80,-0.07,1.64
17:34:40:506,6.21,0.29,1.11
17:34:40:522,6.82,0.62,1.12
17:34:40:537,6.94,0.39,0.68
17:34:40:553,5.97,0.56,0.22
17:34:40:570,5.34,0.52,0.17
17:34:40:585,4.99,0.09,0.43
17:34:40:651,4.67,-0.15,0.23
17:34:40:668,4.09,-0.15,0.22
17:34:40:668,3.68,-0.13,0.27
17:34:40:684,3.27,0.20,0.10
17:34:40:701,2.79,0.52,0.09
17:34:40:750,2.45,0.60,0.69
17:34:40:766,2.34,0.51,0.24
17:34:40:820,2.01,0.37,-0.02
17:34:40:835,2.16,0.44,0.09
17:34:40:851,2.10,0.61,0.34
17:34:40:851,2.09,0.82,0.35
17:34:40:884,2.19,0.92,0.56
17:34:40:901,2.71,0.89,0.63
17:34:40:918,2.81,0.87,0.62
17:34:40:950,2.99,0.78,0.74
17:34:41:21,3.26,0.68,1.47
17:34:41:21,4.10,0.56,1.20
17:34:41:37,4.92,0.58,0.84
17:34:41:37,6.18,0.78,0.81
17:34:41:102,6.89,1.62,1.63
17:34:41:216,6.30,2.62,2.85
17:34:41:233,5.52,2.43,2.63
17:34:41:249,5.25,0.50,1.35
17:34:41:284,4.52,-1.04,0.86
17:34:41:301,3.41,-2.08,0.84
17:34:41:301,3.39,-1.60,1.10
17:34:41:319,3.54,-0.89,1.41
17:34:41:336,3.55,-0.14,2.12
17:34:41:369,3.95,0.57,2.84
17:34:41:388,3.59,1.35,3.23
17:34:41:388,4.17,1.56,3.27
17:34:41:404,5.16,0.80,2.80
17:34:41:420,5.80,0.41,2.21
17:34:41:435,5.88,0.40,1.95
17:34:41:437,6.14,-0.00,2.08
17:34:41:453,6.31,-0.41,1.80
17:34:41:470,5.13,0.13,1.27
17:34:41:552,6.46,0.57,0.99
17:34:41:552,6.25,1.02,0.94
17:34:41:552,5.82,1.09,0.77
17:34:41:569,5.95,0.99,0.61
17:34:41:601,5.95,0.45,0.34
17:34:41:619,5.58,0.34,-0.02
17:34:41:636,4.59,0.22,-0.08
17:34:41:701,3.76,0.01,0.41
17:34:41:755,3.39,0.09,0.43
17:34:41:791,2.99,0.42,0.19
17:34:41:791,2.66,0.64,0.27
17:34:41:809,2.52,0.62,0.76
17:34:41:826,2.32,0.67,0.53
17:34:41:826,2.13,0.65,0.28
17:34:41:826,2.22,0.46,0.38
17:34:41:913,2.44,0.50,0.40
17:34:41:929,2.16,0.42,0.35
17:34:41:929,2.23,0.18,0.44
17:34:41:947,2.92,0.21,0.32
17:34:41:965,2.98,0.66,0.55
17:34:41:981,3.02,1.21,1.69
17:34:41:998,3.03,1.34,1.48
17:34:42:48,3.27,1.14,1.16
17:34:42:96,4.19,0.63,0.79
17:34:42:96,5.44,0.40,1.57
17:34:42:96,6.77,0.71,1.46
17:34:42:128,6.87,1.24,1.89
17:34:42:145,6.42,1.52,2.06
17:34:42:162,5.59,1.58,2.44
17:34:42:215,5.06,0.68,1.87
17:34:42:232,4.02,-0.22,1.33
17:34:42:284,3.36,-0.41,1.24
17:34:42:284,3.65,-0.33,1.47
17:34:42:301,3.83,0.27,1.96
17:34:42:319,3.87,0.86,2.32
17:34:42:334,3.55,1.39,2.77
17:34:42:367,4.10,1.35,2.98
17:34:42:464,4.93,1.00,2.64
17:34:42:464,5.05,0.66,2.49
17:34:42:480,5.05,0.50,2.38
17:34:42:480,5.78,0.30,2.44
17:34:42:497,5.92,0.38,2.23
17:34:42:497,5.45,0.61,1.37
17:34:42:531,7.12,0.64,0.94
17:34:42:548,7.04,0.49,0.64
17:34:42:565,6.46,0.64,0.26
17:34:42:614,6.46,0.71,0.26
17:34:42:648,5.86,0.48,0.40
17:34:42:648,5.16,0.26,0.41
17:34:42:681,4.57,0.12,0.53
17:34:42:698,4.00,0.12,0.28
17:34:42:715,3.63,0.26,0.08
17:34:42:750,3.22,0.34,0.38
17:34:42:783,3.15,0.54,0.38
17:34:42:816,2.87,0.65,0.00
17:34:42:832,2.70,0.73,-0.15
17:34:42:834,2.51,0.66,0.56
17:34:42:868,2.72,0.67,0.38
17:34:42:884,2.48,0.57,0.25
17:34:42:901,2.24,0.29,0.17
17:34:42:935,2.08,0.19,0.51
17:34:43:54,2.18,0.22,0.83
17:34:43:54,1.94,0.14,0.99
17:34:43:71,2.02,0.14,0.95
17:34:43:71,2.39,0.09,0.70
17:34:43:89,3.25,0.43,0.98
17:34:43:107,4.35,0.75,2.00
17:34:43:175,5.60,0.51,1.53
17:34:43:190,6.88,0.34,0.96
17:34:43:194,7.74,0.58,1.51
17:34:43:194,7.55,1.57,2.98
17:34:43:210,6.00,2.29,4.34
17:34:43:228,5.36,-0.50,1.46
17:34:43:244,4.75,-1.33,0.58
17:34:43:260,3.86,-1.94,0.27
17:34:43:293,3.82,-1.68,0.58
17:34:43:326,4.13,-0.66,1.18
17:34:43:342,4.23,0.73,1.98
17:34:43:358,3.69,1.82,2.62
17:34:43:391,3.69,2.09,2.82
17:34:43:408,3.83,2.22,2.71
17:34:43:425,3.77,1.98,2.48
17:34:43:474,4.28,1.71,2.24
17:34:43:526,5.47,1.03,2.26
17:34:43:543,6.37,0.26,1.93
17:34:43:543,6.18,-0.20,1.47
17:34:43:562,5.19,-0.18,1.10
17:34:43:578,6.18,-0.07,0.71
17:34:43:595,6.14,-0.01,0.71
17:34:43:629,5.91,0.07,0.72
17:34:43:697,5.90,0.51,0.86
17:34:43:714,5.90,0.83,0.99
17:34:43:715,6.01,0.71,0.80
17:34:43:781,5.50,0.56,0.44
17:34:43:796,4.69,0.28,0.25
17:34:43:796,4.30,0.09,0.48
17:34:43:829,4.03,0.16,0.33
17:34:43:865,3.53,0.37,0.18
17:34:43:898,2.94,0.48,0.26
17:34:43:915,2.65,0.54,0.51
17:34:43:931,2.64,0.56,0.51
17:34:43:946,2.30,0.55,0.23
17:34:43:962,2.16,0.35,0.30
17:34:43:979,2.07,0.18,0.43
17:34:43:979,1.94,0.09,0.38
17:34:44:64,1.83,-0.02,0.39
17:34:44:81,1.89,-0.15,0.51
17:34:44:81,2.41,0.00,0.35
17:34:44:81,3.11,0.38,0.75
17:34:44:98,4.13,0.58,1.01
17:34:44:117,4.46,0.71,1.08
17:34:44:151,4.66,0.74,1.18
17:34:44:186,5.21,0.39,2.18
17:34:44:218,6.18,0.36,1.40
17:34:44:251,6.55,0.77,1.64
17:34:44:268,6.75,0.72,2.28
17:34:44:318,6.33,1.08,2.25
17:34:44:318,6.22,-0.28,1.46
17:34:44:318,5.87,-1.40,1.11
17:34:44:336,4.98,-1.93,0.82
17:34:44:404,4.16,-1.47,0.70
17:34:44:437,4.01,-0.83,1.03
17:34:44:452,3.69,0.00,1.59
17:34:44:452,3.11,0.79,2.19
17:34:44:469,2.69,1.34,2.29
17:34:44:486,2.72,1.66,1.97
17:34:44:503,2.87,1.73,1.97
17:34:44:584,2.99,1.43,1.82
17:34:44:600,3.51,1.20,1.61
17:34:44:617,3.71,0.92,1.54
17:34:44:617,4.13,0.38,1.49
17:34:44:684,4.97,-0.04,1.18
17:34:44:684,5.23,-0.04,1.17
17:34:44:684,5.74,-0.06,1.28
17:34:44:701,6.01,-0.05,1.19
17:34:44:721,5.51,0.31,1.23
17:34:44:756,6.06,0.22,1.57
17:34:44:807,5.31,0.13,1.66
17:34:44:839,4.18,0.07,1.31
17:34:44:855,4.10,0.05,0.91
17:34:44:855,4.83,0.20,0.69
17:34:44:872,5.36,0.35,0.49
17:34:44:903,5.20,0.48,0.26
17:34:44:971,4.58,0.54,0.10
17:34:44:987,4.37,0.48,0.19
17:34:45:7,4.33,0.42,0.24
17:34:45:7,3.87,0.20,0.24
17:34:45:24,3.29,0.03,0.20
17:34:45:40,2.83,-0.08,0.32
17:34:45:55,2.73,0.16,0.23
17:34:45:72,2.45,0.37,0.14
17:34:45:105,2.51,0.58,-0.14
17:34:45:123,2.73,0.73,-0.27
17:34:45:219,2.31,0.53,0.02
17:34:45:219,2.43,0.47,0.12
17:34:45:219,3.39,0.39,-0.20
17:34:45:235,4.38,0.33,-0.08
17:34:45:300,4.17,0.59,0.23
17:34:45:370,4.20,1.01,0.52
17:34:45:388,4.28,1.30,1.54
17:34:45:423,4.32,1.16,1.55
17:34:45:440,4.18,0.93,1.91
17:34:45:457,4.49,0.79,2.78
17:34:45:526,5.10,1.10,3.28
17:34:45:543,5.97,1.60,2.70
17:34:45:543,5.51,0.70,2.06
17:34:45:558,5.27,-0.94,1.42
17:34:45:558,4.77,-1.00,1.21
17:34:45:610,4.31,-0.55,1.18
17:34:45:626,4.56,-0.21,1.57
17:34:45:691,4.27,-0.25,1.54
17:34:45:724,3.60,0.18,1.44
17:34:45:742,3.55,0.76,1.38
17:34:45:807,3.49,1.14,1.19
17:34:45:938,3.64,1.38,0.88
17:34:45:954,3.71,1.28,0.69
17:34:45:971,3.63,1.27,0.64
17:34:45:987,3.74,1.22,0.50
17:34:45:987,3.87,1.09,0.49
17:34:46:52,3.91,0.87,0.43
17:34:46:52,3.69,0.62,0.33
17:34:46:68,3.60,0.38,0.46
17:34:46:99,3.54,0.34,0.65
17:34:46:99,3.63,0.42,0.71
17:34:46:116,3.61,0.54,0.75
17:34:46:116,3.50,0.65,1.07
17:34:46:116,3.56,0.40,1.13
17:34:46:116,3.43,0.24,1.19
17:34:46:132,3.50,0.27,1.28
17:34:46:149,3.58,0.15,1.54
17:34:46:166,3.57,0.15,1.47
17:34:46:234,3.60,0.40,1.46
17:34:46:234,3.69,0.29,1.39
17:34:46:252,3.79,0.09,1.37
17:34:46:269,3.88,-0.33,1.24
17:34:46:320,3.91,-0.70,1.11
17:34:46:320,3.93,-0.53,1.00
17:34:46:339,3.95,-0.11,1.02
17:34:46:390,3.99,0.26,1.05
17:34:46:408,3.95,0.57,1.15
17:34:46:425,3.94,0.71,1.12
17:34:46:462,3.82,0.79,1.04
17:34:46:512,3.77,0.86,0.97
17:34:46:512,3.74,0.77,0.96
17:34:46:512,3.78,0.58,0.89
17:34:46:562,3.67,0.60,0.84
17:34:46:594,3.57,0.61,0.84
17:34:46:595,3.65,0.49,0.91
17:34:46:610,3.60,0.53,0.84
17:34:46:627,3.57,0.54,0.87
17:34:46:627,3.52,0.56,0.88
17:34:46:627,3.58,0.71,1.05
17:34:46:644,3.64,0.78,1.00
17:34:46:661,3.73,0.79,0.99
17:34:46:661,3.77,0.46,1.22
17:34:46:661,3.79,0.37,1.14
17:34:46:714,3.74,0.30,1.11
17:34:46:763,3.72,0.26,1.13
17:34:46:778,3.73,0.21,1.34
17:34:46:795,3.82,0.10,1.33
17:34:46:811,3.73,0.07,1.27
17:34:46:829,3.70,0.04,1.15
17:34:46:829,3.66,0.08,1.24
17:34:46:877,3.68,0.04,1.25
17:34:46:894,3.62,0.06,1.13
17:34:46:946,3.54,0.16,1.05
17:34:46:946,3.58,0.25,1.07
17:34:47:12,3.62,0.35,1.13
17:34:47:30,3.61,0.32,1.06
17:34:47:47,3.62,0.36,1.01
17:34:47:47,3.57,0.39,1.00
17:34:47:64,3.64,0.28,1.01
17:34:47:81,3.62,0.36,0.95
17:34:47:132,3.70,0.44,0.92
17:34:47:133,3.64,0.55,1.00
17:34:47:151,3.67,0.56,1.09
17:34:47:168,3.67,0.58,1.01
17:34:47:168,3.66,0.58,1.00
17:34:47:186,3.69,0.61,1.04
17:34:47:220,3.71,0.60,1.10
17:34:47:255,3.68,0.50,1.13
17:34:47:321,3.70,0.48,1.09
17:34:47:321,3.67,0.42,1.06
17:34:47:354,3.73,0.37,1.14
17:34:47:354,3.73,0.43,1.17
17:34:47:371,3.62,0.50,1.17
17:34:47:387,3.66,0.60,1.19
17:34:47:420,3.65,0.64,1.23
17:34:47:420,3.73,0.50,1.20
17:34:47:454,3.74,0.46,1.14
17:34:47:504,3.69,0.44,1.13
17:34:47:504,3.70,0.40,1.16
17:34:47:521,3.72,0.40,1.11
17:34:47:538,3.76,0.28,1.07
17:34:47:586,3.71,0.23,1.10
17:34:47:602,3.76,0.28,1.03
17:34:47:699,3.63,0.19,0.99
17:34:47:699,3.63,0.31,1.00
17:34:47:734,3.62,0.37,1.00
17:34:47:734,3.61,0.28,0.97
17:34:47:751,3.64,0.45,0.96
17:34:47:751,3.66,0.13,0.99
17:34:47:786,3.83,-0.31,0.93
17:34:47:786,3.80,-0.11,0.81
17:34:47:821,3.62,0.95,0.83
17:34:47:873,3.45,1.68,0.94
17:34:47:890,3.55,2.09,1.13
17:34:47:906,3.55,1.93,1.18
17:34:47:907,3.30,1.57,1.32
17:34:47:958,3.30,1.46,1.17
17:34:47:958,3.28,1.18,1.10
17:34:47:974,3.44,0.77,0.98
17:34:48:40,3.59,0.61,1.06
17:34:48:56,3.70,0.58,0.99
17:34:48:71,3.70,0.61,0.91
17:34:48:71,3.72,0.48,0.82
17:34:48:87,3.75,0.39,0.84
17:34:48:123,3.72,0.37,0.96
17:34:48:192,3.75,0.42,0.97
17:34:48:210,3.61,0.54,0.99
17:34:48:227,3.51,0.69,1.07
17:34:48:261,3.53,0.76,1.17
17:34:48:314,3.56,0.63,1.19
17:34:48:331,3.62,0.70,1.19
17:34:48:383,3.69,0.75,1.23
17:34:48:433,3.69,0.76,1.30
17:34:48:450,3.77,0.67,1.25
17:34:48:466,3.85,0.60,1.12
17:34:48:499,3.82,0.56,1.20
17:34:48:499,3.85,0.42,1.21
17:34:48:597,3.75,0.47,1.13
17:34:48:646,3.66,0.51,1.06
17:34:48:715,3.65,0.60,1.03
17:34:48:730,3.64,0.72,1.07
17:34:48:812,3.59,0.70,1.00
17:34:48:828,3.63,0.58,0.95
17:34:48:861,3.60,0.58,0.93
17:34:48:910,3.58,0.63,0.92
17:34:49:7,3.54,0.73,0.98
17:34:49:22,3.55,0.69,0.96
17:34:49:22,3.51,0.69,0.99
17:34:49:39,3.55,0.65,1.01
17:34:49:91,3.55,0.55,1.06
17:34:49:157,3.68,0.59,1.03
17:34:49:173,3.61,0.57,1.07
17:34:49:173,3.63,0.65,1.06
17:34:49:173,3.60,0.70,1.09
17:34:49:173,3.57,0.69,1.10
17:34:49:207,3.65,0.72,1.11
17:34:49:256,3.66,0.73,1.09
17:34:49:324,3.64,0.77,1.13
17:34:49:360,3.56,0.67,1.11
17:34:49:393,3.71,0.67,1.14
17:34:49:393,3.67,0.72,1.16
17:34:49:393,3.69,0.93,1.15
17:34:49:393,3.64,1.14,1.31
17:34:49:409,3.65,1.34,1.21
17:34:49:409,3.63,1.58,1.25
17:34:49:513,3.06,1.76,1.35
17:34:49:528,3.10,1.77,1.22
17:34:49:544,3.23,1.90,1.06
17:34:49:561,3.03,1.89,0.89
17:34:49:578,3.07,1.88,0.88
17:34:49:595,3.06,1.82,0.85
17:34:49:646,2.88,1.66,0.63
17:34:49:679,3.29,1.51,0.38
17:34:49:679,3.34,1.52,0.31
17:34:49:679,3.54,1.63,0.42
17:34:49:679,3.93,1.67,0.57
17:34:49:696,4.18,1.75,0.59
17:34:49:696,4.29,1.66,0.31
17:34:49:696,4.33,1.45,0.12
17:34:49:714,4.35,1.23,0.02
17:34:49:729,4.57,0.95,0.04
17:34:49:729,4.29,0.68,0.08
17:34:49:729,4.10,0.43,0.07
17:34:49:731,4.21,0.42,0.11
17:34:49:783,4.29,0.38,0.33
17:34:49:852,3.99,0.40,0.45
17:34:49:852,3.98,0.45,0.36
17:34:49:868,4.01,0.45,0.39
17:34:49:935,3.76,0.40,0.59
17:34:50:5,3.36,0.29,0.56
17:34:50:5,3.24,0.29,0.47
17:34:50:58,3.12,0.44,0.44
17:34:50:74,3.17,0.49,0.82
17:34:50:91,3.54,0.65,0.86
17:34:50:109,3.45,0.76,0.86
17:34:50:195,3.20,0.82,1.04
17:34:50:195,3.30,0.88,1.31
17:34:50:229,3.49,1.25,1.19
17:34:50:262,3.99,1.61,1.34
17:34:50:361,4.08,1.92,1.81
17:34:50:377,4.09,1.99,1.74
17:34:50:378,4.33,1.66,1.36
17:34:50:378,4.87,1.02,0.84
17:34:50:378,5.00,0.29,0.37
17:34:50:378,4.67,-0.11,0.04
17:34:50:396,4.26,-0.07,-0.06
17:34:50:432,4.10,-0.18,0.21
17:34:50:432,3.98,-0.31,0.40
17:34:50:449,3.58,-0.17,0.53
17:34:50:466,3.45,-0.08,0.59
17:34:50:466,3.56,0.16,0.69
17:34:50:466,3.62,0.52,0.66
17:34:50:466,3.62,0.75,0.47
17:34:50:582,3.80,0.95,0.29
17:34:50:582,3.63,1.13,0.05
17:34:50:598,4.05,1.04,-0.07
17:34:50:613,5.09,0.78,0.01
17:34:50:664,5.58,0.69,0.08
17:34:50:664,4.20,0.76,0.10
17:34:50:664,3.76,0.72,0.21
17:34:50:779,4.03,1.00,0.47
17:34:50:795,4.00,1.17,0.53
17:34:50:812,3.75,1.19,0.36
17:34:50:812,3.51,1.04,0.12
17:34:50:828,3.51,0.77,-0.06
17:34:50:828,3.49,0.43,-0.09
17:34:50:845,3.52,0.26,0.08
17:34:50:845,3.82,0.19,0.30
17:34:50:861,3.69,0.32,0.46
17:34:50:911,3.69,0.44,0.54
17:34:50:927,3.68,0.54,0.67
17:34:50:927,3.81,0.61,0.72
17:34:50:927,3.79,0.69,0.65
17:34:50:944,3.79,0.70,0.72
17:34:50:944,4.05,0.58,0.79
17:34:50:944,4.09,0.55,0.87
17:34:50:944,4.15,0.31,1.08
17:34:50:960,4.40,-0.10,1.44
17:34:50:963,4.14,-0.36,1.61
17:34:50:978,3.99,-0.54,2.32
17:34:50:978,4.38,-0.94,1.74
17:34:50:994,4.11,-0.81,1.31
17:34:50:994,4.80,-0.42,1.29
17:34:51:12,3.96,-1.59,1.42
17:34:51:12,3.86,-0.13,1.47
17:34:51:12,3.74,-0.10,1.23
17:34:51:95,3.69,0.14,1.07
17:34:51:163,3.88,0.16,0.77
17:34:51:163,3.81,0.55,0.75
17:34:51:195,3.46,0.79,0.80
17:34:51:210,3.13,0.88,0.82
17:34:51:245,3.17,0.90,0.66
17:34:51:278,3.32,0.73,0.47
17:34:51:295,3.66,0.54,0.19
17:34:51:312,4.20,0.28,-0.12
17:34:51:312,3.93,0.57,0.27
17:34:51:312,3.85,0.84,0.58
17:34:51:345,3.87,0.79,0.24
17:34:51:376,3.85,0.78,0.26
17:34:51:411,3.88,1.07,0.38
17:34:51:429,3.76,1.25,0.42
17:34:51:477,3.69,1.37,0.70
17:34:51:493,3.72,1.63,1.04
17:34:51:511,3.72,1.36,1.08
17:34:51:511,3.71,1.55,1.21
17:34:51:511,3.57,1.83,1.20
17:34:51:527,3.65,1.95,1.18
17:34:51:560,3.73,1.41,0.91
17:34:51:595,3.79,1.14,0.71
17:34:51:645,4.06,0.77,0.25
17:34:51:660,3.96,0.84,0.21
17:34:51:660,3.85,1.22,0.42
17:34:51:677,3.93,1.12,0.41
17:34:51:695,3.73,0.98,0.47
17:34:51:713,3.90,0.43,0.41
17:34:51:713,3.80,0.59,0.48
17:34:51:764,3.71,0.75,0.60
17:34:51:830,3.66,0.74,0.40
17:34:51:883,3.68,0.70,0.30
17:34:51:900,3.60,0.75,0.38
17:34:51:916,3.53,0.89,0.48
17:34:51:934,3.61,0.90,0.49
17:34:51:934,3.60,0.93,0.58
17:34:51:983,3.74,0.87,0.56
17:34:52:16,3.68,0.87,0.55
17:34:52:32,3.78,0.68,0.69
17:34:52:32,3.78,0.41,0.77
17:34:52:49,3.68,0.49,0.73
17:34:52:66,3.74,0.71,0.70
17:34:52:66,3.73,0.97,0.70
17:34:52:83,3.79,1.13,0.78
17:34:52:116,3.75,1.07,0.80
17:34:52:170,3.74,0.96,0.86
17:34:52:170,3.72,0.86,0.75
17:34:52:170,3.74,0.87,0.71
17:34:52:222,3.76,0.80,0.72
17:34:52:222,3.83,0.90,0.74
17:34:52:275,3.70,0.95,0.77
17:34:52:290,3.71,0.98,0.81
17:34:52:290,3.69,0.92,0.68
17:34:52:358,3.72,0.99,0.71
17:34:52:374,3.72,0.96,0.69
17:34:52:374,3.68,0.86,0.82
17:34:52:455,3.64,0.75,0.70
17:34:52:455,3.66,0.85,0.66
17:34:52:472,3.67,0.97,0.65
17:34:52:527,3.71,1.08,0.72
17:34:52:544,3.69,1.02,0.74
17:34:52:544,3.70,0.80,0.78
17:34:52:544,3.73,0.72,0.76
17:34:52:577,3.73,0.77,0.69
17:34:52:593,3.67,0.90,0.76
17:34:52:609,3.62,0.93,0.81
17:34:52:626,3.63,0.86,0.79
17:34:52:690,3.60,0.84,0.82
17:34:52:807,3.67,0.76,0.79
17:34:52:823,3.70,0.78,0.80
17:34:52:840,3.71,0.80,0.81
17:34:52:957,3.70,0.84,0.84
17:34:52:990,3.69,0.79,0.82
17:34:52:990,3.70,0.86,0.85
17:34:53:6,3.71,0.87,0.87
17:34:53:23,3.67,0.89,0.89
17:34:53:88,3.68,0.81,0.83
17:34:53:90,3.70,0.84,0.79
17:34:53:106,3.67,0.89,0.83
17:34:53:124,3.66,0.89,0.78
17:34:53:174,3.72,0.86,0.69
17:34:53:174,3.68,0.89,0.62
17:34:53:191,3.67,0.92,0.54
17:34:53:224,3.84,0.92,0.21
17:34:53:256,3.69,0.86,0.13
17:34:53:257,3.67,0.66,0.38
17:34:53:291,3.53,0.45,0.14
17:34:53:325,3.71,0.26,-0.14
17:34:53:325,3.56,0.19,-0.16
17:34:53:343,3.48,0.58,0.04
17:34:53:361,3.82,0.80,0.26
17:34:53:378,4.16,0.19,1.62
17:34:53:427,4.15,-1.34,2.37
17:34:53:458,3.36,0.93,2.47
17:34:53:491,3.55,1.93,1.14
17:34:53:491,3.46,2.17,0.97
17:34:53:507,3.44,1.48,1.04
17:34:53:525,3.40,1.15,1.09
17:34:53:541,3.60,1.05,0.54
17:34:53:541,3.87,0.94,0.25
17:34:53:610,4.67,1.46,0.72
17:34:53:627,4.00,1.63,0.50
17:34:53:627,4.14,1.82,0.23
17:34:53:644,4.29,2.43,0.64
17:34:53:644,4.10,2.64,0.81
17:34:53:660,3.61,2.37,0.89
17:34:53:676,3.20,2.19,0.99
17:34:53:676,3.23,2.31,1.02
17:34:53:676,3.35,2.28,0.79
17:34:53:709,3.36,2.11,0.57
17:34:53:709,3.26,2.08,0.61
17:34:53:709,3.38,1.82,0.44
17:34:53:741,3.36,1.25,0.26
17:34:53:839,3.43,0.88,0.19
17:34:53:936,3.57,0.90,0.38
17:34:53:987,3.83,0.98,0.41
17:34:54:19,3.75,1.07,0.34
17:34:54:19,4.13,1.29,0.43
17:34:54:19,4.08,1.26,0.51
17:34:54:38,3.89,0.74,0.55
17:34:54:54,4.36,0.37,0.91
17:34:54:70,4.88,0.12,0.76
17:34:54:86,3.97,0.22,0.43
17:34:54:102,3.59,0.49,0.65
17:34:54:170,3.23,0.71,0.93
17:34:54:204,3.35,0.29,0.76
17:34:54:204,2.99,0.05,0.94
17:34:54:220,3.12,0.22,1.29
17:34:54:236,3.91,0.12,1.16
17:34:54:253,4.05,0.03,0.86
17:34:54:269,4.10,0.08,0.82
17:34:54:302,4.12,0.21,1.02
17:34:54:333,3.82,0.50,1.10
17:34:54:350,3.23,0.62,1.15
17:34:54:350,2.96,0.56,1.23
17:34:54:382,3.04,0.48,1.41
17:34:54:382,3.20,0.36,1.39
17:34:54:414,3.10,0.14,1.14
17:34:54:430,3.13,0.30,1.29
17:34:54:447,3.53,0.48,1.44
17:34:54:447,3.91,0.75,1.31
17:34:54:463,4.34,0.76,1.30
17:34:54:529,4.28,0.94,1.67
17:34:54:529,4.44,1.03,1.81
17:34:54:546,5.02,1.16,2.01
17:34:54:546,5.11,1.63,2.13
17:34:54:562,5.44,1.13,2.09
17:34:54:562,5.29,1.35,1.58
17:34:54:579,4.79,1.41,1.21
17:34:54:614,4.93,0.82,1.07
17:34:54:631,4.97,0.90,0.93
17:34:54:664,5.13,0.90,1.01
17:34:54:680,4.85,0.68,0.75
17:34:54:712,4.37,0.64,0.55
17:34:54:745,3.92,0.65,0.73
17:34:54:761,4.02,0.50,0.57
17:34:54:777,3.45,0.68,0.29
17:34:54:811,2.95,0.79,0.33
17:34:54:878,2.61,0.72,0.71
17:34:54:878,2.52,0.69,0.47
17:34:54:894,2.19,0.57,0.09
17:34:54:894,2.60,0.61,0.14
17:34:54:928,2.69,0.71,0.59
17:34:54:946,3.10,0.77,0.48
17:34:54:961,3.18,0.63,0.30
17:34:55:13,3.30,0.37,0.22
17:34:55:48,3.46,0.13,0.44
17:34:55:65,3.77,0.27,0.77
17:34:55:81,3.67,0.33,0.96
17:34:55:96,3.14,0.40,1.29
17:34:55:114,3.43,0.50,1.20
17:34:55:166,4.19,0.63,1.12
17:34:55:166,4.53,0.83,1.39
17:34:55:199,5.10,1.13,2.03
17:34:55:248,5.52,1.67,2.83
17:34:55:248,5.43,1.29,2.48
17:34:55:265,4.87,0.52,1.68
17:34:55:280,4.45,-0.39,1.04
17:34:55:297,3.84,-0.67,1.00
17:34:55:331,4.16,-1.61,1.21
17:34:55:412,3.56,-1.25,1.38
17:34:55:445,3.39,-0.63,1.47
17:34:55:445,3.41,-0.18,1.56
17:34:55:462,3.17,0.40,2.03
17:34:55:481,3.17,0.97,2.68
17:34:55:481,4.12,1.19,2.99
17:34:55:481,3.87,1.02,2.81
17:34:55:514,4.41,1.10,2.54
17:34:55:564,5.48,1.27,2.34
17:34:55:597,6.62,1.15,1.91
17:34:55:597,6.81,0.47,1.52
17:34:55:614,6.83,-0.19,1.51
17:34:55:648,5.14,-0.36,1.21
17:34:55:665,4.95,-0.27,0.97
17:34:55:684,5.61,0.04,0.95
17:34:55:765,6.00,0.51,1.21
17:34:55:765,6.18,0.90,0.91
17:34:55:781,5.38,0.91,0.46
17:34:55:781,4.88,0.62,0.39
17:34:55:813,4.39,0.33,0.41
17:34:55:831,4.05,0.19,0.13
17:34:55:864,3.45,0.21,0.06
17:34:55:883,2.91,0.09,0.63
17:34:55:914,2.78,0.17,0.55
17:34:55:947,2.09,0.30,0.12
17:34:55:964,1.95,0.34,0.02
17:34:55:981,2.20,0.42,0.39
17:34:55:999,2.17,0.55,0.57
17:34:56:17,2.22,0.50,0.46
17:34:56:51,2.67,0.38,0.34
17:34:56:68,2.90,0.06,0.35
17:34:56:131,3.14,0.12,0.66
17:34:56:131,3.26,0.24,0.74
17:34:56:146,3.11,0.24,0.68
17:34:56:164,3.31,0.30,1.19
17:34:56:180,4.65,0.26,1.50
17:34:56:212,5.56,0.63,1.17
17:34:56:243,6.57,0.84,1.18
17:34:56:308,7.44,1.27,1.70
17:34:56:324,7.52,1.48,2.32
17:34:56:356,6.23,1.71,2.46
17:34:56:356,5.86,0.48,1.50
17:34:56:373,4.81,-1.54,0.76
17:34:56:389,3.85,-2.51,0.86
17:34:56:406,3.69,-1.92,0.98
17:34:56:437,3.69,-1.07,1.19
17:34:56:488,3.61,-0.10,1.91
17:34:56:505,3.58,1.03,2.60
17:34:56:506,3.43,2.02,3.01
17:34:56:541,3.79,2.10,2.85
17:34:56:541,4.39,1.79,2.22
17:34:56:558,5.05,1.70,2.13
17:34:56:671,6.01,1.25,2.39
17:34:56:671,6.54,0.21,2.29
17:34:56:686,6.49,-0.57,1.27
17:34:56:686,5.80,-0.88,0.56
17:34:56:704,6.02,-0.44,0.36
17:34:56:720,6.03,0.03,0.77
17:34:56:753,6.07,0.79,0.92
17:34:56:753,5.93,1.39,1.21
17:34:56:785,6.13,1.17,0.87
17:34:56:819,5.43,1.07,0.23
17:34:56:852,4.79,0.84,0.10
17:34:56:870,4.21,0.22,0.74
17:34:56:888,4.00,0.18,0.32
17:34:56:905,3.55,0.28,0.04
17:34:56:940,3.19,0.21,0.10
17:34:57:39,3.13,0.34,0.63
17:34:57:54,2.70,0.62,0.43
17:34:57:54,2.45,0.51,0.19
17:34:57:72,2.76,0.25,0.36
17:34:57:72,2.68,0.17,0.32
17:34:57:87,2.44,0.21,0.27
17:34:57:87,2.37,0.15,0.15
17:34:57:137,2.43,0.12,0.91
17:34:57:204,2.46,0.39,1.33
17:34:57:220,1.90,0.42,0.81
17:34:57:220,2.70,0.23,0.52
17:34:57:253,3.72,0.66,0.85
17:34:57:253,4.53,1.28,1.86
17:34:57:287,5.36,1.03,2.08
17:34:57:303,5.76,0.63,1.69
17:34:57:321,6.31,0.82,1.62
17:34:57:339,7.12,0.16,2.06
17:34:57:356,6.02,-0.77,2.12
17:34:57:407,4.37,-0.96,1.82
17:34:57:407,4.65,1.22,2.11
17:34:57:439,4.07,0.25,1.98
17:34:57:455,4.01,0.18,2.37
17:34:57:472,4.04,0.05,2.50
17:34:57:507,3.82,0.23,2.44
17:34:57:539,3.96,0.68,2.32
17:34:57:572,4.53,0.50,2.58
17:34:57:606,5.20,0.52,2.76
17:34:57:606,4.60,0.95,2.62
17:34:57:637,5.47,1.20,2.65
17:34:57:688,6.12,1.02,2.57
17:34:57:703,5.94,0.25,1.81
17:34:57:754,5.87,0.12,1.20
17:34:57:769,6.43,0.36,0.87
17:34:57:769,6.10,0.28,0.88
17:34:57:786,5.85,0.26,0.91
17:34:57:786,5.86,0.49,0.70
17:34:57:802,5.60,0.72,0.53
17:34:57:835,5.11,0.42,0.64
17:34:57:851,4.68,0.12,0.44
17:34:57:902,4.07,0.15,0.14
17:34:57:919,3.44,0.17,0.07
17:34:57:952,2.96,0.02,0.63
17:34:57:970,2.90,0.19,0.35
17:34:57:988,2.30,0.46,0.15
17:34:57:988,2.33,0.45,0.26
17:34:58:57,2.06,0.48,0.76
17:34:58:57,2.13,0.57,0.44
17:34:58:74,2.44,0.64,0.29
17:34:58:126,2.50,0.36,0.40
17:34:58:126,2.48,0.29,0.69
17:34:58:143,2.61,0.35,1.06
17:34:58:179,2.75,0.38,0.95
17:34:58:196,3.25,0.49,0.96
17:34:58:231,3.23,0.66,0.65
17:34:58:231,3.86,0.86,0.81
17:34:58:262,4.75,0.90,1.56
17:34:58:312,5.44,0.98,1.75
17:34:58:312,5.86,1.11,1.78
17:34:58:328,6.41,1.26,2.09
17:34:58:360,6.39,1.43,3.16
17:34:58:411,6.42,0.47,2.09
17:34:58:411,5.38,0.30,1.22
17:34:58:476,4.34,-0.45,0.71
17:34:58:491,3.73,-0.60,0.83
17:34:58:509,3.81,-0.45,1.21
17:34:58:509,3.82,-0.06,1.95
17:34:58:526,3.63,0.77,2.85
17:34:58:543,2.91,1.21,2.81
17:34:58:592,3.47,1.80,2.62
17:34:58:623,4.29,2.26,2.55
17:34:58:639,4.35,2.30,2.61
17:34:58:656,4.98,1.73,2.23
17:34:58:690,6.06,1.26,2.00
17:34:58:710,6.78,0.49,1.72
17:34:58:726,5.99,-0.33,1.14
17:34:58:741,5.94,-0.15,0.77
17:34:58:759,6.73,0.31,0.76
17:34:58:842,6.65,0.65,1.05
17:34:58:876,6.70,1.01,0.98
17:34:58:892,6.06,1.21,0.82
17:34:58:908,5.80,0.82,0.66
17:34:58:908,5.17,0.53,0.33
17:34:58:925,4.61,0.21,0.29
17:34:58:941,4.30,-0.17,0.17
17:34:58:958,3.92,-0.06,0.02
17:34:59:5,3.36,0.03,0.19
17:34:59:38,2.88,0.16,0.65
17:34:59:53,2.59,0.37,0.36
17:34:59:55,2.38,0.48,0.17
17:34:59:88,2.03,0.40,0.42
17:34:59:187,1.97,0.40,0.47
17:34:59:203,1.80,0.26,0.28
17:34:59:203,1.86,0.22,0.27
17:34:59:267,2.13,0.00,0.53
17:34:59:283,2.54,0.05,0.78
17:34:59:283,2.95,0.21,0.88
17:34:59:283,3.34,0.38,0.62
17:34:59:300,3.51,0.57,1.03
17:34:59:300,3.96,0.43,1.16
17:34:59:318,5.51,0.53,1.09
17:34:59:370,6.36,0.96,1.20
17:34:59:386,6.45,1.54,2.00
17:34:59:401,6.54,2.75,2.37
17:34:59:401,6.00,2.57,1.50
17:34:59:450,6.03,-0.24,0.60
17:34:59:467,5.59,-1.78,0.20
17:34:59:483,4.44,-1.66,0.31
17:34:59:549,4.12,-1.30,1.26
17:34:59:565,4.17,-1.77,1.74
17:34:59:580,3.37,-0.77,2.19
17:34:59:630,3.26,0.02,2.60
17:34:59:664,3.47,0.61,2.83
17:34:59:680,3.46,1.40,2.91
17:34:59:680,4.12,2.29,3.17
17:34:59:697,5.06,2.36,3.13
17:34:59:746,5.46,1.46,2.31
17:34:59:763,6.32,0.56,1.93
17:34:59:763,6.69,-0.36,1.71
17:34:59:779,5.36,-1.02,1.41
17:34:59:796,5.70,-1.14,0.88
17:34:59:828,6.84,-0.29,0.50
17:34:59:860,6.68,0.24,0.58
17:34:59:908,6.66,0.79,0.61
17:34:59:960,6.68,1.08,0.84
17:34:59:977,6.12,0.94,0.50
17:34:59:977,5.37,0.59,0.33
17:34:59:994,4.98,0.26,0.21
17:35:0:12,4.63,-0.06,0.29
17:35:0:29,4.32,-0.08,0.08
17:35:0:82,3.69,0.06,-0.09
17:35:0:98,2.92,0.26,0.16
17:35:0:115,2.94,0.39,0.51
17:35:0:115,2.47,0.37,0.24
17:35:0:133,1.98,0.37,0.10
17:35:0:187,1.99,0.29,0.42
17:35:0:187,2.10,0.28,0.54
17:35:0:202,1.73,0.17,0.49
17:35:0:273,1.65,-0.05,0.24
17:35:0:273,2.35,-0.05,0.52
17:35:0:288,2.56,0.27,0.95
17:35:0:288,2.70,0.53,1.21
17:35:0:340,2.85,0.66,1.31
17:35:0:340,3.41,0.41,1.78
17:35:0:372,4.59,0.04,1.32
17:35:0:390,5.69,0.09,0.84
17:35:0:452,7.27,0.55,0.82
17:35:0:470,7.61,1.09,1.66
17:35:0:470,7.12,1.52,3.32
17:35:0:487,6.18,1.22,2.68
17:35:0:536,5.63,-0.03,1.49
17:35:0:536,4.55,-1.04,0.95
17:35:0:569,3.82,-1.87,0.81
17:35:0:602,3.82,-1.51,0.93
17:35:0:637,3.99,-0.79,1.32
17:35:0:637,3.80,0.26,1.96
17:35:0:654,3.77,1.33,2.41
17:35:0:689,3.65,2.06,2.87
17:35:0:706,3.87,1.98,2.81
17:35:0:724,4.06,1.79,2.57
17:35:0:741,4.40,1.77,2.45
17:35:0:840,5.42,1.27,2.48
17:35:0:840,6.21,0.62,2.26
17:35:0:856,5.88,0.10,1.70
17:35:0:887,6.20,-0.17,1.30
17:35:0:904,5.89,-0.23,0.87
17:35:0:904,5.82,-0.38,0.52
17:35:0:920,5.82,-0.13,0.40
17:35:0:937,6.16,0.18,0.52
17:35:1:4,6.66,0.47,0.81
17:35:1:22,6.46,0.51,0.64
17:35:1:38,5.90,0.49,0.30
17:35:1:76,5.04,0.27,-0.06
17:35:1:93,4.31,0.08,0.10
17:35:1:110,3.99,0.07,0.21
17:35:1:193,3.55,0.41,0.23
17:35:1:193,2.92,0.59,0.15
17:35:1:210,2.23,0.76,0.31
17:35:1:210,2.32,0.81,0.78
17:35:1:230,2.07,0.58,0.44
17:35:1:247,1.81,0.42,0.12
17:35:1:381,2.12,0.21,0.15
17:35:1:414,2.00,0.06,0.32
17:35:1:449,1.94,-0.08,0.41
17:35:1:528,2.19,-0.15,0.43
17:35:1:559,2.50,-0.21,0.25
17:35:1:577,3.60,-0.09,0.60
17:35:1:593,4.82,0.30,1.08
17:35:1:609,4.65,0.55,1.37
17:35:1:626,4.88,0.56,1.24
17:35:1:642,5.58,0.30,1.40
17:35:1:676,6.51,0.42,1.39
17:35:1:709,6.66,1.27,1.89
17:35:1:709,6.33,2.24,2.21
17:35:1:724,6.29,1.63,2.02
17:35:1:740,6.17,0.15,1.21
17:35:1:756,5.67,-0.55,0.75
17:35:1:756,5.13,-1.13,0.88
17:35:1:788,4.88,-0.88,1.17
17:35:1:788,4.14,-0.41,1.71
17:35:1:804,3.65,-1.30,2.62
17:35:1:820,3.19,-1.45,2.26
17:35:1:870,2.77,-0.27,2.00
17:35:1:904,3.13,0.03,1.63
17:35:1:904,3.98,-0.16,1.20
17:35:1:938,3.52,0.67,0.98
17:35:1:938,3.45,1.93,1.04
17:35:1:955,4.12,2.56,1.30
17:35:1:989,5.23,3.08,1.45
17:35:2:8,5.64,2.29,1.20
17:35:2:8,5.28,1.65,0.96
17:35:2:24,5.36,1.00,0.61
17:35:2:90,4.83,0.53,0.61
17:35:2:158,4.54,0.52,0.89
17:35:2:174,4.21,0.47,0.68
17:35:2:174,4.06,0.71,0.46
17:35:2:289,3.99,0.79,0.28
17:35:2:306,4.02,0.62,0.18
17:35:2:322,3.78,0.69,0.25
17:35:2:322,3.39,0.52,0.35
17:35:2:338,3.39,0.35,0.38
17:35:2:388,2.95,0.48,0.28
17:35:2:455,2.79,0.46,0.23
17:35:2:459,2.74,0.59,0.28
17:35:2:476,2.81,0.56,0.19
17:35:2:493,2.91,0.59,0.23
17:35:2:493,3.00,0.64,0.41
17:35:2:529,3.34,0.61,0.58
17:35:2:613,3.55,0.34,0.53
17:35:2:629,3.82,0.65,0.66
17:35:2:695,4.16,0.96,0.75
17:35:2:730,4.40,0.90,1.11
17:35:2:765,4.46,0.70,0.89
17:35:2:799,4.62,1.02,0.83
17:35:2:815,4.42,1.41,1.19
17:35:2:834,4.66,1.12,1.78
17:35:2:850,6.42,-2.58,3.84
17:35:2:865,2.96,5.19,3.31
17:35:2:869,3.46,4.62,1.63
17:35:2:885,4.11,2.37,0.61
17:35:2:885,3.51,1.25,1.12
17:35:2:885,3.76,1.17,0.83
17:35:2:918,3.72,1.11,0.23
17:35:2:982,3.71,1.39,-0.05
17:35:2:982,3.80,1.69,-0.19
17:35:2:997,3.85,1.09,-0.15
17:35:2:997,3.60,0.89,0.12
17:35:3:15,3.55,1.03,0.45
17:35:3:30,3.52,0.98,0.73
17:35:3:48,3.46,0.99,0.63
17:35:3:66,3.58,0.98,0.46
17:35:3:199,3.60,0.99,0.44
17:35:3:250,3.75,0.84,0.56
17:35:3:300,3.67,0.94,0.66
17:35:3:399,3.72,1.08,0.77
17:35:3:417,3.74,1.00,0.79
17:35:3:417,3.80,0.95,0.66
17:35:3:566,3.77,0.97,0.60
17:35:3:584,3.72,0.58,0.64
17:35:3:584,3.69,0.68,0.79
17:35:3:600,3.65,0.75,0.85
17:35:3:618,3.69,0.80,0.77
17:35:3:636,3.70,1.06,0.78
17:35:3:670,3.64,1.29,0.86
17:35:3:783,3.65,1.13,0.79
17:35:3:783,3.61,0.98,0.82
17:35:3:800,3.57,0.88,0.85
17:35:3:800,3.57,0.66,0.88
17:35:3:800,3.63,0.81,0.82
17:35:3:800,3.57,0.94,0.75
17:35:3:819,3.58,1.07,0.79
17:35:3:819,3.59,1.12,0.78
17:35:3:998,3.63,1.01,0.83
17:35:4:84,3.64,0.80,0.72
17:35:4:133,3.64,0.87,0.73
17:35:4:133,3.69,0.90,0.79
17:35:4:133,3.65,1.05,0.79
17:35:4:133,3.78,0.99,0.74
17:35:4:133,3.69,0.94,0.72
17:35:4:149,3.68,1.00,0.71
17:35:4:297,3.61,1.08,0.86
17:35:4:297,3.75,0.97,0.73
17:35:4:345,3.63,0.98,0.70
17:35:4:362,3.71,0.92,0.66
17:35:4:497,3.66,1.00,0.74
17:35:4:514,3.63,1.13,0.84
17:35:4:514,3.62,0.96,0.82
17:35:4:514,3.62,1.06,0.80
17:35:4:533,3.73,0.90,0.79
17:35:4:597,3.75,0.96,0.82
17:35:4:667,3.68,1.01,0.92
17:35:4:683,3.78,0.90,0.93
17:35:4:683,3.69,0.83,0.91
17:35:4:683,3.72,0.93,0.91
17:35:4:683,3.70,1.00,0.95
17:35:4:683,3.72,1.04,0.98
17:35:4:683,3.71,0.96,0.88
17:35:4:683,3.76,0.85,0.91
17:35:4:715,3.74,0.83,0.94
17:35:4:715,3.70,0.77,0.86
17:35:4:715,3.69,0.75,0.81
17:35:4:715,3.71,0.79,0.81
17:35:4:847,3.68,0.84,0.84
17:35:4:865,3.65,0.75,0.81
17:35:4:865,3.66,0.77,0.72
17:35:4:882,3.69,0.80,0.74
17:35:4:882,3.65,0.86,0.76
17:35:4:882,3.67,0.84,0.77
17:35:4:882,3.72,0.80,0.69
17:35:4:882,3.68,0.84,0.72
17:35:4:930,3.68,0.86,0.73
17:35:4:965,3.68,0.83,0.74
17:35:4:965,3.84,0.70,0.70
17:35:4:965,3.64,0.76,0.68
17:35:4:965,3.68,0.84,0.74
17:35:4:965,3.82,0.87,0.71
17:35:4:981,4.01,0.73,0.75
17:35:4:983,3.73,0.65,0.64
17:35:5:0,3.66,0.75,0.68
17:35:5:0,3.96,0.65,0.77
17:35:5:17,3.97,0.46,0.51
17:35:5:17,3.81,0.56,0.52
17:35:5:17,3.82,0.70,0.65
17:35:5:17,3.84,0.66,0.84
17:35:5:32,4.07,0.56,0.56
17:35:5:35,4.05,0.49,0.47
17:35:5:51,3.89,0.68,0.57
17:35:5:51,3.78,0.77,0.70
17:35:5:51,3.61,0.65,0.78
17:35:5:51,3.53,0.57,0.65
17:35:5:51,3.44,0.59,0.66
17:35:5:51,3.49,0.69,1.02
17:35:5:51,3.52,0.70,1.09
17:35:5:69,3.60,0.59,1.03
17:35:5:85,3.59,0.49,1.03
17:35:5:85,3.70,0.38,1.02
17:35:5:101,3.58,0.31,1.02
17:35:5:137,3.49,0.38,0.87
17:35:5:137,3.46,0.54,0.84
17:35:5:154,3.59,0.70,0.83
17:35:5:154,3.49,0.75,0.74
17:35:5:169,3.58,0.71,0.52
17:35:5:202,3.59,0.70,0.52
17:35:5:219,3.41,0.83,0.71
17:35:5:266,3.40,0.79,0.62
17:35:5:316,3.40,0.85,0.60
17:35:5:349,3.34,0.94,0.78
17:35:5:349,3.66,0.82,0.83
17:35:5:384,4.12,0.71,0.72
17:35:5:385,4.16,0.61,0.73
17:35:5:385,4.53,0.69,0.72
17:35:5:469,4.97,0.87,0.82
17:35:5:502,4.17,0.93,0.74
17:35:5:502,4.00,0.84,0.47
17:35:5:502,4.08,0.89,0.64
17:35:5:519,4.52,0.47,0.33
17:35:5:567,4.44,0.42,-0.24
17:35:5:584,4.47,0.52,-0.69
17:35:5:601,4.16,0.61,-0.82
17:35:5:671,4.14,0.87,-1.13
17:35:5:705,3.95,0.92,-1.32
17:35:5:705,3.68,0.97,-1.24
17:35:5:722,3.54,1.28,-0.84
17:35:5:738,3.40,1.43,-0.70
17:35:5:738,3.34,1.30,-0.73
17:35:5:757,3.38,1.39,-0.74
17:35:5:860,3.64,1.62,-0.50
17:35:5:893,3.70,1.62,-0.14
17:35:5:893,4.00,1.65,0.01
17:35:5:893,4.15,1.35,-0.01
17:35:5:944,4.29,0.98,-0.01
17:35:5:944,4.11,1.18,0.48
17:35:5:944,4.04,1.26,0.64
17:35:5:961,3.63,1.65,0.99
17:35:6:11,3.25,1.77,1.34
17:35:6:44,2.90,1.02,1.62
17:35:6:44,2.97,0.72,1.63
17:35:6:80,3.13,1.22,1.73
17:35:6:113,3.38,1.28,1.32
17:35:6:146,3.83,1.70,1.13
17:35:6:195,3.51,1.59,1.22
17:35:6:230,3.39,0.72,1.29
17:35:6:245,3.68,0.53,1.01
17:35:6:263,4.10,1.00,0.78
17:35:6:281,3.97,0.90,0.86
17:35:6:315,3.74,1.17,1.02
17:35:6:332,3.42,1.16,1.12
17:35:6:381,3.29,1.24,1.13
17:35:6:398,3.23,0.77,0.75
17:35:6:414,3.64,0.41,1.35
17:35:6:431,3.33,0.31,1.04
17:35:6:431,3.59,0.34,1.00
17:35:6:464,3.88,0.23,0.97
17:35:6:497,3.90,0.32,0.83
17:35:6:497,3.83,0.40,1.09
17:35:6:514,4.46,0.18,1.60
17:35:6:582,4.64,-0.11,1.57
17:35:6:582,4.22,0.25,0.91
17:35:6:582,3.98,1.12,0.72
17:35:6:679,3.45,1.20,0.66
17:35:6:744,3.46,1.16,0.55
17:35:6:762,3.65,0.67,0.59
17:35:6:762,3.94,0.39,0.02
17:35:6:778,3.91,0.76,-0.33
17:35:6:794,4.16,0.95,-0.62
17:35:6:809,4.20,1.03,-0.61
17:35:6:825,3.82,1.18,-0.28
17:35:6:844,3.58,1.03,-0.02
17:35:6:844,3.45,1.07,0.02
17:35:6:844,3.42,1.09,-0.13
17:35:6:862,3.50,1.08,-0.14
17:35:6:895,3.41,1.10,-0.24
17:35:6:930,3.45,0.89,-0.45
17:35:6:946,3.83,1.03,-0.36
17:35:6:978,4.01,1.06,-0.13
17:35:6:994,4.13,0.93,-0.16
17:35:6:994,4.30,1.13,-0.17
17:35:7:12,3.94,1.57,0.21
17:35:7:28,3.74,1.86,0.61
17:35:7:79,3.68,1.67,0.86
17:35:7:132,3.77,1.25,1.15
17:35:7:149,4.14,0.93,3.03
17:35:7:166,4.30,-0.42,2.54
17:35:7:166,3.92,-0.64,0.85
17:35:7:201,4.03,0.58,0.23
17:35:7:253,3.89,1.06,0.17
17:35:7:305,3.76,1.44,0.26
17:35:7:356,3.52,1.47,0.12
17:35:7:389,3.74,1.27,0.20
17:35:7:404,3.70,1.36,0.47
17:35:7:404,3.87,0.95,0.39
17:35:7:437,3.72,1.01,0.06
17:35:7:502,3.93,0.86,-0.15
17:35:7:502,3.77,0.87,0.12
17:35:7:519,3.65,1.10,0.38
17:35:7:519,3.56,0.81,0.41
17:35:7:534,3.77,0.89,0.16
17:35:7:551,3.68,1.03,0.25
17:35:7:551,3.69,0.96,0.38
17:35:7:568,3.57,0.67,0.22
17:35:7:620,3.78,0.47,0.23
17:35:7:653,3.65,0.53,0.36
17:35:7:653,3.62,0.93,0.61
17:35:7:669,3.67,0.91,0.76
17:35:7:686,3.67,0.82,0.88
17:35:7:686,3.79,0.72,0.88
17:35:7:702,3.78,0.95,0.94
17:35:7:717,3.93,1.03,0.98
17:35:7:749,3.82,0.96,0.71
17:35:7:749,3.73,1.10,0.55
17:35:7:749,3.67,0.96,0.52
17:35:7:766,3.77,1.00,0.42
17:35:7:766,3.68,0.99,0.44
17:35:7:766,3.67,1.08,0.47
17:35:7:799,3.67,1.06,0.51
17:35:7:830,3.74,1.03,0.35
17:35:7:847,3.80,0.84,0.26
17:35:7:863,3.69,0.94,0.41
17:35:7:880,3.63,1.15,0.46
17:35:7:896,3.72,1.17,0.46
17:35:7:913,3.72,1.10,0.40
17:35:7:992,3.72,1.05,0.46
17:35:8:24,3.67,1.00,0.41
17:35:8:24,3.71,0.91,0.47
17:35:8:41,3.72,0.95,0.48
17:35:8:41,3.75,1.07,0.46
17:35:8:88,3.78,1.09,0.55
17:35:8:123,3.74,0.97,0.57
17:35:8:138,3.75,0.68,0.57
17:35:8:204,3.75,0.66,0.61
17:35:8:204,3.81,0.65,0.57
17:35:8:221,3.79,0.63,0.56
17:35:8:221,3.76,0.69,0.52
17:35:8:221,3.72,0.75,0.57
17:35:8:253,3.77,0.79,0.58
17:35:8:320,3.81,0.84,0.58
17:35:8:355,3.84,0.85,0.52
17:35:8:387,3.73,0.93,0.50
17:35:8:405,3.70,0.92,0.52
17:35:8:405,3.67,0.98,0.50
17:35:8:422,3.77,0.99,0.49
17:35:8:422,3.72,0.91,0.47
17:35:8:454,3.71,0.96,0.51
17:35:8:471,3.76,0.98,0.46
17:35:8:487,3.80,1.02,0.51
17:35:8:569,3.79,0.99,0.51
17:35:8:584,3.74,0.91,0.46
17:35:8:584,3.80,0.94,0.48
17:35:8:584,3.76,0.97,0.48
17:35:8:618,3.73,0.93,0.46
17:35:8:635,3.74,0.90,0.41
17:35:8:653,3.83,0.95,0.37
17:35:8:770,3.78,1.07,0.48
17:35:8:770,3.74,1.06,0.50
17:35:8:803,3.68,0.93,0.39
17:35:8:836,3.66,0.92,0.39
17:35:8:836,3.72,0.95,0.55
17:35:8:923,3.82,0.92,0.71
17:35:8:939,3.88,0.82,0.47
17:35:8:957,3.79,0.89,0.57
17:35:8:990,3.79,0.84,0.91
17:35:9:7,3.68,0.71,0.71
17:35:9:23,3.56,0.42,0.66
17:35:9:38,3.32,0.42,0.64
17:35:9:105,3.43,0.66,0.61
17:35:9:105,3.74,0.74,0.73
17:35:9:122,3.47,0.53,0.73
17:35:9:140,3.92,0.39,0.87
17:35:9:140,3.94,0.44,0.95
17:35:9:173,4.02,1.03,1.24
17:35:9:189,3.65,0.77,1.25
17:35:9:205,3.58,0.58,1.09
17:35:9:272,3.30,0.77,1.00
17:35:9:290,3.23,0.77,0.91
17:35:9:307,3.33,0.37,1.12
17:35:9:325,3.36,0.30,0.87
17:35:9:341,3.39,0.57,0.80
17:35:9:358,3.35,1.04,0.84
17:35:9:358,3.28,1.09,0.93
17:35:9:424,3.37,0.94,1.00
17:35:9:456,3.27,0.47,0.91
17:35:9:506,3.52,0.58,0.95
17:35:9:522,3.73,0.86,1.22
17:35:9:539,4.04,1.01,1.07
17:35:9:539,4.24,1.32,1.01
17:35:9:557,5.05,1.33,1.37
17:35:9:573,5.13,1.40,1.55
17:35:9:605,5.42,1.40,1.42
17:35:9:658,5.64,1.70,1.57
17:35:9:658,5.22,2.10,2.00
17:35:9:658,3.98,1.95,1.78
17:35:9:675,2.84,1.60,1.34
17:35:9:691,3.49,1.71,1.47
17:35:9:691,3.71,1.73,1.52
17:35:9:724,4.48,1.52,1.02
17:35:9:724,4.59,1.43,0.43
17:35:9:739,4.64,1.31,0.08
17:35:9:787,4.34,1.32,0.29
17:35:9:822,4.13,1.19,0.40
17:35:9:822,4.02,0.91,0.36
17:35:9:822,3.74,0.83,0.24
17:35:9:855,3.36,0.92,0.28
17:35:9:889,3.04,0.99,0.56
17:35:9:904,2.84,0.76,0.15
17:35:9:921,2.53,0.67,-0.13
17:35:9:991,2.47,0.74,-0.00
17:35:10:7,2.70,0.79,0.60
17:35:10:7,3.17,0.58,0.41
17:35:10:25,3.02,0.22,0.21
17:35:10:40,3.44,0.01,0.25
17:35:10:72,3.83,0.17,0.37
17:35:10:91,4.10,0.47,0.26
17:35:10:123,4.33,0.72,0.58
17:35:10:172,4.64,0.97,1.21
17:35:10:223,3.56,1.14,1.34
17:35:10:242,3.50,0.96,1.69
17:35:10:242,3.95,0.74,1.57
17:35:10:258,4.16,1.11,1.70
17:35:10:258,4.89,1.79,1.76
17:35:10:273,5.21,2.10,1.80
17:35:10:323,5.40,0.91,1.61
17:35:10:356,5.03,-0.09,1.24
17:35:10:356,4.04,-0.72,0.97
17:35:10:373,3.66,-1.32,1.30
17:35:10:405,3.52,-1.31,1.46
17:35:10:422,2.96,-0.78,1.48
17:35:10:438,2.73,-0.35,1.61
17:35:10:471,3.09,0.10,1.62
17:35:10:535,3.27,0.70,1.81
17:35:10:535,3.33,1.06,1.92
17:35:10:552,4.10,0.82,1.73
17:35:10:568,4.68,0.73,1.52
17:35:10:601,4.81,0.75,1.51
17:35:10:619,5.61,0.77,1.85
17:35:10:653,6.16,1.02,2.51
17:35:10:752,5.64,0.66,1.83
17:35:10:802,5.20,0.64,1.10
17:35:10:804,5.35,0.79,0.79
17:35:10:804,4.85,0.90,1.25
17:35:10:822,5.04,0.61,1.18
17:35:10:822,5.23,0.61,0.59
17:35:10:839,4.95,0.79,0.29
17:35:10:920,4.74,0.82,0.29
17:35:10:951,4.12,0.81,0.59
17:35:10:951,3.68,0.68,0.63
17:35:10:951,3.45,0.62,0.31
17:35:10:967,3.10,0.55,0.29
17:35:10:985,2.78,0.59,0.61
17:35:10:985,2.43,0.59,0.34
17:35:10:985,2.11,0.59,0.12
17:35:11:18,1.93,0.50,0.23
17:35:11:65,2.30,0.48,0.31
17:35:11:83,2.45,0.37,0.14
17:35:11:100,2.62,0.34,0.04
17:35:11:117,3.25,0.30,0.23
17:35:11:149,3.47,0.32,0.20
17:35:11:164,3.79,0.55,0.49
17:35:11:197,3.96,0.76,0.84
17:35:11:278,4.25,0.88,1.11
17:35:11:293,3.96,0.72,0.97
17:35:11:293,4.59,0.73,1.05
17:35:11:310,5.17,0.98,1.47
17:35:11:310,5.95,1.77,1.86
17:35:11:342,6.05,2.53,2.29
17:35:11:342,6.08,0.73,1.75
17:35:11:392,5.72,-1.25,1.15
17:35:11:439,4.38,-1.87,0.98
17:35:11:456,3.63,-1.96,1.49
17:35:11:456,3.67,-1.92,1.52
17:35:11:505,3.07,-1.33,1.69
17:35:11:505,2.69,-0.46,2.10
17:35:11:520,2.70,-0.04,2.32
17:35:11:554,3.36,0.47,2.38
17:35:11:604,3.82,1.00,2.26
17:35:11:624,4.65,1.14,2.27
17:35:11:624,5.61,0.86,1.81
17:35:11:640,5.80,1.26,1.75
17:35:11:692,6.09,0.65,2.11
17:35:11:692,6.17,-0.35,1.99
17:35:11:710,4.72,-0.14,1.57
17:35:11:759,6.10,0.46,1.08
17:35:11:794,6.29,1.20,0.96
17:35:11:794,5.63,1.19,0.83
17:35:11:811,5.55,0.94,0.57
17:35:11:844,5.02,0.70,0.34
17:35:11:860,4.74,0.29,0.32
17:35:11:877,4.18,0.00,0.30
17:35:11:963,3.72,0.00,0.15
17:35:12:15,2.99,0.14,0.25
17:35:12:15,2.71,0.25,0.72
17:35:12:31,2.79,0.58,0.51
17:35:12:32,2.74,0.66,0.23
17:35:12:68,2.72,0.55,0.40
17:35:12:86,2.65,0.53,0.42
17:35:12:86,2.51,0.39,0.42
17:35:12:120,2.57,0.33,0.19
17:35:12:152,2.65,0.21,0.02
17:35:12:202,2.86,0.14,0.22
17:35:12:218,3.36,0.46,0.69
17:35:12:250,3.47,0.92,0.88
17:35:12:250,2.85,0.64,0.72
17:35:12:250,3.31,0.66,1.15
17:35:12:265,3.94,0.42,1.75
17:35:12:351,4.93,0.48,1.08
17:35:12:369,6.19,0.97,0.82
17:35:12:369,6.84,1.83,1.21
17:35:12:385,6.17,2.90,1.97
17:35:12:387,5.01,3.06,2.88
17:35:12:403,4.19,1.64,2.21
17:35:12:419,4.00,0.35,1.53
17:35:12:516,3.36,-0.44,1.45
17:35:12:533,3.18,-0.70,1.62
17:35:12:533,3.25,0.42,2.08
17:35:12:549,3.36,1.05,2.34
17:35:12:566,3.72,1.81,2.50
17:35:12:582,4.52,2.36,2.57
17:35:12:597,5.43,2.43,2.69
17:35:12:650,5.87,1.74,2.29
17:35:12:703,5.80,1.18,2.01
17:35:12:703,6.60,0.39,2.25
17:35:12:703,6.20,-0.66,1.71
17:35:12:736,5.01,-0.08,1.17
17:35:12:754,6.43,0.67,1.04
17:35:12:770,5.70,1.54,1.03
17:35:12:787,5.49,1.54,0.63
17:35:12:820,5.24,1.24,0.27
17:35:12:835,4.70,0.93,-0.02
17:35:12:886,4.00,0.72,-0.03
17:35:12:886,3.88,0.32,0.52
17:35:12:921,3.95,0.25,0.27
17:35:12:937,3.63,0.50,0.12
17:35:12:969,3.20,0.65,0.22
17:35:12:985,3.29,0.75,0.62
17:35:13:51,3.25,0.78,0.10
17:35:13:51,3.07,0.77,-0.24
17:35:13:67,3.00,0.65,0.30
17:35:13:85,2.83,0.59,0.38
17:35:13:118,2.48,0.41,0.25
17:35:13:134,2.54,0.12,0.11
17:35:13:151,2.40,-0.19,0.39
17:35:13:202,2.66,0.00,0.51
17:35:13:236,2.93,0.43,0.56
17:35:13:236,3.19,0.84,0.90
17:35:13:252,3.30,1.08,1.29
17:35:13:269,3.86,1.21,1.24
17:35:13:285,4.70,1.11,1.05
17:35:13:318,5.61,1.20,2.01
17:35:13:421,6.66,1.19,2.17
17:35:13:439,6.59,1.93,2.71
17:35:13:439,6.70,1.70,2.27
17:35:13:456,5.80,0.24,1.34
17:35:13:491,4.46,-1.70,1.11
17:35:13:491,3.71,-2.09,0.78
17:35:13:508,3.20,-1.32,0.69
17:35:13:526,3.75,-1.58,1.46
17:35:13:542,3.80,-1.33,1.72
17:35:13:558,2.58,-0.32,2.14
17:35:13:591,2.93,0.09,2.44
17:35:13:624,3.54,0.69,3.00
17:35:13:641,3.74,1.23,3.15
17:35:13:657,4.55,1.73,2.77
17:35:13:675,5.47,2.11,2.43
17:35:13:709,6.34,0.98,2.10
17:35:13:775,7.10,0.20,1.65
17:35:13:775,6.17,-0.14,1.26
17:35:13:791,6.04,-0.49,0.92
17:35:13:791,7.04,-0.02,0.60
17:35:13:823,6.05,0.49,0.55
17:35:13:855,5.85,0.69,0.72
17:35:13:870,5.74,0.60,0.68
17:35:13:888,5.17,0.78,0.41
17:35:13:920,4.62,0.46,0.24
17:35:13:952,3.89,0.18,0.48
17:35:13:985,3.44,0.09,0.49
17:35:14:18,3.28,0.10,0.08
17:35:14:18,2.75,0.40,-0.01
17:35:14:34,2.42,0.69,0.72
17:35:14:52,2.58,0.76,0.67
17:35:14:84,2.09,0.66,0.20
17:35:14:157,1.95,0.42,-0.06
17:35:14:157,1.79,0.17,-0.02
17:35:14:174,1.87,0.19,0.12
17:35:14:190,2.00,0.26,0.28
17:35:14:190,2.30,0.33,0.55
17:35:14:290,2.96,0.16,0.63
17:35:14:307,3.42,0.22,0.55
17:35:14:324,4.06,0.41,0.73
17:35:14:324,4.92,0.72,0.69
17:35:14:340,6.35,1.14,1.03
17:35:14:340,7.00,2.08,1.72
17:35:14:356,6.85,3.74,2.92
17:35:14:406,6.06,3.57,1.41
17:35:14:422,5.92,0.92,0.06
17:35:14:438,6.63,-1.45,0.30
17:35:14:454,5.33,-3.71,0.65
17:35:14:519,4.21,-3.81,0.93
17:35:14:536,3.62,-2.65,0.88
17:35:14:536,3.20,-1.32,1.20
17:35:14:553,3.41,0.49,1.96
17:35:14:586,3.35,2.10,3.09
17:35:14:601,2.95,2.58,3.46
17:35:14:679,3.02,2.33,2.91
17:35:14:695,3.60,2.10,2.25
17:35:14:712,4.40,1.43,2.10
17:35:14:713,5.56,0.73,1.73
17:35:14:729,6.15,0.46,1.61
17:35:14:761,6.64,-0.19,1.63
17:35:14:777,5.94,-0.72,1.51
17:35:14:794,5.81,-0.62,0.85
17:35:14:826,7.05,0.13,0.43
17:35:14:893,6.62,0.59,0.51
17:35:14:893,6.46,0.95,0.55
17:35:14:909,5.96,0.93,0.71
17:35:14:928,5.74,0.70,0.37
17:35:14:944,4.97,0.49,0.15
17:35:14:960,4.06,0.24,0.33
17:35:15:29,3.78,-0.15,0.54
17:35:15:46,3.46,0.09,0.15
17:35:15:62,2.96,0.18,-0.06
17:35:15:62,2.51,0.26,0.53
17:35:15:77,2.65,0.51,0.57
17:35:15:144,2.24,0.61,0.32
17:35:15:176,2.25,0.50,0.21
17:35:15:211,2.58,0.30,0.45
17:35:15:228,2.52,0.15,0.28
17:35:15:276,2.31,0.06,0.22
17:35:15:276,2.58,0.03,0.33
17:35:15:292,2.87,0.26,0.42
17:35:15:309,2.76,0.49,0.65
17:35:15:309,3.22,0.68,1.46
17:35:15:325,3.36,0.81,1.47
17:35:15:392,3.92,0.78,1.15
17:35:15:409,4.89,0.67,1.34
17:35:15:409,6.22,0.35,1.55
17:35:15:425,6.82,-0.02,1.39
17:35:15:441,7.32,-0.25,1.80
17:35:15:475,7.01,0.25,2.42
17:35:15:490,5.65,0.59,2.63
17:35:15:525,5.07,-1.02,1.61
17:35:15:560,4.22,-1.38,1.23
17:35:15:608,3.79,-1.61,1.16
17:35:15:624,3.74,-1.12,1.67
17:35:15:641,3.82,-0.14,2.31
17:35:15:658,3.84,0.87,2.66
17:35:15:673,3.55,1.53,2.70
17:35:15:690,4.22,1.89,2.59
17:35:15:706,4.46,1.78,2.45
17:35:15:755,4.52,1.57,2.21
17:35:15:771,5.58,1.19,2.27
17:35:15:771,6.50,0.20,1.97
17:35:15:803,6.19,-0.43,1.48
17:35:15:835,6.37,-0.48,0.89
17:35:15:852,5.95,-0.23,0.67
17:35:15:920,5.67,-0.20,0.59
17:35:15:938,5.60,0.10,0.55
17:35:15:972,5.83,0.54,0.70
17:35:15:972,5.79,0.65,0.80
17:35:15:972,5.41,0.58,0.53
17:35:16:5,4.72,0.50,0.28
17:35:16:57,4.23,0.20,0.31
17:35:16:75,4.17,0.06,0.25
17:35:16:124,3.84,0.12,0.07
17:35:16:124,3.24,0.10,0.17
17:35:16:141,2.96,0.07,0.39
17:35:16:141,2.71,0.32,0.30
17:35:16:205,2.01,0.51,0.26
17:35:16:222,2.05,0.46,0.54
17:35:16:240,2.12,0.34,0.88
17:35:16:257,1.99,0.26,0.65
17:35:16:354,1.82,-0.02,0.54
17:35:16:372,2.01,-0.23,0.56
17:35:16:372,2.28,0.10,0.44
17:35:16:389,2.34,0.29,0.50
17:35:16:389,3.29,0.15,1.55
17:35:16:407,3.80,0.25,1.90
17:35:16:407,4.37,0.12,1.44
17:35:16:489,5.94,-0.17,0.72
17:35:16:504,7.38,-0.01,1.07
17:35:16:504,7.33,0.70,2.79
17:35:16:504,6.99,1.08,3.04
17:35:16:536,6.78,-0.76,2.67
17:35:16:552,4.39,1.90,1.06
17:35:16:569,4.63,0.48,0.51
17:35:16:649,4.44,-1.32,0.71
17:35:16:666,4.06,-1.21,1.14
17:35:16:682,3.56,-0.47,1.56
17:35:16:698,3.34,0.35,2.10
17:35:16:714,3.15,1.01,2.45
17:35:16:730,2.80,1.48,2.47
17:35:16:778,2.88,1.63,2.49
17:35:16:847,3.62,1.27,1.96
17:35:16:901,3.96,1.24,1.69
17:35:16:919,4.37,0.72,1.60
17:35:16:919,4.79,-0.03,1.34
17:35:16:951,5.35,-0.08,1.30
17:35:16:951,5.50,0.05,1.39
17:35:17:21,5.42,-0.05,1.43
17:35:17:21,6.74,0.05,1.80
17:35:17:37,7.31,0.53,1.63
17:35:17:54,5.30,0.60,1.06
17:35:17:55,4.54,0.58,0.65
17:35:17:55,5.29,0.20,0.67
17:35:17:74,5.35,-0.02,0.28
17:35:17:90,5.04,-0.10,0.12
17:35:17:90,4.71,0.08,0.12
17:35:17:107,4.68,0.47,0.12
17:35:17:209,4.32,0.68,0.28
17:35:17:243,4.27,0.66,0.33
17:35:17:259,3.77,0.63,0.11
17:35:17:259,3.17,0.42,-0.01
17:35:17:278,2.65,0.25,0.09
17:35:17:311,2.36,0.36,0.15
17:35:17:311,2.18,0.49,0.19
17:35:17:379,2.29,0.49,0.09
17:35:17:445,2.55,0.64,-0.03
17:35:17:461,2.75,0.77,-0.05
17:35:17:493,2.73,0.49,-0.09
17:35:17:545,3.15,0.16,-0.06
17:35:17:614,3.82,0.19,0.00
17:35:17:631,4.23,0.28,-0.18
17:35:17:650,4.53,0.74,-0.07
17:35:17:685,4.72,1.38,0.89
17:35:17:718,4.73,2.08,1.31
17:35:17:753,4.58,2.08,1.11
17:35:17:770,4.80,1.76,1.12
17:35:17:788,4.76,3.35,1.96
17:35:17:806,5.50,3.47,2.13
17:35:17:806,7.96,-3.83,3.41
17:35:17:838,3.62,3.52,3.02
17:35:17:856,4.53,4.06,2.17
17:35:17:907,3.97,2.55,1.53
17:35:17:922,4.16,1.73,1.72
17:35:17:970,3.90,1.36,1.45
17:35:17:986,3.56,1.34,0.98
17:35:18:3,3.73,1.63,0.49
17:35:18:100,3.86,1.44,0.24
17:35:18:181,3.84,1.97,0.29
17:35:18:247,3.92,2.03,0.17
17:35:18:280,3.86,1.76,0.33
17:35:18:313,3.92,1.74,0.50
17:35:18:365,3.85,1.43,0.61
17:35:18:365,4.01,1.23,0.48
17:35:18:380,3.89,0.91,0.30
17:35:18:396,3.79,0.75,0.25
17:35:18:446,3.68,0.55,0.54
17:35:18:461,4.01,0.09,0.62
17:35:18:461,3.74,-0.21,0.26
17:35:18:510,3.66,-0.37,0.17
17:35:18:510,3.50,-0.28,0.24
17:35:18:510,3.38,0.13,0.60
17:35:18:526,3.27,0.49,0.80
17:35:18:559,3.36,0.71,0.84
17:35:18:559,3.42,0.62,0.87
17:35:18:559,3.37,0.66,1.17
17:35:18:559,3.63,0.40,1.08
17:35:18:580,3.57,0.32,1.04
17:35:18:644,3.60,0.19,1.05
17:35:18:644,3.79,-0.15,1.23
17:35:18:730,3.73,0.12,1.14
17:35:18:730,3.78,0.27,1.22
17:35:18:746,3.76,0.37,1.37
17:35:18:763,3.80,0.66,1.57
17:35:18:843,3.83,0.62,1.57
17:35:18:875,3.93,0.41,1.42
17:35:18:891,4.00,0.37,1.31
17:35:18:891,3.97,0.39,1.24
17:35:19:8,3.93,0.49,1.19
17:35:19:25,3.92,0.61,1.14
17:35:19:25,3.86,0.76,1.08
17:35:19:25,3.74,0.79,1.12
17:35:19:41,3.79,0.61,1.08
17:35:19:41,3.70,0.66,0.96
17:35:19:41,3.63,0.66,0.88
17:35:19:56,3.65,0.71,0.80
17:35:19:89,3.62,0.76,0.81
17:35:19:106,3.63,0.81,0.84
