16:31:23:514,3.98,-0.61,0.16
16:31:23:530,4.03,-0.65,0.12
16:31:23:530,4.04,-0.66,0.05
16:31:23:585,3.98,-0.71,0.00
16:31:23:600,3.98,-0.67,0.02
16:31:23:652,3.99,-0.59,0.07
16:31:23:668,3.93,-0.54,0.09
16:31:23:717,3.95,-0.49,0.09
16:31:23:798,3.99,-0.44,0.12
16:31:23:798,3.99,-0.43,0.11
16:31:23:842,3.98,-0.48,0.11
16:31:23:843,3.98,-0.52,0.09
16:31:23:854,4.00,-0.61,0.07
16:31:23:866,4.01,-0.64,0.04
16:31:23:949,4.01,-0.71,0.03
16:31:23:961,4.00,-0.75,0.02
16:31:23:967,3.98,-0.76,-0.01
16:31:23:996,3.97,-0.74,-0.02
16:31:24:27,3.93,-0.72,-0.03
16:31:24:58,3.96,-0.69,-0.03
16:31:24:58,3.97,-0.68,-0.07
16:31:24:78,3.98,-0.70,-0.09
16:31:24:103,3.96,-0.75,-0.10
16:31:24:124,3.98,-0.74,-0.15
16:31:24:176,3.98,-0.72,-0.13
16:31:24:176,3.98,-0.71,-0.09
16:31:24:176,3.98,-0.69,-0.10
16:31:24:176,3.98,-0.69,-0.08
16:31:24:205,3.99,-0.67,-0.10
16:31:24:231,3.99,-0.68,-0.05
16:31:24:257,3.98,-0.66,-0.05
16:31:24:345,3.98,-0.63,-0.05
16:31:24:345,3.99,-0.60,-0.04
16:31:24:395,4.02,-0.59,-0.04
16:31:24:503,3.98,-0.61,-0.05
16:31:24:547,3.97,-0.62,-0.10
16:31:24:562,3.98,-0.66,-0.07
16:31:24:578,3.95,-0.67,-0.07
16:31:24:654,3.94,-0.68,-0.09
16:31:24:689,3.95,-0.69,-0.09
16:31:24:740,3.96,-0.69,-0.11
16:31:24:740,3.97,-0.71,-0.08
16:31:24:749,3.96,-0.72,-0.09
16:31:24:765,3.97,-0.73,-0.08
16:31:24:780,3.96,-0.73,-0.08
16:31:24:863,3.95,-0.73,-0.08
16:31:24:889,3.99,-0.75,-0.05
16:31:24:889,3.96,-0.75,-0.07
16:31:24:889,3.98,-0.76,-0.08
16:31:24:937,3.97,-0.76,-0.06
16:31:24:937,3.97,-0.75,-0.06
16:31:25:66,3.98,-0.73,-0.08
16:31:25:80,3.94,-0.74,-0.07
16:31:25:80,3.94,-0.74,-0.10
16:31:25:125,3.97,-0.70,-0.11
16:31:25:125,3.95,-0.75,-0.07
16:31:25:144,3.94,-0.73,-0.06
16:31:25:150,3.92,-0.72,-0.12
16:31:25:156,3.99,-0.73,-0.09
16:31:25:227,3.95,-0.73,-0.06
16:31:25:241,3.97,-0.75,-0.06
16:31:25:241,3.95,-0.74,-0.08
16:31:25:241,3.93,-0.72,-0.08
16:31:25:247,3.95,-0.72,-0.06
16:31:25:266,3.96,-0.73,-0.07
16:31:25:280,3.97,-0.74,-0.07
16:31:25:286,3.96,-0.76,-0.05
16:31:25:310,3.96,-0.75,-0.08
16:31:25:310,3.97,-0.76,-0.05
16:31:25:310,3.97,-0.76,-0.04
16:31:25:310,3.98,-0.78,-0.03
16:31:25:322,3.97,-0.74,-0.04
16:31:25:393,3.94,-0.74,-0.03
16:31:25:393,3.97,-0.74,-0.05
16:31:25:421,3.96,-0.75,-0.05
16:31:25:421,3.94,-0.74,-0.07
16:31:25:421,3.95,-0.73,-0.06
16:31:25:421,3.96,-0.73,-0.09
16:31:25:421,3.97,-0.73,-0.10
16:31:25:443,3.93,-0.74,-0.08
16:31:25:484,3.94,-0.73,-0.07
16:31:25:513,3.99,-0.71,-0.09
16:31:25:537,3.97,-0.74,-0.06
16:31:25:589,3.97,-0.76,-0.04
16:31:25:613,3.96,-0.76,-0.03
16:31:25:613,3.96,-0.73,-0.04
16:31:25:627,3.97,-0.76,-0.06
16:31:25:633,3.97,-0.74,-0.06
16:31:25:647,3.96,-0.72,-0.08
16:31:25:678,3.96,-0.73,-0.06
16:31:25:718,3.94,-0.74,-0.09
16:31:25:782,3.95,-0.73,-0.10
16:31:25:792,3.96,-0.73,-0.08
16:31:25:837,3.95,-0.72,-0.08
16:31:25:877,3.94,-0.70,-0.09
16:31:25:897,3.95,-0.75,-0.10
16:31:25:922,3.95,-0.74,-0.09
16:31:25:957,3.95,-0.75,-0.09
16:31:25:967,3.96,-0.74,-0.09
16:31:25:978,3.97,-0.76,-0.08
16:31:25:978,3.96,-0.80,-0.05
16:31:25:987,3.96,-0.77,-0.01
16:31:26:7,3.97,-0.70,0.00
16:31:26:7,3.97,-0.67,0.01
16:31:26:7,3.97,-0.76,-0.02
16:31:26:37,3.99,-0.78,-0.07
16:31:26:37,3.94,-0.75,-0.07
16:31:26:37,3.94,-0.73,-0.04
16:31:26:77,3.98,-0.74,-0.08
16:31:26:127,3.97,-0.78,-0.12
16:31:26:145,3.96,-0.77,-0.09
16:31:26:182,3.93,-0.74,-0.07
16:31:26:182,3.94,-0.74,-0.09
16:31:26:182,3.94,-0.75,-0.08
16:31:26:200,3.96,-0.78,-0.08
16:31:26:217,3.99,-0.74,-0.08
16:31:26:271,3.99,-0.75,-0.07
16:31:26:287,3.98,-0.75,-0.05
16:31:26:364,3.98,-0.76,-0.08
16:31:26:396,4.00,-0.72,-0.09
16:31:26:499,3.99,-0.70,-0.12
16:31:26:515,3.97,-0.72,-0.10
16:31:26:567,3.96,-0.70,-0.12
16:31:26:583,3.95,-0.72,-0.09
16:31:26:635,4.02,-0.75,-0.03
16:31:26:667,3.97,-0.83,-0.07
16:31:26:683,3.91,-0.92,-0.03
16:31:26:698,3.89,-1.02,0.04
16:31:26:698,3.88,-1.09,0.12
16:31:26:715,3.98,-1.16,0.17
16:31:26:733,4.04,-1.23,0.17
16:31:26:751,4.02,-1.14,0.16
16:31:26:789,4.05,-1.11,0.10
16:31:26:789,4.08,-1.12,0.04
16:31:26:824,4.12,-1.09,-0.03
16:31:26:912,4.05,-1.01,-0.08
16:31:26:912,4.06,-0.82,-0.04
16:31:26:912,3.96,-0.61,-0.02
16:31:26:912,4.10,-0.45,0.08
16:31:26:913,3.81,-0.41,0.08
16:31:26:930,3.60,-0.29,0.06
16:31:26:949,3.65,-0.14,0.02
16:31:26:949,3.81,0.17,-0.07
16:31:27:4,3.80,0.20,-0.10
16:31:27:4,3.89,0.33,-0.06
16:31:27:4,4.16,0.55,-0.16
16:31:27:39,4.23,0.65,-0.26
16:31:27:94,4.26,0.66,-0.26
16:31:27:94,4.37,0.68,-0.31
16:31:27:110,4.31,0.74,-0.43
16:31:27:129,4.38,0.76,-0.54
16:31:27:146,4.67,0.65,-0.61
16:31:27:181,4.78,0.95,-0.47
16:31:27:226,4.82,0.99,-0.49
16:31:27:226,5.28,0.78,-0.51
16:31:27:226,5.48,0.29,-0.33
16:31:27:297,5.09,-0.26,-0.48
16:31:27:405,4.93,-0.50,-0.28
16:31:27:423,5.05,-0.36,-0.13
16:31:27:439,5.12,-0.33,-0.23
16:31:27:442,5.13,-0.47,-0.37
16:31:27:459,5.01,-0.78,-0.42
16:31:27:476,5.19,-1.39,-0.39
16:31:27:511,5.14,-1.83,-0.37
16:31:27:547,4.94,-1.84,-0.32
16:31:27:547,4.82,-2.12,-0.05
16:31:27:565,4.74,-2.85,0.26
16:31:27:566,4.89,-3.60,0.33
16:31:27:581,4.94,-3.43,0.03
16:31:27:636,5.20,-3.29,-0.12
16:31:27:670,5.49,-2.54,-0.16
16:31:27:670,5.91,-1.72,-0.71
16:31:27:688,6.77,-1.07,-1.35
16:31:27:724,7.99,-0.34,-1.86
16:31:27:724,8.00,0.36,-1.81
16:31:27:724,8.00,0.89,-1.43
16:31:27:724,7.65,0.74,-1.02
16:31:27:761,7.08,0.33,-0.93
16:31:27:778,6.89,0.22,-0.62
16:31:27:778,6.71,-0.09,-0.63
16:31:27:810,6.39,-0.35,-0.59
16:31:27:810,6.08,-0.37,-1.37
16:31:27:810,5.75,-0.53,-1.39
16:31:27:829,5.71,0.31,-0.71
16:31:27:846,4.42,1.71,-0.53
16:31:27:846,3.63,2.15,-0.13
16:31:27:918,2.82,1.62,-0.05
16:31:27:936,2.46,1.20,-0.07
16:31:27:954,2.73,2.15,0.48
16:31:27:954,2.27,2.24,0.20
16:31:27:971,4.18,1.41,-0.23
16:31:27:971,5.67,1.72,-0.61
16:31:27:989,6.68,1.91,-0.43
16:31:27:989,8.00,0.87,-0.92
16:31:28:6,8.00,-0.14,-0.84
16:31:28:92,8.00,-0.61,-0.61
16:31:28:93,8.00,-0.65,-0.56
16:31:28:93,8.00,-0.79,-0.25
16:31:28:147,8.00,-1.10,-0.49
16:31:28:165,8.00,-1.32,-1.09
16:31:28:165,8.00,-1.24,-1.13
16:31:28:183,8.00,-1.82,-1.29
16:31:28:199,8.00,-2.32,-1.20
16:31:28:199,7.01,-3.19,-1.32
16:31:28:199,5.87,-4.80,-1.93
16:31:28:272,6.59,-5.67,-0.92
16:31:28:272,5.19,-4.84,-0.57
16:31:28:289,4.15,-4.79,-0.42
16:31:28:289,4.48,-4.94,-0.07
16:31:28:307,4.30,-4.30,0.02
16:31:28:325,4.85,-3.78,-0.50
16:31:28:327,6.23,-3.20,-1.19
16:31:28:344,7.93,-2.39,-1.77
16:31:28:344,8.00,-1.42,-2.04
16:31:28:362,8.00,-0.29,-1.99
16:31:28:395,8.00,0.43,-1.97
16:31:28:434,8.00,0.23,-2.29
16:31:28:451,8.00,0.24,-2.44
16:31:28:451,8.00,0.88,-2.04
16:31:28:486,8.00,0.99,-1.70
16:31:28:487,8.00,0.81,-1.74
16:31:28:505,7.56,1.14,-2.02
16:31:28:540,7.00,1.23,-1.36
16:31:28:558,6.98,2.32,-0.05
16:31:28:594,5.39,4.56,-0.82
16:31:28:647,1.58,5.50,-1.16
16:31:28:665,1.94,3.24,0.26
16:31:28:665,2.26,2.81,0.91
16:31:28:683,2.73,2.49,0.15
16:31:28:684,4.22,1.61,-0.30
16:31:28:720,6.03,0.96,-0.88
16:31:28:827,7.29,0.55,-0.95
16:31:28:845,8.00,-0.16,-0.21
16:31:28:898,7.61,-0.20,-0.22
16:31:28:898,7.38,-0.03,-0.81
16:31:28:916,7.20,-0.51,-1.08
16:31:28:936,7.35,-0.95,-0.49
16:31:28:953,7.38,-1.09,-0.24
16:31:28:986,7.85,-0.90,-0.68
16:31:28:988,8.00,-1.20,-1.47
16:31:29:6,8.00,-2.27,-2.14
16:31:29:24,8.00,-2.82,-2.51
16:31:29:24,8.00,-3.19,-2.13
16:31:29:43,8.00,-4.76,-2.17
16:31:29:59,6.45,-8.00,-3.77
16:31:29:77,4.63,-7.58,-1.33
16:31:29:92,5.15,-5.23,-0.40
16:31:29:164,5.13,-6.17,-0.37
16:31:29:164,5.14,-5.27,-0.20
16:31:29:182,6.33,-4.24,-0.54
16:31:29:200,8.00,-3.18,-1.23
16:31:29:218,8.00,-1.79,-1.80
16:31:29:253,8.00,-0.25,-2.21
16:31:29:275,8.00,0.67,-2.27
16:31:29:309,8.00,0.63,-2.40
16:31:29:345,8.00,0.15,-1.99
16:31:29:345,8.00,0.48,-1.68
16:31:29:399,8.00,0.34,-1.79
16:31:29:399,7.99,0.18,-1.85
16:31:29:417,6.90,0.29,-1.72
16:31:29:434,6.16,0.45,-1.26
16:31:29:560,5.68,1.45,-1.02
16:31:29:560,4.76,1.82,-0.65
16:31:29:577,3.30,3.00,-0.58
16:31:29:628,1.50,3.58,-0.67
16:31:29:716,1.20,2.20,0.25
16:31:29:716,1.27,2.27,0.73
16:31:29:734,1.87,1.86,0.21
16:31:29:752,2.67,1.45,-0.40
16:31:29:769,4.44,0.91,-0.74
16:31:29:769,6.29,0.04,-0.30
16:31:29:807,7.38,-0.80,-0.18
16:31:29:823,7.74,-0.93,-0.32
16:31:29:824,7.90,-1.63,-1.49
16:31:29:860,7.08,-2.17,-1.84
16:31:29:895,6.63,-1.41,-1.96
16:31:29:895,6.87,-1.50,-1.69
16:31:29:913,7.08,-1.36,-1.31
16:31:29:931,7.44,-1.20,-1.09
16:31:29:931,8.00,-1.15,-1.63
16:31:29:948,8.00,-1.69,-1.94
16:31:29:966,8.00,-3.42,-2.15
16:31:29:981,8.00,-4.94,-2.02
16:31:29:983,7.95,-4.36,-1.41
16:31:30:36,6.64,-5.23,-0.93
16:31:30:72,5.32,-6.68,-0.69
16:31:30:72,4.23,-7.78,-1.46
16:31:30:94,4.62,-6.15,-0.91
16:31:30:161,5.30,-3.12,-0.75
16:31:30:168,5.77,-2.74,-1.37
16:31:30:180,6.71,-2.15,-1.68
16:31:30:184,7.63,-1.08,-1.62
16:31:30:218,8.00,-0.57,-1.35
16:31:30:235,8.00,-0.48,-1.22
16:31:30:271,8.00,-0.38,-1.24
16:31:30:288,7.89,-0.49,-1.56
16:31:30:306,7.07,-0.32,-1.52
16:31:30:323,6.61,-0.13,-1.41
16:31:30:358,6.44,0.19,-1.38
16:31:30:411,6.50,0.06,-1.22
16:31:30:428,6.29,0.17,-1.07
16:31:30:446,5.94,0.79,-1.04
16:31:30:466,5.38,1.09,-1.09
16:31:30:501,5.21,2.17,-0.26
16:31:30:522,4.18,2.39,-0.29
16:31:30:593,2.07,2.65,-0.26
16:31:30:649,2.69,2.30,0.05
16:31:30:650,2.90,1.66,0.07
16:31:30:650,3.39,0.86,0.08
16:31:30:667,4.74,0.83,-0.10
16:31:30:685,5.78,0.19,0.05
16:31:30:702,7.31,-0.80,-0.22
16:31:30:723,7.36,-0.16,-0.32
16:31:30:723,7.60,-0.41,-0.42
16:31:30:792,7.47,-0.78,-0.26
16:31:30:809,7.09,-0.69,-0.16
16:31:30:809,6.64,-0.68,-0.28
16:31:30:829,6.44,-1.04,-0.53
16:31:30:829,6.16,-1.42,-0.84
16:31:30:882,5.81,-1.62,-1.08
16:31:30:900,5.40,-1.67,-1.48
16:31:30:900,5.44,-1.58,-2.06
16:31:30:954,6.09,-1.54,-2.21
16:31:30:971,5.98,-1.33,-2.02
16:31:30:988,5.38,-1.44,-2.20
16:31:31:24,4.87,-1.72,-2.19
16:31:31:24,4.59,-2.06,-2.30
16:31:31:59,4.16,-2.81,-2.31
16:31:31:78,3.63,-3.27,-2.19
16:31:31:151,2.63,-3.50,-2.15
16:31:31:151,2.50,-3.16,-1.57
16:31:31:169,3.69,-2.74,-0.90
16:31:31:188,5.38,-1.54,0.17
16:31:31:220,8.00,-1.17,2.03
16:31:31:220,8.00,-0.78,0.92
16:31:31:237,8.00,-0.66,0.31
16:31:31:344,8.00,1.35,2.30
16:31:31:361,5.67,1.95,1.99
16:31:31:361,6.54,1.14,2.09
16:31:31:379,4.66,2.55,2.42
16:31:31:399,3.74,2.02,1.81
16:31:31:416,4.71,1.56,0.94
16:31:31:416,3.89,1.73,0.38
16:31:31:455,3.72,1.17,-0.42
16:31:31:576,4.25,0.36,-0.69
16:31:31:594,4.63,0.29,-0.80
16:31:31:611,4.19,0.33,-1.31
16:31:31:629,4.06,-0.67,-1.84
16:31:31:629,4.09,-1.29,-2.03
16:31:31:647,4.02,-1.64,-1.94
16:31:31:739,4.18,-1.84,-1.72
16:31:31:774,4.26,-1.64,-1.59
16:31:31:774,4.23,-1.79,-1.53
16:31:31:774,3.77,-1.95,-1.25
16:31:31:791,3.40,-2.10,-0.89
16:31:31:808,3.32,-2.01,-0.63
16:31:31:861,3.30,-2.04,-0.53
16:31:31:913,3.30,-1.89,-0.64
16:31:31:913,3.55,-1.76,-0.73
16:31:31:931,3.58,-1.57,-0.83
16:31:31:964,3.60,-1.41,-0.91
16:31:31:981,3.57,-1.45,-1.07
16:31:31:981,3.55,-1.56,-1.19
16:31:31:981,3.36,-1.71,-1.17
16:31:32:37,3.10,-1.92,-1.08
16:31:32:91,2.90,-2.06,-1.11
16:31:32:146,3.50,-2.03,-1.14
16:31:32:146,3.96,-2.14,-0.98
16:31:32:163,3.92,-2.13,-0.86
16:31:32:198,3.85,-1.91,-0.85
16:31:32:219,4.05,-1.73,-0.81
16:31:32:271,4.19,-1.66,-0.68
16:31:32:289,4.11,-1.69,-0.60
16:31:32:289,4.06,-1.60,-0.58
16:31:32:324,4.13,-1.60,-0.58
16:31:32:324,4.21,-1.55,-0.54
16:31:32:342,4.19,-1.48,-0.51
16:31:32:395,4.04,-1.38,-0.44
16:31:32:414,3.96,-1.31,-0.34
16:31:32:451,4.02,-1.16,-0.26
16:31:32:451,4.07,-1.01,-0.23
16:31:32:468,4.12,-0.96,-0.25
16:31:32:486,4.04,-0.91,-0.30
16:31:32:503,4.01,-0.86,-0.30
16:31:32:641,4.01,-0.61,-0.34
16:31:32:659,4.03,-0.44,-0.46
16:31:32:677,4.05,-0.37,-0.57
16:31:32:694,4.15,-0.43,-0.59
16:31:32:694,4.00,-0.59,-0.60
16:31:32:800,3.73,-0.79,-0.56
16:31:32:819,3.68,-0.90,-0.44
16:31:32:874,3.76,-0.92,-0.20
16:31:32:891,3.79,-0.82,0.06
16:31:32:980,3.91,-0.80,0.45
16:31:33:103,3.69,-0.63,0.37
16:31:33:194,3.95,-0.90,0.49
16:31:33:229,4.25,-0.93,0.47
16:31:33:230,4.21,-0.86,0.32
16:31:33:297,4.20,-0.89,0.15
16:31:33:315,4.18,-0.92,0.01
16:31:33:315,4.15,-0.88,-0.09
16:31:33:385,4.08,-0.94,-0.19
16:31:33:421,4.00,-1.04,-0.27
16:31:33:438,3.84,-1.15,-0.35
16:31:33:458,3.80,-1.42,-0.42
16:31:33:474,3.83,-1.56,-0.32
16:31:33:474,3.75,-1.51,-0.36
16:31:33:527,3.98,-1.71,-0.24
16:31:33:527,3.89,-1.83,-0.16
16:31:33:596,3.96,-1.96,-0.05
16:31:33:596,3.89,-2.17,0.01
16:31:33:596,3.77,-2.27,0.02
16:31:33:596,3.67,-2.31,-0.03
16:31:33:596,3.57,-2.17,-0.09
16:31:33:633,3.56,-1.99,-0.14
16:31:33:777,3.57,-1.78,-0.12
16:31:33:777,3.54,-1.62,-0.18
16:31:33:830,3.69,-1.53,-0.11
16:31:33:884,3.81,-1.30,0.04
16:31:33:902,3.79,-1.13,0.19
16:31:33:902,3.83,-1.00,0.30
16:31:33:937,3.98,-0.89,0.45
16:31:33:937,3.73,-0.56,0.38
16:31:33:989,3.71,-0.12,0.13
16:31:34:26,4.16,0.09,-0.01
16:31:34:26,4.19,0.15,0.12
16:31:34:44,3.89,0.26,0.24
16:31:34:44,3.93,0.03,0.15
16:31:34:61,4.05,-0.12,0.03
16:31:34:61,4.21,-0.25,0.03
16:31:34:96,4.41,-0.47,-0.00
16:31:34:96,4.59,-0.64,-0.15
16:31:34:128,4.76,-0.76,-0.31
16:31:34:128,4.89,-0.91,-0.26
16:31:34:128,5.20,-0.86,-0.19
16:31:34:148,5.06,-0.54,-0.13
16:31:34:148,4.96,-0.39,-0.12
16:31:34:148,5.10,-0.50,-0.23
16:31:34:148,5.15,-0.10,-0.26
16:31:34:165,4.88,-0.30,-0.21
16:31:34:165,5.21,-0.68,-0.21
16:31:34:218,5.25,-0.82,-0.21
16:31:34:218,5.20,-1.18,-0.29
16:31:34:218,5.26,-1.37,-0.21
16:31:34:218,4.98,-1.46,-0.10
16:31:34:218,4.78,-1.71,0.03
16:31:34:218,4.62,-2.08,0.08
16:31:34:306,4.49,-2.38,0.03
16:31:34:322,4.17,-2.55,0.25
16:31:34:324,3.67,-2.66,0.26
16:31:34:404,4.06,-3.00,0.02
16:31:34:404,4.93,-2.89,-0.26
16:31:34:412,5.76,-2.30,-0.72
16:31:34:427,6.72,-1.70,-1.46
16:31:34:434,8.00,-1.20,-2.06
16:31:34:443,8.00,-0.43,-2.20
16:31:34:459,8.00,0.50,-2.06
16:31:34:471,8.00,1.61,-1.15
16:31:34:480,7.38,1.54,-0.67
16:31:34:490,6.57,1.26,-0.59
16:31:34:535,6.00,0.65,-0.31
16:31:34:579,5.55,0.39,-0.34
16:31:34:579,5.23,0.25,-1.08
16:31:34:579,5.22,-0.27,-1.40
16:31:34:596,4.93,-0.51,-1.26
16:31:34:607,4.28,0.39,-0.89
16:31:34:607,3.88,1.69,-0.06
16:31:34:614,3.10,2.64,0.21
16:31:34:643,2.57,1.71,0.01
16:31:34:652,2.64,1.79,-0.22
16:31:34:659,2.87,1.94,-0.18
16:31:34:675,4.60,1.19,-0.51
16:31:34:690,6.07,0.84,-0.91
16:31:34:714,6.67,0.30,-1.07
16:31:34:792,7.00,-0.42,-0.86
16:31:34:821,7.03,-0.64,-0.84
16:31:34:830,7.24,-1.00,-0.80
16:31:34:839,7.10,-1.24,-0.43
16:31:34:866,6.88,-1.27,-0.11
16:31:34:873,6.50,-0.83,-0.14
16:31:34:948,6.40,-0.59,-0.76
16:31:34:998,6.64,-1.12,-1.13
16:31:35:4,6.74,-1.71,-1.33
16:31:35:11,6.62,-1.90,-1.46
16:31:35:32,6.82,-2.22,-1.50
16:31:35:52,6.63,-2.96,-1.58
16:31:35:82,6.56,-4.28,-1.74
16:31:35:99,5.55,-5.55,-2.03
16:31:35:116,4.12,-6.63,-1.33
16:31:35:116,5.08,-5.35,-0.60
16:31:35:133,5.12,-4.22,-0.43
16:31:35:151,5.76,-3.56,-0.63
16:31:35:169,6.93,-2.84,-0.92
16:31:35:187,8.00,-1.92,-1.36
16:31:35:203,8.00,-1.27,-1.92
16:31:35:222,8.00,-0.49,-2.25
16:31:35:255,8.00,0.34,-1.72
16:31:35:309,8.00,0.08,-1.57
16:31:35:325,8.00,0.61,-1.39
16:31:35:356,7.92,0.34,-1.02
16:31:35:372,6.94,0.03,-0.88
16:31:35:403,6.58,-0.17,-0.56
16:31:35:466,6.40,-0.25,-0.87
16:31:35:481,5.78,-0.16,-1.07
16:31:35:481,5.26,0.76,-0.59
16:31:35:498,4.30,1.67,-0.19
16:31:35:514,3.81,2.75,0.46
16:31:35:529,3.17,4.61,0.66
16:31:35:560,1.95,4.40,0.51
16:31:35:576,2.53,3.57,-0.03
16:31:35:592,4.06,1.81,0.19
16:31:35:607,5.72,1.34,-0.23
16:31:35:647,7.21,1.03,-1.10
16:31:35:654,8.00,0.14,-1.31
16:31:35:685,8.00,-0.85,-1.63
16:31:35:701,8.00,-1.50,-1.92
16:31:35:716,8.00,-1.74,-2.07
16:31:35:732,8.00,-2.03,-1.40
16:31:35:732,8.00,-2.14,-1.35
16:31:35:749,8.00,-1.51,-1.47
16:31:35:832,8.00,-0.52,-0.87
16:31:35:832,7.90,-0.48,-1.05
16:31:35:832,8.00,-0.77,-1.53
16:31:35:849,8.00,-1.14,-1.25
16:31:35:865,8.00,-2.57,-1.25
16:31:35:880,8.00,-4.65,-1.33
16:31:35:880,6.96,-5.69,-1.72
16:31:35:896,4.09,-7.97,-1.63
16:31:35:913,4.72,-5.88,-0.55
16:31:35:945,4.57,-5.01,-0.08
16:31:35:965,4.66,-4.60,-0.17
16:31:35:998,5.52,-4.41,-0.69
16:31:36:13,7.30,-3.42,-1.36
16:31:36:44,8.00,-1.79,-2.01
16:31:36:77,8.00,-0.52,-2.46
16:31:36:77,8.00,0.55,-2.47
16:31:36:109,8.00,0.94,-2.32
16:31:36:125,8.00,0.18,-2.48
16:31:36:189,8.00,-0.70,-3.08
16:31:36:220,8.00,-0.06,-2.54
16:31:36:253,8.00,0.50,-2.31
16:31:36:253,8.00,0.36,-2.03
16:31:36:285,7.67,0.61,-1.78
16:31:36:369,6.44,1.09,-1.40
16:31:36:385,5.51,1.47,-0.75
16:31:36:385,5.12,0.78,-0.74
16:31:36:401,4.54,1.94,-0.03
16:31:36:417,2.07,4.59,0.69
16:31:36:433,0.76,4.45,0.87
16:31:36:433,2.35,3.57,0.71
16:31:36:449,3.23,3.31,0.31
16:31:36:481,4.87,2.28,-0.14
16:31:36:496,6.79,1.72,-0.81
16:31:36:512,8.00,0.47,-1.03
16:31:36:576,8.00,-0.69,-1.22
16:31:36:609,8.00,-1.28,-1.65
16:31:36:609,8.00,-1.23,-1.60
16:31:36:625,8.00,-0.59,-1.50
16:31:36:640,8.00,-0.55,-1.17
16:31:36:656,8.00,-0.16,-0.74
16:31:36:656,8.00,0.06,-0.79
16:31:36:689,8.00,-0.72,-1.51
16:31:36:756,8.00,-2.38,-1.85
16:31:36:774,8.00,-1.91,-1.03
16:31:36:789,8.00,-2.80,-1.15
16:31:36:805,8.00,-5.75,-0.88
16:31:36:805,7.31,-8.00,-0.13
16:31:36:820,5.63,-6.70,0.54
16:31:36:837,4.83,-4.96,1.29
16:31:36:900,4.85,-6.15,1.21
16:31:36:948,5.69,-5.62,0.40
16:31:36:980,6.59,-3.96,-0.30
16:31:36:980,8.00,-2.77,-1.15
16:31:36:997,8.00,-1.12,-2.28
16:31:37:13,8.00,0.67,-3.01
16:31:37:44,8.00,0.96,-3.33
16:31:37:91,8.00,0.67,-3.50
16:31:37:106,8.00,-0.08,-3.50
16:31:37:138,8.00,0.23,-2.99
16:31:37:153,8.00,0.43,-2.87
16:31:37:169,7.85,-0.06,-2.56
16:31:37:188,7.06,-0.20,-2.35
16:31:37:188,6.55,-0.18,-2.28
16:31:37:205,5.80,-0.03,-2.03
16:31:37:269,5.28,0.67,-1.93
16:31:37:301,4.65,1.11,-1.72
16:31:37:301,4.17,1.53,-1.37
16:31:37:316,2.61,2.02,-1.48
16:31:37:332,0.71,3.61,-1.15
16:31:37:349,-0.41,2.09,-0.66
16:31:37:398,0.56,1.20,0.14
16:31:37:465,1.20,1.89,0.11
16:31:37:482,1.83,1.24,0.07
16:31:37:482,2.47,-0.35,0.16
16:31:37:498,3.38,-2.64,-0.65
16:31:37:515,4.63,-4.95,-0.43
16:31:37:532,5.01,-6.48,0.28
16:31:37:549,4.64,-6.77,0.75
16:31:37:565,4.33,-5.45,0.96
16:31:37:633,4.25,-4.51,1.04
16:31:37:633,3.91,-4.72,0.87
16:31:37:649,3.91,-4.77,0.76
16:31:37:649,3.27,-4.37,0.83
16:31:37:698,2.54,-4.15,0.62
16:31:37:698,2.85,-4.37,0.32
16:31:37:731,3.30,-4.93,1.00
16:31:37:798,2.13,-4.52,0.54
16:31:37:814,1.58,-4.53,-0.02
16:31:37:830,1.11,-5.15,-0.52
16:31:37:846,0.56,-5.83,-1.18
16:31:37:863,0.99,-5.36,-1.64
16:31:37:879,2.96,-4.52,-2.22
16:31:37:897,4.83,-3.60,-2.22
16:31:38:11,5.10,-3.31,-1.98
16:31:38:27,5.12,-2.58,-2.19
16:31:38:27,4.89,-1.63,-2.39
16:31:38:43,4.21,-0.81,-2.40
16:31:38:61,3.72,-0.32,-2.31
16:31:38:61,3.42,-0.13,-2.14
16:31:38:61,3.27,-0.21,-2.18
16:31:38:95,3.23,-0.39,-2.09
16:31:38:114,3.25,-0.51,-2.13
16:31:38:168,3.20,-0.52,-2.15
16:31:38:185,3.21,-0.44,-2.11
16:31:38:205,3.14,-0.30,-2.04
16:31:38:205,3.31,-0.32,-2.00
16:31:38:241,3.67,-0.34,-1.82
16:31:38:258,3.59,-0.33,-1.67
16:31:38:278,3.67,-0.22,-1.47
16:31:38:442,3.93,-0.31,-1.22
16:31:38:460,4.18,-0.52,-0.99
16:31:38:512,4.21,-0.79,-1.05
16:31:38:599,4.19,-1.03,-0.94
16:31:38:653,4.44,-0.98,-0.69
16:31:38:740,5.06,-1.08,-0.38
16:31:38:792,4.83,-1.45,-0.03
16:31:38:827,4.27,-1.51,0.02
16:31:38:871,4.24,-1.31,-0.07
16:31:38:908,3.99,-1.13,-0.14
16:31:38:908,4.18,-0.65,-0.25
16:31:38:942,4.02,-0.36,-0.44
16:31:38:942,3.98,-0.49,-0.46
16:31:38:975,3.64,-0.43,-0.44
16:31:38:977,3.25,-0.55,-0.43
16:31:38:995,3.15,-0.67,-0.46
16:31:38:995,3.13,-0.71,-0.44
16:31:39:67,3.23,-0.77,-0.43
16:31:39:85,3.14,-0.79,-0.45
16:31:39:85,3.35,-0.88,-0.39
16:31:39:105,3.59,-1.07,-0.34
16:31:39:105,3.86,-1.28,-0.43
16:31:39:105,4.20,-1.38,-0.64
16:31:39:122,4.42,-1.34,-0.71
16:31:39:122,4.42,-1.17,-0.88
16:31:39:140,4.21,-0.94,-0.99
16:31:39:140,4.20,-0.64,-1.04
16:31:39:176,4.06,-0.41,-1.06
16:31:39:210,4.16,-0.32,-1.11
16:31:39:265,4.10,-0.24,-1.17
16:31:39:303,3.94,-0.07,-1.25
16:31:39:321,3.79,0.03,-1.29
16:31:39:338,3.88,0.01,-1.20
16:31:39:356,3.83,-0.17,-1.09
16:31:39:356,3.75,-0.38,-1.05
16:31:39:391,3.74,-0.45,-1.13
16:31:39:442,3.95,-0.37,-1.16
16:31:39:478,4.09,-0.43,-1.09
16:31:39:514,4.05,-0.62,-0.92
16:31:39:532,4.37,-0.69,-0.67
16:31:39:535,4.29,-0.59,-0.36
16:31:39:603,4.18,-0.39,-0.18
16:31:39:604,3.99,-0.39,-0.09
16:31:39:620,3.98,-0.38,0.09
16:31:39:640,3.99,-0.35,0.17
16:31:39:675,4.15,-0.43,0.21
16:31:39:677,4.23,-0.56,0.13
16:31:39:745,4.19,-0.67,0.03
16:31:39:797,4.10,-0.68,-0.08
16:31:39:850,4.00,-0.65,-0.17
16:31:39:870,3.94,-0.67,-0.24
16:31:39:906,3.93,-0.75,-0.38
16:31:39:997,3.89,-0.80,-0.37
16:31:40:33,3.85,-0.89,-0.44
16:31:40:69,3.81,-0.99,-0.47
16:31:40:142,3.84,-1.06,-0.46
16:31:40:177,3.88,-1.11,-0.42
16:31:40:210,3.86,-1.15,-0.42
16:31:40:246,3.82,-1.13,-0.36
16:31:40:389,3.81,-0.99,-0.29
16:31:40:389,3.88,-1.04,-0.29
16:31:40:389,3.93,-1.07,-0.23
16:31:40:406,3.99,-1.11,-0.23
16:31:40:442,3.99,-1.21,-0.26
16:31:40:442,3.96,-1.17,-0.20
16:31:40:537,3.94,-1.17,-0.15
16:31:40:599,3.94,-1.11,-0.15
16:31:40:599,4.00,-1.16,-0.11
16:31:40:599,4.19,-1.46,0.04
16:31:40:599,4.21,-1.48,0.00
16:31:40:701,4.13,-1.50,-0.10
16:31:40:701,3.93,-1.50,0.00
16:31:40:718,3.80,-1.52,0.12
16:31:40:718,3.99,-1.45,0.15
16:31:40:735,4.00,-1.31,0.13
16:31:40:751,4.12,-1.19,0.09
16:31:40:751,3.95,-0.97,0.06
16:31:40:751,3.91,-0.71,0.09
16:31:40:751,3.85,-0.34,0.15
16:31:40:771,3.67,-0.22,0.04
16:31:40:803,3.75,0.28,0.16
16:31:40:803,3.63,0.56,-0.20
16:31:40:836,3.46,0.60,-0.64
16:31:40:869,3.90,1.15,-0.65
16:31:40:886,4.28,1.43,-0.59
16:31:40:886,4.35,1.61,-0.42
16:31:40:886,4.33,1.31,-0.29
16:31:40:886,4.52,0.94,-0.29
16:31:40:902,4.72,0.79,-0.55
16:31:40:902,4.71,0.70,-0.75
16:31:40:902,5.12,0.52,-0.89
16:31:40:902,5.43,0.59,-0.97
16:31:40:902,5.49,0.38,-1.15
16:31:40:951,5.45,0.12,-0.73
16:31:40:951,5.72,0.29,-0.63
16:31:40:951,5.57,-0.13,-0.47
16:31:40:968,5.66,-0.72,-0.23
16:31:40:968,5.46,-0.84,-0.33
16:31:40:985,5.85,-1.23,-0.21
16:31:40:985,5.73,-1.78,0.12
16:31:40:985,5.54,-2.25,0.44
16:31:41:69,5.02,-2.44,0.38
16:31:41:69,4.67,-2.75,0.27
16:31:41:87,4.32,-3.09,0.18
16:31:41:104,4.42,-3.31,0.08
16:31:41:104,5.02,-3.38,-0.00
16:31:41:121,5.43,-2.86,-0.17
16:31:41:121,6.12,-2.39,-0.46
16:31:41:138,6.72,-1.73,-0.67
16:31:41:138,7.50,-1.11,-1.15
16:31:41:155,8.00,-0.68,-1.84
16:31:41:239,8.00,-0.22,-2.31
16:31:41:272,8.00,-0.04,-2.43
16:31:41:286,8.00,0.00,-2.30
16:31:41:295,7.87,0.66,-1.94
16:31:41:295,6.84,0.87,-1.63
16:31:41:312,6.65,0.13,-1.47
16:31:41:313,6.18,-0.25,-1.55
16:31:41:348,5.68,-0.48,-1.35
16:31:41:433,5.12,-0.74,-0.84
16:31:41:439,4.25,-0.34,-0.59
16:31:41:451,3.86,0.02,-0.56
16:31:41:459,3.86,0.65,0.01
16:31:41:467,2.95,1.41,0.84
16:31:41:480,2.30,1.72,1.23
16:31:41:496,2.07,2.07,0.81
16:31:41:504,2.31,2.53,0.30
16:31:41:590,3.46,2.34,-0.24
16:31:41:619,4.74,1.14,-0.84
16:31:41:634,6.13,0.65,-0.97
16:31:41:666,6.64,0.48,-0.61
16:31:41:673,7.40,0.02,-0.65
16:31:41:702,7.80,-0.39,-1.23
16:31:41:707,8.00,-0.64,-1.49
16:31:41:713,8.00,-0.91,-1.56
16:31:41:772,8.00,-0.98,-1.17
16:31:41:810,8.00,-0.64,-0.95
16:31:41:816,8.00,-0.48,-0.80
16:31:41:826,8.00,-0.73,-0.70
16:31:41:851,8.00,-0.88,-0.91
16:31:41:857,8.00,-1.56,-0.90
16:31:41:863,8.00,-1.92,-1.03
16:31:41:951,7.62,-3.13,-1.15
16:31:41:976,7.25,-4.20,-0.78
16:31:41:984,6.92,-5.17,-0.42
16:31:41:990,5.17,-6.86,-0.72
16:31:42:6,4.25,-6.41,0.55
16:31:42:47,5.08,-4.25,0.78
16:31:42:53,5.35,-4.12,0.57
16:31:42:72,5.81,-3.41,-0.12
16:31:42:78,7.33,-2.59,-0.70
16:31:42:103,8.00,-1.73,-1.34
16:31:42:137,8.00,-1.06,-2.05
16:31:42:156,8.00,-0.15,-2.25
16:31:42:162,8.00,0.15,-2.39
16:31:42:168,8.00,0.37,-2.60
16:31:42:190,8.00,0.31,-2.46
16:31:42:203,8.00,0.47,-1.86
16:31:42:222,8.00,0.48,-1.02
16:31:42:244,7.86,0.10,-1.68
16:31:42:342,7.44,-0.15,-2.03
16:31:42:349,6.70,0.22,-1.36
16:31:42:355,5.51,1.75,-1.12
16:31:42:375,4.99,1.79,-0.05
16:31:42:415,3.96,1.94,0.07
16:31:42:429,1.36,4.37,-0.04
16:31:42:486,0.62,4.62,0.48
16:31:42:532,1.90,3.23,0.59
16:31:42:538,2.75,2.85,0.08
16:31:42:545,4.01,2.39,-0.55
16:31:42:572,6.25,1.76,-1.09
16:31:42:585,7.69,1.06,-1.44
16:31:42:591,8.00,-0.17,-1.21
16:31:42:616,8.00,-0.25,-1.42
16:31:42:679,8.00,-0.56,-1.96
16:31:42:685,8.00,-0.65,-1.93
16:31:42:691,8.00,-1.01,-1.59
16:31:42:704,8.00,-0.64,-1.33
16:31:42:717,8.00,-0.68,-1.08
16:31:42:729,8.00,-0.80,-0.88
16:31:42:754,8.00,-1.76,-1.05
16:31:42:788,8.00,-2.93,-0.99
16:31:42:795,8.00,-4.38,-1.43
16:31:42:820,7.42,-4.26,-0.76
16:31:42:857,6.76,-5.52,-0.40
16:31:42:864,6.82,-5.92,0.26
16:31:42:872,4.31,-6.54,0.50
16:31:42:879,4.98,-5.30,0.40
16:31:42:905,5.06,-4.92,0.01
16:31:42:928,5.47,-3.88,-0.50
16:31:42:934,6.74,-3.05,-0.98
16:31:42:990,8.00,-1.87,-1.57
16:31:43:37,8.00,-0.86,-2.16
16:31:43:64,8.00,-0.05,-2.31
16:31:43:91,8.00,0.48,-2.31
16:31:43:104,8.00,0.09,-2.55
16:31:43:116,8.00,-0.27,-2.54
16:31:43:240,8.00,0.18,-2.21
16:31:43:278,8.00,0.24,-2.06
16:31:43:284,7.97,-0.16,-2.03
16:31:43:293,7.56,-0.38,-1.73
16:31:43:324,6.67,0.16,-1.67
16:31:43:330,5.58,1.09,-0.77
16:31:43:403,4.56,1.23,-0.17
16:31:43:434,4.27,1.98,0.04
16:31:43:466,2.08,4.60,-0.21
16:31:43:481,1.69,2.83,0.71
16:31:43:528,1.75,2.44,0.76
16:31:43:576,2.23,2.31,0.29
16:31:43:576,3.07,1.96,-0.15
16:31:43:596,5.03,1.37,-0.20
16:31:43:612,6.73,0.66,-0.18
16:31:43:633,7.41,0.87,-0.83
16:31:43:651,8.00,0.25,-1.37
16:31:43:651,8.00,-0.58,-1.73
16:31:43:669,8.00,-1.28,-1.61
16:31:43:669,8.00,-1.32,-1.49
16:31:43:688,8.00,-1.68,-1.04
16:31:43:688,8.00,-1.77,-0.91
16:31:43:753,8.00,-0.82,-0.62
16:31:43:753,8.00,-2.27,-1.44
16:31:43:771,8.00,-3.05,-1.61
16:31:43:825,7.29,-2.66,-2.10
16:31:43:842,7.01,-3.27,-2.18
16:31:43:842,7.07,-4.05,-1.25
16:31:43:947,5.92,-5.09,-0.95
16:31:43:965,5.03,-4.89,-0.79
16:31:43:999,4.75,-4.87,-0.61
16:31:44:0,4.59,-4.83,-0.62
16:31:44:33,4.64,-3.48,-0.53
16:31:44:35,5.51,-2.58,-0.73
16:31:44:108,6.67,-2.17,-1.20
16:31:44:126,8.00,-1.55,-1.79
16:31:44:161,8.00,-0.45,-2.04
16:31:44:178,8.00,1.10,-1.96
16:31:44:197,8.00,1.23,-1.81
16:31:44:272,8.00,0.50,-1.86
16:31:44:290,8.00,0.06,-1.70
16:31:44:308,8.00,0.29,-1.68
16:31:44:383,7.27,-0.16,-1.80
16:31:44:404,6.59,-0.35,-1.54
16:31:44:472,5.75,0.04,-1.48
16:31:44:535,5.02,0.16,-1.33
16:31:44:543,4.68,0.52,-0.90
16:31:44:555,4.88,0.89,-0.45
16:31:44:556,4.11,1.76,-0.23
16:31:44:574,2.58,2.75,0.09
16:31:44:574,1.73,2.26,0.73
16:31:44:592,2.29,1.89,0.77
16:31:44:610,2.65,1.40,0.50
16:31:44:644,3.22,0.42,0.33
16:31:44:663,4.45,0.28,0.01
16:31:44:663,5.78,0.33,-0.20
16:31:44:663,7.73,0.06,-0.56
16:31:44:679,8.00,-0.35,-0.96
16:31:44:697,8.00,-0.89,-1.28
16:31:44:697,8.00,-1.10,-1.60
16:31:44:697,8.00,-1.04,-1.62
16:31:44:697,8.00,-1.51,-1.43
16:31:44:699,7.40,-1.73,-1.09
16:31:44:716,6.38,-1.81,-1.43
16:31:44:732,5.26,-1.50,-2.38
16:31:44:732,5.36,-1.94,-2.16
16:31:44:750,5.60,-1.52,-2.17
16:31:44:821,5.61,-1.17,-2.19
16:31:44:821,5.17,-1.12,-2.20
16:31:44:837,4.70,-1.19,-2.25
16:31:44:875,4.32,-1.30,-2.36
16:31:44:892,4.02,-1.39,-2.47
16:31:44:892,3.98,-2.11,-2.54
16:31:44:911,4.16,-2.98,-2.26
16:31:44:929,3.11,-2.85,-2.16
16:31:44:929,2.78,-2.90,-1.66
16:31:44:948,4.03,-2.05,-0.61
16:31:44:966,6.46,-0.66,1.96
16:31:45:56,7.66,-1.32,2.25
16:31:45:56,7.02,-0.23,1.16
16:31:45:56,6.95,1.13,2.25
16:31:45:74,6.20,0.36,2.62
16:31:45:91,5.98,0.17,2.81
16:31:45:91,4.81,1.31,2.57
16:31:45:109,4.85,1.56,2.31
16:31:45:127,5.32,2.32,1.75
16:31:45:127,4.80,2.67,1.52
16:31:45:180,5.73,2.08,0.48
16:31:45:219,6.06,2.42,-0.72
16:31:45:219,5.43,2.10,-1.35
16:31:45:236,4.84,1.02,-1.53
16:31:45:252,4.24,0.49,-1.52
16:31:45:269,3.27,-0.92,-2.55
16:31:45:269,2.75,-2.53,-3.13
16:31:45:303,2.79,-2.20,-3.26
16:31:45:368,3.76,-1.95,-3.24
16:31:45:374,4.07,-2.21,-2.78
16:31:45:388,2.98,-2.49,-1.83
16:31:45:412,2.23,-2.13,-1.25
16:31:45:451,2.26,-2.31,-1.11
16:31:45:469,2.57,-2.82,-0.71
16:31:45:469,2.66,-3.12,-0.56
16:31:45:539,3.03,-3.10,-0.54
16:31:45:574,3.42,-2.42,-0.46
16:31:45:574,3.70,-2.05,-0.35
16:31:45:624,3.48,-1.88,-0.35
16:31:45:656,3.21,-1.70,-0.46
16:31:45:759,3.18,-1.61,-0.72
16:31:45:777,3.04,-1.74,-0.95
16:31:45:832,2.93,-1.92,-1.15
16:31:45:919,3.10,-1.97,-1.31
16:31:45:954,3.03,-1.79,-1.34
16:31:45:956,2.99,-1.84,-1.33
16:31:46:24,3.12,-1.99,-1.41
16:31:46:78,3.56,-2.17,-1.57
16:31:46:95,3.67,-2.41,-1.63
16:31:46:95,3.68,-2.78,-1.52
16:31:46:112,3.77,-2.88,-1.33
16:31:46:112,3.68,-2.79,-1.02
16:31:46:131,3.56,-2.49,-0.84
16:31:46:148,3.87,-2.06,-0.72
16:31:46:149,4.16,-1.72,-0.71
16:31:46:182,4.30,-1.47,-0.66
16:31:46:200,4.10,-1.20,-0.56
16:31:46:200,4.06,-0.96,-0.53
16:31:46:375,3.94,-0.79,-0.51
16:31:46:444,3.70,-0.63,-0.51
16:31:46:462,3.73,-0.63,-0.52
16:31:46:462,3.69,-0.66,-0.56
16:31:46:480,3.63,-0.62,-0.69
16:31:46:516,3.56,-0.57,-0.69
16:31:46:534,3.81,-0.59,-0.58
16:31:46:570,3.97,-0.40,-0.51
16:31:46:588,3.93,-0.13,-0.57
16:31:46:638,4.06,-0.19,-0.64
16:31:46:655,4.04,-0.39,-0.59
16:31:46:673,4.01,-0.77,-0.46
16:31:46:673,3.88,-1.04,-0.33
16:31:46:673,3.95,-1.28,-0.24
16:31:46:673,4.10,-1.27,-0.22
16:31:46:690,4.29,-1.11,-0.26
16:31:46:690,4.46,-0.99,-0.16
16:31:46:707,4.45,-0.82,-0.24
16:31:46:707,4.26,-0.74,-0.08
16:31:46:724,4.11,-0.75,0.07
16:31:46:758,3.96,-0.71,0.09
16:31:46:811,3.88,-0.73,0.00
16:31:46:811,3.85,-0.80,-0.15
16:31:46:829,3.89,-0.87,-0.23
16:31:46:846,3.93,-0.91,-0.34
16:31:46:846,4.00,-0.94,-0.39
16:31:46:913,3.99,-0.91,-0.42
16:31:46:948,3.93,-0.88,-0.30
16:31:46:999,3.89,-0.87,-0.27
16:31:47:17,3.81,-0.92,-0.30
16:31:47:53,3.82,-0.97,-0.28
16:31:47:71,3.84,-1.01,-0.23
16:31:47:88,3.83,-1.11,-0.24
16:31:47:106,3.90,-1.14,-0.21
16:31:47:123,3.95,-1.17,-0.19
16:31:47:193,3.94,-1.23,-0.09
16:31:47:193,4.00,-1.10,-0.02
16:31:47:228,3.95,-1.16,0.20
16:31:47:245,3.81,-1.43,0.39
16:31:47:245,4.01,-1.83,0.33
16:31:47:279,4.19,-1.84,0.21
16:31:47:335,4.29,-1.72,0.24
16:31:47:353,4.30,-1.34,0.24
16:31:47:371,4.42,-1.16,0.16
16:31:47:406,4.31,-1.07,0.38
16:31:47:423,4.17,-0.79,0.40
16:31:47:423,4.17,-0.09,0.22
16:31:47:442,4.26,0.36,0.44
16:31:47:477,3.48,0.96,0.36
16:31:47:550,3.56,1.07,0.04
16:31:47:550,3.39,0.97,-0.40
16:31:47:585,3.59,0.91,-0.52
16:31:47:703,3.70,0.73,-0.38
16:31:47:704,3.95,0.53,-0.32
16:31:47:722,4.23,0.30,-0.49
16:31:47:740,4.30,0.21,-0.53
16:31:47:756,4.65,-0.14,-0.43
16:31:47:773,5.00,-0.46,-0.34
16:31:47:808,5.28,-0.69,-0.29
16:31:47:826,5.37,-0.73,-0.33
16:31:47:843,5.49,-0.69,-0.38
16:31:47:879,5.37,-0.85,-0.21
16:31:47:879,5.16,-1.03,-0.15
16:31:47:879,5.24,-1.26,-0.12
16:31:47:897,5.12,-1.44,0.01
16:31:47:933,5.12,-1.98,0.10
16:31:47:935,5.09,-2.27,0.10
16:31:47:935,5.08,-2.72,0.08
16:31:47:951,4.91,-3.09,0.17
16:31:47:951,5.14,-3.17,0.09
16:31:47:970,5.01,-3.42,0.04
16:31:48:40,4.76,-2.87,-0.13
16:31:48:91,5.21,-1.90,-0.10
16:31:48:108,5.96,-2.14,-0.25
16:31:48:124,7.72,-1.19,0.04
16:31:48:142,8.00,-0.31,-0.44
16:31:48:159,8.00,-0.43,-0.91
16:31:48:194,8.00,-0.53,-0.85
16:31:48:214,7.45,-0.47,-0.73
16:31:48:250,6.91,-0.56,-0.64
16:31:48:267,6.49,-0.84,-0.72
16:31:48:268,6.27,-0.69,-1.02
16:31:48:303,5.61,-0.60,-1.22
16:31:48:321,5.19,-0.65,-1.00
16:31:48:321,4.71,0.34,-0.87
16:31:48:321,5.02,1.19,-0.62
16:31:48:321,5.18,1.62,-0.26
16:31:48:337,3.19,3.97,-0.48
16:31:48:337,1.46,3.69,-0.57
16:31:48:355,2.29,1.67,-0.37
16:31:48:355,2.99,1.39,-0.38
16:31:48:393,3.42,0.86,-0.27
16:31:48:445,5.04,0.26,0.00
16:31:48:462,6.51,-0.79,0.02
16:31:48:480,6.84,-0.66,0.10
16:31:48:480,7.08,-0.83,-0.07
16:31:48:497,6.88,-0.79,-0.16
16:31:48:514,6.47,-0.13,0.24
16:31:48:532,6.17,0.25,0.49
16:31:48:532,5.90,0.16,0.49
16:31:48:585,5.91,-0.25,0.23
16:31:48:618,6.04,-0.10,-0.14
16:31:48:620,6.09,-0.24,-0.36
16:31:48:620,6.01,-0.70,-0.45
16:31:48:723,6.16,-1.17,-0.60
16:31:48:724,6.10,-1.53,-0.58
16:31:48:724,6.55,-1.98,-0.28
16:31:48:776,7.32,-2.77,0.36
16:31:48:793,7.16,-4.40,0.76
16:31:48:827,6.48,-5.11,0.65
16:31:48:828,5.52,-6.87,0.89
16:31:48:845,6.25,-3.87,1.14
16:31:48:862,5.36,-3.65,0.93
16:31:48:864,6.07,-3.37,0.39
16:31:48:881,7.04,-2.65,0.06
16:31:48:915,8.00,-2.05,-0.53
16:31:48:970,8.00,-1.39,-1.12
16:31:48:970,8.00,-0.39,-1.48
16:31:48:985,8.00,-0.37,-2.04
16:31:49:1,8.00,0.34,-1.78
16:31:49:1,8.00,1.23,-0.97
16:31:49:36,7.68,0.42,-1.02
16:31:49:53,6.88,-0.39,-1.00
16:31:49:54,7.06,-0.55,-0.78
16:31:49:54,6.53,0.01,-1.18
16:31:49:92,5.39,0.69,-1.25
16:31:49:109,4.43,1.15,-0.54
16:31:49:144,3.68,1.40,0.16
16:31:49:144,2.09,3.67,-0.39
16:31:49:179,1.11,4.22,-0.64
16:31:49:213,1.87,3.17,-0.16
16:31:49:230,2.91,2.49,-0.57
16:31:49:248,3.59,1.90,-0.78
16:31:49:248,5.74,2.30,-0.66
16:31:49:265,7.17,1.52,-1.18
16:31:49:318,8.00,0.70,-1.31
16:31:49:336,8.00,0.20,-1.61
16:31:49:352,8.00,-0.39,-2.03
16:31:49:352,8.00,-0.90,-1.60
16:31:49:401,8.00,-0.75,-0.94
16:31:49:401,8.00,-0.47,-0.87
16:31:49:418,8.00,-0.48,-0.48
16:31:49:469,8.00,-0.08,-0.60
16:31:49:504,8.00,-0.27,-1.18
16:31:49:523,8.00,-1.12,-1.52
16:31:49:539,8.00,-1.99,-1.33
16:31:49:558,8.00,-2.55,-1.06
16:31:49:576,7.99,-3.21,-0.46
16:31:49:593,7.32,-5.55,0.40
16:31:49:628,5.94,-8.00,1.38
16:31:49:646,4.72,-7.13,1.87
16:31:49:699,5.20,-5.38,2.00
16:31:49:716,5.61,-5.25,1.23
16:31:49:734,6.76,-4.89,0.15
16:31:49:751,8.00,-3.25,-0.98
16:31:49:769,8.00,-1.43,-2.11
16:31:49:786,8.00,0.14,-2.82
16:31:49:838,8.00,1.26,-2.68
16:31:49:858,8.00,0.60,-2.94
16:31:49:891,8.00,-0.18,-3.09
16:31:49:928,8.00,0.20,-2.88
16:31:49:928,8.00,0.38,-2.53
16:31:49:962,8.00,0.19,-2.26
16:31:49:980,7.67,0.70,-1.88
16:31:50:14,6.66,1.49,-1.52
16:31:50:49,5.70,1.79,-1.30
16:31:50:67,4.67,2.09,-0.29
16:31:50:84,2.69,3.83,1.14
16:31:50:100,0.80,3.95,0.15
16:31:50:100,1.27,3.79,-0.45
16:31:50:117,2.02,5.40,0.04
16:31:50:153,2.96,3.49,-0.36
16:31:50:170,4.13,2.03,-0.79
16:31:50:188,5.97,1.65,-1.00
16:31:50:242,7.66,0.85,-1.35
16:31:50:259,8.00,0.28,-1.11
16:31:50:259,8.00,-0.13,-1.51
16:31:50:294,8.00,-0.10,-1.95
16:31:50:350,8.00,-0.79,-1.76
16:31:50:367,8.00,-0.92,-1.11
16:31:50:421,8.00,-0.13,-0.99
16:31:50:422,8.00,-0.20,-0.60
16:31:50:440,8.00,-0.26,-0.07
16:31:50:440,8.00,0.02,-0.09
16:31:50:457,8.00,-1.49,-1.39
16:31:50:511,8.00,-2.69,-1.55
16:31:50:528,8.00,-3.07,-1.28
16:31:50:545,8.00,-4.19,-1.21
16:31:50:595,7.17,-7.34,-2.58
16:31:50:612,3.25,-7.62,-1.06
16:31:50:612,5.41,-3.58,0.67
16:31:50:649,4.61,-3.13,0.56
16:31:50:667,4.87,-3.61,0.05
16:31:50:667,4.94,-3.29,-0.51
16:31:50:701,5.79,-2.87,-1.17
16:31:50:789,7.12,-2.52,-1.66
16:31:50:789,8.00,-1.45,-1.84
16:31:50:789,8.00,-0.19,-1.89
16:31:50:806,8.00,0.28,-1.96
16:31:50:824,8.00,0.42,-2.06
16:31:50:842,8.00,-0.15,-2.36
16:31:50:859,8.00,-0.12,-2.31
16:31:50:928,8.00,0.11,-2.05
16:31:50:945,7.97,0.02,-2.08
16:31:50:945,7.41,0.32,-1.67
16:31:50:979,6.82,0.32,-1.65
16:31:50:982,5.90,0.37,-1.80
16:31:51:18,5.96,0.20,-1.13
16:31:51:69,5.09,0.43,-0.40
16:31:51:121,4.31,2.11,0.62
16:31:51:156,1.18,6.29,0.18
16:31:51:156,1.38,3.07,0.77
16:31:51:172,1.87,3.06,1.09
16:31:51:172,2.53,3.11,0.66
16:31:51:190,4.22,0.80,-0.17
16:31:51:208,5.64,-0.02,-0.80
16:31:51:226,6.91,-0.41,-1.12
16:31:51:244,7.67,-1.16,-1.18
16:31:51:296,7.91,-2.41,-0.64
16:31:51:330,7.60,-2.60,-0.30
16:31:51:330,7.66,-1.61,-0.61
16:31:51:346,8.00,-1.92,-0.59
16:31:51:381,8.00,-2.43,0.40
16:31:51:399,7.99,-2.08,0.64
16:31:51:416,7.85,-2.10,0.22
16:31:51:452,7.71,-3.06,0.37
16:31:51:487,7.13,-3.62,0.47
16:31:51:506,6.39,-3.77,0.59
16:31:51:506,5.75,-4.24,0.27
16:31:51:542,5.12,-4.85,0.14
16:31:51:560,4.75,-5.88,-0.07
16:31:51:593,4.34,-6.05,-0.62
16:31:51:614,4.86,-5.31,-1.39
16:31:51:684,6.28,-3.05,-1.44
16:31:51:684,6.73,-1.26,-1.31
16:31:51:702,6.64,-0.51,-1.61
16:31:51:702,6.91,-0.39,-1.93
16:31:51:756,6.65,-0.07,-2.40
16:31:51:775,6.53,0.10,-4.05
16:31:51:793,5.18,0.59,-6.01
16:31:51:882,5.63,0.49,-5.07
16:31:51:900,4.45,0.55,-5.21
16:31:51:900,3.97,0.98,-5.30
16:31:51:917,4.06,1.18,-4.87
16:31:51:935,3.60,0.97,-4.03
16:31:51:935,3.40,0.75,-3.52
16:31:51:952,3.32,0.47,-3.08
16:31:52:4,3.28,0.17,-2.61
16:31:52:22,3.62,-0.08,-2.38
16:31:52:22,3.74,-0.43,-1.99
16:31:52:39,4.46,-0.82,-1.83
16:31:52:77,4.65,-0.76,-1.62
16:31:52:95,4.99,-0.58,-1.44
16:31:52:112,5.31,-0.85,-0.65
16:31:52:147,4.84,-0.95,-0.42
16:31:52:220,4.81,-1.08,-0.34
16:31:52:238,3.98,-1.42,0.38
16:31:52:256,3.64,-1.65,1.00
16:31:52:292,3.91,-1.11,1.09
16:31:52:292,4.14,-0.93,0.88
16:31:52:310,4.26,-1.07,0.58
16:31:52:415,4.22,-1.11,0.28
16:31:52:451,4.46,-1.43,0.09
16:31:52:469,4.44,-1.54,-0.03
16:31:52:502,4.17,-1.51,-0.19
16:31:52:539,4.05,-1.50,-0.29
16:31:52:556,4.02,-1.57,-0.45
16:31:52:573,4.00,-1.48,-0.54
16:31:52:608,3.94,-1.42,-0.61
16:31:52:625,4.08,-1.48,-0.49
16:31:52:625,3.65,-1.38,-0.48
16:31:52:642,3.40,-1.32,-0.51
16:31:52:659,3.39,-1.48,-0.59
16:31:52:678,3.41,-1.72,-0.59
16:31:52:843,3.36,-1.59,-0.65
16:31:52:915,3.33,-1.20,-0.62
16:31:52:952,3.49,-0.81,-0.90
16:31:52:987,4.46,-0.21,-0.96
16:31:53:4,4.47,0.23,-0.74
16:31:53:21,4.55,0.33,-1.06
16:31:53:40,4.49,0.07,-1.60
16:31:53:58,4.33,-0.03,-1.77
16:31:53:163,4.16,0.30,-1.54
16:31:53:164,3.98,0.76,-1.42
16:31:53:181,3.88,0.97,-1.27
16:31:53:198,3.90,0.71,-1.16
16:31:53:218,3.86,0.38,-1.16
16:31:53:218,3.80,-0.12,-1.23
16:31:53:218,3.87,-0.27,-1.23
16:31:53:236,4.03,-0.08,-1.20
16:31:53:291,3.96,0.01,-1.20
16:31:53:291,3.98,-0.04,-1.11
16:31:53:326,3.84,-0.29,-0.97
16:31:53:343,3.67,-0.53,-0.70
16:31:53:361,3.59,-0.74,-0.53
16:31:53:378,3.66,-0.82,-0.41
16:31:53:378,3.79,-0.75,-0.25
16:31:53:378,4.02,-0.58,-0.45
16:31:53:396,4.25,-0.55,-0.64
16:31:53:414,4.54,-0.80,-0.67
16:31:53:432,4.63,-0.99,-0.71
16:31:53:468,4.57,-1.11,-0.56
16:31:53:485,4.30,-0.99,-0.49
16:31:53:485,4.20,-0.83,-0.40
16:31:53:503,4.02,-0.63,-0.37
16:31:53:503,3.88,-0.28,-0.28
16:31:53:538,3.78,-0.16,-0.15
16:31:53:538,3.75,-0.02,-0.11
16:31:53:555,3.68,0.08,-0.11
16:31:53:555,3.54,-0.06,-0.20
16:31:53:573,3.58,-0.42,-0.27
16:31:53:590,3.71,-0.49,-0.25
16:31:53:676,3.78,-0.69,-0.11
16:31:53:676,3.78,-0.68,0.12
16:31:53:694,3.93,-0.64,0.27
16:31:53:713,3.95,-0.68,0.28
16:31:53:747,4.00,-0.86,0.20
16:31:53:817,4.17,-1.25,0.14
16:31:53:834,4.17,-1.50,0.01
16:31:53:871,3.90,-1.83,-0.12
16:31:53:871,3.92,-1.78,-0.16
16:31:53:888,3.98,-1.64,-0.17
16:31:53:923,4.03,-1.58,-0.15
16:31:53:941,4.04,-1.42,-0.01
16:31:53:975,3.94,-1.36,-0.03
16:31:53:993,3.90,-1.33,-0.08
16:31:54:31,3.92,-1.34,-0.08
16:31:54:65,3.87,-1.29,-0.15
16:31:54:82,3.86,-1.29,-0.17
16:31:54:82,3.88,-1.18,-0.18
16:31:54:100,3.90,-1.07,-0.20
16:31:54:100,3.94,-1.05,-0.16
16:31:54:118,3.92,-1.11,-0.23
16:31:54:187,3.93,-1.21,-0.19
16:31:54:222,3.94,-1.14,-0.11
16:31:54:240,3.90,-1.09,-0.07
16:31:54:294,3.78,-1.23,0.01
16:31:54:489,3.84,-1.35,0.04
16:31:54:489,3.84,-1.59,-0.02
16:31:54:507,3.79,-1.68,-0.02
16:31:54:563,3.75,-1.69,0.09
16:31:54:581,3.76,-1.74,0.14
16:31:54:600,3.82,-1.89,0.19
16:31:54:617,3.84,-1.87,0.25
16:31:54:617,3.82,-1.90,0.16
16:31:54:654,3.75,-1.83,0.05
16:31:54:655,3.70,-1.71,0.11
16:31:54:740,3.77,-1.21,0.26
16:31:54:741,3.68,-0.99,0.16
16:31:54:741,3.64,-1.16,0.05
16:31:54:792,3.56,-0.86,0.09
16:31:54:792,3.71,-0.40,0.25
16:31:54:792,3.54,-0.10,0.05
16:31:54:792,3.71,-0.13,0.02
16:31:54:829,3.80,-0.03,-0.02
16:31:54:829,3.73,0.46,-0.23
16:31:54:846,4.11,0.80,-0.20
16:31:54:846,4.28,0.93,-0.09
16:31:54:872,3.92,1.25,-0.23
16:31:54:907,4.36,1.21,-0.34
16:31:54:961,4.88,1.25,-0.21
16:31:54:978,5.12,1.20,-0.33
16:31:54:978,5.11,1.03,-0.50
16:31:54:995,5.59,0.81,-0.70
16:31:55:30,5.51,1.14,-0.90
16:31:55:99,5.57,0.96,-0.95
16:31:55:99,5.84,0.93,-1.01
16:31:55:117,5.92,0.76,-0.92
16:31:55:135,6.33,0.26,-0.62
16:31:55:152,6.18,0.39,-0.36
16:31:55:169,6.11,-0.22,-0.37
16:31:55:186,5.53,-0.37,-0.27
16:31:55:186,6.17,-1.25,-0.26
16:31:55:203,5.67,-1.78,-0.14
16:31:55:240,4.87,-1.98,-0.31
16:31:55:273,4.70,-2.27,-0.45
16:31:55:276,4.38,-2.68,-0.38
16:31:55:295,4.10,-3.33,-0.51
16:31:55:314,4.29,-3.55,-0.63
16:31:55:349,4.81,-4.00,-0.71
16:31:55:349,5.14,-3.37,-0.68
16:31:55:367,6.19,-3.32,-0.77
16:31:55:367,7.36,-2.93,-1.11
16:31:55:385,8.00,-1.92,-1.80
16:31:55:418,8.00,-0.72,-2.60
16:31:55:510,8.00,0.13,-2.90
16:31:55:545,8.00,0.92,-2.67
16:31:55:565,8.00,0.47,-2.36
16:31:55:566,8.00,0.79,-1.97
16:31:55:616,8.00,0.33,-1.95
16:31:55:634,7.22,-0.15,-1.85
16:31:55:672,7.03,-0.39,-1.46
16:31:55:688,6.56,-0.19,-1.59
16:31:55:689,5.93,-0.04,-1.27
16:31:55:689,5.17,0.13,-1.32
16:31:55:706,4.31,0.42,-0.90
16:31:55:778,3.28,1.19,0.12
16:31:55:796,2.79,1.97,0.99
16:31:55:796,2.27,1.87,0.89
16:31:55:832,2.27,2.87,1.15
16:31:55:850,2.63,3.60,0.42
16:31:55:883,3.84,2.01,-0.31
16:31:55:885,5.67,0.96,-0.71
16:31:55:903,6.42,0.61,-0.44
16:31:55:920,7.38,-0.25,-0.24
16:31:55:920,7.51,-0.23,-0.79
16:31:55:988,8.00,-0.69,-1.19
16:31:56:4,8.00,-0.74,-1.50
16:31:56:6,8.00,-0.84,-1.45
16:31:56:45,8.00,-0.87,-1.07
16:31:56:62,8.00,-0.46,-1.01
16:31:56:81,8.00,-0.85,-1.33
16:31:56:81,8.00,-1.37,-1.51
16:31:56:133,8.00,-1.77,-1.67
16:31:56:167,8.00,-2.50,-1.54
16:31:56:189,8.00,-3.13,-1.42
16:31:56:224,7.66,-3.73,-1.13
16:31:56:240,6.62,-4.99,-1.49
16:31:56:241,4.49,-6.81,-0.58
16:31:56:276,4.73,-4.58,0.27
16:31:56:315,4.34,-4.63,0.41
16:31:56:366,4.28,-4.71,0.19
16:31:56:402,4.82,-3.87,-0.44
16:31:56:438,5.96,-2.93,-1.03
16:31:56:438,7.60,-1.94,-1.64
16:31:56:456,8.00,-0.47,-2.14
16:31:56:525,8.00,0.29,-2.26
16:31:56:560,8.00,0.37,-2.13
16:31:56:560,8.00,0.31,-2.29
16:31:56:596,8.00,0.03,-2.28
16:31:56:614,8.00,-0.17,-2.04
16:31:56:614,8.00,0.03,-1.88
16:31:56:614,8.00,-0.13,-2.06
16:31:56:666,7.84,0.22,-1.95
16:31:56:718,7.01,0.62,-1.18
16:31:56:719,6.07,1.42,-0.59
16:31:56:737,4.95,1.87,-0.20
16:31:56:773,4.05,1.71,-0.13
16:31:56:791,2.48,3.12,0.09
16:31:56:808,1.06,3.48,0.56
16:31:56:879,1.42,2.32,0.67
16:31:56:898,2.23,2.18,0.21
16:31:56:898,2.92,1.67,-0.31
16:31:56:915,4.44,1.23,-0.79
16:31:56:935,5.96,0.68,-1.09
16:31:56:951,7.08,-0.10,-1.08
16:31:56:952,8.00,-0.44,-1.24
16:31:56:968,8.00,-0.54,-1.55
16:31:57:74,8.00,-0.81,-1.84
16:31:57:74,8.00,-1.06,-1.76
16:31:57:89,8.00,-1.14,-1.35
16:31:57:107,8.00,-0.88,-1.38
16:31:57:125,8.00,-1.07,-1.48
16:31:57:143,8.00,-1.51,-1.55
16:31:57:143,8.00,-1.82,-1.50
16:31:57:160,8.00,-1.99,-1.04
16:31:57:176,8.00,-2.44,-0.32
16:31:57:210,8.00,-3.36,0.33
16:31:57:297,7.41,-5.67,-0.14
16:31:57:301,3.47,-8.00,-0.46
16:31:57:301,5.78,-5.17,0.05
16:31:57:336,4.84,-4.53,0.21
16:31:57:354,5.18,-4.08,-0.02
16:31:57:354,6.04,-3.00,-0.44
16:31:57:354,7.41,-2.49,-1.06
16:31:57:443,8.00,-2.07,-1.99
16:31:57:443,8.00,-0.72,-2.71
16:31:57:443,8.00,0.16,-2.68
16:31:57:461,8.00,0.78,-2.40
16:31:57:478,8.00,0.74,-2.14
16:31:57:496,8.00,0.18,-2.31
16:31:57:496,8.00,0.28,-1.91
16:31:57:515,8.00,0.08,-1.98
16:31:57:515,7.81,0.03,-2.12
16:31:57:532,7.17,-0.22,-1.92
16:31:57:550,6.27,0.27,-1.95
16:31:57:673,5.71,1.08,-1.17
16:31:57:673,4.68,1.82,-0.22
16:31:57:708,2.77,2.81,-0.52
16:31:57:708,1.65,3.07,-0.20
16:31:57:744,1.20,3.14,0.87
16:31:57:796,1.86,2.75,0.53
16:31:57:814,2.23,2.16,-0.22
16:31:57:851,3.66,1.42,-0.52
16:31:57:870,5.47,0.28,-0.60
16:31:57:870,6.87,-0.97,-0.60
16:31:57:888,7.75,-1.95,-0.50
16:31:57:905,8.00,-2.03,-0.56
16:31:57:906,8.00,-1.87,-0.76
16:31:57:924,8.00,-1.79,-0.70
16:31:57:977,8.00,-2.17,-0.17
16:31:57:977,8.00,-1.69,-0.15
16:31:58:12,7.99,-0.75,-0.32
16:31:58:30,7.96,-1.39,-1.31
16:31:58:30,7.86,-2.26,-1.82
16:31:58:30,8.00,-2.49,-1.99
16:31:58:49,7.50,-3.42,-1.31
16:31:58:49,6.68,-3.78,-0.31
16:31:58:67,6.65,-4.48,-0.11
16:31:58:84,5.70,-7.99,-1.42
16:31:58:85,3.52,-7.91,-0.10
16:31:58:155,5.40,-3.51,0.28
16:31:58:172,5.19,-3.58,0.10
16:31:58:190,5.58,-2.96,-0.72
16:31:58:190,6.54,-2.53,-1.56
16:31:58:207,8.00,-1.09,-1.72
16:31:58:260,8.00,-0.26,-1.71
16:31:58:326,8.00,-0.18,-1.72
16:31:58:345,8.00,0.23,-2.00
16:31:58:380,8.00,0.23,-2.30
16:31:58:415,8.00,-0.04,-2.55
16:31:58:417,8.00,0.28,-2.09
16:31:58:417,7.53,0.35,-1.75
16:31:58:452,6.93,-0.07,-1.45
16:31:58:522,6.09,0.17,-1.31
16:31:58:522,5.56,0.31,-1.28
16:31:58:539,5.07,0.49,-1.27
16:31:58:540,4.69,0.42,-1.08
16:31:58:559,3.48,1.38,-0.96
16:31:58:559,2.45,1.93,-0.67
16:31:58:592,1.54,1.77,-0.40
16:31:58:609,1.25,1.38,0.08
16:31:58:694,1.44,1.15,0.25
16:31:58:694,1.67,0.77,0.24
16:31:58:727,2.79,0.19,0.29
16:31:58:727,4.25,-0.32,0.14
16:31:58:744,5.48,-0.90,-0.24
16:31:58:778,6.81,-1.46,-0.23
16:31:58:797,8.00,-1.75,-0.09
16:31:58:797,8.00,-1.92,-0.15
16:31:58:831,8.00,-1.74,0.03
16:31:58:901,8.00,-1.13,-0.28
16:31:58:901,8.00,-0.65,-0.86
16:31:58:920,7.22,-1.59,-0.96
16:31:58:920,6.16,-1.80,-0.72
16:31:58:937,5.23,-1.46,-1.43
16:31:58:954,5.47,-1.76,-2.24
16:31:58:954,5.72,-2.30,-2.33
16:31:58:972,5.47,-2.24,-2.17
16:31:59:41,4.94,-1.94,-2.09
16:31:59:41,4.61,-1.87,-2.17
16:31:59:58,4.07,-1.80,-1.99
16:31:59:76,3.88,-1.80,-1.81
16:31:59:76,4.05,-2.23,-1.60
16:31:59:93,4.21,-2.98,-1.18
16:31:59:129,3.82,-2.88,-0.93
16:31:59:147,3.75,-1.15,-0.50
16:31:59:182,5.41,0.22,0.93
16:31:59:285,6.78,1.62,2.14
16:31:59:286,5.97,3.40,2.13
16:31:59:303,5.51,3.03,2.04
16:31:59:321,5.25,3.23,2.62
16:31:59:338,4.54,3.39,1.93
16:31:59:391,4.06,3.14,1.59
16:31:59:425,3.67,3.62,1.46
16:31:59:425,3.54,2.62,0.29
16:31:59:442,4.29,1.81,-0.42
16:31:59:459,4.12,1.56,-0.58
16:31:59:460,3.90,1.03,-0.84
16:31:59:477,3.78,0.51,-1.10
16:31:59:512,4.44,0.44,-1.39
16:31:59:580,4.29,0.23,-1.70
16:31:59:598,4.28,-0.17,-1.77
16:31:59:616,3.92,-0.41,-1.66
16:31:59:616,3.97,-0.52,-1.50
16:31:59:632,3.60,-0.90,-1.31
16:31:59:652,3.87,-1.07,-1.04
16:31:59:668,4.84,-1.13,-0.83
16:31:59:686,4.67,-1.32,-0.52
16:31:59:703,4.07,-1.28,-0.37
16:31:59:757,3.68,-1.46,-0.12
16:31:59:774,3.61,-1.42,0.28
16:31:59:774,3.72,-1.27,0.51
16:31:59:809,3.80,-1.24,0.44
16:31:59:828,3.94,-1.07,0.28
16:31:59:844,3.95,-0.90,0.12
16:31:59:883,4.03,-0.88,0.05
16:31:59:953,3.92,-0.88,0.01
16:31:59:953,3.76,-0.86,-0.02
16:31:59:970,3.73,-0.96,-0.18
16:31:59:970,3.77,-1.14,-0.19
16:31:59:988,3.72,-1.13,-0.21
16:32:0:18,3.61,-1.09,-0.21
16:32:0:88,3.69,-1.09,-0.21
16:32:0:123,3.79,-0.98,-0.26
16:32:0:139,3.73,-0.98,-0.24
16:32:0:192,3.61,-1.02,-0.30
16:32:0:209,3.75,-1.23,-0.40
16:32:0:261,3.66,-1.37,-0.44
16:32:0:349,3.79,-1.50,-0.57
16:32:0:366,4.09,-1.61,-0.64
16:32:0:366,4.12,-1.67,-0.65
16:32:0:384,4.07,-1.77,-0.55
16:32:0:418,3.97,-1.73,-0.41
16:32:0:418,3.78,-1.57,-0.41
16:32:0:487,3.87,-1.50,-0.37
16:32:0:521,4.09,-1.43,-0.36
16:32:0:556,3.80,-1.26,-0.49
16:32:0:557,3.81,-1.06,-0.44
16:32:0:591,3.80,-0.92,-0.36
16:32:0:643,3.66,-0.80,-0.39
16:32:0:695,3.49,-0.76,-0.38
16:32:0:746,3.37,-0.82,-0.42
16:32:0:765,3.36,-0.88,-0.39
16:32:0:782,3.46,-0.92,-0.42
16:32:0:817,3.64,-0.84,-0.46
16:32:0:871,3.60,-0.66,-0.53
16:32:0:871,3.66,-0.63,-0.53
16:32:0:889,4.05,-0.62,-0.45
16:32:0:907,4.27,-0.55,-0.63
16:32:0:961,4.39,-0.67,-0.53
16:32:0:961,4.16,-0.86,-0.59
16:32:0:961,3.88,-1.28,-0.48
16:32:1:26,4.04,-1.70,-0.12
16:32:1:43,4.43,-2.00,0.43
16:32:1:60,4.67,-1.79,0.50
16:32:1:60,4.76,-1.07,0.16
16:32:1:78,4.47,-0.46,-0.09
16:32:1:95,4.17,-0.18,-0.02
16:32:1:112,4.01,-0.15,0.10
16:32:1:113,3.99,-0.28,0.16
16:32:1:113,3.97,-0.29,0.07
16:32:1:149,3.90,-0.46,-0.15
16:32:1:200,3.90,-0.54,-0.30
16:32:1:236,3.87,-0.55,-0.43
16:32:1:236,3.90,-0.51,-0.52
16:32:1:253,3.91,-0.56,-0.52
16:32:1:307,3.81,-0.65,-0.49
16:32:1:307,3.82,-0.76,-0.44
16:32:1:323,3.78,-0.86,-0.38
16:32:1:344,3.77,-0.79,-0.32
16:32:1:397,3.79,-0.70,-0.21
16:32:1:397,3.91,-0.57,-0.11
16:32:1:415,3.96,-0.47,-0.05
16:32:1:486,4.11,-0.40,0.03
16:32:1:503,4.13,-0.41,0.00
16:32:1:557,4.12,-0.49,0.01
16:32:1:591,4.08,-0.66,0.08
16:32:1:606,4.03,-0.80,0.06
16:32:1:622,3.98,-0.89,0.09
16:32:1:622,3.93,-0.89,0.04
16:32:1:657,3.92,-0.85,-0.04
16:32:1:675,3.94,-0.82,-0.06
16:32:1:675,3.96,-0.81,-0.16
16:32:1:694,4.00,-0.84,-0.21
16:32:1:746,4.00,-0.88,-0.26
16:32:1:746,3.97,-0.91,-0.29
16:32:1:781,3.94,-0.93,-0.29
16:32:1:782,3.91,-0.91,-0.30
16:32:1:799,3.94,-0.87,-0.31
16:32:1:799,3.95,-0.85,-0.30
16:32:1:834,3.95,-0.82,-0.24
16:32:1:834,3.97,-0.79,-0.22
16:32:1:834,3.97,-0.78,-0.18
16:32:1:851,3.97,-0.76,-0.18
16:32:1:938,3.99,-0.75,-0.14
16:32:1:938,3.99,-0.73,-0.11
16:32:1:955,4.00,-0.67,-0.06
16:32:1:990,3.98,-0.64,-0.06
16:32:1:991,3.96,-0.61,-0.05
16:32:1:991,4.05,-0.64,-0.07
16:32:2:26,4.06,-0.80,-0.00
16:32:2:75,4.06,-0.99,0.06
16:32:2:109,4.15,-1.25,0.10
16:32:2:161,3.99,-1.48,-0.01
16:32:2:198,4.16,-1.64,0.14
16:32:2:199,4.06,-1.65,0.34
16:32:2:218,3.95,-1.74,0.64
16:32:2:286,4.00,-1.86,0.61
16:32:2:304,4.16,-2.05,0.56
16:32:2:321,4.09,-2.01,0.48
16:32:2:338,3.97,-1.80,0.38
16:32:2:355,3.99,-1.59,0.39
16:32:2:373,4.02,-1.19,0.46
16:32:2:408,3.81,-0.74,0.34
16:32:2:461,3.51,0.22,0.50
16:32:2:478,3.27,0.67,0.43
16:32:2:478,3.20,0.16,-0.05
16:32:2:497,3.03,-0.04,-0.27
16:32:2:551,3.24,-0.17,-0.47
16:32:2:551,3.94,0.05,-0.48
16:32:2:587,4.29,0.42,-0.34
16:32:2:639,4.27,0.43,-0.46
16:32:2:709,4.20,1.03,-0.41
16:32:2:726,4.18,1.27,-0.33
16:32:2:779,4.75,1.59,-0.19
16:32:2:866,4.77,1.58,-0.26
16:32:2:866,4.99,1.06,-0.47
16:32:2:884,5.29,0.89,-0.43
16:32:2:902,5.54,0.67,-0.46
16:32:2:937,5.60,0.27,-0.41
16:32:2:972,5.80,-0.05,-0.39
16:32:3:25,5.72,0.09,-0.40
16:32:3:42,5.89,-0.30,-0.37
16:32:3:62,5.90,-0.60,-0.14
16:32:3:78,5.54,-0.95,-0.15
16:32:3:78,5.57,-1.48,-0.10
16:32:3:79,5.36,-1.77,0.02
16:32:3:79,5.14,-2.19,0.10
16:32:3:97,4.92,-2.18,0.18
16:32:3:97,4.63,-2.03,0.18
16:32:3:97,4.65,-2.04,0.16
16:32:3:114,4.64,-1.94,0.12
16:32:3:184,4.93,-1.94,0.29
16:32:3:217,4.74,-1.96,0.58
16:32:3:236,4.78,-1.87,0.46
16:32:3:269,5.24,-1.84,0.34
16:32:3:308,5.79,-1.60,0.06
16:32:3:308,6.75,-1.21,-0.54
16:32:3:326,7.89,-0.86,-1.14
16:32:3:381,8.00,-0.32,-1.38
16:32:3:416,8.00,-0.08,-1.54
16:32:3:434,7.92,-0.00,-1.46
16:32:3:434,7.07,0.40,-0.89
16:32:3:467,6.74,0.01,-0.69
16:32:3:468,6.12,-0.39,-0.57
16:32:3:486,5.33,-0.93,-0.28
16:32:3:556,4.92,-1.11,-0.73
16:32:3:590,5.32,-0.93,-0.81
16:32:3:590,5.00,-0.55,-0.54
16:32:3:624,4.29,0.00,-0.42
16:32:3:641,3.65,0.18,-0.20
16:32:3:659,3.20,0.55,-0.19
16:32:3:711,2.50,1.16,-0.11
16:32:3:728,1.74,1.88,-0.18
16:32:3:746,1.81,1.77,-0.02
16:32:3:781,2.24,1.78,0.26
16:32:3:781,4.16,1.69,0.18
16:32:3:799,5.23,1.47,-0.59
16:32:3:799,6.46,0.99,-1.22
16:32:3:817,8.00,0.58,-1.69
16:32:3:835,8.00,-0.16,-1.56
16:32:3:923,8.00,-0.31,-1.38
16:32:3:923,8.00,-0.92,-1.47
16:32:3:940,8.00,-1.44,-1.29
16:32:3:958,8.00,-1.19,-1.32
16:32:3:976,8.00,-1.26,-1.58
16:32:3:976,8.00,-1.48,-1.65
16:32:3:976,8.00,-2.00,-1.63
16:32:3:992,7.49,-2.47,-1.57
16:32:4:10,6.90,-2.72,-1.42
16:32:4:10,6.87,-3.70,-1.07
16:32:4:45,6.52,-6.04,-1.36
16:32:4:83,4.92,-6.75,-0.20
16:32:4:83,5.39,-5.74,0.26
16:32:4:135,4.86,-5.92,0.39
16:32:4:171,5.58,-4.89,0.27
16:32:4:171,6.15,-3.79,-0.21
16:32:4:188,7.85,-2.80,-0.85
16:32:4:240,8.00,-1.13,-1.44
16:32:4:273,8.00,-0.16,-2.14
16:32:4:292,8.00,0.20,-2.72
16:32:4:309,8.00,0.34,-2.97
16:32:4:326,8.00,-0.06,-2.82
16:32:4:326,8.00,0.01,-2.66
16:32:4:360,8.00,0.51,-2.12
16:32:4:379,8.00,0.17,-1.72
16:32:4:379,7.92,0.42,-1.74
16:32:4:415,6.74,1.08,-1.07
16:32:4:467,5.65,0.86,-1.24
16:32:4:467,5.16,0.68,-1.25
16:32:4:484,4.62,1.29,-0.30
16:32:4:501,3.29,2.90,0.24
16:32:4:518,1.62,4.48,0.12
16:32:4:535,0.94,3.39,0.76
16:32:4:535,1.95,3.92,0.74
16:32:4:552,2.93,2.35,0.04
16:32:4:621,4.52,1.61,-0.44
16:32:4:638,6.27,0.94,-1.03
16:32:4:638,7.57,-0.14,-0.65
16:32:4:656,8.00,-0.68,-0.81
16:32:4:674,8.00,-0.84,-1.18
16:32:4:674,8.00,-0.28,-1.54
16:32:4:674,8.00,-0.26,-1.65
16:32:4:726,8.00,-0.08,-0.94
16:32:4:744,8.00,0.17,-1.36
16:32:4:762,8.00,-0.81,-1.55
16:32:4:833,8.00,-1.07,-1.87
16:32:4:851,8.00,-1.87,-2.47
16:32:4:851,8.00,-3.04,-2.54
16:32:4:883,8.00,-2.15,-2.27
16:32:4:883,8.00,-3.50,-2.45
16:32:4:883,7.85,-7.09,-3.41
16:32:4:899,5.42,-8.00,-1.52
16:32:4:932,4.93,-6.24,-1.08
16:32:4:986,4.47,-5.24,-0.49
16:32:4:986,4.63,-4.90,-0.01
16:32:5:4,4.98,-3.84,-0.39
16:32:5:4,6.03,-3.05,-1.04
16:32:5:21,7.70,-2.43,-1.74
16:32:5:41,8.00,-1.05,-2.16
16:32:5:41,8.00,0.14,-2.14
16:32:5:58,8.00,0.58,-2.20
16:32:5:113,8.00,0.71,-2.16
16:32:5:148,8.00,-0.14,-2.42
16:32:5:166,8.00,-0.04,-2.07
16:32:5:166,8.00,0.45,-1.83
16:32:5:183,8.00,0.02,-1.66
16:32:5:221,7.47,0.02,-1.62
16:32:5:236,6.66,0.07,-1.79
16:32:5:257,5.98,0.75,-0.99
16:32:5:290,5.24,1.69,-0.22
16:32:5:343,4.05,2.53,0.04
16:32:5:343,2.06,4.69,-0.48
16:32:5:378,0.70,4.00,-0.08
16:32:5:414,2.14,3.41,0.11
16:32:5:431,2.32,2.73,-0.45
16:32:5:431,3.66,1.37,-0.79
16:32:5:465,5.57,0.96,-1.37
16:32:5:516,7.05,0.59,-1.66
16:32:5:534,8.00,-0.86,-1.20
16:32:5:552,8.00,-1.20,-1.14
16:32:5:600,8.00,-1.00,-1.41
16:32:5:600,8.00,-0.94,-1.72
16:32:5:618,8.00,-1.10,-1.04
16:32:5:653,8.00,-0.48,-0.35
16:32:5:671,8.00,0.50,-0.36
16:32:5:753,8.00,-0.05,-0.90
16:32:5:772,8.00,-1.24,-1.87
16:32:5:772,8.00,-2.35,-1.84
16:32:5:790,8.00,-2.92,-1.86
16:32:5:806,7.93,-2.63,-1.24
16:32:5:806,7.88,-3.82,-0.28
16:32:5:824,7.15,-5.89,-0.67
16:32:5:895,3.17,-8.00,0.24
16:32:5:949,5.74,-5.70,0.28
16:32:5:950,5.11,-7.02,-0.12
16:32:5:950,5.75,-5.34,-0.70
16:32:5:967,7.20,-3.97,-1.29
16:32:5:985,8.00,-2.88,-1.91
16:32:6:56,8.00,-1.60,-2.53
16:32:6:56,8.00,-0.42,-2.94
16:32:6:90,8.00,0.19,-3.27
16:32:6:123,8.00,0.49,-3.26
16:32:6:125,8.00,0.18,-3.17
16:32:6:159,8.00,0.35,-2.61
16:32:6:176,8.00,0.63,-2.22
16:32:6:176,7.67,0.18,-1.96
16:32:6:176,7.06,0.06,-1.98
16:32:6:213,6.33,-0.10,-2.14
16:32:6:246,5.61,0.33,-1.85
16:32:6:264,4.69,1.18,-1.12
16:32:6:281,4.17,1.65,-0.60
16:32:6:299,2.87,2.35,-0.74
16:32:6:317,0.52,3.84,-0.34
16:32:6:334,0.10,3.50,0.83
16:32:6:370,1.46,2.72,0.98
16:32:6:427,2.14,2.79,0.57
16:32:6:427,3.61,1.81,0.22
16:32:6:443,5.85,0.50,0.20
16:32:6:460,7.54,-0.34,-0.12
16:32:6:478,7.86,-0.05,-0.56
16:32:6:496,8.00,-1.03,-0.52
16:32:6:533,8.00,-1.88,-0.56
16:32:6:569,8.00,-1.80,0.75
16:32:6:587,8.00,-0.32,0.85
16:32:6:642,8.00,-0.43,0.11
16:32:6:677,8.00,-1.90,0.47
16:32:6:677,8.00,-2.34,0.47
16:32:6:694,8.00,-3.54,-0.30
16:32:6:730,7.03,-5.17,0.59
16:32:6:799,5.38,-3.86,-0.61
16:32:6:816,6.25,-3.55,0.24
16:32:6:816,6.12,-3.57,0.01
16:32:6:836,5.32,-4.95,-0.26
16:32:6:853,5.32,-6.13,-0.08
16:32:6:853,5.99,-5.55,-0.27
16:32:6:871,6.93,-3.64,-0.77
16:32:6:888,7.01,-2.02,-1.00
16:32:6:908,6.89,-1.81,-1.21
16:32:6:961,6.96,-1.31,-2.16
16:32:6:979,6.95,-0.60,-3.48
16:32:6:979,7.16,-1.03,-4.63
16:32:7:15,5.68,0.14,-6.23
16:32:7:33,5.24,0.77,-5.97
16:32:7:51,4.44,0.66,-5.25
16:32:7:69,3.57,0.20,-5.17
16:32:7:157,3.03,0.30,-4.65
16:32:7:193,3.00,0.21,-4.00
16:32:7:211,3.09,-0.36,-3.54
16:32:7:211,3.11,-0.77,-3.14
16:32:7:244,3.35,-1.02,-3.22
16:32:7:264,3.90,-0.69,-2.79
16:32:7:331,4.07,-0.36,-2.12
16:32:7:385,4.21,-0.12,-1.86
16:32:7:404,3.93,0.36,-1.51
16:32:7:474,4.01,0.33,-1.28
16:32:7:544,4.72,0.19,-0.75
16:32:7:578,5.21,0.42,-0.24
16:32:7:578,4.63,0.48,-0.44
16:32:7:595,5.13,0.14,-0.20
16:32:7:596,4.10,0.13,0.16
16:32:7:631,4.13,0.40,0.50
16:32:7:650,4.41,0.84,0.63
16:32:7:703,4.51,1.29,0.55
16:32:7:738,4.61,1.15,0.40
16:32:7:738,4.85,0.69,0.29
16:32:7:755,4.77,0.64,0.14
16:32:7:772,4.61,0.51,0.40
16:32:7:792,4.23,0.27,0.62
16:32:7:826,3.90,0.11,0.50
16:32:7:860,3.90,-0.10,0.41
16:32:7:895,3.97,-0.22,0.40
16:32:7:912,3.91,-0.28,0.38
16:32:7:913,3.73,-0.39,0.46
16:32:7:948,3.70,-0.55,0.49
16:32:7:966,3.65,-0.55,0.62
16:32:7:983,3.73,-0.67,0.70
16:32:8:0,3.66,-0.67,0.68
16:32:8:52,3.61,-0.64,0.54
16:32:8:70,3.63,-0.55,0.46
16:32:8:70,3.62,-0.45,0.38
16:32:8:105,3.60,-0.52,0.18
16:32:8:156,3.87,-0.66,0.10
16:32:8:158,3.94,-0.66,-0.06
16:32:8:228,3.92,-0.67,-0.21
16:32:8:245,3.78,-0.50,-0.40
16:32:8:263,4.02,-0.32,-0.42
16:32:8:263,4.32,-0.10,-0.61
16:32:8:281,4.54,0.02,-0.76
16:32:8:298,4.31,0.16,-0.81
16:32:8:317,4.31,0.34,-1.03
16:32:8:334,4.23,0.97,-1.19
16:32:8:335,4.22,0.92,-1.45
16:32:8:388,4.04,0.97,-1.51
16:32:8:405,3.96,1.07,-1.42
16:32:8:426,3.79,1.33,-1.25
16:32:8:496,3.87,0.90,-1.24
16:32:8:514,3.81,0.52,-1.16
16:32:8:514,3.73,0.16,-0.92
16:32:8:621,3.67,-0.01,-0.76
16:32:8:639,3.71,0.11,-0.63
16:32:8:639,3.85,0.78,-0.53
16:32:8:639,4.59,0.50,-0.25
16:32:8:657,4.79,0.03,0.19
16:32:8:692,4.85,0.12,0.72
16:32:8:766,4.70,-0.12,1.15
16:32:8:783,4.63,-0.40,1.53
16:32:8:801,4.86,-0.90,1.33
16:32:8:801,4.68,-1.02,0.49
16:32:8:819,4.62,-0.97,-0.11
16:32:8:853,4.42,0.15,0.21
16:32:8:871,4.48,-0.31,0.08
16:32:8:887,4.21,-0.57,-0.18
16:32:8:888,4.03,-0.73,-0.30
16:32:8:957,3.90,-0.76,-0.39
16:32:8:975,3.95,-0.74,-0.40
16:32:8:993,3.89,-0.68,-0.45
16:32:9:27,3.87,-0.61,-0.53
16:32:9:27,3.82,-0.49,-0.55
16:32:9:81,3.81,-0.46,-0.59
16:32:9:169,3.85,-0.46,-0.60
16:32:9:171,3.76,-0.51,-0.55
16:32:9:189,3.72,-0.56,-0.44
16:32:9:206,3.74,-0.58,-0.38
16:32:9:276,3.83,-0.59,-0.31
16:32:9:329,3.91,-0.59,-0.26
16:32:9:329,4.00,-0.54,-0.15
16:32:9:361,4.02,-0.53,-0.13
16:32:9:413,4.11,-0.52,-0.05
16:32:9:414,4.05,-0.58,0.00
16:32:9:484,4.07,-0.64,-0.01
16:32:9:484,4.08,-0.67,-0.07
16:32:9:519,4.07,-0.71,-0.13
16:32:9:536,4.03,-0.74,-0.16
16:32:9:572,4.01,-0.73,-0.22
16:32:9:589,4.00,-0.77,-0.24
16:32:9:589,3.97,-0.77,-0.31
16:32:9:605,3.97,-0.84,-0.34
16:32:9:710,3.96,-0.86,-0.33
16:32:9:710,3.96,-0.82,-0.37
16:32:9:729,3.94,-0.81,-0.36
16:32:9:729,3.96,-0.76,-0.28
16:32:9:747,3.99,-0.75,-0.27
16:32:9:747,3.94,-0.75,-0.26
16:32:9:765,3.99,-0.72,-0.28
16:32:9:765,4.00,-0.71,-0.21
16:32:9:765,4.04,-0.67,-0.19
16:32:9:783,4.01,-0.64,-0.18
16:32:9:853,4.00,-0.64,-0.17
16:32:9:873,3.99,-0.66,-0.17
16:32:9:890,3.97,-0.64,-0.15
16:32:9:943,3.95,-0.68,-0.17
16:32:10:31,3.93,-0.68,-0.19
16:32:10:49,3.93,-0.67,-0.18
16:32:10:66,3.92,-0.66,-0.20
16:32:10:66,3.93,-0.67,-0.23
16:32:10:83,3.95,-0.65,-0.24
16:32:10:99,3.95,-0.69,-0.25
16:32:10:127,3.93,-0.67,-0.28
16:32:10:153,3.92,-0.69,-0.27
16:32:10:224,3.91,-0.70,-0.27
16:32:10:267,3.91,-0.69,-0.29
16:32:10:290,3.88,-0.70,-0.26
16:32:10:328,3.88,-0.70,-0.27
16:32:10:328,3.90,-0.71,-0.25
16:32:10:380,3.93,-0.70,-0.25
16:32:10:415,3.95,-0.72,-0.24
16:32:10:415,4.00,-0.75,-0.25
16:32:10:415,3.98,-0.77,-0.21
16:32:10:415,4.11,-0.82,-0.21
16:32:10:435,4.03,-0.87,-0.21
16:32:10:452,4.01,-0.93,-0.22
16:32:10:469,3.92,-1.00,-0.19
16:32:10:504,4.00,-1.10,-0.04
16:32:10:577,4.13,-1.14,0.11
16:32:10:663,4.12,-1.01,-0.03
16:32:10:751,4.21,-0.96,-0.00
16:32:10:770,4.30,-1.04,0.05
16:32:10:770,4.11,-1.10,0.00
16:32:10:785,4.12,-1.13,0.01
16:32:10:806,3.94,-0.85,0.13
16:32:10:806,3.95,-0.28,0.37
16:32:10:806,3.92,0.08,0.42
16:32:10:806,3.54,0.66,0.35
16:32:10:823,3.87,1.09,0.27
16:32:10:840,3.95,1.36,-0.30
16:32:10:902,3.90,1.77,-0.58
16:32:10:937,4.22,1.98,-0.57
16:32:10:937,4.56,1.80,-0.82
16:32:10:975,4.76,1.57,-0.98
16:32:10:975,4.99,1.35,-1.07
16:32:10:975,5.33,0.99,-1.07
16:32:11:9,5.58,0.88,-1.05
16:32:11:44,5.79,0.70,-1.24
16:32:11:44,5.89,0.26,-1.50
16:32:11:44,5.58,-0.12,-1.45
16:32:11:44,5.62,-0.80,-1.44
16:32:11:44,5.36,-1.28,-1.21
16:32:11:44,5.02,-1.47,-0.91
16:32:11:62,4.46,-1.38,-0.48
16:32:11:170,4.66,-1.49,-0.45
16:32:11:170,4.87,-1.70,-0.31
16:32:11:188,4.70,-2.13,-0.07
16:32:11:222,4.99,-2.86,0.22
16:32:11:222,4.85,-3.15,0.02
16:32:11:222,4.47,-3.69,-0.43
16:32:11:257,4.30,-4.11,-0.58
16:32:11:293,4.79,-3.57,-0.53
16:32:11:293,5.44,-2.73,-0.64
16:32:11:328,6.25,-2.17,-0.72
16:32:11:346,7.06,-1.74,-0.98
16:32:11:363,8.00,-0.98,-1.42
16:32:11:381,8.00,-0.16,-1.80
16:32:11:397,8.00,0.46,-1.98
16:32:11:397,8.00,0.46,-2.22
16:32:11:397,8.00,0.35,-2.10
16:32:11:467,7.94,0.66,-1.92
16:32:11:537,7.01,0.63,-1.71
16:32:11:608,6.65,0.24,-1.51
16:32:11:715,6.28,0.02,-1.52
16:32:11:734,5.65,0.20,-1.59
16:32:11:751,4.94,0.22,-1.39
16:32:11:785,4.61,0.66,-1.15
16:32:11:906,4.30,0.73,-0.97
16:32:11:924,3.64,0.89,-0.59
16:32:11:942,2.72,1.57,-0.13
16:32:11:994,2.14,1.97,0.08
16:32:12:64,2.04,1.39,0.44
16:32:12:64,2.49,2.03,0.60
16:32:12:79,2.87,1.76,0.23
16:32:12:96,4.54,1.15,0.05
16:32:12:96,6.30,0.44,0.02
16:32:12:96,6.29,0.50,-0.14
16:32:12:96,6.77,0.16,-0.45
16:32:12:96,7.18,-0.12,-0.71
16:32:12:202,7.67,-0.31,-0.93
16:32:12:202,7.96,-0.60,-0.89
16:32:12:202,7.99,-0.68,-0.57
16:32:12:202,7.82,-0.61,-0.39
16:32:12:255,7.85,-0.33,-0.67
16:32:12:272,7.86,-0.81,-1.04
16:32:12:310,8.00,-1.57,-1.47
16:32:12:328,8.00,-2.19,-1.26
16:32:12:417,7.63,-2.68,-0.91
16:32:12:436,7.28,-3.71,-1.27
16:32:12:436,6.68,-5.25,-1.30
16:32:12:436,5.40,-6.86,-0.71
16:32:12:454,5.76,-4.75,-0.36
16:32:12:472,4.76,-4.40,0.08
16:32:12:472,4.82,-5.18,0.04
16:32:12:472,4.98,-4.15,-0.17
16:32:12:472,5.61,-3.24,-0.75
16:32:12:490,7.07,-2.67,-1.25
16:32:12:561,8.00,-1.56,-1.83
16:32:12:580,8.00,0.12,-2.26
16:32:12:597,8.00,0.65,-2.42
16:32:12:597,8.00,0.46,-2.58
16:32:12:597,8.00,0.39,-2.47
16:32:12:597,8.00,-0.01,-2.09
16:32:12:615,8.00,0.31,-1.76
16:32:12:615,8.00,0.03,-1.42
16:32:12:615,7.20,-0.01,-1.24
16:32:12:615,5.63,0.72,-0.95
16:32:12:652,4.95,0.77,-0.52
16:32:12:652,4.70,1.24,-0.63
16:32:12:722,3.99,1.26,-0.53
16:32:12:723,3.62,2.24,-0.39
16:32:12:723,2.42,3.71,-0.28
16:32:12:723,0.87,4.08,-0.40
16:32:12:741,1.42,3.34,-0.06
16:32:12:759,2.17,3.08,-0.11
16:32:12:759,3.51,2.16,-0.31
16:32:12:777,5.78,1.36,-0.77
16:32:12:794,7.52,0.80,-1.06
16:32:12:794,8.00,0.34,-1.25
16:32:12:794,8.00,0.34,-1.78
16:32:12:812,8.00,-0.17,-2.28
16:32:12:812,8.00,-0.51,-2.16
16:32:12:848,8.00,-0.73,-1.81
16:32:12:901,8.00,-0.63,-1.30
16:32:12:918,8.00,-0.46,-1.26
16:32:12:936,8.00,-0.74,-1.35
16:32:12:936,8.00,-2.58,-2.30
16:32:12:970,8.00,-2.99,-2.26
16:32:12:970,8.00,-2.72,-1.61
16:32:12:970,8.00,-3.98,-0.84
16:32:13:4,6.74,-5.67,-0.37
16:32:13:22,5.93,-5.29,0.16
16:32:13:22,5.09,-5.79,0.03
16:32:13:75,4.69,-5.92,-0.48
16:32:13:110,5.41,-5.11,-0.43
16:32:13:165,5.42,-3.73,-0.37
16:32:13:184,6.56,-2.78,-0.51
16:32:13:237,7.88,-1.87,-1.00
16:32:13:255,8.00,-1.22,-1.69
16:32:13:291,8.00,-0.63,-2.22
16:32:13:311,8.00,0.29,-2.18
16:32:13:329,8.00,0.58,-2.50
16:32:13:344,8.00,-0.43,-3.06
16:32:13:347,8.00,0.62,-2.61
16:32:13:403,8.00,0.54,-2.14
16:32:13:455,8.00,0.36,-2.13
16:32:13:473,7.58,0.22,-2.12
16:32:13:511,7.22,0.24,-2.00
16:32:13:546,6.63,1.01,-1.47
16:32:13:635,5.26,1.48,-1.28
16:32:13:652,4.13,1.13,-0.82
16:32:13:670,2.85,1.83,-0.05
16:32:13:689,1.16,3.96,0.62
16:32:13:707,1.17,3.16,0.76
16:32:13:725,1.67,3.31,0.53
16:32:13:743,2.76,2.19,-0.02
16:32:13:795,4.48,1.40,-0.62
16:32:13:812,6.11,1.30,-0.93
16:32:13:812,7.35,0.39,-1.14
16:32:13:881,8.00,-0.81,-1.12
16:32:13:881,8.00,-1.04,-1.21
16:32:13:900,8.00,-0.81,-1.42
16:32:13:900,8.00,-0.73,-1.43
16:32:13:901,8.00,-0.77,-0.96
16:32:13:918,8.00,-0.33,-0.62
16:32:13:918,8.00,-0.38,-0.90
16:32:13:937,8.00,-1.17,-1.13
16:32:13:955,8.00,-2.05,-1.43
16:32:14:7,8.00,-2.68,-1.54
16:32:14:42,8.00,-2.96,-1.42
16:32:14:42,7.70,-3.20,-1.11
16:32:14:77,6.98,-4.20,-0.82
16:32:14:96,4.96,-6.01,-0.94
16:32:14:96,4.60,-5.27,0.27
16:32:14:167,4.96,-4.91,0.32
16:32:14:187,4.87,-4.13,-0.02
16:32:14:204,5.24,-3.08,-0.38
16:32:14:221,5.94,-2.56,-0.71
16:32:14:258,6.90,-1.85,-1.01
16:32:14:296,8.00,-1.03,-1.40
16:32:14:313,8.00,-0.23,-1.74
16:32:14:362,8.00,0.23,-1.65
16:32:14:382,8.00,0.37,-1.79
16:32:14:400,8.00,0.39,-1.71
16:32:14:417,8.00,-0.07,-1.87
16:32:14:434,8.00,0.42,-2.08
16:32:14:488,7.69,0.08,-1.64
16:32:14:522,7.18,-0.15,-1.14
16:32:14:522,6.31,0.28,-1.19
16:32:14:540,5.79,0.84,-0.81
16:32:14:608,5.16,1.28,-0.18
16:32:14:609,4.23,1.29,-0.24
16:32:14:609,2.74,2.21,-0.07
16:32:14:627,1.44,2.54,0.38
16:32:14:627,2.25,2.62,0.62
16:32:14:644,2.32,1.82,0.44
16:32:14:644,3.01,1.06,0.20
16:32:14:712,4.40,0.90,-0.24
16:32:14:729,5.63,0.53,-0.68
16:32:14:729,7.42,-0.27,-0.88
16:32:14:764,8.00,-0.39,-0.95
16:32:14:781,8.00,-0.64,-1.13
16:32:14:781,8.00,-0.74,-1.45
16:32:14:799,8.00,-0.89,-1.20
16:32:14:883,8.00,-0.75,-0.79
16:32:14:885,8.00,-1.07,-0.86
16:32:14:904,7.52,-1.26,-1.02
16:32:14:921,6.42,-1.70,-1.43
16:32:14:921,5.65,-2.24,-2.00
16:32:14:921,5.13,-2.00,-2.59
16:32:14:957,6.03,-1.71,-2.52
16:32:14:975,5.89,-1.60,-2.26
16:32:14:993,5.21,-1.54,-2.21
16:32:15:10,4.70,-1.53,-2.28
16:32:15:97,4.29,-2.11,-2.62
16:32:15:116,4.14,-2.80,-2.59
16:32:15:116,3.68,-3.75,-2.43
16:32:15:151,2.03,-3.91,-2.13
16:32:15:169,2.96,-2.38,-1.27
16:32:15:186,3.99,-0.61,-0.85
16:32:15:273,6.73,1.01,1.17
16:32:15:309,7.44,1.80,1.77
16:32:15:326,6.44,2.00,1.37
16:32:15:344,6.61,2.06,2.14
16:32:15:344,6.02,2.09,2.86
16:32:15:362,5.52,2.58,2.73
16:32:15:362,4.80,2.30,2.46
16:32:15:400,4.50,1.69,2.26
16:32:15:471,4.45,1.88,1.81
16:32:15:471,4.26,1.61,1.17
16:32:15:489,4.24,1.71,0.63
16:32:15:506,4.31,1.73,-0.34
16:32:15:524,4.18,1.25,-1.11
16:32:15:541,4.20,0.61,-1.50
16:32:15:630,4.18,0.08,-1.69
16:32:15:649,4.12,-0.40,-1.78
16:32:15:666,3.91,-0.85,-1.89
16:32:15:666,3.62,-0.74,-2.01
16:32:15:684,4.49,-0.93,-2.19
16:32:15:701,4.39,-1.57,-1.83
16:32:15:768,4.32,-2.02,-1.09
16:32:15:802,4.23,-2.02,-0.57
16:32:15:820,4.13,-2.01,-0.01
16:32:15:857,4.08,-2.00,0.37
16:32:15:857,3.87,-1.30,0.48
16:32:15:891,3.70,-0.75,0.29
16:32:15:891,3.67,-0.75,0.14
16:32:15:926,3.66,-0.88,0.18
16:32:15:979,3.68,-0.96,0.12
16:32:15:996,3.44,-0.91,-0.00
16:32:16:14,3.41,-0.87,-0.25
16:32:16:14,3.40,-1.00,-0.39
16:32:16:49,3.42,-1.20,-0.48
16:32:16:66,3.27,-1.38,-0.51
16:32:16:83,3.13,-1.46,-0.54
16:32:16:117,3.03,-1.51,-0.64
16:32:16:152,3.21,-1.82,-0.67
16:32:16:152,3.75,-2.01,-0.77
16:32:16:170,4.23,-2.02,-0.87
16:32:16:186,4.33,-1.96,-0.80
16:32:16:203,4.15,-1.97,-0.69
16:32:16:220,3.92,-1.94,-0.54
16:32:16:238,3.87,-1.67,-0.45
16:32:16:255,3.97,-1.39,-0.42
16:32:16:292,3.76,-1.25,-0.39
16:32:16:292,3.88,-1.13,-0.29
16:32:16:325,3.74,-1.10,-0.36
16:32:16:343,3.82,-0.94,-0.41
16:32:16:361,3.68,-0.79,-0.50
16:32:16:380,3.63,-0.74,-0.55
16:32:16:396,3.62,-0.83,-0.49
16:32:16:397,3.65,-0.83,-0.49
16:32:16:480,3.71,-0.80,-0.56
16:32:16:516,3.61,-0.68,-0.67
16:32:16:551,4.03,-0.70,-0.75
16:32:16:586,4.51,-0.66,-0.76
16:32:16:621,4.36,-0.69,-0.73
16:32:16:621,4.07,-0.89,-0.65
16:32:16:637,3.92,-1.09,-0.46
16:32:16:712,3.88,-1.20,-0.28
16:32:16:712,3.81,-1.20,-0.20
16:32:16:730,3.97,-1.10,-0.11
16:32:16:747,4.10,-0.89,-0.05
16:32:16:765,4.13,-0.84,-0.01
16:32:16:765,4.12,-0.54,0.03
16:32:16:782,4.23,-0.51,-0.12
16:32:16:800,4.17,-0.69,-0.20
16:32:16:800,4.07,-0.79,-0.30
16:32:16:872,3.94,-0.91,-0.34
16:32:16:891,3.88,-0.91,-0.36
16:32:16:907,3.88,-0.82,-0.34
16:32:16:908,3.90,-0.74,-0.32
16:32:16:926,3.97,-0.76,-0.31
16:32:16:941,3.99,-0.77,-0.32
16:32:16:941,3.99,-0.76,-0.36
16:32:16:959,4.05,-0.70,-0.40
16:32:17:31,4.11,-0.57,-0.41
16:32:17:46,3.99,-0.64,-0.34
16:32:17:66,3.89,-0.71,-0.28
16:32:17:119,3.76,-0.77,-0.28
16:32:17:137,3.68,-0.79,-0.25
16:32:17:137,3.65,-0.79,-0.24
16:32:17:155,3.78,-0.75,-0.17
16:32:17:190,3.93,-0.71,-0.15
16:32:17:244,4.03,-0.67,-0.17
16:32:17:244,4.09,-0.67,-0.17
16:32:17:277,4.17,-0.67,-0.26
16:32:17:280,4.11,-0.75,-0.21
16:32:17:298,4.01,-0.83,-0.16
16:32:17:298,3.98,-0.81,-0.12
16:32:17:332,3.92,-0.81,-0.04
16:32:17:402,3.76,-0.90,-0.03
16:32:17:402,3.99,-1.14,0.03
16:32:17:436,4.15,-1.16,0.08
16:32:17:436,4.13,-1.17,0.03
16:32:17:454,4.07,-1.44,-0.00
16:32:17:471,3.98,-1.59,-0.19
16:32:17:472,3.94,-1.71,-0.36
16:32:17:507,3.96,-1.62,-0.34
16:32:17:523,4.01,-1.22,-0.26
16:32:17:575,3.92,-0.99,-0.09
16:32:17:593,3.93,-0.77,0.06
16:32:17:593,4.02,-0.38,0.13
16:32:17:681,3.62,-0.15,0.03
16:32:17:732,3.76,-0.03,0.20
16:32:17:732,3.78,0.47,0.01
16:32:17:801,3.82,0.94,-0.34
16:32:17:836,3.90,1.09,-0.43
16:32:17:907,4.07,1.09,-0.31
16:32:17:959,4.16,0.86,-0.17
16:32:17:976,4.26,0.53,-0.09
16:32:17:994,4.33,0.30,-0.14
16:32:18:12,4.65,0.30,-0.20
16:32:18:30,4.46,0.52,-0.35
16:32:18:49,4.61,0.43,-0.59
16:32:18:119,4.89,0.31,-0.70
16:32:18:191,4.60,0.19,-0.60
16:32:18:208,4.74,-0.19,-0.52
16:32:18:225,4.76,-0.19,-0.33
16:32:18:242,5.19,-0.40,-0.33
16:32:18:277,5.45,-0.51,-0.29
16:32:18:277,5.34,-0.42,0.04
16:32:18:295,5.17,-0.56,0.34
16:32:18:311,4.75,-0.57,0.53
16:32:18:347,4.63,-0.68,0.64
16:32:18:365,4.62,-0.94,0.68
16:32:18:365,4.66,-1.31,0.59
16:32:18:416,4.58,-1.75,0.55
16:32:18:417,4.66,-2.03,0.53
16:32:18:488,5.27,-2.09,0.36
16:32:18:488,5.83,-2.20,0.12
16:32:18:488,5.96,-2.25,-0.03
16:32:18:505,6.12,-2.24,-0.23
16:32:18:506,6.77,-1.60,-0.67
16:32:18:506,7.90,-0.89,-1.23
16:32:18:523,8.00,-0.44,-1.74
16:32:18:542,8.00,-0.32,-2.19
16:32:18:543,8.00,0.08,-2.11
16:32:18:560,7.69,0.43,-1.68
16:32:18:578,6.92,0.68,-1.24
16:32:18:612,6.47,0.30,-1.11
16:32:18:630,5.98,0.06,-0.96
16:32:18:682,5.31,-0.43,-0.83
16:32:18:699,4.27,-0.48,-0.45
16:32:18:735,3.88,0.05,-0.36
16:32:18:752,4.43,0.30,-0.35
16:32:18:769,4.04,0.75,-0.39
16:32:18:769,3.23,1.42,-0.17
16:32:18:787,2.52,1.13,0.28
16:32:18:840,2.32,1.48,0.24
16:32:18:858,2.32,1.77,-0.02
16:32:18:858,2.41,1.80,-0.56
16:32:18:875,3.06,1.01,-0.74
16:32:18:910,4.43,0.71,-0.80
16:32:18:911,5.65,0.48,-0.89
16:32:18:927,6.18,0.10,-0.84
16:32:18:928,6.55,-0.00,-1.07
16:32:18:946,7.15,-0.35,-1.26
16:32:18:946,7.57,-0.66,-1.33
16:32:19:16,7.68,-0.86,-1.21
16:32:19:34,7.67,-0.99,-0.80
16:32:19:34,7.41,-1.11,-0.42
16:32:19:50,7.21,-1.18,-0.32
16:32:19:67,7.19,-1.09,-0.52
16:32:19:67,7.07,-1.31,-1.06
16:32:19:102,7.54,-2.36,-1.21
16:32:19:119,7.29,-2.97,-1.19
16:32:19:119,7.11,-3.39,-0.70
16:32:19:136,7.42,-3.69,0.12
16:32:19:187,6.64,-5.05,0.67
16:32:19:223,5.05,-6.49,0.20
16:32:19:239,5.31,-5.37,0.53
16:32:19:241,5.57,-3.74,0.00
16:32:19:258,5.97,-3.31,-0.60
16:32:19:276,7.08,-2.48,-0.95
16:32:19:276,8.00,-1.31,-1.31
16:32:19:293,8.00,-0.14,-1.51
16:32:19:311,8.00,-0.03,-1.97
16:32:19:347,8.00,0.15,-2.06
16:32:19:382,8.00,0.62,-1.86
16:32:19:416,8.00,0.73,-1.85
16:32:19:419,8.00,0.26,-1.50
16:32:19:469,8.00,-0.14,-1.36
16:32:19:489,8.00,-0.11,-1.62
16:32:19:506,7.31,0.08,-1.34
16:32:19:506,6.41,0.34,-0.80
16:32:19:540,5.65,1.65,-1.06
16:32:19:591,5.00,1.80,-0.58
16:32:19:591,3.50,2.97,-0.00
16:32:19:608,0.68,5.75,-0.35
16:32:19:608,0.85,4.23,-0.07
16:32:19:626,1.60,3.71,0.09
16:32:19:644,2.51,2.42,-0.48
16:32:19:663,3.29,1.08,-0.90
16:32:19:751,5.06,1.01,-1.03
16:32:19:751,6.75,0.18,-1.16
16:32:19:769,7.73,-1.07,-1.05
16:32:19:786,8.00,-1.71,-1.51
16:32:19:786,8.00,-1.39,-2.21
16:32:19:821,8.00,-1.43,-2.20
16:32:19:821,8.00,-1.68,-1.72
16:32:19:858,8.00,-1.59,-1.31
16:32:19:894,8.00,-1.49,-1.26
16:32:19:929,8.00,-1.95,-0.98
16:32:19:946,8.00,-2.41,-0.37
16:32:19:979,8.00,-2.60,-0.80
16:32:19:981,8.00,-3.39,-1.05
16:32:19:999,7.81,-3.41,-0.53
16:32:20:103,7.52,-2.96,-0.07
16:32:20:103,7.14,-4.33,0.36
16:32:20:103,6.38,-5.33,1.04
16:32:20:138,5.14,-5.55,1.03
16:32:20:155,4.83,-6.51,0.56
16:32:20:171,4.82,-6.43,-0.09
16:32:20:172,5.49,-4.71,-0.76
16:32:20:189,7.44,-3.29,-0.94
16:32:20:223,8.00,-1.61,-1.26
16:32:20:276,8.00,-0.29,-1.67
16:32:20:313,8.00,0.14,-2.09
16:32:20:314,8.00,0.03,-2.43
16:32:20:331,8.00,-0.47,-2.72
16:32:20:331,8.00,0.04,-2.62
16:32:20:366,8.00,-0.04,-2.23
16:32:20:384,8.00,-0.05,-1.72
16:32:20:456,7.61,-0.06,-1.48
16:32:20:474,6.77,-0.05,-1.55
16:32:20:492,6.34,0.55,-1.28
16:32:20:492,5.73,1.23,-1.33
16:32:20:514,5.29,1.32,-1.23
16:32:20:531,3.96,2.38,-0.79
16:32:20:548,1.05,4.90,-0.38
16:32:20:586,0.84,3.23,-0.34
16:32:20:636,1.19,4.06,-0.26
16:32:20:652,2.36,3.97,-0.51
16:32:20:652,3.91,2.36,-0.97
16:32:20:686,5.84,1.38,-1.53
16:32:20:705,7.00,0.79,-2.32
16:32:20:725,8.00,0.16,-2.35
16:32:20:759,8.00,-1.80,-1.84
16:32:20:845,8.00,-2.56,-1.80
16:32:20:863,8.00,-2.39,-1.83
16:32:20:863,8.00,-2.00,-1.57
16:32:20:880,8.00,-1.36,-0.75
16:32:20:880,8.00,0.17,-0.05
16:32:20:897,8.00,0.14,-0.05
16:32:20:916,8.00,-1.27,-1.00
16:32:20:935,8.00,-1.86,-1.25
16:32:21:4,8.00,-2.33,-1.17
16:32:21:6,7.42,-2.68,-0.42
16:32:21:23,7.06,-3.43,0.14
16:32:21:23,7.01,-4.26,0.50
16:32:21:60,6.44,-4.72,0.89
16:32:21:78,4.49,-7.18,-0.81
16:32:21:113,3.20,-5.07,0.63
16:32:21:146,5.63,-1.35,1.07
16:32:21:179,5.71,-2.72,0.66
16:32:21:235,6.57,-3.11,-0.27
16:32:21:235,8.00,-2.57,-1.26
16:32:21:235,8.00,-1.43,-2.03
16:32:21:252,8.00,-0.36,-2.54
16:32:21:285,8.00,0.79,-2.65
16:32:21:303,8.00,0.84,-2.85
16:32:21:356,8.00,0.42,-2.94
16:32:21:409,8.00,0.30,-2.71
16:32:21:425,8.00,0.67,-2.27
16:32:21:427,8.00,-0.10,-2.23
16:32:21:444,7.72,-0.52,-2.27
16:32:21:462,6.98,0.04,-1.86
16:32:21:463,6.06,0.30,-1.86
16:32:21:481,5.19,0.40,-1.66
16:32:21:538,4.23,1.41,-0.88
16:32:21:555,2.85,2.26,-0.45
16:32:21:573,0.43,3.38,-0.33
16:32:21:573,0.95,3.63,0.23
16:32:21:608,0.84,3.10,0.22
16:32:21:643,1.60,2.71,-0.08
16:32:21:644,2.51,1.42,-0.45
16:32:21:749,4.22,-0.36,-0.54
16:32:21:749,5.84,-1.57,-0.77
16:32:21:765,6.40,-3.01,-1.04
16:32:21:765,6.62,-3.70,-1.54
16:32:21:782,6.25,-4.06,-0.98
16:32:21:818,6.00,-3.61,0.09
16:32:21:818,6.54,-3.33,0.47
16:32:21:904,6.60,-2.73,0.56
16:32:21:904,5.86,-2.41,0.77
16:32:21:937,6.33,-3.21,0.39
16:32:21:940,6.16,-3.30,0.39
16:32:21:957,5.93,-2.87,0.09
16:32:21:974,5.84,-3.93,-0.09
16:32:21:990,5.76,-4.22,0.02
16:32:22:112,5.72,-4.33,0.23
16:32:22:114,4.97,-4.26,0.89
16:32:22:114,5.06,-4.56,1.50
16:32:22:131,5.38,-5.11,1.19
16:32:22:147,5.42,-5.23,0.44
16:32:22:164,6.02,-4.45,-0.49
16:32:22:182,6.22,-3.35,-0.67
16:32:22:199,5.45,-2.30,-1.63
16:32:22:239,6.07,-1.33,-1.49
16:32:22:257,5.87,-0.13,-1.79
16:32:22:292,5.18,-0.59,-2.18
16:32:22:311,5.06,-1.38,-3.33
16:32:22:329,3.89,-0.47,-4.25
16:32:22:329,3.47,-0.61,-4.61
16:32:22:382,2.71,-0.46,-4.49
16:32:22:418,2.64,-0.15,-4.14
16:32:22:470,2.69,-0.11,-3.50
16:32:22:485,2.67,-0.33,-3.18
16:32:22:505,2.50,-0.59,-2.99
16:32:22:505,2.64,-0.91,-2.63
16:32:22:505,2.76,-0.83,-2.45
16:32:22:541,3.45,-0.48,-2.27
16:32:22:541,3.77,-0.34,-2.15
16:32:22:592,4.46,-0.23,-1.86
16:32:22:647,4.64,-0.12,-1.63
16:32:22:664,5.11,-0.13,-1.15
16:32:22:667,5.51,-0.23,-0.71
16:32:22:806,5.56,-0.59,-0.18
16:32:22:858,4.82,-0.74,0.15
16:32:22:876,4.84,-0.64,0.20
16:32:22:893,4.79,-0.06,0.09
16:32:22:912,4.58,0.20,-0.25
16:32:22:912,4.38,0.26,-0.50
16:32:22:963,4.35,0.15,-0.55
16:32:22:998,3.94,-0.01,-0.57
16:32:23:33,3.22,-0.27,-0.58
16:32:23:33,3.03,-0.50,-0.67
16:32:23:84,3.19,-0.68,-0.70
16:32:23:136,3.23,-0.97,-0.72
16:32:23:153,3.36,-1.24,-0.53
16:32:23:169,3.34,-1.30,-0.64
16:32:23:184,3.34,-1.19,-0.66
16:32:23:202,3.48,-1.26,-0.69
16:32:23:219,3.71,-1.43,-0.77
16:32:23:219,4.04,-1.40,-0.60
16:32:23:257,4.45,-1.30,-0.86
16:32:23:274,5.10,-1.00,-1.02
16:32:23:292,4.88,-0.99,-1.01
16:32:23:311,4.78,-0.15,-0.93
16:32:23:346,4.17,0.09,-0.98
16:32:23:346,4.00,0.28,-1.08
16:32:23:415,3.87,0.34,-1.26
16:32:23:432,3.85,0.55,-1.36
16:32:23:450,3.62,0.11,-1.49
16:32:23:450,3.44,-0.27,-1.36
16:32:23:538,3.32,-0.42,-1.05
16:32:23:542,3.22,-0.40,-0.84
16:32:23:559,3.40,-0.70,-0.75
16:32:23:559,3.87,-0.56,-1.09
16:32:23:594,4.61,-0.56,-1.18
16:32:23:612,4.30,-0.78,-1.04
16:32:23:612,3.93,-0.86,-1.03
16:32:23:630,3.64,-0.85,-0.83
16:32:23:647,3.72,-0.70,-0.50
16:32:23:648,3.90,-0.63,-0.25
16:32:23:735,4.00,-0.49,-0.19
16:32:23:753,4.26,-0.32,-0.17
16:32:23:770,4.66,-0.24,-0.20
16:32:23:791,4.53,0.10,-0.17
16:32:23:807,4.43,0.16,-0.17
16:32:23:823,4.14,0.12,-0.05
16:32:23:880,4.04,0.11,0.14
16:32:23:982,3.96,0.03,0.28
16:32:24:0,3.92,0.02,0.25
16:32:24:70,3.93,-0.04,0.09
16:32:24:106,3.95,-0.22,-0.11
16:32:24:123,4.04,-0.36,-0.20
16:32:24:158,4.02,-0.53,-0.24
16:32:24:175,3.97,-0.67,-0.26
16:32:24:245,3.96,-0.75,-0.24
16:32:24:245,3.95,-0.81,-0.27
16:32:24:263,3.95,-0.86,-0.28
16:32:24:281,3.96,-0.87,-0.29
16:32:24:298,3.97,-0.87,-0.29
16:32:24:298,4.00,-0.87,-0.24
16:32:24:314,4.02,-0.84,-0.23
16:32:24:331,4.04,-0.85,-0.25
16:32:24:348,3.98,-0.87,-0.21
16:32:24:349,3.97,-0.89,-0.22
16:32:24:437,3.94,-0.91,-0.17
16:32:24:437,3.96,-0.99,-0.21
16:32:24:454,3.97,-0.97,-0.16
16:32:24:472,3.96,-0.90,-0.15
16:32:24:490,4.09,-0.82,-0.18
16:32:24:544,4.09,-0.78,-0.12
16:32:24:615,4.07,-0.76,-0.11
16:32:24:650,4.06,-0.72,-0.14
16:32:24:667,4.07,-0.70,-0.16
16:32:24:668,4.03,-0.68,-0.14
16:32:24:687,3.98,-0.68,-0.19
16:32:24:704,3.89,-0.69,-0.22
16:32:24:775,3.80,-0.72,-0.21
16:32:24:808,3.77,-0.72,-0.25
16:32:24:844,3.76,-0.75,-0.25
16:32:24:844,3.80,-0.84,-0.27
16:32:24:861,3.84,-0.83,-0.23
16:32:24:878,3.87,-0.82,-0.21
16:32:24:878,3.94,-0.81,-0.21
16:32:24:878,4.00,-0.80,-0.18
16:32:24:878,4.03,-0.81,-0.16
16:32:24:896,4.06,-0.80,-0.14
16:32:24:896,4.08,-0.78,-0.13
16:32:24:950,4.05,-0.75,-0.13
16:32:24:984,4.04,-0.76,-0.15
16:32:24:986,4.01,-0.78,-0.17
16:32:25:4,3.91,-0.80,-0.20
16:32:25:21,3.94,-0.75,-0.23
16:32:25:56,3.91,-0.77,-0.24
16:32:25:56,3.91,-0.73,-0.24
16:32:25:124,3.86,-0.73,-0.23
16:32:25:160,3.89,-0.70,-0.17
16:32:25:177,3.91,-0.69,-0.20
16:32:25:195,3.93,-0.71,-0.22
16:32:25:246,3.95,-0.68,-0.19
16:32:25:264,3.96,-0.67,-0.18
16:32:25:264,3.94,-0.67,-0.16
16:32:25:351,3.96,-0.70,-0.16
16:32:25:367,3.94,-0.75,-0.18
16:32:25:370,3.92,-0.76,-0.15
16:32:25:387,3.92,-0.80,-0.18
16:32:25:404,3.92,-0.79,-0.15
16:32:25:404,3.96,-0.81,-0.16
16:32:25:421,3.99,-0.83,-0.15
16:32:25:510,3.98,-0.84,-0.15
16:32:25:510,3.96,-0.83,-0.17
16:32:25:510,3.98,-0.81,-0.14
16:32:25:598,3.95,-0.81,-0.18
16:32:25:615,3.98,-0.78,-0.18
16:32:25:615,3.92,-0.79,-0.21
16:32:25:633,3.88,-0.77,-0.21
16:32:25:701,4.00,-0.77,-0.23
16:32:25:716,3.93,-0.78,-0.25
16:32:25:733,3.92,-0.75,-0.19
16:32:25:752,3.90,-0.72,-0.18
16:32:25:752,3.94,-0.71,-0.17
16:32:25:770,3.97,-0.72,-0.16
16:32:25:787,3.96,-0.70,-0.19
16:32:25:859,3.96,-0.72,-0.16
16:32:25:893,3.95,-0.69,-0.18
16:32:25:893,3.94,-0.72,-0.21
16:32:25:910,3.94,-0.74,-0.21
16:32:25:944,3.93,-0.76,-0.21
16:32:25:961,3.93,-0.77,-0.21
16:32:25:979,3.93,-0.76,-0.22
16:32:26:31,3.94,-0.79,-0.22
16:32:26:49,3.94,-0.79,-0.25
16:32:26:49,3.95,-0.79,-0.23
