17:53:51:877,3.79,-0.10,-1.31
17:53:51:877,3.78,-0.08,-1.30
17:53:51:877,3.79,-0.15,-1.37
17:53:51:877,3.81,-0.14,-1.37
17:53:51:877,3.78,-0.12,-1.34
17:53:51:877,
17:53:51:877,3.62,-0.13,-1.78
17:53:51:877,3.71,-0.22,-1.67
17:53:52:496,3.72,-0.21,-1.59
17:53:52:496,3.90,-0.16,-1.04
17:53:52:496,3.82,-0.16,-1.52
17:53:52:496,3.71,-0.11,-1.62
17:53:52:496,3.72,-0.10,-1.66
17:53:52:496,3.68,-0.11,-1.69
17:53:52:496,3.76,-0.23,-1.55
17:53:52:699,3.72,-0.19,-1.60
17:53:52:699,3.73,-0.13,-1.55
17:53:52:699,3.74,-0.13,-1.59
17:53:52:699,3.75,-0.10,-1.54
17:53:52:699,3.75,-0.14,-1.51
17:53:52:699,3.75,-0.14,-1.57
17:53:55:495,3.79,-0.13,-1.51
17:53:55:495,3.76,-0.16,-1.56
17:53:55:495,3.73,-0.07,-1.61
17:53:55:495,3.75,-0.10,-1.50
17:53:55:495,3.76,-0.10,-1.51
17:53:55:495,3.76,-0.14,-1.51
17:53:55:495,3.75,-0.11,-1.50
17:53:55:679,3.77,-0.11,-1.49
17:53:55:679,3.79,-0.11,-1.56
17:53:55:679,3.79,-0.22,-1.60
17:53:55:679,3.74,-0.22,-1.60
17:53:55:679,3.75,0.01,-1.29
17:53:55:679,3.80,0.00,-1.36
17:53:55:679,3.78,-0.07,-1.42
17:53:55:866,3.83,-0.08,-1.41
17:53:55:866,3.80,0.09,-1.25
17:53:55:866,3.97,0.13,-1.17
17:53:55:866,3.79,0.23,-1.11
17:53:55:866,3.81,0.10,-1.31
17:53:55:866,3.84,0.20,-1.04
17:53:55:866,3.84,0.21,-0.95
17:53:55:919,3.80,0.26,-0.94
17:53:55:919,3.91,0.34,-0.82
17:53:55:919,4.06,0.34,-0.98
17:53:55:919,3.89,0.27,-0.81
17:53:55:919,3.89,0.42,-0.75
17:53:55:919,3.79,0.43,-0.68
17:53:55:919,3.86,0.36,-0.67
17:53:55:919,3.87,0.27,-0.83
17:53:55:919,3.78,0.37,-0.77
17:53:55:919,3.80,0.54,-0.53
17:53:55:919,3.92,0.54,-0.67
17:53:55:919,3.93,0.37,-0.75
17:53:55:919,3.86,0.22,-0.75
17:53:55:919,3.73,0.29,-0.78
17:53:56:8,3.85,0.18,-0.65
17:53:56:8,3.92,0.37,-0.70
17:53:56:8,3.80,0.26,-0.88
17:53:56:8,3.87,0.25,-0.87
17:53:56:8,4.05,0.17,-0.96
17:53:56:8,3.96,0.20,-1.01
17:53:56:8,3.92,0.15,-1.15
17:53:56:116,3.79,0.10,-1.26
17:53:56:116,3.82,0.16,-1.10
17:53:56:116,3.86,0.10,-1.18
17:53:56:116,3.85,0.01,-1.20
17:53:56:116,3.77,0.00,-1.27
17:53:56:116,3.88,-0.00,-1.26
17:53:56:116,3.82,-0.05,-1.35
17:53:56:223,3.75,-0.13,-1.42
17:53:56:223,3.77,-0.18,-1.47
17:53:56:223,3.75,-0.20,-1.46
17:53:56:223,3.76,-0.18,-1.51
17:53:56:223,3.80,-0.16,-1.49
17:53:56:223,3.79,-0.23,-1.52
17:53:56:223,3.78,-0.26,-1.50
17:53:56:276,3.74,-0.23,-1.55
17:53:56:276,3.73,-0.28,-1.67
17:53:56:276,3.73,-0.10,-1.54
17:53:56:276,3.74,-0.16,-1.53
17:53:56:276,3.71,-0.19,-1.53
17:53:56:276,3.75,-0.17,-1.53
17:53:56:470,3.75,-0.20,-1.56
17:53:56:470,3.73,-0.22,-1.62
17:53:56:470,3.96,-0.21,-1.39
17:53:56:470,3.70,-0.23,-1.57
17:53:56:470,3.74,-0.23,-1.66
17:53:56:470,3.68,-0.14,-1.59
17:53:56:470,3.75,-0.20,-1.47
17:53:56:622,3.74,-0.15,-1.49
17:53:56:622,3.69,-0.25,-1.59
17:53:56:622,3.73,-0.21,-1.50
17:53:56:622,3.74,-0.19,-1.53
17:53:56:622,3.88,-0.22,-1.23
17:53:56:622,3.78,-0.26,-1.48
17:53:56:622,3.71,-0.24,-1.56
17:53:56:657,3.72,-0.19,-1.53
17:53:56:657,3.79,-0.17,-1.45
17:53:56:657,3.79,-0.18,-1.40
17:53:56:657,3.78,-0.21,-1.43
17:53:56:657,3.79,-0.15,-1.41
17:53:56:657,3.76,-0.14,-1.45
17:53:56:944,3.76,-0.14,-1.40
17:53:56:944,3.79,-0.16,-1.35
17:53:56:944,3.83,-0.15,-1.32
17:53:56:944,3.80,-0.15,-1.34
17:53:56:944,3.78,-0.15,-1.35
17:53:56:944,3.77,-0.18,-1.41
17:53:56:944,3.80,-0.09,-1.27
17:53:56:997,3.81,-0.10,-1.34
17:53:56:997,3.80,-0.13,-1.39
17:53:56:997,3.81,-0.18,-1.38
17:53:56:997,3.79,-0.11,-1.35
17:53:56:997,3.82,-0.08,-1.29
17:53:56:997,3.80,-0.10,-1.32
17:53:56:997,3.83,-0.16,-1.24
17:53:56:997,3.81,-0.17,-1.34
17:53:56:997,3.80,-0.10,-1.32
17:53:56:997,3.80,-0.08,-1.37
17:53:56:997,3.82,-0.12,-1.32
17:53:56:997,3.83,-0.14,-1.28
17:53:56:997,3.80,-0.14,-1.30
17:53:57:85,3.81,-0.12,-1.31
17:53:57:85,3.80,-0.15,-1.33
17:53:57:85,3.88,-0.21,-1.32
17:53:57:85,3.74,-0.13,-1.33
17:53:57:85,3.83,-0.16,-1.2712,-1.35
17:53:57:85,3.79,-0.15,-1.39
17:53:57:85,3.79,-0.17,-1.35
17:53:57:193,3.80,-0.14,-1.36
17:53:57:193,3.80,-0.13,-1.35
17:53:57:193,3.79,-0.14,-1.36
17:53:57:193,3.79,-0.14,-1.37
17:53:57:193,3.81,-0.16,-1.35
17:53:57:193,3.77,-0.17,-1.36
17:53:57:296,3.80,-0.16,-1.37
17:53:57:296,3.83,-0.17,-1.39
17:53:57:296,3.80,-0.09,-1.36
17:53:57:296,3.79,-0.06,-1.32
17:53:57:296,3.77,-0.13,-1.31
17:53:57:296,3.81,-0.14,-1.28
17:53:57:296,3.79,-0.13,-1.35
17:53:57:333,3.79,-0.09,-1.37
17:53:57:333,3.80,-0.12,-1.38
17:53:57:333,3.81,-0.19,-1.37
17:53:57:333,3.78,-0.15,-1.37
17:53:57:333,3.78,-0.13,-1.37
17:53:57:333,3.81,-0.09,-1.35
17:53:57:333,3.79,-0.13,-1.39
17:53:57:351,3.79,-0.18,-1.39
17:53:57:351,3.78,-0.12,-1.39
17:53:57:351,3.79,-0.13,-1.37
17:53:57:351,3.79,-0.16,-1.39
17:53:57:351,3.80,-0.13,-1.40
17:53:57:351,3.78,-0.12,-1.38
17:53:57:351,3.80,-0.15,-1.40
17:53:57:351,3.79,-0.16,-1.40
17:53:57:351,3.77,-0.14,-1.40
17:53:57:351,3.79,-0.13,-1.40
17:53:57:351,3.78,-0.12,-1.37
17:53:57:351,3.79,-0.12,-1.38
17:53:57:351,3.80,-0.13,-1.37
17:53:57:371,3.79,-0.10,-1.38
17:53:57:371,3.79,-0.19,-1.41
17:53:57:371,3.79,-0.13,-1.39
17:53:57:371,3.80,-0.14,-1.39
17:53:57:371,3.78,-0.13,-1.42
17:53:57:371,3.79,-0.13,-1.41
17:53:57:371,3.80,-0.14,-1.37
17:53:57:373,3.77,-0.08,-1.45
17:53:57:373,3.80,-0.10,-1.38
17:53:57:373,3.80,-0.10,-1.35
17:53:57:373,3.81,-0.10,-1.36
17:53:57:373,3.81,-0.09,-1.38
17:53:57:373,3.81,-0.06,-1.31
17:53:57:373,3.81,-0.07,-1.30
17:53:57:373,3.81,-0.12,-1.34
17:53:57:373,3.81,-0.07,-1.25
17:53:57:373,3.79,-0.02,-1.30
17:53:57:373,3.81,-0.03,-1.30
17:53:57:373,3.82,-0.06,-1.34
17:53:57:373,3.83,-0.07,-1.26
17:53:57:426,3.81,-0.03,-1.24
17:53:57:426,3.78,-0.06,-1.26
17:53:57:426,3.81,-0.08,-1.29
17:53:57:426,3.80,-0.07,-1.27
17:53:57:426,3.83,-0.04,-1.28
17:53:57:426,3.85,-0.06,-1.27
17:53:57:426,3.80,-0.08,-1.30
17:53:57:459,3.83,-0.14,-1.28
17:53:57:459,3.83,-0.12,-1.26
17:53:57:459,3.80,-0.06,-1.23
17:53:57:459,3.80,-0.08,-1.26
17:53:57:459,3.84,-0.10,-1.21
17:53:57:459,3.81,-0.07,-1.25
17:53:57:459,3.83,-0.09,-1.24
17:53:57:459,3.82,-0.09,-1.24
17:53:57:459,3.82,-0.09,-1.25
17:53:57:459,3.83,-0.12,-1.25
17:53:57:459,3.84,-0.10,-1.24
17:53:57:459,
17:53:57:459,3.79,-0.15,-1.36
17:53:57:459,3.78,-0.09,-1.33
17:53:57:476,3.78,-0.12,-1.33
17:53:57:476,3.80,-0.13,-1.36
17:53:57:476,3.80,-0.15,-1.35
17:53:57:476,3.80,-0.20,-1.40
17:53:57:476,3.80,-0.18,-1.38
17:53:57:476,3.79,-0.14,-1.38
17:53:57:494,3.75,-0.19,-1.46
17:53:57:494,3.80,-0.18,-1.40
17:53:57:494,3.79,-0.13,-1.34
17:53:57:494,3.80,-0.13,-1.43
17:53:57:494,3.78,-0.16,-1.30
17:53:57:494,3.80,-0.13,-1.35
17:53:57:494,3.82,-0.13,-1.34
17:53:57:511,3.78,-0.15,-1.36
17:53:57:511,3.78,-0.13,-1.38
17:53:57:511,3.76,-0.16,-1.35
17:53:57:511,3.76,-0.23,-1.39
17:53:57:511,3.82,-0.21,-1.40
17:53:57:511,3.77,-0.10,-1.34
17:53:57:511,3.74,-0.18,-1.33
17:53:57:550,3.83,-0.22,-1.36
17:53:57:550,3.74,-0.15,-1.42
17:53:57:550,3.84,-0.13,-1.31
17:53:57:550,3.76,-0.14,-1.28
17:53:57:550,3.84,-0.16,-1.35
17:53:57:550,3.86,-0.16,-1.44
17:53:57:671,3.82,-0.30,-1.47
17:53:57:671,3.88,-0.38,-1.52
17:53:57:671,4.01,-0.13,-1.64
17:53:57:671,4.17,-0.39,-1.46
17:53:57:671,4.53,-0.05,-1.90
17:53:57:671,4.61,-0.18,-2.18
17:53:57:671,6.50,-0.49,-1.60
17:53:57:688,6.12,0.06,-2.67
17:53:57:688,4.99,-0.11,-2.88
17:53:57:688,4.25,0.01,-1.85
17:53:57:688,2.14,0.37,-3.14
17:53:57:688,0.60,-0.71,-2.83
17:53:57:688,0.36,-1.36,-3.32
17:53:57:688,0.55,-1.23,-3.37
17:53:57:706,1.63,-0.99,-3.17
17:53:57:706,2.60,-0.85,-2.71
17:53:57:706,3.50,-0.67,-2.44
17:53:57:706,4.15,-0.33,-2.32
17:53:57:706,4.60,-0.55,-2.38
17:53:57:706,5.06,-1.11,-2.20
17:53:57:706,5.88,-0.44,-1.84
17:53:57:741,5.73,0.90,-0.63
17:53:57:741,5.57,0.14,0.00
17:53:57:741,5.35,0.89,0.34
17:53:57:741,5.12,1.97,0.98
17:53:57:741,5.12,1.44,0.52
17:53:57:741,5.33,3.25,-1.01
17:53:57:741,2.62,-1.31,-4.86
17:53:57:741,5.81,-3.05,-2.55
17:53:57:741,5.03,0.54,-1.42
17:53:57:741,3.63,-0.20,-1.76
17:53:57:741,1.85,-0.98,-2.50
17:53:57:741,3.32,0.68,-0.87
17:53:57:741,4.71,-0.35,-1.79
17:53:57:741,4.32,0.20,-1.24
17:53:57:851,3.66,0.07,-1.88
17:53:57:851,3.76,0.41,-1.91
17:53:57:851,3.67,0.16,-2.01
17:53:57:851,3.77,0.32,-1.86
17:53:57:851,3.63,0.14,-1.76
17:53:57:851,3.58,0.11,-1.65
17:53:57:851,3.73,0.44,-1.51
17:53:57:869,3.87,0.17,-1.44
17:53:57:869,3.79,0.32,-1.77
17:53:57:869,3.97,0.14,-1.52
17:53:57:869,3.88,0.04,-1.48
17:53:57:869,3.60,-0.65,-1.65
17:53:57:869,4.27,0.89,-2.01
17:53:57:869,4.19,1.42,-2.02
17:53:57:887,5.84,-0.65,-1.64
17:53:57:887,6.20,-0.03,-1.22
17:53:57:887,6.56,0.41,-1.42
17:53:57:887,6.97,0.44,-3.65
17:53:57:887,8.00,0.44,-5.68
17:53:57:887,7.39,0.16,-7.33
17:53:57:887,5.95,-0.18,-2.68
17:53:57:887,3.25,-0.76,-3.00
17:53:57:887,-0.46,0.90,-2.78
17:53:57:887,0.05,-2.00,-1.39
17:53:57:887,-1.14,-2.16,-2.22
17:53:57:887,-0.74,-1.05,-2.17
17:53:57:887,-0.33,-0.86,-2.23
17:53:57:907,0.54,0.33,-1.99
17:53:57:907,1.55,-0.29,-2.26
17:53:57:907,2.92,-0.18,-2.12
17:53:57:907,4.03,-0.07,-1.84
17:53:57:907,5.29,0.09,-2.17
17:53:57:907,6.66,0.16,-2.62
17:53:57:907,8.00,0.82,-2.28
17:53:57:907,8.00,1.63,-0.35
17:53:57:907,8.00,2.44,0.36
17:53:57:907,8.00,4.64,2.48
17:53:57:907,7.95,5.49,4.29
17:53:57:907,8.00,3.12,2.74
17:53:57:907,7.16,1.66,1.41
17:53:57:907,3.37,-1.80,-5.02
17:53:57:924,3.12,5.07,-3.02
17:53:57:942,3.92,-0.35,-1.40
17:53:57:977,3.41,1.01,-2.58
17:53:58:13,2.91,-0.59,-2.43
17:53:58:30,3.09,-0.60,-2.47
17:53:58:30,3.67,0.47,-2.73
17:53:58:30,3.52,0.84,-2.43
17:53:58:48,3.22,-0.26,-2.35
17:53:58:48,3.59,0.01,-1.89
17:53:58:48,3.61,-0.20,-2.61
17:53:58:48,3.61,0.58,-1.92
17:53:58:48,3.77,0.45,-1.82
17:53:58:65,3.66,0.49,-1.57
17:53:58:82,3.81,0.29,-1.82
17:53:58:83,3.98,0.34,-1.66
17:53:58:101,3.81,1.03,-2.05
17:53:58:101,4.07,0.58,-1.57
17:53:58:101,4.71,0.13,-1.64
17:53:58:153,5.41,0.12,-1.39
17:53:58:209,5.32,-0.36,-1.20
17:53:58:227,6.48,0.63,-0.47
17:53:58:278,6.78,0.31,-3.80
17:53:58:279,6.82,0.50,-4.91
17:53:58:349,7.82,0.59,-7.49
17:53:58:367,7.79,-0.25,-5.08
17:53:58:384,5.74,-1.55,-3.74
17:53:58:404,1.08,-0.03,-2.24
17:53:58:404,-0.14,-0.63,-0.72
17:53:58:421,-0.56,-1.77,-1.69
17:53:58:441,-0.66,-0.99,-2.47
17:53:58:459,-0.83,-0.22,-2.15
17:53:58:512,-0.15,-0.24,-2.55
17:53:58:530,0.94,0.10,-2.57
17:53:58:548,1.86,-0.37,-2.48
17:53:58:583,3.15,-0.39,-2.42
17:53:58:602,4.61,-0.68,-2.33
17:53:58:602,6.66,-0.33,-2.60
17:53:58:602,8.00,1.48,-2.65
17:53:58:602,8.00,3.37,-0.67
17:53:58:619,8.00,2.94,-0.68
17:53:58:674,8.00,4.49,4.14
17:53:58:779,8.00,6.50,6.85
17:53:58:798,8.00,4.49,4.87
17:53:58:816,1.91,-4.92,-8.00
17:53:58:816,2.27,4.90,-4.83
17:53:58:816,4.86,0.49,1.51
17:53:58:941,3.63,0.67,-1.92
17:53:58:941,2.45,-0.71,-2.55
17:53:58:959,2.85,-0.31,-2.58
17:53:58:959,-0.37,3.26,-4.29
17:53:58:977,3.51,0.64,-2.48
17:53:58:977,3.33,-0.07,-2.34
17:53:59:32,3.45,-0.41,-2.34
17:53:59:67,3.43,0.07,-2.27
17:53:59:67,3.61,0.22,-1.89
17:53:59:67,3.76,0.58,-1.64
17:53:59:67,3.90,0.69,-1.86
17:53:59:103,3.89,0.65,-1.47
17:53:59:119,3.69,0.44,-1.71
17:53:59:121,3.73,0.64,-1.94
17:53:59:140,3.91,0.57,-1.84
17:53:59:140,4.57,0.39,-1.47
17:53:59:140,5.28,0.23,-1.15
17:53:59:140,5.45,-0.06,-1.66
17:53:59:158,6.56,0.90,-0.46
17:53:59:192,6.26,0.07,-2.55
17:53:59:211,6.60,0.42,-4.56
17:53:59:247,7.28,1.47,-6.62
17:53:59:263,8.00,-0.51,-5.70
17:53:59:264,6.18,-0.48,-4.33
17:53:59:283,3.14,-0.86,-3.84
17:53:59:299,0.08,0.41,-0.99
17:53:59:317,0.35,-2.92,-1.60
17:53:59:334,-0.62,-2.38,-2.32
17:53:59:334,-0.60,-0.78,-2.41
17:53:59:353,-0.30,-0.50,-2.10
17:53:59:353,0.48,0.04,-2.51
17:53:59:458,1.63,-0.33,-2.86
17:53:59:476,2.40,-0.29,-2.84
17:53:59:494,3.98,-0.38,-2.97
17:53:59:512,5.46,-0.28,-3.07
17:53:59:512,7.66,0.17,-3.15
17:53:59:531,8.00,1.76,-2.83
17:53:59:531,8.00,3.06,0.02
17:53:59:566,8.00,2.75,1.99
17:53:59:602,8.00,6.85,6.28
17:53:59:621,8.00,6.32,8.00
17:53:59:639,7.94,3.36,0.85
17:53:59:640,5.40,-2.00,-3.83
17:53:59:640,5.56,0.58,-1.22
17:53:59:658,6.74,0.48,-1.26
17:53:59:676,3.44,0.82,-1.42
17:53:59:676,3.86,1.60,-3.15
17:53:59:676,2.74,-0.20,-2.72
17:53:59:745,4.88,-1.83,-0.40
17:53:59:783,3.66,0.18,-3.03
17:53:59:800,3.34,0.17,-2.55
17:53:59:838,3.31,-0.29,-2.43
17:53:59:856,3.37,-0.13,-2.40
17:53:59:873,3.40,0.40,-2.03
17:53:59:873,3.17,0.33,-2.37
17:53:59:893,3.77,0.52,-1.47
17:53:59:893,4.03,0.20,-1.24
17:53:59:928,3.88,0.47,-1.65
17:53:59:963,3.62,0.88,-2.17
17:53:59:981,3.85,0.56,-1.58
17:53:59:981,4.56,0.75,-1.24
17:53:59:999,5.20,0.18,-1.47
17:54:0:69,5.37,-0.69,-0.94
17:54:0:89,5.58,-0.40,-1.56
17:54:0:109,6.33,0.20,-2.96
17:54:0:145,6.94,0.81,-3.83
17:54:0:163,7.17,1.67,-6.98
17:54:0:163,8.00,-0.66,-6.73
17:54:0:163,5.58,-1.03,-2.85
17:54:0:219,2.89,-0.91,-3.65
17:54:0:238,-1.29,0.83,-0.97
17:54:0:238,-0.33,-1.26,-1.10
17:54:0:325,-0.96,-2.06,-2.38
17:54:0:343,-0.88,-0.53,-2.83
17:54:0:343,-0.52,-0.25,-2.44
17:54:0:361,0.13,0.33,-2.62
17:54:0:379,1.34,0.15,-3.11
17:54:0:396,2.62,-0.08,-3.14
17:54:0:413,4.62,0.25,-3.01
17:54:0:486,6.56,0.65,-2.89
17:54:0:521,8.00,1.08,-2.80
17:54:0:539,8.00,1.72,-1.54
17:54:0:573,8.00,4.67,1.51
17:54:0:590,8.00,5.02,5.95
17:54:0:590,8.00,6.18,6.92
17:54:0:608,8.00,3.14,2.44
17:54:0:626,4.29,-7.27,-8.00
17:54:0:694,2.87,1.13,-1.87
17:54:0:711,6.15,-0.04,-1.57
17:54:0:731,4.36,0.89,-1.97
17:54:0:766,3.20,0.50,-2.26
17:54:0:783,2.69,-0.48,-2.42
17:54:0:855,3.47,-0.16,-2.97
17:54:0:855,4.12,0.61,-2.55
17:54:0:891,3.58,0.67,-2.71
17:54:0:906,3.37,-0.20,-2.51
17:54:0:907,3.82,-0.35,-1.74
17:54:0:924,3.61,-0.07,-2.21
17:54:0:943,3.57,0.44,-1.80
17:54:0:943,3.79,0.60,-1.83
17:54:0:960,3.88,0.15,-1.76
17:54:1:28,4.10,0.26,-1.16
17:54:1:48,4.10,1.10,-1.63
17:54:1:66,4.05,0.72,-1.54
17:54:1:83,4.18,0.29,-1.68
17:54:1:83,5.42,-0.31,-1.66
17:54:1:102,5.85,-0.86,-0.92
17:54:1:119,6.59,-0.40,-2.20
17:54:1:136,7.57,0.58,-4.03
17:54:1:191,8.00,0.76,-6.89
17:54:1:209,8.00,-0.54,-8.00
17:54:1:281,7.36,-0.99,-3.26
17:54:1:281,4.43,-0.77,-3.74
17:54:1:300,-0.14,0.41,-0.99
17:54:1:316,-0.91,0.02,0.26
17:54:1:316,-1.70,-0.82,-2.13
17:54:1:333,-1.02,-0.63,-2.77
17:54:1:370,-0.74,-0.29,-2.34
17:54:1:438,0.00,-0.17,-2.30
17:54:1:457,1.09,0.14,-2.86
17:54:1:457,1.94,-0.51,-2.92
17:54:1:475,3.77,-0.16,-2.79
17:54:1:493,5.51,-0.17,-2.70
17:54:1:512,8.00,0.11,-2.77
17:54:1:530,8.00,2.13,-2.36
17:54:1:583,8.00,3.86,0.51
17:54:1:601,8.00,4.69,2.23
17:54:1:601,8.00,7.10,7.77
17:54:1:639,8.00,6.49,5.79
17:54:1:639,2.32,-5.40,-7.34
17:54:1:657,2.42,-2.69,-3.62
17:54:1:711,8.00,4.67,-2.36
17:54:1:761,6.97,0.28,1.89
17:54:1:779,4.47,1.19,-2.32
17:54:1:795,2.96,-0.78,-3.88
17:54:1:869,2.63,-0.19,-2.29
17:54:1:904,4.87,-0.46,-1.18
17:54:1:956,5.60,-1.64,0.09
17:54:1:956,3.84,0.03,-2.34
17:54:1:974,3.33,0.02,-2.29
17:54:1:974,3.56,0.12,-1.88
17:54:1:991,3.58,0.32,-1.99
17:54:2:28,3.69,0.15,-2.04
17:54:2:28,3.59,0.27,-1.64
17:54:2:45,3.51,0.33,-1.64
17:54:2:45,3.58,0.71,-1.41
17:54:2:81,3.79,0.40,-1.86
17:54:2:117,3.78,0.33,-1.56
17:54:2:153,3.99,0.83,-1.32
17:54:2:188,3.82,0.64,-1.10
17:54:2:205,3.97,0.57,-0.96
17:54:2:223,4.19,1.03,-1.36
17:54:2:231,4.50,1.13,-1.44
17:54:2:267,5.09,1.25,-1.96
17:54:2:301,6.46,0.67,-1.53
17:54:2:301,7.91,0.88,-3.87
17:54:2:318,7.57,1.14,-4.53
17:54:2:336,5.50,0.49,-4.36
17:54:2:354,3.50,0.54,-2.16
17:54:2:355,2.70,2.36,-1.08
17:54:2:390,0.76,1.04,-2.33
17:54:2:408,-0.26,0.12,-1.03
17:54:2:477,0.17,-1.82,-1.72
17:54:2:513,0.32,-1.20,-1.45
17:54:2:529,1.22,-1.07,-1.29
17:54:2:531,2.12,-0.30,-1.08
17:54:2:548,3.18,-0.21,-1.21
17:54:2:580,3.75,0.05,-1.51
17:54:2:598,4.38,0.23,-1.99
17:54:2:598,5.32,-0.51,-2.49
17:54:2:722,6.39,-1.24,-2.01
17:54:2:758,7.28,-2.37,-1.12
17:54:2:938,6.65,-5.66,-1.31
17:54:3:45,5.92,-4.75,0.14
17:54:3:45,5.23,-4.28,0.27
17:54:3:80,5.96,-2.80,0.50
17:54:3:115,7.55,-1.66,2.68
17:54:3:206,3.40,-0.01,-2.86
17:54:3:276,3.46,1.11,-1.54
17:54:3:364,3.47,1.31,-0.68
17:54:3:471,3.64,0.45,-1.52
17:54:3:610,3.91,0.47,-1.55
17:54:3:686,3.65,0.92,-1.25
17:54:3:791,3.78,0.46,-1.64
17:54:3:826,4.11,0.62,-1.66
17:54:3:826,3.98,0.59,-1.46
17:54:3:826,3.76,0.79,-1.50
17:54:3:826,3.73,0.60,-1.46
17:54:3:861,3.63,0.35,-1.85
17:54:3:878,3.51,0.59,-1.54
17:54:3:986,3.71,0.56,-1.37
17:54:4:268,3.65,0.33,-1.55
17:54:4:337,3.74,0.62,-1.58
17:54:4:337,3.67,0.46,-1.86
17:54:4:337,3.71,0.18,-1.87
17:54:4:372,3.77,0.53,-1.75
17:54:4:546,3.66,0.37,-1.68
17:54:4:546,3.95,0.40,-1.64
17:54:4:546,3.64,0.16,-2.04
17:54:4:564,3.79,0.42,-1.77
17:54:4:564,3.94,0.46,-1.54
17:54:4:564,3.83,0.30,-1.57
17:54:4:564,3.83,0.72,-1.53
17:54:4:617,3.79,0.55,-1.62
17:54:4:617,3.74,0.18,-1.85
17:54:4:617,3.87,-0.09,-1.76
17:54:4:882,3.94,-0.35,-1.72
17:54:4:882,3.78,0.14,-1.21
17:54:4:882,3.82,0.56,-1.52
17:54:4:882,3.79,0.44,-1.48
17:54:4:969,3.69,0.32,-1.61
17:54:4:969,3.58,0.34,-1.72
17:54:5:197,3.52,1.05,-1.80
17:54:5:197,3.76,0.85,-1.27
17:54:5:197,4.10,0.43,-0.68
17:54:5:197,4.04,-0.04,-0.57
17:54:5:197,4.02,-0.01,-0.48
17:54:5:197,3.91,-0.09,-0.51
17:54:5:390,3.80,-0.14,-0.67
17:54:5:390,3.77,-0.80,-0.93
17:54:5:441,3.46,-0.92,-1.27
17:54:5:456,3.39,-0.91,-1.37
17:54:5:668,3.35,-0.83,-1.53
17:54:5:668,3.48,-0.54,-1.60
17:54:5:668,3.73,-0.28,-1.32
17:54:5:793,3.99,-0.18,-1.30
17:54:5:793,4.19,-0.13,-1.64
17:54:5:793,3.84,0.00,-1.83
17:54:5:793,3.99,-0.49,-1.41
17:54:5:934,3.89,0.05,-1.20
17:54:5:934,3.74,0.02,-1.22
17:54:5:934,3.72,0.04,-1.40
17:54:5:934,3.59,0.02,-1.51
17:54:5:934,3.67,0.19,-1.31
17:54:5:934,3.75,0.23,-1.40
17:54:6:109,4.00,-0.05,-1.27
17:54:6:109,3.71,-0.35,-1.71
17:54:6:109,3.86,0.23,-1.21
17:54:6:109,3.60,0.26,-1.45
17:54:6:109,3.75,0.16,-1.43
17:54:6:252,3.70,-0.05,-1.42
17:54:6:252,4.00,0.20,-1.62
17:54:6:252,4.14,0.22,-1.80
17:54:6:338,3.95,0.29,-1.77
17:54:6:752,3.83,0.23,-1.68
17:54:6:752,3.76,0.19,-1.58
17:54:6:752,3.76,0.17,-1.48
17:54:6:752,3.60,0.21,-1.40
17:54:6:752,3.71,0.10,-1.67
17:54:6:752,3.67,0.15,-1.56
17:54:6:752,3.71,0.12,-1.30
17:54:6:808,4.10,0.16,-1.90
17:54:6:808,3.78,0.35,-1.67
17:54:6:808,4.10,0.23,-1.53
17:54:6:808,3.79,0.19,-1.70
17:54:6:825,3.57,0.40,-1.32
17:54:6:825,3.65,0.28,-1.37
17:54:6:825,3.75,0.08,-1.27
17:54:6:879,3.78,0.03,-1.54
17:54:6:879,3.84,0.15,-1.60
17:54:6:879,3.75,0.36,-1.34
17:54:6:879,3.86,0.22,-1.20
17:54:6:879,3.82,0.12,-1.38
17:54:6:879,3.76,0.11,-1.43
17:54:6:879,3.86,0.19,-1.29
17:54:6:879,3.80,0.25,-1.29
17:54:6:879,3.74,0.09,-1.15
17:54:6:879,3.86,0.19,-1.35
17:54:6:879,3.87,0.33,-1.27
17:54:7:38,3.78,0.36,-1.44
17:54:7:38,3.79,0.29,-1.32
17:54:7:38,3.76,0.37,-1.19
17:54:7:38,3.73,0.35,-1.07
17:54:7:38,3.72,0.08,-1.41
17:54:7:38,3.86,0.37,-1.11
17:54:7:38,3.78,0.35,-1.18
17:54:7:230,3.79,0.31,-1.21
17:54:7:230,3.81,0.29,-1.15
17:54:7:230,3.82,0.16,-1.20
17:54:7:230,3.81,0.25,-1.24
17:54:7:230,3.86,0.30,-1.27
17:54:7:230,3.90,0.17,-1.33
17:54:7:230,3.72,0.11,-1.24
17:54:7:266,3.78,0.15,-1.33
17:54:7:266,3.72,0.41,-0.79
17:54:7:266,3.68,0.12,-0.87
17:54:7:266,3.88,0.15,-0.70
17:54:7:266,3.87,0.15,-1.39
17:54:7:266,3.85,0.22,-1.82
17:54:7:266,3.92,0.29,-1.43
17:54:7:282,3.85,0.03,-1.32
17:54:7:282,3.96,-0.01,-1.58
17:54:7:282,3.92,0.00,-1.57
17:54:7:369,3.92,0.06,-2.03
17:54:7:369,3.98,0.09,-1.64
17:54:7:369,4.34,-0.02,-1.06
17:54:7:369,4.58,-0.08,-1.50
17:54:7:369,5.20,0.21,-1.39
17:54:7:369,5.70,-0.68,-2.05
17:54:7:404,6.05,-1.05,-2.01
17:54:7:404,5.13,-0.62,-1.46
17:54:7:404,3.99,0.48,-2.27
17:54:7:404,1.44,-0.86,-3.57
17:54:7:404,1.04,-1.46,-3.76
17:54:7:404,1.39,-0.80,-3.48
17:54:7:404,1.70,-0.59,-3.12
17:54:7:404,2.48,-0.67,-2.68
17:54:7:404,3.07,-0.31,-2.29
17:54:7:404,3.65,-0.09,-2.18
17:54:7:404,4.31,-0.12,-2.13
17:54:7:422,4.97,-0.05,-1.96
17:54:7:422,4.76,-0.01,-0.73
17:54:7:422,4.52,0.64,-1.12
17:54:7:422,4.31,0.53,-1.52
17:54:7:422,4.69,0.65,-1.45
17:54:7:422,5.36,-1.01,0.57
17:54:7:546,5.26,0.84,1.29
17:54:7:546,4.86,1.93,-0.09
17:54:7:546,4.77,2.00,-0.70
17:54:7:546,4.75,1.41,-0.32
17:54:7:546,5.07,2.69,-0.87
17:54:7:546,2.86,-0.06,-3.91
17:54:7:546,5.18,-1.82,-2.60
17:54:7:582,4.66,2.17,-1.27
17:54:7:582,3.58,-0.79,-1.69
17:54:7:582,3.41,0.34,-1.56
17:54:7:619,3.92,0.29,-2.01
17:54:7:723,3.84,0.11,-1.88
17:54:7:723,3.61,-0.44,-2.32
17:54:7:723,3.68,0.26,-2.06
17:54:7:723,3.81,0.19,-1.98
17:54:7:723,3.67,-0.07,-2.12
17:54:7:723,3.81,-0.06,-1.77
17:54:7:757,3.67,0.23,-1.93
17:54:7:757,3.50,0.67,-1.63
17:54:7:757,3.80,0.23,-1.21
17:54:7:757,3.62,0.06,-2.01
17:54:7:757,3.79,0.24,-1.44
17:54:7:757,3.78,0.62,-1.62
17:54:7:757,4.21,0.78,-1.08
17:54:7:757,4.69,1.13,-0.77
17:54:7:810,5.33,-0.30,-0.61
17:54:7:810,5.61,0.12,-1.21
17:54:7:810,5.62,0.25,-1.75
17:54:7:810,5.86,0.18,-2.36
17:54:7:810,6.72,0.59,-3.70
17:54:7:845,7.12,0.69,-4.64
17:54:7:845,7.23,-0.14,-6.06
17:54:7:845,7.81,-0.79,-4.06
17:54:7:914,6.28,-1.44,-3.98
17:54:7:914,1.23,-0.62,-2.74
17:54:7:914,0.87,-1.57,-2.16
17:54:7:914,-1.18,-1.33,-1.23
17:54:7:914,-0.69,-1.42,-2.70
17:54:7:914,-0.23,-0.40,-2.25
17:54:7:968,0.33,-0.02,-1.77
17:54:7:968,1.07,-0.18,-2.47
17:54:7:968,2.23,-0.48,-2.75
17:54:7:968,3.37,-0.05,-2.25
17:54:7:968,4.44,-0.04,-2.17
17:54:7:968,5.80,0.31,-2.11
17:54:7:968,7.91,1.09,-2.29
17:54:8:58,8.00,1.73,-1.09
17:54:8:58,8.00,2.47,0.86
17:54:8:58,8.00,3.97,1.45
17:54:8:77,8.00,3.99,3.22
17:54:8:112,7.37,3.81,4.68
17:54:8:112,8.00,3.57,3.71
17:54:8:112,4.15,-3.02,-4.08
17:54:8:130,4.58,0.82,-1.27
17:54:8:165,8.00,1.48,-1.84
17:54:8:237,4.14,1.03,-1.60
17:54:8:255,3.60,1.68,-3.37
17:54:8:255,1.44,-0.27,-3.26
17:54:8:255,3.22,0.55,-2.55
17:54:8:255,3.71,0.09,-2.93
17:54:8:328,3.23,0.10,-2.51
17:54:8:328,3.41,-0.07,-2.15
17:54:8:328,3.80,-0.12,-2.10
17:54:8:328,3.61,0.35,-1.93
17:54:8:344,3.44,0.41,-2.29
17:54:8:344,3.67,0.32,-1.69
17:54:8:344,3.86,0.50,-1.43
17:54:8:344,3.67,0.08,-1.62
17:54:8:346,4.00,0.60,-1.58
17:54:8:346,3.87,1.08,-1.95
17:54:8:346,3.97,0.21,-2.07
17:54:8:346,4.66,-1.05,-2.48
17:54:8:435,5.65,-0.15,-0.81
17:54:8:435,5.65,-0.48,-1.19
17:54:8:435,6.53,0.57,-3.14
17:54:8:452,6.82,0.82,-4.75
17:54:8:452,7.40,1.58,-7.25
17:54:8:452,8.00,-0.88,-5.86
17:54:8:452,6.51,-2.06,-3.97
17:54:8:470,3.46,0.73,-3.38
17:54:8:470,1.25,-0.76,-2.16
17:54:8:488,-0.41,-2.33,-1.92
17:54:8:505,-1.16,-1.46,-2.73
17:54:8:505,-0.98,-0.11,-2.13
17:54:8:505,-0.61,0.07,-2.30
17:54:8:523,0.05,0.35,-2.30
17:54:8:523,0.91,-0.08,-2.71
17:54:8:540,1.93,-0.40,-2.84
17:54:8:540,3.34,-0.30,-2.79
17:54:8:593,5.02,-0.46,-3.18
17:54:8:610,8.00,-0.23,-3.29
17:54:8:610,8.00,1.84,-2.61
17:54:8:629,8.00,3.72,0.55
17:54:8:629,8.00,5.47,2.58
17:54:8:647,8.00,6.75,8.00
17:54:8:647,8.00,5.76,4.65
17:54:8:664,5.10,-2.78,-2.58
17:54:8:682,5.56,-5.63,-5.10
17:54:8:717,4.79,6.47,-1.48
17:54:8:806,3.97,0.31,-2.25
17:54:8:843,3.86,1.59,-1.93
17:54:8:861,2.58,0.15,-2.55
17:54:8:878,3.28,-0.44,-2.65
17:54:8:969,5.67,-0.44,-0.63
17:54:8:987,3.93,-0.11,-2.64
17:54:9:5,3.22,-0.29,-2.72
17:54:9:23,3.36,-0.57,-2.09
17:54:9:60,3.91,0.40,-1.71
17:54:9:132,3.78,0.58,-1.68
17:54:9:168,3.72,0.48,-1.93
17:54:9:185,3.79,0.54,-1.39
17:54:9:201,3.95,0.50,-0.83
17:54:9:219,4.05,1.16,-1.59
17:54:9:219,4.20,1.06,-1.60
17:54:9:219,4.23,-0.47,-1.58
17:54:9:238,4.99,-0.12,-1.45
17:54:9:328,5.41,0.34,-1.69
17:54:9:328,5.55,-0.45,-1.78
17:54:9:328,6.23,-0.12,-2.57
17:54:9:345,7.57,0.64,-3.80
17:54:9:398,7.67,1.17,-7.33
17:54:9:434,8.00,-0.37,-4.86
17:54:9:503,6.06,-0.72,-3.31
17:54:9:557,3.88,0.74,-3.25
17:54:9:557,0.80,-1.20,-2.41
17:54:9:557,-0.17,-1.94,-1.36
17:54:9:557,-0.87,-1.59,-2.42
17:54:9:595,-0.84,-0.49,-2.17
17:54:9:613,-0.44,-0.04,-1.80
17:54:9:613,0.23,0.19,-2.33
17:54:9:666,1.04,-0.25,-2.74
17:54:9:737,2.56,0.19,-2.75
17:54:9:755,3.69,0.35,-2.38
17:54:9:807,4.86,0.63,-2.75
17:54:9:897,6.69,0.46,-3.67
17:54:9:931,8.00,2.03,-2.92
17:54:9:969,8.00,3.09,-1.19
17:54:9:986,8.00,2.04,0.59
17:54:9:986,8.00,1.93,3.93
17:54:9:986,8.00,6.28,7.64
17:54:10:59,7.65,4.57,4.87
17:54:10:59,2.53,-5.24,-5.80
17:54:10:114,3.40,-7.10,-5.63
17:54:10:147,5.37,4.68,-1.85
17:54:10:147,4.98,0.02,-2.85
17:54:10:164,2.64,2.75,-1.84
17:54:10:232,3.16,0.25,-2.72
17:54:10:284,3.07,-0.25,-2.51
17:54:10:287,3.50,0.72,-2.57
17:54:10:287,3.23,0.34,-2.96
17:54:10:304,3.29,0.18,-2.75
17:54:10:322,3.60,0.10,-2.02
17:54:10:322,3.72,0.21,-2.04
17:54:10:322,3.63,0.37,-2.00
17:54:10:339,3.60,0.57,-1.68
17:54:10:339,3.77,0.42,-1.88
17:54:10:339,3.71,0.56,-1.53
17:54:10:339,3.89,1.01,-1.81
17:54:10:392,4.49,0.68,-1.27
17:54:10:392,4.43,-0.16,-1.66
17:54:10:428,4.99,0.06,-1.11
17:54:10:428,4.94,-0.19,-2.14
17:54:10:465,5.48,-0.10,-1.52
17:54:10:465,5.52,0.01,-2.13
17:54:10:465,6.07,0.22,-3.43
17:54:10:465,7.06,0.47,-4.73
17:54:10:465,7.50,0.76,-6.25
17:54:10:465,8.00,0.13,-4.48
17:54:10:483,6.33,-1.66,-4.53
17:54:10:501,0.61,-1.70,-2.40
17:54:10:518,-0.75,0.65,0.03
17:54:10:518,0.34,-0.55,-0.87
17:54:10:518,0.29,-0.72,-2.68
17:54:10:607,-0.40,-0.27,-2.45
17:54:10:623,-0.15,0.35,-2.17
17:54:10:625,0.58,-0.04,-2.38
17:54:10:642,1.47,-0.46,-2.82
17:54:10:660,2.59,-0.45,-2.87
17:54:10:660,3.73,-0.34,-2.89
17:54:10:677,5.16,-0.46,-3.27
17:54:10:764,7.66,-0.32,-3.51
17:54:10:764,8.00,1.35,-2.81
17:54:10:782,8.00,2.12,-0.75
17:54:10:818,8.00,3.02,1.68
17:54:10:854,8.00,3.73,6.59
17:54:10:871,8.00,8.00,8.00
17:54:11:8,5.81,5.94,1.29
17:54:11:8,4.62,-3.96,-4.77
17:54:11:24,3.99,1.86,-1.86
17:54:11:41,4.83,6.96,-3.82
17:54:11:59,3.57,-0.71,-0.40
17:54:11:111,4.62,2.03,-2.95
17:54:11:146,2.76,-0.40,-3.48
17:54:11:164,2.89,0.24,-1.73
17:54:11:164,4.84,-0.24,-1.67
17:54:11:183,2.78,0.44,-2.82
17:54:11:201,3.39,-0.05,-1.96
17:54:11:218,3.44,0.35,-2.05
17:54:11:235,3.71,0.51,-2.06
17:54:11:308,3.83,0.19,-1.83
17:54:11:308,3.46,0.19,-2.30
17:54:11:308,3.67,0.64,-1.83
17:54:11:308,3.74,0.41,-2.12
17:54:11:308,3.85,0.28,-2.11
17:54:11:308,3.85,0.69,-1.53
17:54:11:325,4.25,0.55,-1.60
17:54:11:325,4.65,0.09,-1.32
17:54:11:342,5.15,-0.43,-1.07
17:54:11:358,5.08,0.11,-1.32
17:54:11:361,4.90,0.70,-1.96
17:54:11:466,5.62,1.04,-3.04
17:54:11:501,6.43,1.48,-3.77
17:54:11:501,7.13,2.61,-6.71
17:54:11:518,8.00,-1.26,-6.13
17:54:11:536,6.09,-1.27,-3.00
17:54:11:536,3.27,-0.24,-3.05
17:54:11:554,-1.31,0.78,-0.51
17:54:11:590,-0.53,-0.26,-0.24
17:54:11:625,-0.00,-1.25,-1.42
17:54:11:679,-0.33,-1.33,-2.31
17:54:11:679,0.07,-0.30,-1.92
17:54:11:732,0.96,-0.20,-1.59
17:54:11:732,1.52,-0.53,-2.16
17:54:11:732,2.63,-0.72,-2.27
17:54:11:750,3.71,-0.20,-1.96
17:54:11:750,4.58,-0.63,-1.96
17:54:11:768,6.39,-0.52,-2.38
17:54:11:821,8.00,0.56,-2.65
17:54:11:873,8.00,1.71,-1.92
17:54:11:873,8.00,2.02,0.12
17:54:11:891,8.00,3.01,1.75
17:54:11:909,8.00,6.60,6.27
17:54:11:909,7.21,5.49,4.84
17:54:11:927,4.50,2.11,-2.55
17:54:11:927,3.31,-0.15,-5.44
17:54:12:31,1.16,2.73,-4.74
17:54:12:82,5.66,1.77,0.10
17:54:12:82,5.75,-0.77,-0.39
17:54:12:156,4.26,0.83,-2.01
17:54:12:227,3.64,-0.32,-4.31
17:54:12:244,3.05,0.22,-2.83
17:54:12:263,3.32,-0.09,-2.41
17:54:12:279,3.36,0.17,-2.67
17:54:12:296,3.26,-0.20,-2.34
17:54:12:313,4.18,-0.49,-0.50
17:54:12:364,3.60,-0.68,-2.75
17:54:12:379,3.42,0.38,-2.56
17:54:12:397,3.35,0.04,-2.20
17:54:12:412,3.52,0.10,-2.05
17:54:12:412,3.60,0.16,-1.90
17:54:12:430,3.75,0.30,-1.99
17:54:12:430,3.68,0.15,-2.21
17:54:12:448,3.74,0.25,-1.80
17:54:12:448,3.67,-0.22,-1.76
17:54:12:448,3.96,0.06,-1.60
17:54:12:448,4.06,0.26,-1.85
17:54:12:465,4.38,0.39,-1.60
17:54:12:481,4.13,0.32,-1.59
17:54:12:498,5.23,0.05,-1.09
17:54:12:534,5.82,-0.27,-2.12
17:54:12:552,7.65,0.61,-3.26
17:54:12:569,8.00,-0.87,-4.87
17:54:12:569,5.88,-3.55,-4.11
17:54:12:590,2.99,-0.96,-1.18
17:54:12:590,2.44,-0.02,0.31
17:54:12:623,0.07,-0.03,-2.07
17:54:12:659,-0.50,-1.03,-2.90
17:54:12:659,0.55,-0.74,-3.13
17:54:12:659,1.01,1.01,-3.57
17:54:12:676,1.32,2.17,-3.71
17:54:12:712,2.31,2.33,-3.38
17:54:12:766,3.07,2.50,-3.12
17:54:12:784,3.95,2.52,-3.00
17:54:12:800,5.03,2.63,-3.19
17:54:12:802,5.79,3.34,-3.42
17:54:12:802,5.75,4.19,-3.21
17:54:12:820,5.22,4.17,-2.96
17:54:12:837,4.94,3.34,-2.59
17:54:12:837,4.87,2.52,-2.41
17:54:12:855,4.42,2.00,-2.73
17:54:12:925,4.53,2.14,-1.85
17:54:13:15,4.13,2.26,-1.78
17:54:13:49,4.46,2.61,-1.14
17:54:13:49,4.74,2.56,-0.49
17:54:13:119,4.47,3.25,-0.22
17:54:13:154,5.16,2.49,0.53
17:54:13:154,4.73,3.80,1.44
17:54:13:206,3.73,1.25,0.43
17:54:13:331,3.20,-2.30,-1.54
17:54:13:331,4.19,0.02,-0.23
17:54:13:349,3.67,-0.53,-1.75
17:54:13:456,3.79,1.15,-2.11
17:54:13:474,4.00,-0.73,-1.92
17:54:13:492,4.05,-0.62,-1.77
17:54:13:508,3.94,0.06,-1.83
17:54:13:530,3.62,0.09,-2.31
17:54:13:564,3.41,-0.48,-2.44
17:54:13:581,3.70,-0.18,-1.56
17:54:13:651,3.79,-0.18,-1.38
17:54:13:651,3.77,0.07,-1.74
17:54:13:704,3.67,0.13,-1.83
17:54:13:740,3.57,0.15,-1.71
17:54:13:758,3.80,0.16,-1.41
17:54:13:810,3.73,-0.13,-1.74
17:54:13:830,3.67,-0.07,-1.41
17:54:13:917,3.86,0.17,-1.60
17:54:13:917,3.71,0.01,-1.58
17:54:13:938,3.89,-0.02,-1.72
17:54:14:25,3.78,0.05,-1.70
17:54:14:42,3.71,0.13,-1.41
17:54:14:94,3.82,0.15,-1.51
17:54:14:270,3.93,0.18,-1.58
17:54:14:393,3.89,0.03,-1.63
17:54:14:393,3.81,0.08,-1.79
17:54:14:393,3.85,0.11,-1.49
17:54:14:445,3.99,0.03,-1.77
17:54:14:480,3.97,-0.08,-1.52
17:54:14:480,3.94,-0.11,-1.69
17:54:14:655,4.25,-0.09,-1.58
17:54:14:997,4.36,-0.25,-1.61
17:54:14:997,4.39,-0.46,-1.18
17:54:14:997,5.23,-0.38,-0.96
17:54:15:87,4.75,-0.44,-1.30
17:54:15:105,3.97,0.13,-1.22
17:54:15:105,2.33,-1.53,-2.08
17:54:15:124,1.62,-1.89,-1.81
17:54:15:211,0.92,-0.97,-2.93
17:54:15:229,1.24,-0.00,-3.71
17:54:15:229,2.33,2.19,-3.33
17:54:15:297,3.74,2.05,-1.70
17:54:15:388,3.94,1.82,-1.63
17:54:15:473,6.03,4.72,0.70
17:54:15:473,8.00,6.09,8.00
17:54:15:473,-0.33,-1.34,-1.33
17:54:15:473,4.24,-0.09,-1.77
17:54:15:473,4.34,-0.09,-1.38
17:54:15:543,3.59,0.47,-1.80
17:54:15:543,3.85,-0.07,-1.71
17:54:15:543,3.91,-0.43,-1.08
17:54:15:543,3.97,-0.03,-1.50
17:54:15:582,4.01,0.29,-1.37
17:54:15:617,3.79,0.05,-1.65
17:54:15:617,3.76,-0.04,-1.49
17:54:15:617,3.89,-0.17,-1.46
17:54:15:617,3.71,-0.32,-1.50
17:54:15:617,3.78,-0.20,-1.38
17:54:15:667,3.83,0.17,-1.38
17:54:15:668,3.80,0.19,-1.43
17:54:15:705,3.75,0.15,-1.24
17:54:15:722,3.79,0.01,-1.10
17:54:15:809,3.80,-0.01,-1.29
17:54:15:809,3.75,0.18,-1.33
17:54:15:809,3.74,0.11,-1.36
17:54:15:809,3.79,0.04,-1.21
17:54:15:809,3.81,-0.01,-1.17
17:54:15:809,3.79,0.11,-1.12
17:54:15:809,3.86,0.10,-1.18
17:54:15:843,3.82,0.07,-1.34
17:54:15:843,3.81,0.09,-1.21
17:54:15:843,3.90,-0.01,-1.22
17:54:16:34,3.87,0.07,-1.29
17:54:16:34,3.79,0.10,-1.28
17:54:16:34,3.85,-0.07,-1.44
17:54:16:34,3.85,-0.03,-1.35
17:54:16:34,3.84,0.02,-1.24
17:54:16:34,3.78,-0.07,-1.44
17:54:16:34,3.78,0.02,-1.25
17:54:16:179,3.83,0.08,-1.10
17:54:16:179,3.84,0.07,-1.16
17:54:16:179,3.86,0.02,-1.11
17:54:16:179,3.84,0.03,-1.15
17:54:16:179,3.83,-0.07,-1.20
17:54:16:179,3.93,-0.01,-1.33
17:54:16:179,4.02,-0.20,-1.13
17:54:16:195,3.95,0.02,-1.45
17:54:16:231,4.32,-0.28,-1.22
17:54:16:231,4.49,0.15,-1.59
17:54:16:231,4.76,-0.07,-1.47
17:54:16:231,5.96,-0.05,-2.00
17:54:16:231,6.50,-0.49,-1.86
17:54:16:249,4.55,0.72,-2.99
17:54:16:249,4.48,0.57,-2.38
17:54:16:249,2.03,-1.24,-3.76
17:54:16:267,0.62,-1.73,-3.96
17:54:16:267,0.47,-1.04,-3.93
17:54:16:267,1.35,-0.82,-3.58
17:54:16:267,2.34,-0.62,-3.10
17:54:16:267,3.25,-0.62,-2.63
17:54:16:287,4.05,-0.39,-2.28
17:54:16:287,4.83,-0.09,-1.52
17:54:16:340,5.33,-0.14,-1.41
17:54:16:340,5.28,0.17,-1.42
17:54:16:340,5.04,0.64,-1.29
17:54:16:340,5.34,0.52,-1.07
17:54:16:340,4.70,0.88,-0.07
17:54:16:375,4.49,0.53,0.07
17:54:16:375,4.59,0.43,-0.12
17:54:16:375,4.25,1.07,0.06
17:54:16:375,4.27,0.70,-0.05
17:54:16:393,4.55,0.97,-0.11
17:54:16:411,6.30,2.30,0.09
17:54:16:446,3.40,-0.29,-4.20
17:54:16:446,5.13,-2.77,-1.91
17:54:16:446,3.51,3.88,-1.91
17:54:16:446,3.82,-1.45,0.14
17:54:16:464,4.29,0.67,-0.96
17:54:16:518,4.36,0.29,-1.50
17:54:16:518,3.80,-0.26,-1.59
17:54:16:518,3.54,0.50,-2.04
17:54:16:518,3.72,0.75,-2.11
17:54:16:518,3.86,0.15,-2.00
17:54:16:518,3.83,0.23,-1.57
17:54:16:518,3.91,0.80,-1.53
17:54:16:553,3.50,0.26,-1.81
17:54:16:553,3.55,0.52,-1.28
17:54:16:553,3.44,0.95,-1.71
17:54:16:553,3.69,0.93,-1.40
17:54:16:553,3.93,1.19,-1.26
17:54:16:553,4.04,0.46,-1.78
17:54:16:553,4.02,0.60,-1.19
17:54:16:553,4.26,0.99,-1.35
17:54:16:623,4.52,0.60,-1.60
17:54:16:641,4.87,0.31,-1.35
17:54:16:677,5.43,-0.49,-1.17
17:54:16:713,5.62,-0.85,-1.40
17:54:16:748,5.44,0.08,-2.05
17:54:16:748,6.39,0.39,-3.53
17:54:16:767,7.52,1.30,-5.59
17:54:16:767,8.00,0.04,-5.94
17:54:16:801,7.71,-1.20,-4.17
17:54:16:873,4.21,-1.18,-4.18
17:54:16:891,-0.21,0.50,-1.33
17:54:16:891,-0.50,-0.14,-1.03
17:54:16:909,0.23,-1.18,-1.57
17:54:16:927,-0.31,0.05,-2.71
17:54:16:927,-0.37,-0.06,-2.57
17:54:16:945,0.52,0.46,-2.30
17:54:16:945,1.15,0.41,-2.22
17:54:16:963,2.31,0.07,-2.57
17:54:16:980,3.37,0.24,-2.28
17:54:17:19,4.75,0.20,-2.39
17:54:17:71,6.61,0.78,-2.09
17:54:17:89,8.00,0.96,-1.79
17:54:17:109,8.00,1.08,-1.12
17:54:17:126,8.00,2.31,-0.57
17:54:17:144,8.00,2.82,0.91
17:54:17:177,7.41,4.91,3.72
17:54:17:282,7.11,5.26,4.42
17:54:17:297,6.73,3.75,3.13
17:54:17:299,4.99,-1.04,-2.47
17:54:17:318,5.73,-3.75,-5.20
17:54:17:336,6.04,0.61,-1.48
17:54:17:354,5.33,1.09,-2.40
17:54:17:370,2.73,-0.20,-2.57
17:54:17:440,3.26,0.62,-2.73
17:54:17:440,2.97,-0.29,-2.26
17:54:17:455,4.35,0.31,-1.96
17:54:17:458,4.43,0.17,-2.82
17:54:17:475,2.94,0.26,-2.74
17:54:17:475,3.25,-0.17,-2.45
17:54:17:494,3.39,-0.36,-2.09
17:54:17:511,3.55,0.26,-1.86
17:54:17:511,3.67,0.13,-1.67
17:54:17:511,3.85,0.35,-2.07
17:54:17:511,3.63,0.45,-1.63
17:54:17:513,3.92,0.50,-1.45
17:54:17:533,3.69,0.59,-2.42
17:54:17:587,3.93,0.39,-1.81
17:54:17:605,4.94,0.80,-1.58
17:54:17:626,5.60,-0.54,-1.27
17:54:17:645,5.97,-0.92,-1.12
17:54:17:645,6.04,0.10,-2.75
17:54:17:662,6.58,0.96,-4.12
17:54:17:662,7.37,0.54,-4.87
17:54:17:680,7.26,-0.58,-5.98
17:54:17:681,8.00,-1.00,-2.96
17:54:17:699,6.64,-0.84,-4.05
17:54:17:719,2.04,-0.76,-1.96
17:54:17:719,-0.32,-0.80,-0.94
17:54:17:788,-0.48,-1.20,-2.17
17:54:17:788,-0.70,-0.74,-3.02
17:54:17:806,-0.38,0.03,-2.45
17:54:17:825,0.21,0.12,-2.18
17:54:17:841,0.83,0.23,-2.95
17:54:17:860,1.75,-0.18,-3.16
17:54:17:949,2.95,0.13,-3.09
17:54:17:968,4.44,0.15,-3.13
17:54:17:968,6.26,0.25,-3.47
17:54:17:986,8.00,1.00,-2.77
17:54:17:986,8.00,2.90,-0.92
17:54:18:5,8.00,2.92,1.85
17:54:18:6,8.00,4.89,4.40
17:54:18:6,8.00,8.00,8.00
17:54:18:41,8.00,2.85,5.83
17:54:18:41,2.72,-6.08,-7.14
17:54:18:58,3.36,-0.78,-0.24
17:54:18:76,8.00,3.08,-0.41
17:54:18:109,3.97,2.12,-1.41
17:54:18:127,3.63,1.56,-2.56
17:54:18:200,0.64,0.78,-3.45
17:54:18:206,2.48,-0.49,-2.64
17:54:18:224,3.88,1.29,-2.36
17:54:18:224,3.49,0.44,-2.68
17:54:18:241,3.41,-0.57,-2.10
17:54:18:259,3.74,-0.05,-1.97
17:54:18:259,3.51,0.35,-2.16
17:54:18:325,3.53,0.64,-1.92
17:54:18:343,3.60,0.53,-1.86
17:54:18:343,3.78,0.45,-1.54
17:54:18:361,4.03,0.28,-1.83
17:54:18:361,4.15,0.41,-1.87
17:54:18:397,4.36,0.35,-1.42
17:54:18:453,4.52,-0.11,-1.32
17:54:18:470,4.80,0.26,-1.63
17:54:18:505,4.99,0.08,-1.64
17:54:18:523,5.01,0.01,-1.78
17:54:18:523,5.80,0.58,-2.69
17:54:18:591,6.77,0.96,-3.46
17:54:18:591,6.85,1.53,-6.63
17:54:18:609,7.50,-0.79,-5.53
17:54:18:609,6.81,-1.04,-3.49
17:54:18:680,3.61,-0.69,-4.19
17:54:18:700,-0.87,0.81,-0.59
17:54:18:700,0.11,-0.13,-1.08
17:54:18:718,-0.53,-0.45,-1.83
17:54:18:754,-0.57,-0.25,-2.60
17:54:18:754,-0.37,-0.02,-2.21
17:54:18:863,0.12,0.08,-2.36
17:54:18:882,0.80,0.38,-2.65
17:54:18:882,1.69,0.17,-2.98
17:54:18:900,3.19,0.40,-2.74
17:54:18:918,4.39,0.21,-2.96
17:54:18:918,6.67,0.51,-3.10
17:54:18:918,8.00,2.09,-2.92
17:54:18:955,8.00,3.24,-1.93
17:54:19:26,8.00,2.89,0.06
17:54:19:43,8.00,3.54,3.45
17:54:19:44,8.00,6.03,5.77
17:54:19:63,7.60,3.47,5.68
17:54:19:134,6.36,-4.00,0.41
17:54:19:134,3.03,-4.96,-5.96
17:54:19:150,2.77,-0.24,-3.32
17:54:19:151,5.58,3.34,-2.66
17:54:19:187,3.25,1.74,-1.86
17:54:19:220,3.66,1.13,-2.06
17:54:19:240,2.94,-0.05,-2.12
17:54:19:258,2.83,1.10,-2.35
17:54:19:274,4.50,0.71,-2.54
17:54:19:276,3.14,0.17,-2.77
17:54:19:346,3.46,0.07,-2.08
17:54:19:400,3.59,-0.35,-1.92
17:54:19:400,3.28,0.24,-2.14
17:54:19:417,3.40,0.35,-2.35
17:54:19:434,3.40,0.09,-1.89
17:54:19:435,3.67,0.19,-1.74
17:54:19:453,3.78,0.48,-1.58
17:54:19:487,3.90,0.38,-1.71
17:54:19:505,3.79,0.43,-1.62
17:54:19:542,4.21,0.67,-1.41
17:54:19:593,4.48,1.08,-1.91
17:54:19:596,5.45,-0.17,-1.06
17:54:19:612,5.72,-0.46,-0.92
17:54:19:630,6.09,0.19,-1.59
17:54:19:648,6.04,0.08,-3.01
17:54:19:666,6.34,0.50,-3.64
17:54:19:701,6.83,0.72,-6.27
17:54:19:772,8.00,-0.93,-5.70
17:54:19:789,7.15,-1.22,-3.21
17:54:19:806,4.74,-1.39,-4.17
17:54:19:822,0.50,-0.06,-1.30
17:54:19:822,-0.46,0.01,-0.29
17:54:19:839,-0.57,-0.43,-2.56
17:54:19:858,-0.52,-0.14,-3.34
17:54:19:910,-0.30,0.24,-2.64
17:54:19:928,0.27,0.25,-2.50
17:54:19:945,1.19,0.03,-2.86
17:54:19:982,2.10,-0.31,-2.90
17:54:20:35,3.38,-0.48,-2.77
17:54:20:35,4.92,-0.53,-2.83
17:54:20:52,6.98,-0.19,-2.89
17:54:20:126,8.00,0.77,-2.70
17:54:20:143,8.00,2.28,-2.20
17:54:20:143,8.00,2.99,-1.32
17:54:20:160,8.00,-1.20,2.94
17:54:20:160,8.00,5.86,7.39
17:54:20:179,7.72,5.48,4.39
17:54:20:196,6.11,2.30,1.61
17:54:20:263,4.55,-3.47,-5.73
17:54:20:317,5.38,-5.77,-4.62
17:54:20:317,6.99,3.25,-0.61
17:54:20:334,6.64,1.24,-1.86
17:54:20:351,2.79,-0.48,-2.42
17:54:20:369,3.41,0.65,-2.87
17:54:20:386,3.00,-0.36,-2.57
17:54:20:404,1.82,1.54,-3.33
17:54:20:459,1.53,2.66,-3.69
17:54:20:494,2.88,-0.34,-2.37
17:54:20:530,3.50,-0.19,-2.37
17:54:20:548,3.56,0.05,-2.43
17:54:20:548,3.44,0.29,-2.04
17:54:20:566,3.31,0.43,-1.87
17:54:20:583,3.71,0.01,-1.45
17:54:20:601,3.90,0.17,-1.75
17:54:20:652,3.71,0.51,-1.83
17:54:20:669,3.45,0.71,-2.00
17:54:20:688,4.14,0.91,-1.83
17:54:20:688,4.41,-0.00,-1.00
17:54:20:706,5.40,-0.35,-0.86
17:54:20:740,5.28,-0.68,-0.84
17:54:20:794,5.56,0.20,-1.98
17:54:20:813,6.50,0.90,-3.45
17:54:20:830,7.90,0.67,-4.21
17:54:20:847,7.96,0.55,-6.40
17:54:20:865,8.00,-1.69,-4.76
17:54:20:865,5.78,-1.19,-3.51
17:54:20:901,2.00,0.02,-2.43
17:54:20:918,-1.50,0.95,-0.90
17:54:20:936,-0.54,-2.10,-1.42
17:54:21:26,-0.94,-0.66,-2.17
17:54:21:81,-0.57,-0.05,-2.38
17:54:21:81,-0.25,0.33,-1.82
17:54:21:99,0.46,0.32,-1.83
17:54:21:117,1.02,0.04,-2.42
17:54:21:134,2.63,0.17,-2.38
17:54:21:168,3.63,0.19,-2.12
17:54:21:218,4.97,0.55,-2.31
17:54:21:237,7.13,1.18,-2.34
17:54:21:237,8.00,2.10,-1.68
17:54:21:274,8.00,2.92,-0.26
17:54:21:344,8.00,2.70,0.98
17:54:21:344,7.99,2.94,2.07
17:54:21:397,7.63,0.77,4.32
17:54:21:447,7.02,1.43,4.33
17:54:21:465,7.95,-2.23,0.96
17:54:21:466,1.34,-2.22,-8.00
17:54:21:484,3.42,-4.18,-2.89
17:54:21:502,6.93,0.39,0.04
17:54:21:520,4.95,1.99,-1.73
17:54:21:604,2.08,0.26,-4.09
17:54:21:622,2.16,-0.15,-2.61
17:54:21:639,3.04,0.52,-2.51
17:54:21:639,3.65,0.67,-2.98
17:54:21:655,3.33,0.60,-2.82
17:54:21:761,3.28,0.08,-2.54
17:54:21:761,3.29,0.19,-2.34
17:54:21:796,3.57,0.61,-2.49
17:54:21:812,3.58,0.42,-2.42
17:54:21:847,3.59,0.35,-2.07
17:54:21:848,3.36,0.50,-2.31
17:54:21:933,3.34,0.47,-2.28
17:54:21:934,3.55,0.68,-1.90
17:54:21:951,3.67,0.68,-1.48
17:54:21:951,3.70,0.71,-1.52
17:54:21:969,3.82,0.78,-1.25
17:54:22:39,3.61,0.63,-2.34
17:54:22:39,3.71,0.55,-2.17
17:54:22:146,3.79,0.82,-1.90
17:54:22:163,3.48,0.93,-1.74
17:54:22:181,3.35,0.79,-1.37
17:54:22:198,3.39,0.90,-1.74
17:54:22:199,3.73,1.56,-1.70
17:54:22:218,3.54,2.12,-2.09
17:54:22:218,3.37,2.34,-2.08
17:54:22:271,3.58,2.43,-2.63
17:54:22:306,3.56,2.41,-3.49
17:54:22:359,5.34,1.42,-3.42
17:54:22:359,5.35,1.27,-3.04
17:54:22:376,4.76,0.51,-3.15
17:54:22:482,4.08,-0.13,-2.87
17:54:22:502,3.38,-0.53,-2.45
17:54:22:502,3.01,-1.00,-1.65
17:54:22:608,2.26,-0.66,-1.43
17:54:22:643,2.72,-0.33,-0.91
17:54:22:695,2.55,-0.68,-1.15
17:54:22:748,2.64,-1.03,-1.10
17:54:22:852,3.12,-0.92,-1.10
17:54:22:919,3.32,-0.93,-1.25
17:54:22:923,3.75,-1.18,-1.01
17:54:23:275,4.08,-1.00,-0.67
17:54:23:275,4.29,-0.87,-0.86
17:54:23:275,4.25,-0.58,-0.82
17:54:23:488,4.26,-0.29,-0.81
17:54:23:593,4.32,0.24,-0.92
17:54:23:662,4.35,0.38,-1.55
17:54:23:713,4.19,0.12,-1.76
17:54:23:747,4.33,0.31,-1.35
17:54:23:958,4.20,-0.43,-1.25
17:54:23:958,3.83,-0.91,-1.26
17:54:24:153,3.48,-1.47,-0.85
17:54:24:347,2.83,-2.37,-2.47
17:54:24:347,4.53,0.07,-1.14
17:54:24:347,3.97,0.97,-2.46
17:54:24:484,4.46,1.27,-0.83
17:54:24:838,3.57,0.60,-1.75
17:54:24:838,3.64,-0.03,-1.88
17:54:24:838,3.67,0.35,-1.18
17:54:24:855,3.69,0.70,-1.82
17:54:24:855,4.01,0.38,-0.74
17:54:24:874,3.87,0.30,-1.62
17:54:24:874,3.67,0.03,-1.69
17:54:24:926,3.72,0.55,-2.25
17:54:24:998,3.79,0.31,-2.03
17:54:24:998,4.17,0.48,-0.98
17:54:24:998,3.94,0.66,-1.41
17:54:25:368,3.64,0.32,-1.46
17:54:25:368,3.55,0.44,-1.32
17:54:25:368,3.56,0.48,-1.51
17:54:25:368,3.77,0.32,-1.48
17:54:25:368,3.65,0.45,-1.75
17:54:25:368,3.82,0.52,-1.51
17:54:25:368,3.64,0.27,-1.53
17:54:25:388,3.69,0.43,-1.86
17:54:25:388,3.85,0.63,-1.61
17:54:25:388,3.90,0.37,-1.53
17:54:25:388,3.71,0.15,-1.71
17:54:25:388,3.60,0.27,-1.70
17:54:25:388,3.71,0.27,-1.80
17:54:25:388,3.73,0.44,-1.74
17:54:25:405,3.69,0.12,-1.84
17:54:25:405,3.76,0.15,-1.75
17:54:25:405,3.77,0.16,-1.58
17:54:25:405,3.78,0.33,-1.52
17:54:25:405,3.83,0.33,-1.78
17:54:25:405,3.75,0.28,-1.64
17:54:25:405,3.74,0.53,-1.31
17:54:25:458,3.68,0.60,-1.14
17:54:25:458,3.62,0.56,-1.07
17:54:25:458,3.69,0.50,-1.14
17:54:25:458,3.81,0.12,-1.34
17:54:25:545,3.84,0.33,-1.23
17:54:25:545,3.78,0.46,-1.20
17:54:25:545,3.75,0.41,-1.17
17:54:25:632,3.80,0.47,-1.11
17:54:25:632,3.84,0.38,-1.11
17:54:25:683,4.01,0.37,-1.07
17:54:25:735,3.87,0.36,-1.25
17:54:25:735,3.74,0.35,-1.30
17:54:25:735,3.80,0.35,-1.21
17:54:25:735,3.81,0.35,-1.19
17:54:25:735,3.71,0.07,-1.17
17:54:25:735,3.87,0.20,-1.18
17:54:25:735,3.80,0.25,-1.22
17:54:25:735,3.76,0.19,-1.21
17:54:25:735,3.96,0.18,-1.00
17:54:25:735,3.83,0.37,-1.09
17:54:25:735,3.83,0.28,-1.11
17:54:25:735,3.83,0.27,-1.11
17:54:25:735,3.85,0.20,-1.08
17:54:25:735,3.77,0.17,-1.06
17:54:25:771,3.84,0.24,-1.18
17:54:25:771,3.85,0.27,-1.22
17:54:25:771,3.81,0.22,-1.12
17:54:25:771,3.85,0.22,-1.07
17:54:25:771,3.77,0.17,-1.04
17:54:25:771,3.83,0.22,-1.11
17:54:25:771,3.86,0.33,-1.12
17:54:25:771,3.85,0.16,-1.17
17:54:25:771,3.95,0.23,-1.04
17:54:25:771,3.78,0.26,-1.21
17:54:25:771,3.93,0.15,-1.31
17:54:25:788,3.90,0.16,-1.39
17:54:25:788,3.94,0.12,-1.33
17:54:25:788,3.93,0.03,-1.34
17:54:25:788,3.99,0.04,-1.58
17:54:25:788,4.08,0.43,-1.12
17:54:25:788,3.96,0.44,-0.82
17:54:26:77,3.89,0.09,-0.87
17:54:26:77,4.24,0.13,-1.18
17:54:26:77,4.44,0.27,-1.10
17:54:26:77,4.64,0.36,-1.39
17:54:26:77,5.49,-0.49,-2.01
17:54:26:77,5.70,-0.28,-1.60
17:54:26:77,4.98,0.12,-1.75
17:54:26:165,4.67,0.35,-1.53
17:54:26:165,3.50,0.62,-2.48
17:54:26:165,1.61,-0.10,-3.15
17:54:26:165,1.19,-1.19,-3.37
17:54:26:165,1.67,-1.62,-3.00
17:54:26:165,1.93,-1.30,-2.93
17:54:26:233,2.38,-0.84,-2.63
17:54:26:233,3.16,-0.83,-2.27
17:54:26:233,3.79,-0.92,-2.10
17:54:26:285,4.39,-0.71,-1.82
17:54:26:335,4.74,-0.30,-1.71
17:54:26:335,4.76,-0.41,-1.86
17:54:26:444,4.93,0.04,-1.65
17:54:26:444,4.80,0.47,-1.43
17:54:26:444,4.98,0.83,-0.62
17:54:26:686,4.80,0.39,-0.34
17:54:26:686,4.62,0.70,-0.23
17:54:26:686,4.33,1.04,-0.15
17:54:26:686,4.58,1.20,0.04
17:54:26:686,4.53,1.29,0.51
17:54:26:686,5.64,3.37,-0.55
17:54:26:686,2.40,-0.49,-3.78
17:54:26:829,7.27,-2.20,-3.19
17:54:26:829,6.00,4.27,-1.32
17:54:26:829,3.75,-0.10,-1.17
17:54:26:829,4.02,0.13,-0.18
17:54:26:829,3.65,0.04,-2.02
17:54:26:829,3.89,-0.23,-1.58
17:54:26:829,3.84,0.43,-2.01
17:54:26:864,3.74,0.71,-2.06
17:54:26:864,3.42,0.15,-2.42
17:54:26:864,3.68,0.30,-1.62
17:54:26:882,3.96,0.34,-1.16
17:54:26:967,3.62,0.47,-1.73
17:54:26:967,3.82,0.42,-1.53
17:54:26:967,3.85,0.41,-1.47
17:54:26:967,3.64,0.03,-1.80
17:54:26:967,3.85,0.12,-1.52
17:54:27:71,3.85,0.29,-1.51
17:54:27:71,4.00,-0.16,-1.43
17:54:27:71,4.33,0.45,-1.08
17:54:27:71,4.23,0.53,-1.23
17:54:27:71,4.63,-0.02,-1.50
17:54:27:89,5.52,0.12,-1.30
17:54:27:89,5.64,-0.07,-1.65
17:54:27:144,5.51,-0.36,-1.61
17:54:27:234,5.63,0.01,-2.19
17:54:27:234,5.94,0.41,-3.43
17:54:27:252,6.14,1.04,-4.78
17:54:27:252,7.04,1.61,-6.81
17:54:27:252,6.87,0.40,-3.72
17:54:27:252,6.19,-2.02,-4.10
17:54:27:252,2.42,-1.43,-3.45
17:54:27:252,0.68,-0.89,-0.41
17:54:27:339,-0.55,-1.28,-1.98
17:54:27:339,-0.70,-1.14,-3.00
17:54:27:339,-0.52,-0.19,-2.36
17:54:27:339,0.23,-0.07,-1.93
17:54:27:339,0.93,-0.52,-2.59
17:54:27:339,1.96,-0.94,-2.92
17:54:27:339,2.82,-0.12,-2.91
17:54:27:342,4.22,0.16,-2.99
17:54:27:342,5.72,0.46,-2.94
17:54:27:342,7.72,1.09,-3.20
17:54:27:342,8.00,2.61,-2.41
17:54:27:342,8.00,3.80,0.05
17:54:27:342,8.00,3.62,1.69
17:54:27:342,8.00,4.86,6.05
17:54:27:358,8.00,6.12,6.64
17:54:27:358,8.00,3.92,3.16
17:54:27:376,4.24,-5.34,-5.62
17:54:27:376,2.40,2.28,-1.86
17:54:27:376,8.00,2.48,-1.04
17:54:27:376,3.07,1.10,-1.26
17:54:27:376,3.43,1.27,-1.67
17:54:27:376,3.39,0.43,-3.04
17:54:27:376,2.62,-0.30,-2.95
17:54:27:376,3.85,0.40,-2.44
17:54:27:376,3.30,0.63,-2.69
17:54:27:376,3.38,0.45,-2.35
17:54:27:376,3.50,-0.40,-2.00
17:54:27:411,3.12,-0.65,-2.64
17:54:27:411,3.82,0.20,-1.88
17:54:27:411,3.62,0.27,-1.65
17:54:27:411,3.85,0.35,-1.49
17:54:27:411,3.79,0.30,-2.09
17:54:27:411,4.04,0.61,-1.59
17:54:27:411,4.23,0.84,-1.68
17:54:27:411,4.46,0.23,-1.40
17:54:27:429,5.30,-1.09,-0.92
17:54:27:429,5.23,-0.33,-1.59
17:54:27:429,5.65,0.04,-1.67
17:54:27:447,6.11,0.31,-2.76
17:54:27:447,6.43,0.48,-4.06
17:54:27:447,6.99,0.71,-5.33
17:54:27:447,7.99,-0.79,-6.65
17:54:27:516,7.85,-1.67,-3.09
17:54:27:516,5.42,-1.19,-5.11
17:54:27:516,0.74,-0.37,-1.78
17:54:27:516,-0.41,0.40,-0.88
17:54:27:516,0.12,-0.64,-2.93
17:54:27:551,-0.64,-0.11,-3.04
17:54:27:551,-0.62,0.40,-2.35
17:54:27:551,0.01,0.05,-2.28
17:54:27:588,1.04,-0.00,-2.77
17:54:27:588,1.64,-0.38,-3.07
17:54:27:604,3.22,-0.24,-3.15
17:54:27:622,4.89,0.01,-3.27
17:54:27:727,7.12,0.48,-3.50
17:54:27:727,8.00,1.45,-3.05
17:54:27:727,8.00,3.90,-1.01
17:54:27:727,8.00,4.35,0.37
17:54:27:745,8.00,5.17,5.48
17:54:27:762,8.00,6.15,8.00
17:54:27:762,7.60,4.59,4.71
17:54:27:796,2.43,-4.69,-6.94
17:54:27:831,8.00,-5.15,-3.60
17:54:27:866,5.68,3.28,-2.95
17:54:27:883,3.75,-1.35,-2.47
17:54:27:901,4.04,1.70,-0.78
17:54:27:918,3.82,1.84,-1.84
17:54:27:918,2.93,-0.07,-2.51
17:54:27:936,3.51,1.32,-2.27
17:54:27:953,3.47,0.40,-2.47
17:54:27:953,3.41,0.84,-2.74
17:54:27:953,3.15,-0.31,-2.59
17:54:27:953,3.66,-0.35,-2.05
17:54:27:971,3.46,0.25,-1.92
17:54:28:6,3.41,0.36,-2.12
17:54:28:75,3.75,0.25,-2.24
17:54:28:92,4.34,0.63,-0.68
17:54:28:112,4.33,0.52,-1.53
17:54:28:115,3.64,0.22,-2.19
17:54:28:133,4.22,0.43,-1.31
17:54:28:239,5.03,-0.09,-1.90
17:54:28:239,5.02,-0.54,-0.96
17:54:28:289,5.16,-0.18,-1.32
17:54:28:327,5.62,0.44,-2.11
17:54:28:327,6.43,0.58,-3.10
17:54:28:344,7.05,1.10,-5.22
17:54:28:415,7.05,0.30,-6.02
17:54:28:415,7.67,0.23,-3.67
17:54:28:433,5.27,-0.84,-3.41
17:54:28:487,3.17,-0.35,-3.06
17:54:28:506,-1.29,0.90,-2.79
17:54:28:522,-0.10,-2.25,-1.64
17:54:28:557,-0.49,-0.81,-3.11
17:54:28:592,-0.41,-0.27,-2.78
17:54:28:592,0.25,0.37,-2.24
17:54:28:609,0.69,0.36,-2.79
17:54:28:627,1.47,-0.09,-3.15
17:54:28:645,2.76,0.29,-3.05
17:54:28:663,4.08,0.18,-3.29
17:54:28:681,6.05,0.36,-3.17
17:54:28:716,8.00,0.56,-3.62
17:54:28:769,8.00,1.63,-1.88
17:54:28:769,8.00,2.08,0.40
17:54:28:872,8.00,3.50,2.80
17:54:28:872,8.00,6.28,8.00
17:54:28:872,7.73,5.26,4.73
17:54:28:890,4.74,-2.23,-3.68
17:54:28:941,6.85,-4.17,-4.60
17:54:28:960,4.02,4.90,-3.39
17:54:28:998,3.94,-0.35,-2.41
17:54:29:33,3.78,-0.16,-1.25
17:54:29:51,3.64,0.63,-2.19
17:54:29:51,2.69,-0.32,-3.18
17:54:29:68,2.21,1.05,-3.13
17:54:29:158,3.05,1.74,-3.00
17:54:29:158,3.17,0.29,-2.82
17:54:29:161,3.14,-0.52,-2.56
17:54:29:178,3.61,-0.46,-1.92
17:54:29:178,3.81,0.41,-1.83
17:54:29:178,3.68,0.76,-1.83
17:54:29:178,3.67,0.58,-1.98
17:54:29:197,3.56,0.37,-1.56
17:54:29:197,3.92,0.68,-2.02
17:54:29:214,3.95,0.77,-1.42
17:54:29:231,4.12,0.48,-1.37
17:54:29:302,4.93,-0.11,-1.23
17:54:29:302,5.02,0.05,-1.64
17:54:29:318,5.01,0.01,-1.45
17:54:29:335,5.43,0.29,-1.71
17:54:29:371,6.29,0.83,-3.08
17:54:29:371,6.58,0.81,-3.71
17:54:29:390,6.82,1.52,-6.41
17:54:29:390,7.98,-0.99,-5.72
17:54:29:390,6.77,-1.05,-3.64
17:54:29:407,3.29,-1.05,-4.21
17:54:29:460,-0.80,1.00,-0.45
17:54:29:516,0.45,-1.04,-1.37
17:54:29:532,-0.50,-0.68,-2.05
17:54:29:549,-0.65,-0.25,-2.46
17:54:29:567,-0.41,-0.06,-2.21
17:54:29:585,0.27,-0.44,-2.53
17:54:29:655,1.11,0.10,-2.52
17:54:29:709,1.96,-0.09,-2.54
17:54:29:709,3.13,-0.25,-2.78
17:54:29:728,4.50,-0.65,-2.96
17:54:29:746,6.85,-0.37,-3.16
17:54:29:765,8.00,0.84,-3.17
17:54:29:870,8.00,2.23,-1.37
17:54:29:959,8.00,2.90,1.32
17:54:30:12,8.00,3.42,6.00
17:54:30:47,8.00,8.00,8.00
17:54:30:47,6.59,2.57,1.23
17:54:30:103,2.85,-4.54,-7.56
17:54:30:103,3.58,-2.42,-3.02
17:54:30:103,5.47,8.00,-3.30
17:54:30:120,5.12,-0.25,-1.09
17:54:30:136,3.66,1.57,-2.01
17:54:30:138,2.00,-0.76,-2.53
17:54:30:208,3.11,0.13,-2.75
17:54:30:226,3.95,1.06,-2.39
17:54:30:243,4.75,-1.55,-2.36
17:54:30:243,3.28,-0.49,-2.36
17:54:30:243,3.46,-0.44,-2.10
17:54:30:297,3.43,-0.13,-2.25
17:54:30:297,3.52,0.52,-2.10
17:54:30:297,3.81,0.68,-1.67
17:54:30:297,3.94,0.24,-1.79
17:54:30:315,3.86,0.33,-1.67
17:54:30:349,3.60,0.59,-1.85
17:54:30:349,3.86,0.47,-1.50
17:54:30:416,4.01,0.48,-1.51
17:54:30:433,3.89,0.48,-1.66
17:54:30:433,4.29,0.54,-1.31
17:54:30:452,4.90,0.10,-1.32
17:54:30:469,5.03,0.37,-1.15
17:54:30:487,5.13,0.38,-1.49
17:54:30:503,5.67,0.42,-1.98
17:54:30:574,6.45,0.63,-2.65
17:54:30:592,7.27,1.35,-4.87
17:54:30:592,8.00,-0.45,-6.50
17:54:30:609,6.95,0.60,-2.54
17:54:30:645,5.10,-0.23,-2.91
17:54:30:645,3.74,0.72,-1.80
17:54:30:645,0.41,-0.27,-2.12
17:54:30:645,-0.29,-1.95,-1.38
17:54:30:662,-0.68,-1.19,-2.05
17:54:30:767,-0.34,-0.47,-2.12
17:54:30:785,0.21,-0.25,-1.86
17:54:30:838,0.65,0.29,-2.14
17:54:30:913,1.59,0.16,-2.27
17:54:31:2,2.79,0.23,-2.16
17:54:31:2,3.64,-0.07,-2.29
17:54:31:2,4.98,-0.10,-2.46
17:54:31:54,6.75,-0.05,-2.71
17:54:31:108,8.00,1.08,-2.78
17:54:31:108,8.00,2.59,-2.00
17:54:31:126,8.00,1.51,0.17
17:54:31:143,8.00,0.24,2.77
17:54:31:144,7.41,6.56,5.55
17:54:31:144,6.39,4.42,3.82
17:54:31:144,4.62,-1.09,-3.09
17:54:31:178,4.51,-0.75,-4.78
17:54:31:179,3.35,3.64,-2.53
17:54:31:179,5.55,0.76,-0.51
17:54:31:179,3.40,-0.70,-0.90
17:54:31:179,2.94,0.20,-2.81
17:54:31:179,2.60,-0.06,-3.19
17:54:31:198,2.92,-0.41,-2.20
17:54:31:198,3.79,0.42,-2.36
17:54:31:232,3.63,0.01,-2.17
17:54:31:286,3.62,-0.36,-2.37
17:54:31:286,3.79,0.11,-2.21
17:54:31:338,3.44,0.24,-2.27
17:54:31:355,3.64,0.18,-2.06
17:54:31:355,3.69,-0.01,-2.44
17:54:31:376,3.47,0.26,-2.36
17:54:31:409,3.58,-0.08,-1.95
17:54:31:427,3.59,-0.15,-1.84
17:54:31:462,3.81,-0.18,-1.62
17:54:31:478,3.60,0.18,-1.63
17:54:31:479,3.70,0.69,-1.63
17:54:31:479,3.85,0.08,-2.06
17:54:31:497,3.95,0.38,-1.83
17:54:31:532,4.11,0.46,-1.51
17:54:31:532,4.08,0.41,-0.90
17:54:31:549,4.60,0.16,-1.39
17:54:31:567,5.14,-0.04,-2.00
17:54:31:584,4.80,0.32,-2.04
17:54:31:584,5.43,0.75,-2.01
17:54:31:675,6.35,1.04,-3.51
17:54:31:693,6.89,-0.03,-4.40
17:54:31:693,5.58,-0.80,-3.68
17:54:31:730,3.30,-2.23,1.31
17:54:31:730,2.47,-0.95,1.91
17:54:31:765,0.42,-1.33,-1.31
17:54:31:782,-1.09,0.06,-2.89
17:54:31:818,0.17,1.38,-3.91
17:54:31:835,1.01,1.95,-2.89
17:54:31:836,2.11,1.35,-1.75
17:54:31:853,2.51,1.28,-2.39
17:54:31:871,3.18,2.30,-2.78
17:54:31:871,3.90,2.18,-2.03
17:54:31:889,4.85,1.71,-2.19
17:54:31:906,5.30,1.97,-2.57
17:54:31:906,5.54,2.62,-2.77
17:54:32:15,5.47,2.80,-2.76
17:54:32:51,5.30,2.69,-1.96
17:54:32:51,4.68,2.63,-1.82
17:54:32:87,4.49,2.07,-1.85
17:54:32:120,4.42,1.63,-1.67
17:54:32:212,4.39,1.05,-1.78
17:54:32:229,4.17,0.94,-1.70
17:54:32:247,3.88,1.79,-0.60
17:54:32:247,3.52,0.14,-1.63
17:54:32:264,3.88,0.39,-1.83
17:54:32:281,3.54,0.59,-1.63
17:54:32:281,3.61,0.21,-1.54
17:54:32:388,3.73,0.74,-0.61
17:54:32:480,3.79,1.30,-0.66
17:54:32:480,3.98,1.63,-0.27
17:54:32:533,4.32,1.86,0.22
17:54:32:619,4.58,1.72,0.27
17:54:32:637,4.55,1.59,0.42
17:54:32:637,3.44,-0.05,-2.01
17:54:32:655,3.76,-0.18,-1.77
17:54:32:655,4.08,-1.55,0.56
17:54:32:709,3.75,-0.22,-1.53
17:54:32:764,4.08,0.42,-1.06
17:54:32:782,3.64,-0.04,-1.76
17:54:32:799,4.00,0.04,-1.23
17:54:32:815,3.68,-0.36,-1.19
17:54:32:938,3.94,0.08,-1.40
17:54:32:955,3.99,0.48,-1.51
17:54:32:989,3.60,0.28,-1.59
17:54:32:989,3.79,0.36,-1.72
17:54:33:7,3.95,-0.03,-1.35
17:54:33:7,4.21,0.08,-1.30
17:54:33:24,3.98,0.33,-1.54
17:54:33:42,3.81,0.19,-1.62
17:54:33:289,3.76,0.16,-1.64
17:54:33:379,3.67,0.16,-1.46
17:54:33:452,3.81,0.21,-1.52
17:54:33:560,3.71,0.09,-1.48
17:54:33:560,3.75,0.16,-1.62
17:54:33:668,3.82,0.13,-1.64
17:54:33:858,3.74,-0.15,-1.58
17:54:33:984,3.74,-0.03,-1.58
17:54:34:72,3.84,0.17,-1.49
17:54:34:72,3.79,0.16,-1.54
17:54:34:167,3.81,0.17,-1.40
17:54:34:167,3.64,-0.01,-1.42
17:54:34:203,3.65,-0.18,-1.57
17:54:34:246,3.69,-0.04,-1.53
17:54:34:392,3.72,-0.11,-1.48
17:54:34:462,3.83,-0.16,-1.55
17:54:34:584,3.85,-0.12,-1.45
17:54:34:584,3.85,-0.03,-1.44
17:54:34:759,3.85,0.08,-1.29
17:54:34:759,3.79,0.00,-1.35
17:54:34:759,3.71,0.02,-1.18
17:54:34:923,3.73,-0.02,-1.15
17:54:34:923,3.82,-0.05,-1.29
17:54:34:923,3.84,0.02,-1.20
17:54:34:923,3.79,-0.01,-1.27
17:54:34:923,3.78,0.02,-1.35
17:54:34:923,3.79,-0.00,-1.33
17:54:34:975,3.81,-0.04,-1.23
17:54:34:975,3.80,-0.06,-1.26
17:54:34:975,3.79,-0.05,-1.29
17:54:34:975,3.79,-0.10,-1.36
17:54:35:63,3.82,-0.09,-1.33
17:54:35:63,3.81,-0.07,-1.29
17:54:35:63,3.86,-0.08,-1.27
17:54:35:97,3.79,-0.03,-1.30
17:54:35:97,3.77,-0.04,-1.31
17:54:35:97,3.82,-0.04,-1.29
17:54:35:97,3.80,-0.05,-1.25
17:54:35:97,3.77,-0.05,-1.30
17:54:35:97,3.82,-0.05,-1.27
17:54:35:97,3.78,-0.10,-1.30
17:54:35:97,3.80,-0.09,-1.29
17:54:35:133,3.77,-0.03,-1.35
17:54:35:133,3.83,-0.08,-1.36
17:54:35:133,3.81,-0.04,-1.32
17:54:35:133,3.82,-0.04,-1.32
17:54:35:133,3.82,-0.05,-1.32
17:54:35:133,3.80,-0.07,-1.30
17:54:35:148,3.74,-0.08,-1.39
17:54:35:148,3.79,-0.05,-1.31
17:54:35:148,3.79,-0.10,-1.42
17:54:35:148,3.79,-0.09,-1.41
17:54:35:148,3.78,-0.09,-1.42
17:54:35:148,3.80,-0.11,-1.42
17:54:35:148,3.79,-0.10,-1.47
17:54:35:148,3.77,-0.12,-1.43
17:54:35:166,3.78,-0.12,-1.43
17:54:35:166,3.79,-0.05,-1.37
17:54:35:166,3.79,-0.07,-1.40
17:54:35:183,3.77,-0.07,-1.42
17:54:35:183,3.77,-0.07,-1.41
17:54:35:183,3.77,-0.13,-1.37
17:54:35:183,3.79,-0.12,-1.41
17:54:35:183,3.77,-0.09,-1.42
17:54:35:254,3.80,-0.11,-1.40
17:54:35:270,3.81,-0.15,-1.41
17:54:35:270,3.84,-0.08,-1.44
17:54:35:273,3.79,-0.07,-1.47
17:54:35:273,3.80,-0.13,-1.53
17:54:35:273,3.79,-0.11,-1.44
17:54:35:273,3.81,-0.19,-1.41
17:54:35:273,3.79,-0.22,-1.47
17:54:35:273,3.84,-0.19,-1.46
17:54:35:291,3.85,-0.10,-1.37
17:54:35:291,3.99,-0.25,-1.41
17:54:35:291,4.19,-0.13,-1.63
17:54:35:291,4.34,-0.52,-1.57
17:54:35:291,4.63,-0.18,-1.98
17:54:35:291,5.23,0.06,-2.22
17:54:35:327,6.53,-0.17,-2.34
17:54:35:327,5.24,0.57,-2.82
17:54:35:362,4.84,1.19,-1.60
17:54:35:362,2.23,0.26,-3.59
17:54:35:362,1.04,-0.17,-2.47
17:54:35:362,1.05,-1.73,-3.22
17:54:35:362,1.19,-1.13,-2.95
17:54:35:362,1.81,-0.78,-2.97
17:54:35:498,2.48,-0.41,-2.70
17:54:35:498,3.12,0.01,-2.40
17:54:35:498,3.89,0.18,-2.16
17:54:35:498,4.35,0.09,-2.12
17:54:35:498,4.74,0.16,-1.99
17:54:35:498,5.07,-0.07,-1.87
17:54:35:498,5.21,0.07,-1.23
17:54:35:550,4.78,0.32,-1.29
17:54:35:550,4.43,-0.82,-1.15
17:54:35:550,4.40,-0.57,-0.88
17:54:35:585,4.61,-0.19,-0.74
17:54:35:585,4.28,0.83,0.30
17:54:35:585,4.56,1.38,-0.11
17:54:35:602,5.15,1.55,0.30
17:54:35:602,5.05,3.11,-0.58
17:54:35:657,1.97,-1.82,-4.35
17:54:35:709,5.05,-1.34,-2.96
17:54:35:710,5.51,0.51,-1.66
17:54:35:798,3.89,-0.90,-1.78
17:54:35:832,3.44,0.84,-1.89
17:54:35:832,3.34,0.81,-1.88
17:54:35:850,3.88,0.11,-2.04
17:54:35:902,3.68,0.01,-2.05
17:54:35:902,3.59,0.13,-2.24
17:54:35:902,3.57,0.18,-2.20
17:54:35:973,3.57,0.20,-2.05
17:54:35:973,3.66,0.33,-1.89
17:54:35:973,3.62,0.17,-2.08
17:54:35:973,3.70,0.33,-1.48
17:54:35:973,3.83,0.59,-1.36
17:54:35:973,3.86,0.43,-1.53
17:54:35:990,3.88,0.43,-1.60
17:54:35:990,3.52,0.37,-2.10
17:54:35:990,3.71,0.23,-1.46
17:54:35:990,3.91,0.02,-1.50
17:54:35:990,4.22,0.13,-1.05
17:54:36:10,4.31,0.80,-1.79
17:54:36:63,4.51,0.95,-1.98
17:54:36:83,4.84,0.31,-1.25
17:54:36:83,5.21,-0.41,-1.11
17:54:36:173,7.43,0.52,-0.55
17:54:36:191,6.46,0.96,-2.61
17:54:36:191,6.24,-0.56,-3.71
17:54:36:191,6.96,0.43,-5.60
17:54:36:191,7.42,-0.41,-4.93
17:54:36:208,6.41,-0.57,-2.24
17:54:36:208,5.88,-1.03,-4.02
17:54:36:225,1.04,0.19,-1.67
17:54:36:225,0.29,0.45,-0.69
17:54:36:225,0.86,-1.72,-2.33
17:54:36:244,-0.11,-0.97,-2.53
17:54:36:262,-0.31,-0.61,-2.57
17:54:36:315,0.28,-0.09,-2.58
17:54:36:367,0.96,0.25,-2.59
17:54:36:385,1.79,-0.13,-3.07
17:54:36:385,2.72,0.51,-3.16
17:54:36:422,3.81,0.76,-3.47
17:54:36:422,5.61,0.70,-3.59
17:54:36:422,8.00,0.93,-4.00
17:54:36:438,8.00,1.82,-1.67
17:54:36:440,8.00,2.31,2.41
17:54:36:496,8.00,4.37,2.07
17:54:36:513,8.00,8.00,8.00
17:54:36:513,8.00,4.89,8.00
17:54:36:601,2.96,-7.63,-8.00
17:54:36:619,3.96,-3.66,-0.64
17:54:36:619,7.44,3.17,-3.65
17:54:36:673,3.56,0.37,-1.99
17:54:36:691,3.32,2.69,-1.50
17:54:36:691,3.44,0.08,-1.81
17:54:36:708,2.25,0.26,-3.06
17:54:36:744,4.30,-0.25,-2.40
17:54:36:761,3.78,0.74,-2.23
17:54:36:762,3.48,0.92,-2.33
17:54:36:762,3.62,0.02,-2.40
17:54:36:780,3.39,-0.75,-2.13
17:54:36:780,3.72,0.86,-1.84
17:54:36:798,3.79,0.64,-1.80
17:54:36:800,3.86,0.08,-1.63
17:54:36:835,3.79,0.29,-1.42
17:54:36:871,3.84,0.91,-1.76
17:54:36:888,4.09,0.56,-1.77
17:54:36:908,4.47,0.72,-1.35
17:54:36:908,5.25,-0.08,-1.36
17:54:36:926,5.36,-0.66,-1.08
17:54:36:943,5.58,-0.09,-1.53
17:54:36:943,6.06,0.39,-2.64
17:54:36:961,6.63,0.98,-3.59
17:54:36:979,7.35,1.22,-6.29
17:54:37:16,7.56,-1.35,-5.47
17:54:37:33,7.41,-1.53,-3.78
17:54:37:33,5.04,-0.15,-4.37
17:54:37:50,-0.90,0.91,-0.87
17:54:37:67,0.20,0.82,-1.08
17:54:37:68,0.03,-0.87,-2.46
17:54:37:85,-0.54,-0.20,-2.48
17:54:37:103,-0.41,0.09,-2.03
17:54:37:122,-0.09,-0.30,-2.39
17:54:37:139,0.55,0.16,-2.79
17:54:37:157,1.45,-0.14,-2.90
17:54:37:185,2.75,-0.02,-2.70
17:54:37:256,4.04,-0.46,-2.68
17:54:37:292,6.35,-0.62,-2.81
17:54:37:309,8.00,-0.10,-2.52
17:54:37:346,8.00,2.00,-1.12
17:54:37:447,8.00,2.31,-0.18
17:54:37:465,8.00,5.04,4.76
17:54:37:465,8.00,5.69,7.14
17:54:37:500,8.00,6.82,4.58
17:54:37:517,4.65,-5.41,-6.63
17:54:37:616,3.00,-2.77,-2.13
17:54:37:617,8.00,2.15,-0.29
17:54:37:672,4.82,1.23,-0.19
17:54:37:727,4.38,2.85,-2.65
17:54:37:816,2.51,-0.51,-3.19
17:54:37:817,3.60,-0.30,-1.98
17:54:37:817,6.08,-1.25,-1.20
17:54:37:834,3.46,0.15,-2.85
17:54:37:852,3.28,-0.30,-2.09
17:54:37:869,3.77,-0.08,-1.88
17:54:37:908,3.75,0.30,-1.93
17:54:37:925,3.64,0.41,-2.06
17:54:37:961,3.29,0.59,-2.10
17:54:38:30,3.71,0.37,-1.67
17:54:38:30,4.16,0.67,-1.41
17:54:38:47,4.06,0.55,-1.69
17:54:38:47,4.19,-0.14,-1.44
17:54:38:47,4.59,-0.04,-1.50
17:54:38:65,4.69,0.25,-1.56
17:54:38:65,5.00,-0.07,-1.40
17:54:38:134,5.19,-0.21,-1.82
17:54:38:135,5.68,0.03,-2.35
17:54:38:135,6.50,0.68,-3.74
17:54:38:154,7.25,1.25,-5.54
17:54:38:172,7.66,-0.40,-6.45
17:54:38:172,8.00,-0.86,-4.09
17:54:38:172,6.26,-1.42,-4.68
17:54:38:191,0.79,-0.20,-1.15
17:54:38:191,-0.60,1.06,-0.11
17:54:38:207,-0.74,-0.68,-1.83
17:54:38:295,-0.72,-0.72,-2.61
17:54:38:311,-0.65,-0.13,-2.15
17:54:38:313,-0.15,-0.03,-2.02
17:54:38:331,0.47,-0.16,-2.78
17:54:38:331,1.42,-0.15,-3.03
17:54:38:348,2.49,0.50,-2.85
17:54:38:348,3.85,0.49,-2.89
17:54:38:367,5.60,0.33,-3.27
17:54:38:384,8.00,0.83,-3.27
17:54:38:384,8.00,2.56,-2.09
17:54:38:399,8.00,3.09,1.32
17:54:38:418,8.00,2.92,3.13
17:54:38:453,8.00,4.03,7.77
17:54:38:471,8.00,5.88,5.55
17:54:38:489,4.90,-2.97,-3.24
17:54:38:489,8.00,-4.88,-4.96
17:54:38:541,4.29,4.18,-2.59
17:54:38:541,4.92,0.86,-2.31
17:54:38:628,3.56,1.23,-2.10
17:54:38:663,3.48,0.29,-2.44
17:54:38:678,1.54,-0.27,-4.08
17:54:38:694,4.41,0.96,-1.73
17:54:38:728,3.57,0.23,-3.04
17:54:38:746,2.99,-0.26,-2.49
17:54:38:763,3.12,-0.39,-2.84
17:54:38:780,3.30,0.11,-2.31
17:54:38:780,3.75,0.60,-1.49
17:54:38:816,3.68,0.47,-1.75
17:54:38:834,3.83,0.56,-1.45
17:54:38:851,3.93,0.75,-1.52
17:54:38:851,3.76,0.84,-1.99
17:54:38:868,4.13,0.73,-1.85
17:54:38:903,4.78,0.18,-1.33
17:54:38:938,4.85,-0.19,-1.35
17:54:38:955,5.01,-0.16,-1.41
17:54:38:990,5.27,-0.05,-1.62
17:54:39:40,5.42,1.01,-1.82
17:54:39:40,6.02,0.92,-3.74
17:54:39:40,6.63,0.93,-4.56
17:54:39:74,7.31,0.88,-7.03
17:54:39:91,7.77,0.28,-4.31
17:54:39:124,6.63,-1.36,-4.03
17:54:39:141,1.49,-0.94,-3.01
17:54:39:194,-0.10,-0.82,-1.32
17:54:39:210,-0.32,-1.85,-1.52
17:54:39:229,-0.93,-0.82,-2.84
17:54:39:284,-0.56,0.23,-2.33
17:54:39:302,-0.02,0.63,-2.29
17:54:39:302,0.61,0.54,-2.47
17:54:39:319,1.90,0.47,-2.55
17:54:39:408,3.19,0.27,-2.33
17:54:39:425,4.36,-0.20,-1.96
17:54:39:443,5.39,-0.34,-2.30
17:54:39:463,7.18,-0.21,-2.67
17:54:39:463,8.00,0.73,-2.60
17:54:39:479,8.00,1.72,-1.98
17:54:39:496,8.00,2.42,-0.89
17:54:39:496,8.00,1.36,2.91
17:54:39:565,8.00,6.34,6.12
17:54:39:567,7.30,5.37,5.56
17:54:39:584,4.86,1.36,-1.44
17:54:39:602,3.34,-2.76,-6.06
17:54:39:639,5.52,-5.74,-4.40
17:54:39:657,5.48,1.28,-2.25
17:54:39:693,4.73,1.44,-1.40
17:54:39:763,4.09,0.76,-1.38
17:54:39:782,4.05,0.12,-2.61
17:54:39:783,2.64,1.40,-3.31
17:54:39:854,3.53,0.21,-1.22
17:54:39:854,3.53,0.23,-2.77
17:54:39:952,3.24,0.15,-2.43
17:54:39:970,3.47,-0.31,-2.29
17:54:39:970,3.44,0.24,-2.25
17:54:39:991,3.52,0.60,-1.74
17:54:40:9,3.58,0.45,-1.58
17:54:40:27,3.71,0.25,-1.93
17:54:40:27,3.47,0.61,-1.92
17:54:40:44,3.96,0.61,-1.71
17:54:40:111,4.00,0.67,-1.42
17:54:40:111,4.52,0.10,-0.69
17:54:40:129,4.53,0.03,-1.19
17:54:40:148,4.96,0.23,-1.03
17:54:40:166,5.17,0.27,-1.39
17:54:40:166,5.21,0.34,-1.34
17:54:40:182,5.43,0.08,-2.04
17:54:40:200,6.51,0.43,-2.98
17:54:40:200,7.33,1.44,-6.08
17:54:40:221,8.00,-1.22,-5.46
17:54:40:273,7.40,-1.20,-4.14
17:54:40:289,5.42,-0.96,-4.10
17:54:40:290,0.25,0.94,-0.34
17:54:40:325,1.36,-3.07,-0.22
17:54:40:342,-0.75,-0.85,-2.21
17:54:40:360,-0.48,-0.34,-2.81
17:54:40:395,-0.53,0.76,-2.36
17:54:40:431,-0.18,0.71,-2.35
17:54:40:468,0.35,0.92,-2.70
17:54:40:486,1.53,0.44,-2.48
17:54:40:503,3.10,0.44,-2.46
17:54:40:503,4.49,0.75,-2.55
17:54:40:556,6.44,1.43,-2.49
17:54:40:577,7.92,2.15,-2.09
17:54:40:613,8.00,2.62,-1.28
17:54:40:630,8.00,2.98,0.15
17:54:40:683,7.90,1.83,1.72
17:54:40:720,8.00,-0.95,2.65
17:54:40:723,7.48,0.34,4.00
17:54:40:741,7.13,-0.21,3.90
17:54:40:741,6.62,1.56,1.84
17:54:40:831,4.69,-0.65,-5.36
17:54:40:831,5.57,1.18,-2.33
17:54:40:848,3.97,1.01,-1.22
17:54:40:867,3.43,0.62,-2.50
17:54:40:885,3.40,0.57,-2.06
17:54:40:904,3.23,0.94,-2.53
17:54:40:905,3.44,0.83,-2.33
17:54:40:973,3.49,0.26,-2.38
17:54:40:991,3.47,0.38,-2.15
17:54:41:11,3.38,0.35,-2.26
17:54:41:28,3.42,0.35,-2.54
17:54:41:46,3.39,0.70,-2.34
17:54:41:64,3.65,0.19,-1.82
17:54:41:64,3.63,0.37,-1.90
17:54:41:115,3.67,0.33,-2.14
17:54:41:115,3.73,0.37,-2.20
17:54:41:150,3.90,0.38,-1.77
17:54:41:186,4.10,0.44,-1.81
17:54:41:221,4.13,0.51,-1.78
17:54:41:253,3.97,0.91,-1.06
17:54:41:255,3.92,0.91,-1.30
17:54:41:273,3.64,0.46,-1.38
17:54:41:291,3.62,1.07,-0.76
17:54:41:309,3.52,1.33,-0.99
17:54:41:430,3.59,1.35,-1.60
17:54:41:450,3.53,1.29,-1.22
17:54:41:450,3.34,1.57,-0.89
17:54:41:485,3.47,3.04,-2.01
17:54:41:538,4.03,4.16,-2.88
17:54:41:555,4.35,3.43,-3.06
17:54:41:573,5.05,1.69,-3.32
17:54:41:573,5.36,0.99,-3.33
17:54:41:610,4.13,-0.12,-2.54
17:54:41:610,3.49,-0.35,-1.84
17:54:41:610,3.04,-0.23,-1.48
17:54:41:627,2.71,0.17,-1.22
17:54:41:627,2.94,0.13,-0.91
17:54:41:661,3.03,0.29,-0.78
17:54:41:661,3.09,0.14,-0.44
17:54:41:713,2.98,-0.33,-0.48
17:54:41:731,2.16,-0.36,-1.23
17:54:41:731,1.94,-0.45,-2.24
17:54:41:784,2.76,-0.45,-2.53
17:54:41:784,3.99,-1.14,-2.09
17:54:41:802,5.04,-1.19,-1.98
17:54:41:961,4.90,-1.30,-2.23
17:54:42:172,5.15,-1.84,-1.72
17:54:42:277,5.06,-2.40,-0.69
17:54:42:349,4.83,-2.28,-0.06
17:54:42:539,4.52,-2.19,-0.45
17:54:42:627,4.35,-1.56,-0.33
17:54:42:644,3.82,-0.89,-0.86
17:54:42:732,3.59,-0.39,-1.52
17:54:42:875,3.33,0.14,-2.21
17:54:42:964,3.76,2.73,-3.10
17:54:43:174,4.76,1.32,-1.59
17:54:43:382,3.28,-1.02,-1.72
17:54:43:418,3.91,0.86,-1.83
17:54:43:436,3.35,0.56,-2.00
17:54:43:451,3.99,0.80,-0.39
17:54:43:627,3.87,0.56,-1.34
17:54:43:627,3.91,0.22,-1.88
17:54:43:627,3.46,-0.05,-2.54
17:54:43:627,3.41,0.20,-2.56
17:54:43:627,3.97,0.19,-1.67
17:54:43:773,3.91,0.33,-1.69
17:54:43:773,3.84,0.37,-1.77
17:54:43:773,3.75,0.45,-1.71
17:54:43:821,3.63,0.36,-1.73
17:54:43:821,3.69,0.09,-1.46
17:54:43:982,3.59,0.34,-1.81
17:54:43:982,3.74,0.40,-1.57
17:54:43:982,3.56,0.22,-1.84
17:54:43:982,3.62,0.38,-1.65
17:54:43:982,3.73,0.27,-1.73
17:54:43:982,3.68,0.24,-1.65
17:54:44:66,3.65,0.39,-1.51
17:54:44:66,3.76,0.33,-1.60
17:54:44:66,3.70,0.20,-1.77
17:54:44:66,3.76,0.42,-1.60
17:54:44:262,3.81,0.01,-1.88
17:54:44:347,3.69,0.15,-2.05
17:54:44:347,3.80,0.18,-1.77
17:54:44:347,3.84,0.13,-1.56
17:54:44:527,3.82,0.27,-1.57
17:54:44:527,3.70,0.34,-1.85
17:54:44:527,3.69,0.28,-1.36
17:54:44:527,3.74,0.30,-1.16
17:54:44:527,3.76,0.31,-1.25
17:54:44:527,3.79,0.18,-1.07
17:54:44:687,3.76,0.35,-1.43
17:54:44:687,3.78,0.35,-1.17
17:54:44:687,3.76,0.18,-1.22
17:54:44:687,3.81,0.12,-1.35
17:54:44:723,4.00,0.03,-1.19
17:54:44:723,3.91,0.15,-1.11
17:54:44:723,3.96,0.20,-1.19
17:54:45:195,3.90,0.25,-1.21
17:54:45:195,3.80,0.21,-1.40
17:54:45:195,3.78,0.04,-1.31
17:54:45:195,3.88,-0.14,-1.17
17:54:45:195,3.82,0.09,-1.12
17:54:45:246,3.84,0.07,-1.15
17:54:45:619,3.83,0.06,-1.25
17:54:45:619,3.83,0.24,-1.61
17:54:45:619,3.85,0.18,-1.29
17:54:45:619,3.89,0.21,-1.16
17:54:45:619,3.82,0.17,-1.07
17:54:45:619,3.77,0.02,-1.14
17:54:45:619,3.86,0.18,-1.28
17:54:45:742,3.82,0.18,-1.24
17:54:45:742,3.83,0.06,-1.11
17:54:45:742,3.86,0.08,-1.15
17:54:45:777,3.82,0.09,-1.14
17:54:45:812,3.87,0.05,-1.19
17:54:45:812,3.87,0.19,-1.08
17:54:45:812,3.87,0.17,-1.04
17:54:45:812,3.86,0.08,-1.05
17:54:45:812,3.84,0.13,-0.96
17:54:45:812,3.86,0.17,-1.04
17:54:45:812,3.88,0.14,-1.09
17:54:46:35,3.85,0.12,-1.05
17:54:46:35,3.86,0.07,-1.07
17:54:46:35,3.85,0.04,-1.11
17:54:46:35,3.80,-0.01,-1.03
17:54:46:35,3.86,0.05,-1.12
17:54:46:35,3.85,0.11,-1.13
17:54:46:70,3.86,0.11,-1.05
17:54:46:70,3.84,0.08,-1.11
17:54:46:70,3.84,0.07,-1.05
17:54:46:70,3.87,0.09,-1.10
17:54:46:70,3.86,0.09,-1.07
17:54:46:70,3.83,-0.00,-1.13
17:54:46:70,3.84,-0.03,-1.25
17:54:46:70,3.85,0.15,-1.07
17:54:46:70,3.86,0.16,-1.04
17:54:46:88,3.89,0.08,-1.11
17:54:46:88,3.83,0.07,-1.21
17:54:46:88,3.89,0.08,-1.17
17:54:46:88,3.83,0.01,-1.06
17:54:46:106,3.79,0.04,-1.01
17:54:46:106,3.84,0.02,-1.15
17:54:46:106,3.81,0.10,-1.07
17:54:46:106,3.84,0.11,-1.16
17:54:46:124,3.85,0.15,-1.16
17:54:46:124,3.82,0.15,-1.18
17:54:46:124,3.80,0.11,-1.22
17:54:46:124,3.83,-0.04,-1.29
17:54:46:124,3.93,-0.03,-1.42
17:54:46:124,3.84,-0.17,-1.58
17:54:46:124,3.96,0.06,-1.44
17:54:46:265,4.09,-0.08,-1.33
17:54:46:265,4.16,-0.22,-1.60
17:54:46:265,4.54,-0.08,-1.79
17:54:46:265,4.98,-0.06,-1.94
17:54:46:265,6.14,-0.07,-2.20
17:54:46:265,6.67,-0.75,-2.13
17:54:46:318,5.07,0.05,-3.03
17:54:46:318,3.06,1.06,-3.68
17:54:46:318,0.92,-1.00,-4.21
17:54:46:318,0.65,-1.97,-3.82
17:54:46:318,0.96,-1.99,-3.55
17:54:46:318,1.43,-1.47,-3.21
17:54:46:319,2.29,-1.40,-2.77
17:54:46:336,3.36,-1.25,-2.35
17:54:46:336,4.25,-0.92,-2.00
17:54:46:336,4.97,-0.62,-1.64
17:54:46:336,5.17,0.08,-1.38
17:54:46:458,5.32,0.54,-1.40
17:54:46:458,5.49,0.82,-0.97
17:54:46:458,5.14,-0.06,-0.22
17:54:46:458,5.12,0.46,0.78
17:54:46:458,5.47,1.55,1.76
17:54:46:458,5.56,3.33,0.96
17:54:46:458,5.77,6.62,0.46
17:54:46:458,3.10,-3.52,-6.31
17:54:46:458,4.32,1.26,-1.20
17:54:46:458,5.26,1.03,-1.01
17:54:46:458,3.70,-0.94,-0.56
17:54:46:458,4.11,-0.07,-1.37
17:54:46:458,3.60,-0.47,-2.30
17:54:46:458,3.60,-0.29,-2.12
17:54:46:476,3.55,0.16,-2.20
17:54:46:476,4.03,0.58,-1.39
17:54:46:476,3.76,0.27,-1.92
17:54:46:476,3.66,0.10,-2.03
17:54:46:476,3.70,-0.16,-1.98
17:54:46:476,3.81,0.49,-1.79
17:54:46:476,3.66,0.31,-1.55
17:54:46:476,3.77,0.46,-1.52
17:54:46:476,3.70,0.03,-1.81
17:54:46:476,3.74,0.11,-1.55
17:54:46:476,3.98,0.12,-0.92
17:54:46:476,4.34,0.38,-1.14
17:54:46:476,3.91,0.58,-2.06
17:54:46:476,3.76,0.02,-1.18
17:54:46:527,4.16,0.26,-1.91
17:54:46:527,4.12,0.50,-1.67
17:54:46:527,4.74,0.58,-1.20
17:54:46:527,5.72,-0.49,-1.01
17:54:46:527,5.57,-1.27,-0.58
17:54:46:527,5.62,-0.75,-1.94
17:54:46:527,6.38,0.35,-3.13
17:54:46:669,6.74,0.36,-4.33
17:54:46:669,7.63,0.92,-6.41
17:54:46:669,8.00,0.97,-3.18
17:54:46:669,6.54,-1.18,-3.99
17:54:46:669,2.23,-0.93,-2.93
17:54:46:670,0.22,-0.16,-2.05
17:54:46:688,0.03,-2.20,-2.25
17:54:46:688,-0.45,-0.59,-3.33
17:54:46:759,-0.59,0.34,-2.50
17:54:46:759,-0.33,0.07,-2.69
17:54:46:849,0.45,0.46,-2.73
17:54:46:849,1.04,0.08,-3.22
17:54:46:849,2.43,-0.39,-2.71
17:54:46:849,3.80,0.13,-3.01
17:54:46:849,5.39,0.49,-3.33
17:54:46:849,7.57,0.61,-3.07
17:54:46:849,8.00,2.29,-2.46
17:54:46:973,8.00,3.75,1.06
17:54:46:973,8.00,3.89,1.34
17:54:46:973,8.00,5.26,5.38
17:54:47:9,8.00,5.67,7.94
17:54:47:26,8.00,2.13,3.20
17:54:47:45,5.40,-6.44,-6.85
17:54:47:45,4.83,0.05,0.29
17:54:47:61,6.09,6.21,-3.68
17:54:47:61,2.85,-0.45,-1.57
17:54:47:61,3.86,0.94,-2.19
17:54:47:61,2.79,0.07,-2.20
17:54:47:145,3.27,-0.54,-2.79
17:54:47:145,4.15,0.17,-2.12
17:54:47:163,3.53,0.93,-2.51
17:54:47:163,3.43,0.19,-2.25
17:54:47:163,3.51,-0.49,-2.34
17:54:47:163,3.52,0.02,-1.82
17:54:47:163,3.87,0.57,-1.93
17:54:47:163,3.59,0.07,-1.62
17:54:47:182,3.90,0.35,-1.52
17:54:47:199,3.72,0.75,-2.25
17:54:47:199,3.65,0.50,-1.66
17:54:47:216,4.12,0.15,-1.29
17:54:47:216,4.84,1.02,-2.10
17:54:47:216,5.63,0.06,-1.14
17:54:47:216,5.10,-1.11,-1.35
17:54:47:216,5.85,0.54,-2.01
17:54:47:216,6.09,1.08,-3.56
17:54:47:235,6.01,0.77,-4.02
17:54:47:306,6.66,0.56,-5.58
17:54:47:306,7.57,-0.97,-5.48
17:54:47:306,7.53,-2.53,-4.15
17:54:47:306,3.36,-1.33,-3.75
17:54:47:306,0.74,0.20,-1.40
17:54:47:306,0.95,-0.84,-1.61
17:54:47:306,-0.17,-0.24,-3.14
17:54:47:324,-0.68,-0.07,-2.83
17:54:47:324,-0.55,0.10,-2.31
17:54:47:324,0.14,-0.63,-2.59
17:54:47:324,0.99,-0.20,-2.72
17:54:47:324,1.80,-0.42,-2.61
17:54:47:341,3.35,-0.45,-3.01
17:54:47:341,4.90,-0.38,-3.38
17:54:47:377,7.20,-0.02,-3.81
17:54:47:377,8.00,2.14,-2.84
17:54:47:395,8.00,4.21,-0.67
17:54:47:395,8.00,3.99,0.52
17:54:47:395,8.00,6.84,4.91
17:54:47:413,8.00,5.65,8.00
17:54:47:413,8.00,1.49,2.30
17:54:47:538,3.05,-8.00,-6.83
17:54:47:555,7.04,-2.15,0.05
17:54:47:573,6.80,4.58,-4.07
17:54:47:591,4.49,-0.84,-1.89
17:54:47:591,2.61,2.08,-2.42
17:54:47:610,2.65,-0.16,-2.16
17:54:47:683,1.36,1.50,-4.44
17:54:47:718,0.70,3.46,-2.97
17:54:47:718,3.17,0.60,-2.88
17:54:47:735,3.04,0.06,-2.46
17:54:47:754,3.84,-0.37,-1.80
17:54:47:839,3.40,-0.11,-2.30
17:54:47:839,3.84,0.93,-1.87
17:54:47:839,3.64,0.54,-2.00
17:54:47:856,3.69,0.12,-1.96
17:54:47:891,3.74,0.38,-1.77
17:54:47:926,3.94,0.86,-2.07
17:54:47:944,4.07,0.78,-1.57
17:54:47:960,3.80,1.05,-1.97
17:54:47:962,4.72,-0.48,-2.38
17:54:47:962,5.26,-0.41,-1.06
17:54:48:16,5.15,0.04,-1.94
17:54:48:33,6.18,0.61,-3.19
17:54:48:52,6.85,2.31,-3.07
17:54:48:70,7.16,0.74,-6.17
17:54:48:87,8.00,-1.02,-6.84
17:54:48:105,7.29,-1.04,-3.34
17:54:48:139,4.97,-1.28,-4.51
17:54:48:212,1.21,0.40,-1.68
17:54:48:213,-0.04,0.54,-0.00
17:54:48:213,-0.02,-1.17,-1.90
17:54:48:249,-0.58,-0.86,-2.85
17:54:48:302,-0.56,0.06,-1.94
17:54:48:320,-0.16,-0.05,-2.09
17:54:48:374,0.90,-0.38,-2.61
17:54:48:428,1.77,-0.52,-2.72
17:54:48:447,2.96,-0.22,-2.88
17:54:48:482,4.63,-0.48,-2.95
17:54:48:483,6.93,-0.60,-3.21
17:54:48:500,8.00,1.08,-2.70
17:54:48:598,8.00,3.23,-1.03
17:54:48:632,8.00,4.50,0.67
17:54:48:650,8.00,5.33,5.34
17:54:48:669,8.00,8.00,7.79
17:54:48:686,8.00,3.78,3.97
17:54:48:687,4.74,-7.95,-5.62
17:54:48:704,2.52,0.36,-1.05
17:54:48:704,8.00,4.31,-2.00
17:54:48:757,4.12,0.47,-1.53
17:54:48:792,3.57,1.77,-3.02
17:54:48:792,3.15,-0.69,-2.95
17:54:48:792,3.16,0.40,-3.04
17:54:48:843,4.13,0.60,-2.38
17:54:48:878,3.30,0.15,-2.70
17:54:48:911,3.32,-0.22,-2.32
17:54:48:947,3.39,-0.19,-2.46
17:54:48:947,3.61,0.31,-1.76
17:54:48:947,3.72,0.81,-1.60
17:54:48:947,3.77,0.59,-1.60
17:54:48:983,3.51,0.21,-2.06
17:54:49:1,3.51,0.37,-2.16
17:54:49:16,3.67,0.56,-1.50
17:54:49:67,3.97,0.68,-1.72
17:54:49:120,4.47,0.79,-1.84
17:54:49:120,5.37,0.22,-1.40
17:54:49:156,5.79,-0.46,-1.14
17:54:49:190,5.73,-0.43,-1.47
17:54:49:207,5.71,0.02,-2.72
17:54:49:297,5.90,0.78,-3.74
17:54:49:332,5.94,0.57,-4.58
17:54:49:350,6.93,1.67,-6.95
17:54:49:350,7.38,-0.14,-3.97
17:54:49:350,5.64,-1.70,-4.12
17:54:49:367,1.74,-1.16,-3.12
17:54:49:383,0.17,0.59,-2.08
17:54:49:476,0.46,-1.99,-0.95
17:54:49:531,0.40,-1.59,-2.46
17:54:49:566,-0.47,-0.28,-2.31
17:54:49:566,-0.19,0.41,-1.88
17:54:49:566,0.65,-0.09,-2.59
17:54:49:708,1.47,-0.30,-2.59
17:54:49:726,2.44,-0.02,-2.44
17:54:49:726,3.48,-0.11,-2.64
17:54:49:744,4.90,-0.35,-2.94
17:54:49:761,7.14,-0.50,-3.38
17:54:49:761,8.00,1.07,-2.91
17:54:49:761,8.00,2.56,-1.05
17:54:49:779,8.00,2.91,0.59
17:54:49:779,8.00,5.53,5.79
17:54:49:829,8.00,7.48,7.92
17:54:49:881,6.76,1.66,1.92
17:54:49:900,3.17,-6.70,-6.00
17:54:49:900,5.09,-1.42,-1.49
17:54:49:900,5.22,6.65,-3.35
17:54:49:917,2.95,-1.04,-3.40
17:54:49:917,4.59,3.40,-0.79
17:54:49:917,3.27,0.18,-2.07
17:54:49:936,2.81,-0.21,-2.62
17:54:49:970,4.14,0.02,-2.32
17:54:50:24,5.18,-0.73,-1.52
17:54:50:96,4.44,-0.55,-1.83
17:54:50:96,3.12,-0.52,-2.38
17:54:50:96,3.69,0.11,-1.82
17:54:50:133,3.44,0.66,-1.30
17:54:50:133,3.66,0.44,-1.98
17:54:50:235,3.78,0.45,-1.66
17:54:50:235,3.63,0.36,-1.99
17:54:50:253,3.55,0.46,-1.68
17:54:50:253,3.84,0.22,-1.98
17:54:50:253,3.78,0.58,-2.04
17:54:50:271,4.01,0.71,-1.75
17:54:50:378,4.61,0.92,-1.65
17:54:50:449,4.86,0.47,-1.19
17:54:50:467,5.29,0.45,-1.06
17:54:50:467,5.41,0.94,-1.97
17:54:50:467,5.75,0.43,-3.11
17:54:50:537,6.16,0.97,-3.40
17:54:50:537,6.70,1.39,-6.21
17:54:50:555,8.00,-1.20,-5.86
17:54:50:555,6.69,-1.13,-2.74
17:54:50:555,4.46,-0.64,-3.31
17:54:50:592,0.86,-0.15,-1.36
17:54:50:627,0.10,0.60,0.19
17:54:50:627,-0.29,-0.93,-1.27
17:54:50:627,-0.72,-1.02,-2.53
17:54:50:627,-0.34,-0.27,-1.92
17:54:50:644,0.12,-0.28,-1.82
17:54:50:661,1.00,-0.45,-2.18
17:54:50:731,1.92,-0.48,-2.26
17:54:50:750,3.23,-0.29,-2.14
17:54:50:750,4.34,-0.48,-2.25
17:54:50:768,6.25,-0.17,-2.29
17:54:50:803,8.00,0.20,-2.26
17:54:50:803,8.00,1.27,-1.93
17:54:50:803,8.00,2.93,-0.76
17:54:50:821,8.00,2.79,1.23
17:54:50:894,7.92,6.03,4.84
17:54:50:912,8.00,5.20,3.12
17:54:50:912,5.32,2.05,-1.19
17:54:50:930,3.62,-0.92,-6.60
17:54:50:930,3.21,3.59,-4.78
17:54:50:930,3.69,0.62,1.09
17:54:50:965,4.43,-1.03,0.21
17:54:50:983,3.51,0.52,-1.87
17:54:51:1,2.14,-0.75,-3.22
17:54:51:55,3.68,1.16,-2.70
17:54:51:91,3.06,-0.30,-2.47
17:54:51:91,3.31,-0.24,-2.36
17:54:51:108,3.31,-0.14,-2.58
17:54:51:108,3.47,-0.17,-2.45
17:54:51:142,3.54,0.14,-2.13
17:54:51:159,3.31,-0.33,-2.36
17:54:51:159,3.49,0.19,-2.11
17:54:51:176,3.69,-0.38,-2.66
17:54:51:176,3.84,-0.08,-1.93
17:54:51:194,3.37,0.06,-2.11
17:54:51:194,3.67,0.12,-1.99
17:54:51:246,3.73,0.10,-2.16
17:54:51:264,3.60,0.19,-2.25
17:54:51:264,3.67,0.15,-2.08
17:54:51:285,3.56,0.10,-2.02
17:54:51:285,3.64,0.13,-1.55
17:54:51:301,3.73,0.15,-1.60
17:54:51:321,3.80,0.24,-1.90
17:54:51:357,4.16,0.20,-1.68
17:54:51:357,3.86,0.61,-1.37
17:54:51:374,3.71,0.49,-1.30
17:54:51:391,5.07,0.34,-1.55
17:54:51:444,5.83,-0.51,-2.28
17:54:51:477,7.34,-0.87,-2.64
17:54:51:494,7.76,-3.20,-2.91
17:54:51:528,6.40,-3.81,-1.96
17:54:51:529,3.74,-2.67,-1.70
17:54:51:545,2.45,-0.42,-0.09
17:54:51:563,0.40,0.47,-3.44
17:54:51:619,0.70,0.29,-3.31
17:54:51:634,0.85,0.58,-3.47
17:54:51:636,1.32,0.71,-3.33
17:54:51:655,2.07,0.81,-3.51
17:54:51:672,3.03,0.94,-3.74
17:54:51:672,3.50,1.33,-3.91
17:54:51:726,3.57,1.84,-3.94
17:54:51:817,3.93,1.87,-4.41
17:54:51:817,4.92,3.44,-2.80
17:54:51:906,5.25,3.74,-3.07
17:54:51:975,4.73,4.10,-3.12
17:54:51:994,4.28,4.07,-2.59
17:54:52:25,5.09,3.72,-1.28
17:54:52:60,5.01,3.70,-0.69
17:54:52:78,4.89,3.83,-0.50
17:54:52:129,4.55,3.25,-0.41
17:54:52:199,4.30,2.59,-0.09
17:54:52:236,3.99,2.64,0.50
17:54:52:237,3.43,1.13,0.37
17:54:52:237,2.31,-1.21,-0.20
17:54:52:290,3.36,1.23,-0.25
17:54:52:342,4.90,-0.65,-0.90
17:54:52:359,4.94,-0.38,-1.41
17:54:52:359,4.26,0.90,-0.53
17:54:52:394,3.61,0.16,-1.32
17:54:52:570,3.83,0.22,-1.58
17:54:52:624,4.15,0.20,-1.25
17:54:52:624,3.94,0.52,-1.53
17:54:52:766,3.83,0.33,-1.43
17:54:52:766,3.73,0.16,-1.27
17:54:52:766,3.79,0.44,-1.41
17:54:52:799,3.80,0.33,-1.24
17:54:52:799,3.76,0.14,-1.45
17:54:52:816,3.80,0.43,-1.42
17:54:52:870,3.78,0.23,-1.27
17:54:52:887,3.85,0.20,-1.32
17:54:52:925,3.83,0.09,-1.32
17:54:52:942,3.84,0.28,-1.31
17:54:52:977,3.80,0.19,-1.40
17:54:52:994,3.80,0.03,-1.86
17:54:53:134,3.80,0.34,-1.59
17:54:53:185,3.87,0.20,-1.14
17:54:53:255,4.02,0.23,-1.43
17:54:53:255,3.90,0.17,-1.60
17:54:53:255,3.68,0.09,-1.57
17:54:53:255,3.69,0.14,-1.20
17:54:53:255,3.77,0.11,-1.04
17:54:53:255,3.84,0.17,-0.99
17:54:53:273,3.72,-0.14,-0.96
17:54:53:273,3.77,-0.07,-1.43
17:54:53:273,3.77,0.33,-1.38
17:54:53:273,3.91,0.24,-1.22
17:54:53:368,3.79,-0.08,-1.32
17:54:53:368,3.79,-0.08,-1.36
17:54:53:368,3.78,0.22,-1.28
17:54:53:368,3.79,0.22,-1.34
17:54:53:368,3.91,0.12,-1.13
17:54:53:369,3.86,0.07,-1.17
17:54:53:369,3.82,0.06,-1.32
17:54:53:424,3.81,0.12,-1.27
17:54:53:424,3.81,0.09,-1.38
17:54:53:424,3.81,0.05,-1.33
17:54:53:459,3.83,0.16,-1.13
17:54:53:476,3.82,0.11,-1.21
17:54:53:493,3.82,0.04,-1.27
17:54:53:493,3.81,0.04,-1.30
17:54:53:511,3.84,0.16,-1.06
17:54:53:511,3.83,0.10,-1.24
17:54:53:528,3.82,0.11,-1.24
17:54:53:528,3.80,0.12,-1.12
17:54:53:528,3.77,0.02,-1.27
17:54:53:528,3.88,-0.01,-1.25
17:54:53:528,3.77,0.06,-1.16
17:54:53:602,3.79,0.07,-1.19
17:54:53:705,3.90,0.13,-1.21
17:54:53:705,3.86,0.00,-1.27
17:54:53:705,3.86,-0.05,-1.29
17:54:53:810,3.87,-0.03,-1.23
17:54:53:828,3.81,-0.08,-1.24
17:54:53:861,3.93,-0.23,-1.32
17:54:53:896,3.81,-0.59,-1.24
17:54:53:896,3.92,-0.54,-1.38
17:54:53:896,4.32,0.43,-1.72
17:54:53:984,4.23,0.08,-1.81
17:54:54:35,4.46,-0.59,-1.01
17:54:54:52,4.72,-0.37,-0.71
17:54:54:121,5.13,0.12,-1.15
17:54:54:155,4.49,0.12,-1.23
17:54:54:188,4.41,-0.01,-1.30
17:54:54:206,4.55,0.06,-1.44
17:54:54:258,4.52,0.79,-1.25
17:54:54:258,3.86,1.01,-1.14
17:54:54:367,3.96,0.92,-0.65
17:54:54:367,3.92,1.49,-0.16
17:54:54:367,2.02,0.93,-1.27
17:54:54:367,1.69,0.96,-1.33
17:54:54:385,1.99,-0.71,-2.14
17:54:54:385,2.32,-0.39,-1.62
17:54:54:385,2.95,-0.28,-1.47
17:54:54:385,3.28,-0.15,-1.31
17:54:54:417,3.52,0.08,-1.55
17:54:54:435,3.39,0.23,-1.86
17:54:54:489,3.78,0.04,-1.68
17:54:54:489,3.81,-0.30,-1.56
17:54:54:524,3.78,-0.44,-1.57
17:54:54:524,4.04,-0.40,-1.83
17:54:54:524,4.10,-0.36,-1.98
17:54:54:559,4.09,-0.10,-1.83
17:54:54:559,4.26,-0.20,-1.58
17:54:54:559,4.65,-0.52,-1.59
17:54:54:596,4.34,-0.09,-1.68
17:54:54:612,3.87,0.54,-1.73
17:54:54:612,3.79,0.10,-1.57
17:54:54:612,3.91,-0.27,-1.42
17:54:54:683,3.80,0.13,-1.35
17:54:54:700,4.33,1.05,-0.68
17:54:54:717,4.81,0.71,0.32
17:54:54:736,5.23,0.50,-0.70
17:54:54:736,5.16,1.98,-1.65
17:54:54:736,3.87,-0.55,-2.73
17:54:54:754,4.26,-0.08,-2.17
17:54:54:754,3.82,1.65,-2.03
17:54:54:754,3.76,-0.54,-1.26
17:54:54:771,4.91,0.92,-0.58
17:54:54:771,3.92,-0.18,-1.74
17:54:54:771,3.85,-0.07,-2.00
17:54:54:792,3.68,0.16,-1.94
17:54:54:863,3.93,0.63,-1.87
17:54:54:863,3.52,0.05,-2.38
17:54:54:863,3.69,0.08,-1.84
17:54:54:863,3.69,0.29,-1.81
17:54:54:882,3.78,0.38,-1.79
17:54:54:902,3.73,0.27,-1.87
17:54:54:956,3.53,0.47,-1.90
17:54:54:973,3.49,0.08,-1.74
17:54:54:973,3.66,0.37,-1.50
17:54:54:973,3.90,0.64,-1.17
17:54:54:991,4.15,0.36,-1.20
17:54:55:9,4.46,0.92,-1.42
17:54:55:44,4.80,0.40,-1.31
17:54:55:78,5.33,0.10,-1.27
17:54:55:80,5.48,0.05,-1.28
17:54:55:80,5.14,-0.53,-1.88
17:54:55:98,6.39,-2.13,-4.22
17:54:55:98,6.64,0.30,-4.01
17:54:55:116,7.08,0.51,-4.91
17:54:55:134,8.00,-0.50,-5.56
17:54:55:153,6.55,-0.83,-3.40
17:54:55:153,4.33,-0.97,-4.30
17:54:55:260,0.73,0.18,-1.26
17:54:55:278,1.29,-0.65,-1.57
17:54:55:279,0.54,-1.57,-2.28
17:54:55:295,-0.23,-0.78,-2.57
17:54:55:313,-0.52,-0.22,-2.14
17:54:55:313,0.26,-0.50,-2.25
17:54:55:330,0.64,-0.03,-2.45
17:54:55:331,1.62,-0.07,-2.69
17:54:55:473,2.84,0.11,-2.80
17:54:55:598,3.94,0.42,-2.78
17:54:55:616,5.55,0.41,-3.10
17:54:55:634,7.72,1.19,-2.97
17:54:55:652,8.00,2.96,-1.30
17:54:55:669,8.00,3.22,0.79
17:54:55:670,8.00,4.93,2.52
17:54:55:687,8.00,5.92,6.68
17:54:55:687,8.00,5.82,7.16
17:54:55:704,5.22,-1.23,-2.26
17:54:55:723,8.00,0.49,1.11
17:54:55:776,5.11,1.68,-1.36
17:54:55:792,4.44,1.75,-1.32
17:54:55:792,4.00,1.12,-3.17
17:54:55:794,3.09,0.72,-1.67
17:54:55:794,2.84,0.03,-3.33
17:54:55:794,5.58,-1.92,-0.69
17:54:55:794,3.56,1.21,-2.68
17:54:55:811,3.10,0.40,-2.64
17:54:55:811,3.67,-0.01,-1.78
17:54:55:828,3.57,0.01,-2.12
17:54:55:846,3.66,0.39,-1.81
17:54:55:846,3.68,0.66,-2.11
17:54:55:863,3.72,0.34,-1.97
17:54:55:881,3.71,0.57,-1.58
17:54:55:931,3.95,0.78,-2.17
17:54:55:948,3.90,0.37,-2.16
17:54:55:967,3.97,-0.33,-1.63
17:54:55:967,4.70,0.24,-1.16
17:54:55:984,5.22,0.11,-1.31
17:54:55:984,5.09,0.18,-1.71
17:54:56:2,5.48,0.03,-2.30
17:54:56:20,6.02,0.25,-2.60
17:54:56:38,6.55,0.07,-4.29
17:54:56:55,6.88,0.70,-6.10
17:54:56:92,7.67,0.46,-5.06
17:54:56:144,7.51,-1.88,-4.14
17:54:56:164,5.16,-1.38,-4.72
17:54:56:199,-1.19,1.51,-0.81
17:54:56:216,-0.07,-1.28,-1.34
17:54:56:216,-0.40,-0.62,-2.72
17:54:56:270,-0.69,0.51,-3.08
17:54:56:305,-0.53,0.27,-2.44
17:54:56:305,0.35,0.16,-2.61
17:54:56:327,1.25,0.40,-2.87
17:54:56:345,1.86,-0.31,-2.89
17:54:56:345,3.33,0.07,-2.73
17:54:56:361,5.02,-0.20,-2.66
17:54:56:378,7.31,-0.13,-2.65
17:54:56:396,8.00,1.87,-1.79
17:54:56:414,8.00,3.42,-0.04
17:54:56:498,8.00,5.18,0.88
17:54:56:566,8.00,3.39,6.41
17:54:56:618,8.00,6.97,7.72
17:54:56:674,8.00,4.23,2.49
17:54:56:692,5.06,-5.63,-8.00
17:54:56:709,2.81,3.11,-0.72
17:54:56:709,8.00,4.36,-0.59
17:54:56:726,2.67,-0.22,-1.62
17:54:56:745,3.64,1.14,-3.12
17:54:56:763,3.15,-0.29,-3.02
17:54:56:852,2.18,0.41,-3.38
17:54:56:868,4.28,0.80,-1.74
17:54:56:886,3.25,0.47,-2.60
17:54:56:888,3.36,-0.42,-2.25
17:54:56:888,3.84,0.41,-1.51
17:54:56:905,3.66,0.33,-1.77
17:54:56:921,3.57,0.43,-1.81
17:54:56:923,3.63,0.40,-1.94
17:54:56:923,3.67,0.31,-1.99
17:54:56:960,4.00,0.74,-1.79
17:54:56:960,3.83,0.62,-1.92
17:54:56:996,4.41,0.64,-1.40
17:54:57:14,5.12,0.10,-1.43
17:54:57:31,5.27,-0.53,-1.10
17:54:57:31,5.20,-0.23,-1.43
17:54:57:49,5.85,0.57,-2.58
17:54:57:67,6.84,2.64,-2.50
17:54:57:101,6.50,0.56,-4.66
17:54:57:104,7.07,0.66,-7.31
17:54:57:121,7.21,-0.35,-4.72
17:54:57:154,6.11,-1.15,-4.23
17:54:57:173,1.51,-0.49,-2.44
17:54:57:208,1.22,-1.77,-0.33
17:54:57:243,-0.09,-1.05,-1.30
17:54:57:243,-0.88,-1.03,-2.68
17:54:57:261,-0.68,-0.43,-2.26
17:54:57:375,-0.31,0.13,-2.33
17:54:57:391,0.59,-0.28,-2.51
17:54:57:391,1.22,-0.26,-2.67
17:54:57:409,2.11,-0.29,-3.07
17:54:57:427,3.47,-0.15,-3.45
17:54:57:427,5.76,-0.23,-3.74
17:54:57:463,8.00,0.49,-3.25
17:54:57:481,8.00,2.27,-2.20
17:54:57:481,8.00,3.23,1.32
17:54:57:499,8.00,4.90,3.49
17:54:57:572,8.00,8.00,8.00
17:54:57:590,8.00,5.85,3.20
17:54:57:590,3.12,-5.03,-6.03
17:54:57:608,4.76,-7.08,-4.54
17:54:57:625,4.79,6.48,-2.85
17:54:57:660,5.56,-0.45,0.33
17:54:57:746,4.23,2.26,-0.85
17:54:57:782,2.34,-1.29,-2.46
17:54:57:835,0.53,2.90,-2.60
17:54:57:835,3.36,1.78,-2.41
17:54:57:850,3.87,0.77,-2.88
17:54:57:888,3.04,-0.58,-2.25
17:54:57:940,3.42,-0.12,-2.00
17:54:57:957,3.57,0.27,-2.43
17:54:57:957,3.50,0.62,-2.19
17:54:57:975,3.55,0.52,-1.57
17:54:57:975,3.98,0.53,-1.27
17:54:57:993,3.73,0.37,-1.97
17:54:57:994,3.70,0.54,-2.04
17:54:58:13,3.89,0.83,-1.51
17:54:58:31,4.18,1.00,-1.36
17:54:58:31,4.54,0.47,-1.75
17:54:58:102,4.72,0.36,-1.91
17:54:58:102,5.24,0.26,-1.47
17:54:58:119,5.62,-0.02,-1.81
17:54:58:138,6.44,0.55,-2.61
17:54:58:155,6.79,1.79,-2.04
17:54:58:174,7.00,1.03,-5.52
17:54:58:191,7.86,-0.68,-6.82
17:54:58:226,6.69,-0.52,-4.22
17:54:58:259,5.13,-0.65,-4.18
17:54:58:276,1.84,-0.30,-1.63
17:54:58:292,-0.21,1.15,0.05
17:54:58:329,-0.34,-0.69,-1.71
17:54:58:347,-1.02,-0.75,-2.71
17:54:58:382,-0.59,-0.06,-2.20
17:54:58:401,-0.28,0.49,-2.14
17:54:58:471,0.76,-0.06,-2.58
17:54:58:524,1.63,0.07,-2.70
17:54:58:524,2.88,0.23,-2.84
17:54:58:541,4.11,0.12,-2.91
17:54:58:541,5.79,0.17,-3.11
17:54:58:559,8.00,0.13,-3.58
17:54:58:609,8.00,1.36,-2.50
17:54:58:644,8.00,3.68,-0.32
17:54:58:644,8.00,3.28,0.54
17:54:58:663,7.75,6.63,5.82
17:54:58:681,7.48,6.66,5.59
17:54:58:716,8.00,0.89,2.95
17:54:58:736,3.03,-3.31,-5.89
17:54:58:754,4.66,1.12,-0.37
17:54:58:754,4.94,4.13,-2.63
17:54:58:789,5.06,0.04,-1.54
17:54:58:896,3.85,1.49,-1.99
17:54:58:914,2.71,-0.87,-2.56
17:54:58:931,2.49,-0.02,-2.87
17:54:58:948,5.16,0.46,-2.17
17:54:59:21,3.43,-0.30,-2.86
17:54:59:21,3.34,-0.17,-2.07
17:54:59:37,3.74,0.10,-1.93
17:54:59:54,3.66,0.47,-1.88
17:54:59:85,3.55,0.57,-1.90
17:54:59:140,3.53,0.40,-1.84
17:54:59:193,3.58,0.70,-1.62
17:54:59:210,3.66,0.44,-1.95
17:54:59:227,3.74,0.63,-1.51
17:54:59:230,4.11,0.87,-1.59
17:54:59:247,4.45,0.22,-1.41
17:54:59:264,4.33,-0.16,-1.45
17:54:59:264,4.40,0.12,-1.13
17:54:59:282,4.85,0.10,-1.07
17:54:59:336,5.26,0.10,-1.54
17:54:59:354,6.32,1.10,-2.81
17:54:59:354,7.25,1.51,-4.06
17:54:59:373,7.31,1.00,-6.03
17:54:59:390,8.00,-0.72,-6.24
17:54:59:390,5.91,-0.71,-3.49
17:54:59:427,3.15,-0.98,-3.46
17:54:59:444,-1.35,0.49,-0.75
17:54:59:462,-0.35,-1.23,-0.77
17:54:59:480,-0.92,-0.98,-2.15
17:54:59:551,-0.76,-0.59,-2.28
17:54:59:568,-0.57,0.26,-2.05
17:54:59:568,0.20,0.30,-2.16
17:54:59:587,1.06,0.29,-2.33
17:54:59:604,2.15,-0.06,-2.53
17:54:59:604,3.27,0.45,-2.36
17:54:59:623,5.02,1.14,-2.41
17:54:59:658,7.04,2.54,-2.12
17:54:59:693,8.00,2.88,-2.01
17:54:59:727,8.00,2.95,-0.32
17:54:59:744,8.00,1.27,1.47
17:54:59:797,8.00,-0.67,3.73
17:54:59:797,8.00,-0.61,6.48
17:54:59:917,8.00,0.51,4.65
17:54:59:934,1.81,-2.82,-8.00
17:54:59:952,4.88,1.16,-4.16
17:54:59:969,3.67,0.71,-2.95
17:55:0:10,3.92,0.96,-1.47
17:55:0:99,2.76,0.36,-2.91
17:55:0:134,2.95,-1.03,-3.82
17:55:0:134,3.49,1.34,-2.64
17:55:0:187,3.42,0.97,-2.86
17:55:0:240,3.29,-0.06,-2.52
17:55:0:257,3.36,0.29,-2.43
17:55:0:275,3.32,0.55,-2.42
17:55:0:292,3.42,0.47,-2.45
17:55:0:325,3.26,0.53,-2.50
17:55:0:343,3.25,0.53,-2.48
17:55:0:378,3.29,0.47,-2.30
17:55:0:429,3.35,0.11,-2.77
17:55:0:480,3.35,0.60,-1.91
17:55:0:482,3.60,0.62,-2.00
17:55:0:500,3.70,0.60,-1.86
17:55:0:519,3.92,0.54,-1.90
17:55:0:519,3.66,0.39,-2.22
17:55:0:623,3.54,0.52,-1.91
17:55:0:623,3.66,0.57,-1.86
17:55:0:639,3.55,0.78,-1.97
17:55:0:641,3.50,1.49,-2.33
17:55:0:658,3.41,1.14,-1.95
17:55:0:676,3.76,1.04,-1.73
17:55:0:676,3.46,2.44,-2.21
17:55:0:694,3.44,2.54,-2.40
17:55:0:748,3.37,1.89,-2.37
17:55:0:768,2.86,1.27,-1.21
17:55:0:820,3.12,0.55,-1.46
17:55:0:874,4.22,0.47,-1.15
17:55:0:891,4.19,0.84,-1.66
17:55:0:891,4.38,1.52,-2.06
17:55:0:908,4.08,1.99,-2.66
17:55:0:978,3.97,1.62,-2.66
17:55:1:165,3.80,1.12,-2.35
17:55:1:183,3.79,0.45,-2.25
17:55:1:269,4.01,0.08,-2.21
17:55:1:287,3.84,-0.11,-2.26
17:55:1:305,2.88,-0.13,-2.25
17:55:1:622,3.39,-0.17,-2.61
17:55:1:658,3.52,-0.56,-2.41
17:55:1:783,3.50,-0.92,-2.68
17:55:1:819,3.58,-0.96,-1.79
17:55:2:83,3.59,-1.11,-1.96
17:55:2:101,3.50,-1.11,-1.46
17:55:2:645,3.44,-1.36,-1.40
17:55:3:576,3.37,-1.63,-1.26
17:55:3:576,3.42,-1.82,-1.12
17:55:3:788,3.62,-1.91,-0.94
17:55:3:788,3.74,-1.71,-0.29
17:55:3:788,4.21,-1.95,-0.48
17:55:3:788,4.25,-1.51,-0.17
17:55:3:788,4.47,-0.70,-0.35
17:55:3:788,4.53,-0.83,-0.85
17:55:3:928,4.31,-0.73,-1.45
17:55:3:928,4.15,-0.46,-1.54
17:55:3:946,4.00,-0.39,-1.70
17:55:3:946,3.52,-0.78,-2.09
17:55:3:982,3.75,0.33,-2.50
17:55:3:982,3.85,1.63,-1.96
17:55:4:281,4.83,2.51,-1.25
17:55:4:281,4.16,0.94,-0.63
17:55:4:281,3.52,0.02,-1.76
17:55:4:281,3.47,-0.85,-2.12
17:55:4:427,3.91,-0.16,-1.40
17:55:4:427,3.39,0.61,-2.60
17:55:4:622,3.68,0.47,-1.88
17:55:4:622,3.70,-0.11,-2.23
17:55:4:622,3.78,-0.23,-2.11
17:55:4:622,3.70,0.43,-1.93
17:55:4:622,3.77,0.51,-1.62
17:55:4:675,3.79,0.34,-1.23
17:55:4:675,3.85,0.25,-1.29
17:55:4:675,3.56,0.25,-1.82
17:55:4:692,3.49,0.23,-2.20
17:55:4:692,3.63,0.24,-2.07
17:55:4:779,3.70,0.18,-1.75
17:55:4:779,3.67,0.21,-1.74
17:55:4:779,3.70,0.10,-1.95
17:55:4:779,3.56,0.27,-1.98
17:55:4:779,3.67,-0.06,-2.25
17:55:4:834,3.62,-0.06,-1.86
17:55:4:834,3.66,-0.07,-1.99
17:55:4:834,3.70,0.14,-1.99
17:55:4:834,3.71,0.23,-1.84
17:55:4:851,3.78,0.21,-1.94
17:55:4:851,3.55,0.29,-2.02
17:55:4:851,3.68,-0.01,-1.54
17:55:4:941,3.64,0.06,-1.68
17:55:4:941,3.62,0.18,-1.54
17:55:4:941,3.71,0.31,-1.52
17:55:4:941,3.71,0.32,-1.57
17:55:4:941,3.74,0.25,-1.46
17:55:4:941,3.86,0.13,-1.39
17:55:5:10,3.77,0.15,-1.53
17:55:5:135,3.79,0.18,-1.51
17:55:5:135,3.64,0.03,-1.50
17:55:5:135,3.76,0.26,-1.26
17:55:5:135,3.84,0.26,-1.22
17:55:5:135,3.78,0.17,-1.23
17:55:5:135,3.80,0.25,-1.18
17:55:5:135,3.80,0.29,-1.30
17:55:5:344,3.77,0.31,-1.15
17:55:5:344,3.87,0.26,-1.06
17:55:5:344,3.82,0.23,-1.22
17:55:5:344,3.78,0.15,-1.27
17:55:5:344,4.04,0.23,-0.90
17:55:5:344,3.73,0.33,-1.15
17:55:5:344,3.84,0.32,-0.97
17:55:5:678,3.85,0.20,-1.19
17:55:5:678,3.87,0.25,-1.21
17:55:5:678,3.78,0.29,-1.12
17:55:5:678,3.84,0.23,-1.09
17:55:5:678,3.79,0.26,-1.11
17:55:5:678,3.84,0.08,-1.27
17:55:5:678,3.88,0.33,-1.32
17:55:5:766,3.81,0.35,-1.15
17:55:5:766,3.78,0.27,-1.12
17:55:5:766,3.84,0.26,-1.22
17:55:5:766,3.83,0.29,-1.21
17:55:5:766,3.84,0.22,-1.28
17:55:5:766,3.84,0.21,-1.29
17:55:5:766,3.82,0.21,-1.21
17:55:5:948,3.87,0.20,-1.26
17:55:5:948,3.84,0.25,-1.21
17:55:5:948,3.80,0.22,-1.16
17:55:5:948,3.88,0.16,-1.25
17:55:5:948,3.83,0.24,-1.16
17:55:5:948,3.82,0.24,-1.11
17:55:5:948,3.88,0.21,-1.19
17:55:6:92,3.83,0.27,-1.24
17:55:6:92,3.85,0.20,-1.25
17:55:6:92,3.90,0.23,-1.32
17:55:6:92,3.76,0.29,-1.19
17:55:6:92,3.81,0.23,-1.22
17:55:6:92,3.90,0.23,-1.29
17:55:6:92,3.78,0.30,-1.19
17:55:6:92,3.83,0.27,-1.20
17:55:6:92,3.86,0.26,-1.22
17:55:6:92,3.81,0.18,-1.24
17:55:6:92,3.86,0.23,-1.25
17:55:6:92,3.83,0.23,-1.31
17:55:6:92,3.88,0.21,-1.22
17:55:6:92,3.83,0.18,-1.18
17:55:6:128,3.83,0.23,-1.21
17:55:6:128,3.80,0.21,-1.18
17:55:6:128,3.80,0.16,-1.23
17:55:6:128,3.85,0.20,-1.29
17:55:6:128,3.83,0.21,-1.17
17:55:6:128,3.85,0.24,-1.26
17:55:6:128,3.92,0.10,-1.09
17:55:6:216,3.98,0.14,-1.17
17:55:6:216,4.33,0.03,-1.12
17:55:6:216,4.02,-0.55,-1.26
17:55:6:216,4.69,0.84,-2.18
17:55:6:216,5.54,-0.25,-2.41
17:55:6:216,6.97,-1.65,-2.84
17:55:6:216,6.11,-0.68,-2.32
17:55:6:243,4.42,0.20,-1.82
17:55:6:243,1.77,-1.31,-3.20
17:55:6:243,0.90,-2.13,-3.01
17:55:6:243,0.77,-2.04,-3.28
17:55:6:243,0.85,-1.56,-3.34
17:55:6:243,1.57,-1.25,-2.97
17:55:6:243,2.54,-1.01,-2.77
17:55:6:260,3.78,-0.70,-2.63
17:55:6:260,5.02,-0.02,-2.49
17:55:6:260,5.56,0.61,-1.71
17:55:6:260,5.65,0.77,-1.54
17:55:6:260,5.81,1.12,-1.24
17:55:6:260,4.73,2.24,-0.56
17:55:6:260,4.93,0.72,-0.12
17:55:6:295,5.20,1.33,0.41
17:55:6:295,4.89,2.27,0.61
17:55:6:295,5.72,0.52,0.27
17:55:6:295,5.30,0.41,-0.78
17:55:6:295,5.45,-4.71,-5.26
17:55:6:295,5.50,2.70,-1.61
17:55:6:295,3.65,-1.27,-1.64
17:55:6:313,3.31,0.26,-1.77
17:55:6:313,2.96,0.24,-1.47
17:55:6:313,3.71,0.19,-1.92
17:55:6:313,3.93,-0.14,-1.78
17:55:6:313,3.72,-0.09,-2.24
17:55:6:313,3.27,0.63,-2.52
17:55:6:313,3.72,0.61,-2.25
17:55:6:404,3.81,0.11,-1.73
17:55:6:404,3.82,0.00,-1.87
17:55:6:404,3.65,0.19,-1.82
17:55:6:404,3.67,0.41,-1.90
17:55:6:404,3.77,0.17,-1.61
17:55:6:404,3.64,0.25,-1.62
17:55:6:404,3.71,0.40,-1.55
17:55:6:476,3.83,0.45,-1.34
17:55:6:476,3.83,0.30,-1.82
17:55:6:476,4.10,0.35,-1.32
17:55:6:476,4.41,0.84,-1.32
17:55:6:476,4.47,1.09,-1.77
17:55:6:476,5.52,-0.97,-1.22
17:55:6:476,5.85,-0.23,-1.35
17:55:6:495,6.13,-0.12,-1.75
17:55:6:495,6.81,1.98,-0.91
17:55:6:495,6.25,0.24,-3.83
17:55:6:495,6.95,-0.17,-5.58
17:55:6:495,7.33,-0.05,-4.64
17:55:6:495,5.97,-1.07,-4.08
17:55:6:601,3.52,-0.57,-3.68
17:55:6:601,-1.60,2.48,-1.59
17:55:6:601,0.87,-0.76,-2.15
17:55:6:601,0.07,-1.55,-2.83
17:55:6:601,-0.31,-1.42,-2.69
17:55:6:601,-0.19,-0.37,-2.49
17:55:6:637,0.21,0.15,-2.60
17:55:6:637,1.06,-0.42,-3.27
17:55:6:637,2.42,-0.11,-3.37
17:55:6:813,4.06,-0.29,-3.00
17:55:6:813,5.87,-0.33,-2.32
17:55:6:813,7.85,0.06,-2.57
17:55:6:813,8.00,1.90,-1.62
17:55:6:813,8.00,3.83,0.74
17:55:6:813,8.00,5.34,2.54
17:55:6:931,8.00,6.14,6.84
17:55:6:931,8.00,5.05,4.76
17:55:6:931,7.32,2.10,0.44
17:55:6:931,5.54,-5.01,-6.35
17:55:6:931,5.98,4.78,-2.34
17:55:6:931,4.22,1.82,-1.92
17:55:6:931,2.90,0.33,-1.46
17:55:7:3,3.58,0.59,-2.20
17:55:7:3,5.67,-3.28,0.76
17:55:7:3,4.13,-0.15,-2.64
17:55:7:3,3.72,0.69,-2.45
17:55:7:3,3.28,0.44,-2.60
17:55:7:3,3.33,-0.19,-2.09
17:55:7:3,3.80,-0.13,-1.83
17:55:7:39,3.56,0.28,-1.96
17:55:7:39,3.77,0.44,-1.69
17:55:7:39,3.80,0.75,-1.54
17:55:7:39,3.69,0.20,-1.84
17:55:7:39,3.65,0.60,-1.72
17:55:7:39,3.91,0.97,-2.15
17:55:7:39,4.29,0.46,-1.42
17:55:7:93,4.88,0.04,-1.01
17:55:7:93,5.16,0.31,-1.66
17:55:7:93,5.19,0.12,-0.98
17:55:7:93,5.40,0.04,-2.17
17:55:7:93,6.40,0.66,-3.08
17:55:7:93,6.81,1.13,-4.23
17:55:7:93,6.88,1.22,-7.46
17:55:7:128,7.58,-0.75,-4.87
17:55:7:128,7.29,-1.89,-4.45
17:55:7:128,4.04,-0.95,-4.09
17:55:7:128,-1.08,0.71,-2.62
17:55:7:128,0.22,-3.05,-2.66
17:55:7:128,-0.77,-0.86,-2.54
17:55:7:128,-0.66,-0.07,-2.80
17:55:7:128,-0.31,0.19,-2.55
17:55:7:128,0.34,0.04,-2.73
17:55:7:128,1.18,-0.13,-2.78
17:55:7:128,2.38,-0.07,-3.04
17:55:7:164,3.98,-0.05,-3.12
17:55:7:164,6.25,0.16,-2.78
17:55:7:181,8.00,0.89,-2.54
17:55:7:181,8.00,2.50,-1.65
17:55:7:181,8.00,4.31,-0.79
17:55:7:201,8.00,4.41,2.38
17:55:7:201,8.00,6.94,7.71
17:55:7:236,8.00,5.39,2.58
17:55:7:236,4.38,-3.50,-2.92
17:55:7:236,6.64,-1.87,-3.88
17:55:7:326,3.29,3.26,-3.62
17:55:7:326,5.27,1.86,-2.16
17:55:7:326,4.21,2.19,-2.56
17:55:7:326,2.62,-0.22,-1.79
17:55:7:326,1.40,-0.30,-2.70
17:55:7:326,5.34,0.32,-0.52
17:55:7:345,3.91,1.19,-2.64
17:55:7:345,3.15,-0.37,-2.48
17:55:7:345,3.36,-0.24,-2.38
17:55:7:345,3.77,0.40,-1.95
17:55:7:345,3.62,0.46,-2.12
17:55:7:361,3.59,0.69,-1.78
17:55:7:361,3.55,0.57,-1.94
17:55:7:378,3.61,0.35,-1.76
17:55:7:378,3.52,0.75,-1.87
17:55:7:378,4.31,0.56,-1.48
17:55:7:378,5.02,0.04,-1.27
17:55:7:378,4.86,-0.40,-1.36
17:55:7:378,5.08,-0.38,-1.49
17:55:7:465,5.33,-0.62,-1.84
17:55:7:465,5.41,-0.39,-2.27
17:55:7:465,6.30,0.77,-3.65
17:55:7:465,7.05,1.46,-5.33
17:55:7:465,7.83,0.20,-7.17
17:55:7:482,7.76,-0.94,-4.35
17:55:7:482,5.96,-0.92,-4.84
17:55:7:482,1.36,-1.29,-2.24
17:55:7:482,-0.30,0.91,0.77
17:55:7:482,-0.08,-1.15,-0.93
17:55:7:482,-0.23,-0.99,-2.93
17:55:7:482,-0.50,-0.04,-2.47
17:55:7:515,-0.17,0.55,-1.67
17:55:7:551,0.27,-0.14,-2.49
17:55:7:551,1.03,0.04,-3.13
17:55:7:569,2.09,0.13,-3.35
17:55:7:570,3.82,0.24,-3.30
17:55:7:604,5.30,0.06,-3.44
17:55:7:620,8.00,0.05,-3.72
17:55:7:709,8.00,1.34,-2.38
17:55:7:709,8.00,2.51,1.56
17:55:7:709,8.00,4.91,1.95
17:55:7:709,8.00,7.15,8.00
17:55:7:729,8.00,5.52,5.87
17:55:7:746,4.61,-2.50,-3.73
17:55:7:746,7.93,-3.88,-4.23
17:55:7:830,5.62,2.07,-3.24
17:55:7:830,5.29,2.14,-1.63
17:55:7:830,3.78,0.71,-1.11
17:55:7:849,4.21,1.05,-2.44
17:55:7:866,2.42,-1.21,-3.34
17:55:7:866,2.08,1.43,-3.78
17:55:7:921,3.17,1.24,-2.98
17:55:8:47,3.37,0.05,-2.61
17:55:8:83,3.36,-0.28,-2.36
17:55:8:83,3.55,0.13,-1.94
17:55:8:83,3.57,0.57,-2.12
17:55:8:83,3.76,0.65,-1.49
17:55:8:101,3.67,0.49,-1.52
17:55:8:101,3.74,0.40,-1.91
17:55:8:118,3.70,0.84,-1.71
17:55:8:186,4.05,0.75,-1.66
17:55:8:222,3.94,0.24,-1.67
17:55:8:273,4.91,-0.49,-1.32
17:55:8:273,5.34,0.06,-1.16
17:55:8:290,5.19,-0.28,-1.23
17:55:8:361,5.35,0.02,-1.69
17:55:8:361,5.80,0.63,-2.80
17:55:8:395,6.49,1.44,-3.65
17:55:8:395,7.02,1.81,-6.41
17:55:8:396,7.69,-0.16,-5.91
17:55:8:396,7.02,-0.83,-4.24
17:55:8:396,4.57,-1.48,-4.58
17:55:8:433,0.57,0.02,-1.26
17:55:8:468,0.46,-0.46,0.54
17:55:8:556,-0.39,-0.81,-1.73
17:55:8:557,-0.64,-0.20,-3.06
17:55:8:574,-0.38,-0.19,-2.78
17:55:8:624,0.17,0.64,-2.45
17:55:8:642,1.11,0.11,-2.24
17:55:8:642,2.11,-0.29,-2.71
17:55:8:658,3.35,-0.24,-2.74
17:55:8:662,4.52,0.00,-2.62
17:55:8:732,6.18,0.93,-2.61
17:55:8:750,7.88,1.77,-2.90
17:55:8:769,8.00,2.51,-2.03
17:55:8:769,8.00,2.89,0.16
17:55:8:786,8.00,4.39,0.80
17:55:8:822,8.00,5.29,5.36
17:55:8:874,8.00,5.66,7.04
17:55:8:908,7.77,1.05,0.83
17:55:8:908,3.10,-6.41,-6.63
17:55:8:927,3.14,-2.51,-3.88
17:55:8:927,3.98,4.28,-2.79
17:55:8:945,3.58,-0.10,-3.23
17:55:8:963,3.37,1.80,-1.33
17:55:8:981,3.74,-0.08,-2.25
17:55:8:998,2.76,-0.40,-2.80
17:55:8:999,4.13,0.59,-2.67
17:55:9:17,3.71,-0.08,-2.02
17:55:9:17,3.34,-0.05,-2.32
17:55:9:17,3.30,-0.41,-2.47
17:55:9:34,3.11,-0.18,-2.67
17:55:9:69,3.42,0.61,-1.85
17:55:9:105,3.41,0.24,-1.60
17:55:9:124,4.25,0.27,-1.38
17:55:9:142,4.00,0.75,-1.62
17:55:9:142,3.74,0.64,-1.64
17:55:9:160,3.88,0.59,-1.75
17:55:9:178,3.96,0.58,-1.79
17:55:9:196,4.85,0.21,-1.56
17:55:9:213,5.50,0.02,-1.23
17:55:9:266,5.12,-0.79,-1.32
17:55:9:284,5.25,0.20,-1.70
17:55:9:319,5.85,0.52,-2.45
17:55:9:338,7.04,0.48,-3.53
17:55:9:356,7.85,0.46,-5.56
17:55:9:391,8.00,-1.39,-4.68
17:55:9:428,6.80,-2.11,-4.08
17:55:9:533,4.02,-1.65,-3.81
17:55:9:604,-0.38,0.46,0.08
17:55:9:661,-1.46,1.08,-0.25
17:55:9:661,-0.91,-0.23,-1.88
17:55:9:679,-0.63,-0.06,-2.79
17:55:9:697,-0.26,0.39,-2.14
17:55:9:697,0.03,0.87,-1.96
17:55:9:714,1.10,-0.31,-2.18
17:55:9:732,1.98,0.19,-2.27
17:55:9:749,3.18,0.15,-2.25
17:55:9:818,4.61,-0.45,-2.09
17:55:9:837,6.48,-0.38,-2.44
17:55:9:837,8.00,0.32,-1.97
17:55:9:837,8.00,1.68,-0.40
17:55:9:855,8.00,4.11,0.62
17:55:9:855,8.00,4.90,2.58
17:55:9:855,8.00,3.85,6.26
17:55:9:855,8.00,5.35,4.71
17:55:9:873,1.16,-2.45,-6.93
17:55:9:873,4.01,1.36,-2.66
17:55:9:873,7.36,-0.47,-1.74
17:55:9:908,5.69,0.33,-0.80
17:55:9:926,3.22,-0.21,-2.32
17:55:9:981,2.74,-0.34,-2.59
17:55:9:998,3.36,0.16,-2.05
17:55:10:16,3.58,0.87,-2.80
17:55:10:52,3.17,-0.05,-2.17
17:55:10:89,3.54,-0.19,-2.23
17:55:10:142,3.52,-0.20,-2.41
17:55:10:179,0.74,1.21,-3.90
17:55:10:197,3.23,0.35,-2.21
17:55:10:214,3.67,0.17,-2.04
17:55:10:232,3.39,-0.02,-1.97
17:55:10:249,3.87,0.16,-2.08
17:55:10:249,3.34,0.34,-1.71
17:55:10:267,3.73,0.62,-1.86
17:55:10:338,3.71,0.06,-1.73
17:55:10:353,3.83,-0.32,-1.76
17:55:10:356,3.71,-0.35,-2.11
17:55:10:374,3.92,-0.18,-1.53
17:55:10:392,3.97,0.01,-1.72
17:55:10:410,4.12,0.46,-1.68
17:55:10:426,4.21,-0.08,-1.34
17:55:10:529,4.72,0.38,-1.51
17:55:10:529,5.04,0.30,-1.38
17:55:10:565,6.44,0.99,-1.63
17:55:10:583,7.00,-0.90,-3.84
17:55:10:599,6.56,-2.30,-3.23
17:55:10:600,4.00,-1.63,-1.18
17:55:10:800,2.55,-2.08,0.28
17:55:10:888,1.66,-2.33,-1.48
17:55:10:941,1.04,-2.07,-3.03
17:55:10:961,1.46,-0.53,-4.37
17:55:10:995,1.92,0.80,-4.33
17:55:11:47,2.61,1.22,-4.05
17:55:11:133,3.27,1.26,-4.00
17:55:11:150,3.56,1.73,-4.48
17:55:11:184,3.42,2.41,-4.55
17:55:11:238,4.01,2.53,-4.33
17:55:11:273,4.44,1.84,-3.98
17:55:11:327,4.73,2.13,-3.98
17:55:11:328,5.25,2.83,-4.01
17:55:11:328,4.58,4.10,-4.12
17:55:11:328,4.84,4.56,-3.46
17:55:11:328,5.08,4.11,-1.90
17:55:11:328,4.73,4.23,-1.48
17:55:11:363,4.67,5.00,-1.27
17:55:11:363,4.15,3.58,-0.25
17:55:11:452,3.61,2.39,-0.28
17:55:11:470,3.85,2.91,1.12
17:55:11:470,5.65,2.71,3.85
17:55:11:470,3.47,0.10,-0.87
17:55:11:505,4.96,-2.07,-2.08
17:55:11:505,3.85,0.66,-1.17
17:55:11:505,3.52,0.93,-1.83
17:55:11:539,3.61,0.16,-1.54
17:55:11:612,4.08,-0.31,-1.21
17:55:11:682,3.96,-0.25,-1.42
17:55:11:682,4.25,0.93,-1.01
17:55:11:718,3.79,0.44,-1.73
17:55:11:718,3.84,-0.02,-1.53
17:55:11:718,3.82,0.28,-1.52
17:55:11:791,3.79,0.36,-1.35
17:55:11:827,3.71,0.30,-1.35
17:55:11:827,3.56,0.27,-1.45
17:55:11:862,3.68,0.12,-1.71
17:55:11:878,3.51,0.60,-1.22
17:55:11:878,3.80,0.39,-1.61
17:55:11:984,3.75,0.39,-1.59
17:55:12:19,3.75,0.31,-1.54
17:55:12:123,3.77,0.28,-1.63
17:55:12:193,3.70,0.20,-1.44
17:55:12:210,3.82,0.25,-1.70
17:55:12:210,3.77,0.32,-1.59
17:55:12:210,3.75,0.13,-1.52
17:55:12:211,3.80,0.17,-1.65
17:55:12:247,3.84,0.33,-1.56
17:55:12:247,3.88,0.24,-1.44
17:55:12:265,3.95,0.32,-1.12
17:55:12:371,3.61,0.20,-1.52
17:55:12:371,3.80,0.26,-1.31
17:55:12:371,3.77,0.19,-1.40
17:55:12:424,3.76,0.21,-1.28
17:55:12:424,3.86,0.16,-1.21
17:55:12:424,3.79,0.06,-1.19
17:55:12:478,3.82,0.12,-1.28
17:55:12:598,3.81,0.14,-1.41
17:55:12:668,3.66,0.12,-1.46
17:55:12:668,3.81,0.18,-1.36
17:55:12:793,3.80,0.07,-1.43
17:55:12:879,3.81,0.10,-1.30
17:55:12:899,3.82,-0.19,-1.69
17:55:12:899,3.81,0.06,-1.40
17:55:12:967,3.83,0.03,-1.35
17:55:12:967,3.80,0.03,-1.38
17:55:13:74,3.79,0.09,-1.31
17:55:13:74,3.78,0.09,-1.21
17:55:13:74,3.78,0.01,-1.32
17:55:13:109,3.81,0.11,-1.22
17:55:13:232,3.89,-0.18,-1.27
17:55:13:232,3.77,0.02,-1.23
17:55:13:232,3.83,-0.02,-1.31
17:55:13:232,3.73,-0.03,-1.40
17:55:13:232,3.79,-0.01,-1.42
17:55:13:321,3.77,-0.06,-1.36
17:55:13:321,3.79,-0.13,-1.37
17:55:13:409,3.78,-0.06,-1.36
17:55:13:445,3.78,-0.03,-1.37
17:55:13:496,3.82,-0.03,-1.32
