19:19:50:771,3.87,-1.07,0.12
19:19:50:787,3.89,-1.10,0.16
19:19:50:787,3.86,-1.12,0.18
19:19:50:807,3.86,-1.14,0.19
19:19:50:807,3.89,-1.15,0.19
19:19:50:846,3.89,-1.18,0.21
19:19:50:928,3.88,-1.17,0.21
19:19:50:943,3.89,-1.16,0.21
19:19:50:974,3.88,-1.16,0.21
19:19:51:1,3.89,-1.16,0.20
19:19:51:1,3.87,-1.16,0.16
19:19:51:9,3.88,-1.13,0.14
19:19:51:9,3.89,-1.13,0.16
19:19:51:78,3.88,-1.12,0.18
19:19:51:103,3.88,-1.11,0.13
19:19:51:111,3.88,-1.12,0.18
19:19:51:145,3.86,-1.14,0.21
19:19:51:145,3.87,-1.12,0.19
19:19:51:151,3.88,-1.11,0.18
19:19:51:151,3.90,-1.10,0.18
19:19:51:226,3.86,-1.12,0.19
19:19:51:252,3.83,-1.11,0.25
19:19:51:272,3.90,-1.09,0.19
19:19:51:311,3.90,-1.11,0.18
19:19:51:334,3.88,-1.12,0.18
19:19:51:334,3.86,-1.14,0.19
19:19:51:383,3.85,-1.12,0.20
19:19:51:408,3.88,-1.12,0.22
19:19:51:461,3.89,-1.13,0.20
19:19:51:488,3.91,-1.12,0.18
19:19:51:616,3.89,-1.12,0.21
19:19:51:616,3.86,-1.14,0.16
19:19:51:616,3.89,-1.14,0.18
19:19:51:663,3.88,-1.11,0.20
19:19:51:670,3.85,-1.11,0.19
19:19:51:699,3.86,-1.12,0.16
19:19:51:725,3.88,-1.15,0.20
19:19:51:801,3.87,-1.16,0.18
19:19:51:801,3.86,-1.16,0.18
19:19:51:832,3.89,-1.15,0.18
19:19:51:862,3.88,-1.17,0.15
19:19:51:897,3.90,-1.17,0.18
19:19:52:11,3.86,-1.16,0.20
19:19:52:64,3.87,-1.16,0.20
19:19:52:64,3.86,-1.12,0.20
19:19:52:70,3.87,-1.13,0.21
19:19:52:86,3.88,-1.13,0.18
19:19:52:227,3.88,-1.15,0.19
19:19:52:330,3.86,-1.12,0.19
19:19:52:330,3.91,-1.12,0.18
19:19:52:339,3.89,-1.12,0.17
19:19:52:339,3.87,-1.12,0.20
19:19:52:339,3.83,-1.13,0.16
19:19:52:339,3.87,-1.13,0.17
19:19:52:339,3.88,-1.11,0.19
19:19:52:351,3.88,-1.14,0.18
19:19:52:416,3.90,-1.12,0.19
19:19:52:437,3.88,-1.15,0.21
19:19:52:564,3.87,-1.14,0.20
19:19:52:578,3.88,-1.13,0.20
19:19:52:590,3.87,-1.10,0.18
19:19:52:590,3.86,-1.09,0.18
19:19:52:604,3.87,-1.10,0.16
19:19:52:604,3.86,-1.08,0.13
19:19:52:611,3.87,-1.09,0.13
19:19:52:743,3.87,-1.06,0.12
19:19:52:758,3.88,-1.07,0.10
19:19:52:759,3.85,-1.09,0.11
19:19:52:759,3.83,-1.11,0.12
19:19:52:759,3.86,-1.13,0.20
19:19:52:759,3.87,-1.17,0.20
19:19:52:759,3.91,-1.17,0.21
19:19:52:782,3.91,-1.17,0.24
19:19:52:789,3.93,-1.16,0.23
19:19:52:887,3.88,-1.18,0.21
19:19:52:933,3.85,-1.20,0.22
19:19:52:933,3.91,-1.18,0.14
19:19:52:933,3.92,-1.17,0.12
19:19:52:933,3.90,-1.14,0.13
19:19:52:933,3.88,-1.14,0.11
19:19:52:940,3.85,-1.13,0.12
19:19:52:940,3.87,-1.11,0.13
19:19:52:940,3.87,-1.09,0.13
19:19:52:940,3.91,-1.09,0.12
19:19:52:961,3.91,-1.13,0.16
19:19:52:973,3.89,-1.15,0.19
19:19:53:59,3.91,-1.14,0.17
19:19:53:59,3.90,-1.11,0.21
19:19:53:103,3.90,-1.09,0.22
19:19:53:103,3.90,-1.11,0.21
19:19:53:208,3.90,-1.10,0.21
19:19:53:208,3.90,-1.11,0.18
19:19:53:208,3.89,-1.11,0.17
19:19:53:330,3.91,-1.14,0.15
19:19:53:338,3.89,-1.12,0.14
19:19:53:350,3.86,-1.13,0.11
19:19:53:420,3.86,-1.12,0.10
19:19:53:435,3.87,-1.09,0.09
19:19:53:435,3.87,-1.10,0.06
19:19:53:437,3.85,-1.12,0.09
19:19:53:437,3.83,-1.11,0.08
19:19:53:455,3.81,-1.10,0.11
19:19:53:455,3.87,-1.05,0.11
19:19:53:472,3.91,-1.06,0.10
19:19:53:475,3.91,-1.06,0.16
19:19:53:475,3.88,-1.04,0.20
19:19:53:475,3.88,-1.04,0.24
19:19:53:475,3.91,-1.06,0.23
19:19:53:494,3.93,-1.05,0.24
19:19:53:494,3.92,-1.08,0.23
19:19:53:549,3.90,-1.11,0.24
19:19:53:613,3.90,-1.11,0.25
19:19:53:619,3.94,-1.13,0.23
19:19:53:619,3.92,-1.12,0.25
19:19:53:619,3.93,-1.16,0.31
19:19:53:672,3.96,-1.20,0.31
19:19:53:672,3.97,-1.33,0.32
19:19:53:708,3.94,-1.35,0.40
19:19:53:708,3.94,-1.36,0.42
19:19:53:708,3.94,-1.34,0.39
19:19:53:708,3.90,-1.33,0.33
19:19:53:708,3.80,-1.39,0.30
19:19:53:829,3.67,-1.37,0.25
19:19:53:829,3.55,-1.36,0.20
19:19:53:829,3.63,-1.36,0.15
19:19:53:829,3.72,-1.33,0.03
19:19:53:931,3.81,-1.31,-0.01
19:19:53:967,3.83,-1.20,0.12
19:19:53:967,3.87,-1.02,0.03
19:19:53:967,3.94,-0.92,-0.01
19:19:54:20,3.83,-0.86,-0.05
19:19:54:20,3.71,-0.68,-0.06
19:19:54:55,3.92,-0.79,0.02
19:19:54:158,3.98,-0.83,-0.02
19:19:54:193,3.88,-0.69,-0.10
19:19:54:211,3.82,-0.69,-0.08
19:19:54:227,4.01,-0.71,0.16
19:19:54:312,4.06,-0.49,0.15
19:19:54:349,3.86,-0.44,0.08
19:19:54:366,3.99,-0.51,0.12
19:19:54:400,4.16,-0.34,0.15
19:19:54:400,4.28,-0.25,0.13
19:19:54:420,4.41,-0.35,0.08
19:19:54:420,4.50,-0.40,0.06
19:19:54:420,4.23,-0.54,0.04
19:19:54:420,4.11,-0.61,-0.02
19:19:54:420,3.99,-0.65,-0.05
19:19:54:420,4.04,-0.66,-0.13
19:19:54:420,3.89,-0.70,-0.17
19:19:54:420,4.00,-0.83,-0.02
19:19:54:420,4.00,-0.74,0.01
19:19:54:420,4.03,-0.72,0.11
19:19:54:540,4.08,-0.70,0.34
19:19:54:558,4.09,-0.75,0.51
19:19:54:558,4.04,-0.64,0.55
19:19:54:574,4.12,-0.71,0.66
19:19:54:591,4.26,-0.86,0.74
19:19:54:591,4.33,-1.04,0.92
19:19:54:591,4.38,-1.23,1.15
19:19:54:609,4.43,-1.27,1.32
19:19:54:628,4.57,-1.16,1.26
19:19:54:677,4.92,-1.19,1.17
19:19:54:712,5.19,-1.07,1.00
19:19:54:712,5.37,-0.97,0.76
19:19:54:731,5.80,-0.93,0.65
19:19:54:731,5.87,-1.08,0.48
19:19:54:731,6.15,-1.36,0.13
19:19:54:747,5.62,-1.21,-0.03
19:19:54:747,5.38,-1.72,-0.48
19:19:54:747,5.52,-1.91,-1.04
19:19:54:764,5.33,-2.38,-1.24
19:19:54:781,5.54,-2.91,-1.31
19:19:54:816,5.58,-3.21,-1.97
19:19:54:816,5.39,-3.27,-2.20
19:19:54:816,5.35,-3.07,-2.05
19:19:54:816,5.15,-2.75,-2.16
19:19:54:839,4.77,-2.51,-2.11
19:19:54:848,4.54,-2.49,-1.86
19:19:54:859,4.27,-2.19,-1.52
19:19:54:875,3.91,-1.74,-1.39
19:19:54:893,3.48,-1.49,-1.20
19:19:54:964,3.14,-1.19,-0.86
19:19:55:17,2.75,-0.78,-0.46
19:19:55:17,2.43,-0.42,-0.07
19:19:55:87,2.32,-0.25,0.29
19:19:55:119,2.38,-0.24,0.64
19:19:55:119,2.48,-0.27,1.03
19:19:55:135,2.89,-0.05,1.27
19:19:55:203,3.27,0.11,1.45
19:19:55:223,3.66,-0.13,1.64
19:19:55:254,4.55,-0.24,1.95
19:19:55:270,5.28,-0.22,1.70
19:19:55:286,5.82,-0.72,1.20
19:19:55:302,6.15,-1.50,0.48
19:19:55:302,6.83,-1.11,0.39
19:19:55:376,6.77,-1.36,0.54
19:19:55:393,7.52,-1.96,-0.40
19:19:55:393,6.52,-3.63,-0.87
19:19:55:409,6.85,-1.53,-0.27
19:19:55:426,6.46,-3.08,-0.95
19:19:55:442,5.73,-2.12,-0.93
19:19:55:459,5.24,-1.25,-0.81
19:19:55:479,4.83,-1.19,-0.68
19:19:55:479,4.46,-1.34,-0.42
19:19:55:479,4.07,-1.45,-0.03
19:19:55:495,4.07,-1.62,-0.32
19:19:55:495,3.66,-1.78,-0.41
19:19:55:513,3.47,-1.65,-0.61
19:19:55:560,3.27,-1.37,-0.88
19:19:55:575,3.72,-0.96,-1.86
19:19:55:591,3.33,-0.90,-2.42
19:19:55:591,3.82,-1.26,-3.23
19:19:55:607,3.73,-1.82,-3.77
19:19:55:626,4.28,-2.22,-4.37
19:19:55:629,4.60,-3.11,-4.28
19:19:55:678,3.98,-4.22,-2.86
19:19:55:711,3.53,-4.38,-2.10
19:19:55:742,3.92,-3.91,-2.49
19:19:55:759,4.53,-3.00,-3.22
19:19:55:791,5.54,-2.00,-4.04
19:19:55:792,6.67,-0.99,-4.50
19:19:55:808,7.43,-0.66,-4.04
19:19:55:824,7.77,-0.30,-3.11
19:19:55:840,7.63,0.29,-2.17
19:19:55:855,7.51,0.25,-1.14
19:19:55:855,7.37,-0.05,-1.24
19:19:55:910,7.17,-0.54,-1.16
19:19:55:960,6.78,-1.48,-1.26
19:19:55:976,6.14,-1.51,-1.24
19:19:55:994,5.20,-1.77,-0.91
19:19:56:10,4.73,-2.17,-0.66
19:19:56:26,4.59,-1.78,-0.39
19:19:56:105,4.71,-0.94,0.04
19:19:56:121,4.40,-0.13,0.44
19:19:56:137,4.18,0.37,0.76
19:19:56:185,3.96,0.67,1.12
19:19:56:223,4.01,0.84,1.32
19:19:56:310,3.87,0.73,1.44
19:19:56:344,3.64,-0.03,1.46
19:19:56:379,3.88,-0.49,1.25
19:19:56:449,4.37,-1.03,0.74
19:19:56:484,4.81,-1.64,0.11
19:19:56:502,5.20,-1.86,-0.61
19:19:56:502,5.57,-2.27,-0.99
19:19:56:536,5.41,-2.41,-0.80
19:19:56:536,5.42,-2.39,-0.26
19:19:56:552,5.33,-2.12,0.10
19:19:56:571,5.54,-1.83,-0.16
19:19:56:656,5.75,-1.39,-0.83
19:19:56:656,5.97,-1.34,-1.71
19:19:56:737,5.78,-1.57,-2.21
19:19:56:786,5.48,-1.79,-2.51
19:19:56:834,5.17,-1.88,-2.74
19:19:56:850,4.89,-1.95,-2.84
19:19:56:850,4.78,-1.50,-3.22
19:19:56:850,4.58,-0.71,-3.93
19:19:56:850,4.12,-0.47,-4.36
19:19:56:866,3.62,-1.06,-4.18
19:19:56:919,3.87,-1.53,-3.50
19:19:56:919,4.86,-1.33,-3.21
19:19:56:951,4.33,-1.91,-2.89
19:19:56:968,3.93,-2.22,-2.58
19:19:57:0,4.08,-1.89,-2.53
19:19:57:16,4.18,-2.13,-2.75
19:19:57:50,4.12,-1.65,-3.13
19:19:57:67,3.96,-1.78,-3.40
19:19:57:67,4.05,-1.66,-3.59
19:19:57:83,4.38,-1.24,-3.64
19:19:57:83,5.04,-0.57,-3.73
19:19:57:83,5.72,-0.09,-3.36
19:19:57:83,6.61,-0.04,-2.59
19:19:57:83,6.99,0.45,-2.18
19:19:57:83,6.82,0.56,-1.90
19:19:57:100,6.38,-0.56,-1.29
19:19:57:153,5.75,-1.25,-1.42
19:19:57:153,4.99,-1.07,-1.76
19:19:57:169,4.83,-1.75,-1.56
19:19:57:202,4.69,-1.95,-1.39
19:19:57:202,4.30,-1.65,-1.25
19:19:57:219,4.39,-1.89,-1.01
19:19:57:250,4.36,-1.56,-0.35
19:19:57:289,4.64,-0.83,0.41
19:19:57:295,5.06,0.05,0.93
19:19:57:348,4.76,0.00,1.19
19:19:57:412,4.90,-0.19,1.17
19:19:57:446,4.73,0.25,1.15
19:19:57:478,4.53,0.76,1.15
19:19:57:531,4.61,-0.59,0.54
19:19:57:549,4.66,-0.56,-0.10
19:19:57:565,3.28,-5.22,-1.18
19:19:57:565,3.92,-2.68,-1.68
19:19:57:599,3.54,-2.37,-0.70
19:19:57:599,3.63,-1.92,-0.52
19:19:57:616,3.80,-1.46,-0.61
19:19:57:634,4.04,-1.19,-0.83
19:19:57:642,4.32,-1.05,-1.22
19:19:57:649,4.59,-1.07,-1.57
19:19:57:657,4.61,-1.14,-1.86
19:19:57:676,4.48,-1.31,-2.13
19:19:57:699,4.50,-1.44,-2.25
19:19:57:699,4.99,-1.66,-2.49
19:19:57:751,5.50,-1.87,-2.83
19:19:57:751,6.25,-1.29,-3.68
19:19:57:766,6.17,-0.69,-4.58
19:19:57:782,5.49,-0.77,-4.75
19:19:57:800,5.85,-1.17,-4.65
19:19:57:800,5.13,-1.46,-4.44
19:19:57:817,3.79,-2.03,-3.38
19:19:57:903,3.28,-1.85,-2.66
19:19:57:991,3.62,-2.27,-2.68
19:19:58:45,4.08,-2.08,-3.17
19:19:58:80,4.71,-1.85,-3.90
19:19:58:116,5.16,-1.75,-4.27
19:19:58:150,5.81,-1.46,-4.33
19:19:58:170,5.87,-0.86,-3.86
19:19:58:188,6.49,-0.27,-3.32
19:19:58:206,6.64,0.36,-2.63
19:19:58:279,7.04,0.26,-1.97
19:19:58:330,7.00,0.08,-1.67
19:19:58:330,6.36,0.03,-1.49
19:19:58:364,5.51,-0.91,-0.89
19:19:58:475,4.97,-1.45,-0.62
19:19:58:494,4.39,-1.40,-0.65
19:19:58:494,4.08,-1.54,-0.77
19:19:58:494,4.00,-1.37,-0.73
19:19:58:562,4.18,-1.50,-0.37
19:19:58:562,4.27,-1.27,0.18
19:19:58:629,4.55,-0.61,0.66
19:19:58:646,4.90,0.54,1.00
19:19:58:667,4.93,1.22,1.41
19:19:58:668,4.41,1.04,1.75
19:19:58:668,4.48,0.68,1.84
19:19:58:668,4.80,0.10,1.78
19:19:58:684,5.38,-0.83,1.05
19:19:58:684,5.59,-1.54,-0.19
19:19:58:702,5.66,-1.96,-0.90
19:19:58:718,5.39,-2.13,-0.98
19:19:58:718,4.87,-2.11,-0.40
19:19:58:718,4.13,-1.61,0.22
19:19:58:734,4.80,-0.81,0.22
19:19:58:734,5.06,-0.38,-0.43
19:19:58:734,5.46,-0.17,-1.25
19:19:58:750,5.76,-0.24,-2.02
19:19:58:799,5.86,-0.29,-2.63
19:19:58:799,5.51,-0.47,-3.06
19:19:58:799,4.97,-0.60,-3.32
19:19:58:799,4.56,-0.87,-3.28
19:19:58:831,4.52,-1.17,-3.25
19:19:58:831,4.64,-1.46,-3.27
19:19:58:846,5.20,-1.63,-3.93
19:19:58:877,5.45,-1.49,-4.68
19:19:58:894,5.00,-1.35,-4.76
19:19:58:912,5.22,-1.56,-4.26
19:19:58:912,5.42,-1.27,-3.79
19:19:58:979,4.57,-1.33,-3.61
19:19:58:995,3.69,-2.25,-2.92
19:19:59:13,3.10,-2.35,-2.56
19:19:59:49,3.42,-2.57,-3.00
19:19:59:65,3.91,-2.92,-3.61
19:19:59:165,4.65,-2.90,-4.12
19:19:59:268,5.51,-2.59,-4.55
19:19:59:268,6.33,-1.84,-4.53
19:19:59:285,7.33,-0.64,-3.80
19:19:59:319,8.00,0.33,-2.72
19:19:59:369,8.00,0.65,-2.17
19:19:59:369,8.00,0.64,-1.63
19:19:59:401,7.16,0.17,-0.90
19:19:59:449,6.05,-0.12,-0.77
19:19:59:466,5.30,-0.63,-0.87
19:19:59:548,4.16,-1.01,-0.46
19:19:59:583,3.90,-1.56,-0.31
19:19:59:599,4.11,-1.60,-0.57
19:19:59:599,3.88,-1.47,-0.75
19:19:59:685,3.35,-1.32,-0.27
19:19:59:719,2.94,-1.39,0.30
19:19:59:719,2.44,-1.55,0.74
19:19:59:751,2.27,-2.00,0.84
19:19:59:766,2.15,-2.39,0.92
19:19:59:782,2.34,-3.05,0.58
19:19:59:782,2.80,-3.61,0.24
19:19:59:782,3.14,-3.78,0.32
19:19:59:814,3.19,-3.48,0.64
19:19:59:847,3.41,-2.90,0.70
19:19:59:879,3.37,-2.52,0.40
19:19:59:879,3.16,-2.87,0.03
19:19:59:879,2.83,-2.60,-0.30
19:19:59:895,2.63,-2.68,-0.75
19:19:59:896,2.35,-2.70,-0.95
19:19:59:965,2.33,-2.54,-1.04
19:19:59:965,2.09,-2.73,-1.03
19:19:59:965,3.13,-4.07,-1.04
19:20:0:0,1.92,-3.53,-1.30
19:20:0:0,2.69,-3.39,-1.50
19:20:0:36,2.56,-3.23,-1.29
19:20:0:136,2.33,-2.87,-1.08
19:20:0:153,2.27,-2.55,-0.97
19:20:0:153,2.39,-2.72,-0.71
19:20:0:169,2.53,-2.37,-0.53
19:20:0:184,2.65,-1.92,-0.48
19:20:0:184,3.11,-2.15,-0.86
19:20:0:201,3.43,-2.44,-0.90
19:20:0:268,3.56,-2.86,-0.87
19:20:0:268,3.45,-2.44,-0.45
19:20:0:268,4.02,-2.81,-1.36
19:20:0:300,3.52,-1.93,-1.20
19:20:0:333,3.72,-2.33,-1.53
19:20:0:348,4.19,-2.16,-1.54
19:20:0:348,4.42,-1.99,-1.70
19:20:0:416,4.45,-1.91,-1.86
19:20:0:416,4.49,-2.28,-1.69
19:20:0:432,4.27,-2.76,-1.67
19:20:0:465,4.11,-2.34,-1.35
19:20:0:465,4.10,-2.25,-1.05
19:20:0:596,4.15,-2.10,-0.72
19:20:0:665,4.06,-1.75,-0.40
19:20:0:698,3.97,-1.44,-0.16
19:20:0:732,3.90,-1.10,-0.04
19:20:0:801,3.91,-0.88,-0.07
19:20:0:833,3.98,-0.88,-0.18
19:20:0:833,4.10,-1.08,-0.41
19:20:0:849,3.91,-1.21,-0.50
19:20:0:986,3.75,-1.38,-0.52
19:20:0:986,3.46,-1.50,-0.54
19:20:1:4,3.77,-1.66,-0.37
19:20:1:36,4.19,-1.82,-0.23
19:20:1:52,4.32,-1.70,-0.20
19:20:1:52,4.25,-1.63,-0.13
19:20:1:52,4.19,-1.66,0.04
19:20:1:68,4.06,-1.59,0.23
19:20:1:68,3.78,-1.36,0.34
19:20:1:153,3.59,-1.13,0.36
19:20:1:153,3.54,-0.92,0.35
19:20:1:184,3.80,-0.91,0.36
19:20:1:202,4.34,-0.58,0.76
19:20:1:218,4.50,0.25,1.49
19:20:1:236,4.39,0.75,1.89
19:20:1:236,3.92,-0.28,1.27
19:20:1:236,3.76,-0.70,0.84
19:20:1:254,3.75,-0.74,0.81
19:20:1:340,3.76,-0.72,0.67
19:20:1:372,3.76,-0.57,0.51
19:20:1:388,3.88,-0.52,0.42
19:20:1:388,4.04,-0.67,0.27
19:20:1:388,4.11,-0.95,0.24
19:20:1:424,4.12,-1.02,0.30
19:20:1:424,4.14,-0.87,0.42
19:20:1:509,4.28,-0.39,0.68
19:20:1:544,4.36,0.42,0.88
19:20:1:544,4.17,0.55,0.78
19:20:1:544,4.13,0.39,0.53
19:20:1:544,4.02,0.43,0.61
19:20:1:544,4.06,0.25,0.56
19:20:1:562,4.15,0.04,0.42
19:20:1:577,4.13,0.01,0.29
19:20:1:595,4.03,-0.23,0.05
19:20:1:595,3.95,-0.64,-0.12
19:20:1:595,3.69,-0.87,-0.25
19:20:1:646,3.59,-1.22,-0.27
19:20:1:646,3.62,-1.53,-0.30
19:20:1:732,3.78,-1.74,-0.36
19:20:1:749,3.81,-1.81,-0.38
19:20:1:749,3.81,-1.65,-0.37
19:20:1:765,3.72,-1.30,-0.30
19:20:1:898,3.71,-1.06,-0.17
19:20:1:900,3.73,-0.91,-0.10
19:20:1:900,3.85,-0.82,-0.04
19:20:1:900,4.01,-0.82,-0.07
19:20:1:916,4.14,-0.90,-0.11
19:20:1:932,4.08,-0.95,-0.14
19:20:1:932,3.96,-0.95,-0.08
19:20:1:951,4.01,-0.85,0.02
19:20:1:983,4.13,-0.82,0.02
19:20:2:64,4.12,-0.85,0.10
19:20:2:100,4.03,-0.87,0.11
19:20:2:100,3.89,-1.00,0.18
19:20:2:100,3.75,-1.22,0.23
19:20:2:100,3.68,-1.50,0.34
19:20:2:133,3.62,-1.48,0.55
19:20:2:133,3.98,-1.13,0.91
19:20:2:133,4.15,-1.11,1.28
19:20:2:207,3.84,-1.57,0.89
19:20:2:242,3.83,-1.97,0.38
19:20:2:242,3.86,-1.94,0.17
19:20:2:260,3.82,-1.37,0.12
19:20:2:329,3.85,-1.41,-0.06
19:20:2:397,3.85,-1.22,-0.05
19:20:2:450,3.88,-1.04,0.04
19:20:2:468,3.84,-0.82,0.09
19:20:2:468,3.90,-0.78,0.11
19:20:2:468,3.89,-0.68,0.09
19:20:2:468,3.93,-0.76,0.08
19:20:2:487,3.97,-0.89,0.05
19:20:2:505,3.88,-1.01,0.03
19:20:2:556,3.83,-1.08,0.06
19:20:2:590,3.76,-1.11,0.11
19:20:2:606,3.71,-1.17,0.14
19:20:2:638,3.75,-1.15,0.21
19:20:2:638,3.78,-1.09,0.27
19:20:2:657,3.85,-1.09,0.29
19:20:2:657,3.96,-1.04,0.29
19:20:2:657,4.03,-0.96,0.32
19:20:2:672,4.02,-0.86,0.37
19:20:2:672,4.02,-0.80,0.41
19:20:2:672,3.97,-0.76,0.39
19:20:2:672,3.91,-0.83,0.28
19:20:2:688,3.94,-0.97,0.24
19:20:2:753,3.89,-1.05,0.21
19:20:2:769,3.88,-1.13,0.15
19:20:2:785,3.82,-1.17,0.14
19:20:2:853,3.82,-1.16,0.11
19:20:2:853,3.93,-1.15,0.09
19:20:2:869,3.95,-1.15,0.08
19:20:2:884,3.92,-1.13,0.08
19:20:2:988,3.90,-1.09,0.11
19:20:3:54,3.90,-1.08,0.08
19:20:3:70,3.87,-1.11,0.12
19:20:3:198,3.88,-1.17,0.15
19:20:3:201,3.88,-1.15,0.11
19:20:3:217,3.92,-1.14,0.15
19:20:3:232,3.91,-1.13,0.15
19:20:3:235,3.91,-1.12,0.19
19:20:3:270,3.93,-1.10,0.23
19:20:3:354,3.93,-1.08,0.24
19:20:3:390,3.92,-1.05,0.26
19:20:3:406,3.90,-1.03,0.21
19:20:3:406,3.92,-1.03,0.21
19:20:3:424,3.90,-1.07,0.19
19:20:3:508,3.89,-1.09,0.19
19:20:3:508,3.88,-1.11,0.19
19:20:3:526,3.88,-1.10,0.16
19:20:3:526,3.89,-1.08,0.15
19:20:3:527,3.91,-1.07,0.16
19:20:3:579,3.89,-1.08,0.17
19:20:3:579,3.86,-1.09,0.19
19:20:3:579,3.86,-1.08,0.17
19:20:3:579,3.89,-1.09,0.17
19:20:3:613,3.88,-1.11,0.17
19:20:3:717,3.84,-1.12,0.20
19:20:3:749,3.87,-1.10,0.20
19:20:3:749,3.92,-1.05,0.20
19:20:3:764,3.91,-1.04,0.17
19:20:3:847,3.89,-1.01,0.20
19:20:3:847,3.88,-1.02,0.20
19:20:3:847,3.87,-1.02,0.22
19:20:3:884,3.88,-1.00,0.22
19:20:3:920,3.88,-1.01,0.23
19:20:3:938,3.88,-1.02,0.30
19:20:3:957,3.93,-1.03,0.31
19:20:4:44,3.97,-0.93,0.35
19:20:4:44,3.99,-0.72,0.23
19:20:4:44,3.95,-0.76,0.28
19:20:4:62,4.07,-0.86,0.41
19:20:4:78,4.16,-0.38,0.13
19:20:4:78,3.88,-0.14,-0.07
19:20:4:78,4.42,-0.47,0.22
19:20:4:113,4.42,-0.33,0.26
19:20:4:113,4.06,0.22,-0.05
19:20:4:113,3.88,0.34,-0.16
19:20:4:113,4.16,0.21,-0.03
19:20:4:165,4.20,0.27,0.02
19:20:4:200,4.27,0.28,-0.05
19:20:4:200,4.16,0.02,-0.12
19:20:4:216,4.11,-0.21,-0.12
19:20:4:216,3.98,-0.33,-0.07
19:20:4:233,3.91,-0.41,-0.03
19:20:4:249,3.95,-0.59,0.01
19:20:4:314,3.99,-0.70,0.03
19:20:4:381,3.97,-0.73,0.10
19:20:4:412,4.00,-0.80,0.15
19:20:4:430,3.99,-0.89,0.20
19:20:4:430,4.01,-0.94,0.37
19:20:4:450,4.07,-0.94,0.48
19:20:4:483,3.99,-0.95,0.48
19:20:4:501,4.12,-1.08,0.67
19:20:4:556,4.19,-1.26,0.89
19:20:4:593,4.42,-1.40,1.04
19:20:4:609,4.59,-1.72,1.26
19:20:4:610,5.26,-2.14,1.50
19:20:4:610,5.96,-1.92,1.36
19:20:4:628,6.51,-1.12,0.96
19:20:4:663,6.86,-0.55,0.53
19:20:4:702,6.71,-0.33,0.24
19:20:4:770,6.02,-0.36,0.23
19:20:4:786,5.21,-0.55,-0.10
19:20:4:786,5.38,-0.62,-0.84
19:20:4:786,4.71,-0.75,-0.76
19:20:4:786,4.54,-1.17,-0.48
19:20:4:805,4.50,-1.64,-0.43
19:20:4:805,4.79,-2.09,-0.58
19:20:4:821,4.93,-2.62,-0.82
19:20:4:838,5.03,-2.17,-1.14
19:20:4:857,4.97,-1.82,-1.29
19:20:4:857,4.68,-1.52,-1.23
19:20:4:857,4.62,-1.30,-1.22
19:20:4:857,4.48,-1.11,-0.97
19:20:4:943,4.23,-0.86,-0.80
19:20:4:978,4.02,-0.78,-0.75
19:20:4:995,3.57,-0.85,-0.64
19:20:5:11,3.41,-1.03,-0.55
19:20:5:11,3.29,-1.17,-0.36
19:20:5:11,3.19,-1.25,0.05
19:20:5:28,3.36,-1.37,0.54
19:20:5:28,3.15,-1.64,1.35
19:20:5:160,3.50,-1.59,1.97
19:20:5:175,4.07,-1.18,1.92
19:20:5:175,4.75,-0.41,1.71
19:20:5:194,4.78,-0.16,1.55
19:20:5:210,4.85,-0.90,1.50
19:20:5:260,4.96,-1.09,1.65
19:20:5:278,5.19,-0.85,1.66
19:20:5:293,5.08,-0.85,1.43
19:20:5:310,5.22,-0.91,1.01
19:20:5:311,5.64,-1.17,0.54
19:20:5:327,5.97,-1.58,0.12
19:20:5:344,6.10,-1.79,-0.20
19:20:5:376,6.29,-1.77,-0.45
19:20:5:376,6.46,-1.63,-0.62
19:20:5:376,6.43,-1.47,-0.74
19:20:5:376,6.41,-1.60,-1.09
19:20:5:391,6.48,-1.57,-1.73
19:20:5:443,6.25,-1.35,-2.89
19:20:5:509,5.17,-0.53,-4.71
19:20:5:509,3.48,-0.72,-6.10
19:20:5:526,3.90,-2.16,-6.35
19:20:5:543,3.39,-1.83,-5.68
19:20:5:560,2.95,-1.26,-5.14
19:20:5:578,3.31,-1.74,-3.96
19:20:5:660,3.98,-0.85,-3.17
19:20:5:694,4.26,-0.51,-2.90
19:20:5:694,4.11,-1.00,-2.58
19:20:5:711,4.89,-1.16,-2.70
19:20:5:711,5.44,-1.48,-3.00
19:20:5:825,5.78,-2.05,-3.07
19:20:5:825,6.41,-1.25,-3.71
19:20:5:841,6.80,-0.85,-4.19
19:20:5:889,7.51,-0.52,-4.29
19:20:5:906,7.77,0.15,-3.65
19:20:5:906,8.00,0.45,-2.82
19:20:5:940,8.00,0.77,-2.27
19:20:5:940,8.00,0.06,-1.65
19:20:5:977,7.81,-0.90,-1.57
19:20:6:44,7.03,-1.03,-1.86
19:20:6:61,6.40,-1.97,-1.62
19:20:6:76,5.86,-2.11,-1.62
19:20:6:76,5.20,-2.08,-1.30
19:20:6:109,5.10,-1.88,-0.96
19:20:6:109,5.03,-1.54,-0.56
19:20:6:125,5.04,-0.63,0.01
19:20:6:194,4.88,0.35,0.53
19:20:6:194,4.53,1.42,1.05
19:20:6:245,3.47,1.05,1.58
19:20:6:294,3.25,0.28,2.40
19:20:6:363,3.37,-0.11,2.61
19:20:6:363,3.63,-0.50,2.13
19:20:6:363,4.17,-0.92,1.08
19:20:6:363,4.78,-1.16,-0.06
19:20:6:380,5.05,-1.61,-1.03
19:20:6:414,5.20,-1.62,-1.59
19:20:6:431,5.30,-1.49,-1.80
19:20:6:482,5.72,-1.71,-1.66
19:20:6:500,6.39,-2.18,-1.51
19:20:6:550,7.11,-2.25,-1.45
19:20:6:567,8.00,-1.71,-1.97
19:20:6:599,8.00,-0.89,-3.30
19:20:6:599,8.00,0.35,-5.07
19:20:6:616,7.38,1.13,-6.61
19:20:6:632,5.54,1.26,-7.41
19:20:6:632,4.58,1.38,-7.66
19:20:6:632,3.96,-0.66,-6.34
19:20:6:738,4.46,-2.75,-4.14
19:20:6:770,4.82,-2.83,-3.12
19:20:6:803,5.56,-0.12,-3.64
19:20:6:820,5.07,2.17,-4.64
19:20:6:870,4.76,2.20,-4.31
19:20:6:919,4.77,0.66,-3.00
19:20:6:919,4.32,-0.91,-2.21
19:20:6:934,4.75,-2.28,-2.94
19:20:6:950,4.93,-2.42,-4.23
19:20:6:986,5.34,-2.12,-4.97
19:20:7:70,5.94,-1.74,-5.37
19:20:7:88,7.10,-0.69,-4.89
19:20:7:104,7.83,0.50,-3.39
19:20:7:104,7.95,0.90,-2.74
19:20:7:104,7.55,0.65,-2.28
19:20:7:122,6.37,0.26,-1.75
19:20:7:122,5.36,-1.10,-1.11
19:20:7:139,4.70,-1.14,-1.49
19:20:7:174,3.87,-1.72,-1.47
19:20:7:183,3.95,-1.96,-1.75
19:20:7:183,3.74,-1.67,-1.88
19:20:7:192,3.53,-1.55,-1.43
19:20:7:198,3.72,-1.69,-0.61
19:20:7:198,3.93,-0.94,0.09
19:20:7:237,4.18,0.25,0.63
19:20:7:262,4.40,0.55,0.94
19:20:7:276,4.35,-0.14,1.35
19:20:7:309,4.72,-0.63,1.43
19:20:7:309,4.77,-0.49,1.24
19:20:7:309,4.76,-0.43,0.75
19:20:7:329,5.07,-1.76,0.08
19:20:7:363,4.77,-0.80,-0.12
19:20:7:365,5.11,-2.79,-0.85
19:20:7:383,4.39,-1.86,-0.66
19:20:7:383,4.49,-1.65,-0.90
19:20:7:455,4.71,-1.55,-1.08
19:20:7:471,4.96,-1.60,-1.32
19:20:7:472,5.33,-1.67,-1.63
19:20:7:489,5.33,-1.45,-1.91
19:20:7:508,5.46,-1.11,-2.37
19:20:7:525,5.27,-1.06,-3.11
19:20:7:543,4.92,-1.08,-3.67
19:20:7:562,4.71,-1.13,-3.84
19:20:7:597,4.83,-0.56,-4.27
19:20:7:615,5.13,-0.25,-4.79
19:20:7:650,5.21,-0.06,-5.32
19:20:7:720,4.60,-0.80,-5.10
19:20:7:720,4.24,-1.36,-3.99
19:20:7:739,4.62,-0.29,-3.13
19:20:7:810,4.01,0.13,-3.03
19:20:7:827,3.82,-0.44,-2.64
19:20:7:845,4.13,-0.33,-2.36
19:20:7:878,4.30,-0.61,-2.63
19:20:7:880,4.54,-1.12,-3.17
19:20:7:880,4.71,-1.59,-3.63
19:20:7:916,4.92,-1.45,-3.67
19:20:7:916,4.92,-1.17,-3.60
19:20:7:985,5.37,-0.88,-3.66
19:20:8:22,5.89,-0.14,-3.48
19:20:8:39,6.79,0.16,-3.13
19:20:8:39,7.22,0.58,-2.55
19:20:8:57,7.31,0.38,-1.95
19:20:8:58,6.79,-0.20,-1.55
19:20:8:127,5.89,-0.68,-1.36
19:20:8:162,5.47,-1.51,-1.30
19:20:8:198,5.08,-1.95,-1.32
19:20:8:199,5.06,-2.48,-1.23
19:20:8:216,4.94,-2.66,-1.22
19:20:8:216,4.76,-2.19,-0.68
19:20:8:233,5.00,-1.09,-0.07
19:20:8:250,5.06,0.06,0.75
19:20:8:250,4.83,0.62,1.23
19:20:8:350,3.81,0.30,1.54
19:20:8:370,4.33,0.49,1.76
19:20:8:378,3.92,0.37,1.44
19:20:8:432,4.14,0.06,0.71
19:20:8:470,4.29,-0.45,-0.17
19:20:8:566,4.36,-1.43,-0.88
19:20:8:573,4.08,-1.67,-1.40
19:20:8:589,4.11,-2.16,-1.85
19:20:8:634,3.97,-2.52,-1.86
19:20:8:640,3.89,-2.49,-1.56
19:20:8:647,4.16,-2.10,-1.17
19:20:8:706,4.95,-1.46,-1.18
19:20:8:729,5.24,-0.64,-1.83
19:20:8:733,5.51,0.20,-3.00
19:20:8:740,4.90,1.05,-4.51
19:20:8:761,4.37,0.76,-5.33
19:20:8:771,3.99,-0.54,-5.55
19:20:8:777,4.06,-1.57,-4.95
19:20:8:783,4.95,-2.61,-4.20
19:20:8:789,5.60,-3.53,-4.17
19:20:8:796,6.04,-3.47,-4.81
19:20:8:826,5.27,-0.96,-5.28
19:20:8:881,5.00,0.23,-5.12
19:20:8:901,3.44,-1.76,-3.25
19:20:8:917,3.92,-0.76,-2.57
19:20:8:930,4.63,-1.00,-3.10
19:20:8:950,5.69,-1.12,-3.23
19:20:8:955,5.73,-1.53,-2.80
19:20:9:1,5.74,-1.28,-2.00
19:20:9:13,5.28,-0.32,-1.38
19:20:9:38,4.83,0.04,-0.92
19:20:9:114,4.74,0.01,-0.86
19:20:9:128,4.63,-0.18,-1.00
19:20:9:134,4.46,-0.55,-0.96
19:20:9:141,4.45,-1.01,-0.81
19:20:9:166,4.68,-1.31,-0.75
19:20:9:177,4.78,-1.32,-0.74
19:20:9:183,4.84,-1.22,-0.83
19:20:9:240,4.71,-0.87,-0.93
19:20:9:253,4.42,-0.40,-0.89
19:20:9:259,4.35,0.24,-0.96
19:20:9:266,3.83,0.64,-0.72
19:20:9:284,3.53,0.66,-0.26
19:20:9:291,3.33,0.04,-0.07
19:20:9:308,2.62,-0.71,0.00
19:20:9:335,2.84,-1.22,-0.02
19:20:9:355,2.99,-1.99,-0.07
19:20:9:417,3.33,-2.77,-0.07
19:20:9:418,3.61,-3.12,-0.21
19:20:9:445,3.71,-3.25,-0.49
19:20:9:470,3.54,-3.14,-0.81
19:20:9:497,3.27,-2.78,-1.03
19:20:9:509,3.24,-2.08,-1.21
19:20:9:528,3.28,-1.34,-1.13
19:20:9:534,3.75,-0.67,-1.01
19:20:9:625,4.24,-0.12,-0.75
19:20:9:668,4.61,0.31,-0.38
19:20:9:674,4.61,0.50,0.04
19:20:9:680,4.48,0.42,0.47
19:20:9:693,4.39,0.02,0.64
19:20:9:714,4.25,-0.26,0.83
19:20:9:727,4.18,-0.88,0.69
19:20:9:783,4.77,-2.39,0.64
19:20:9:798,4.41,-0.32,0.86
19:20:9:823,3.89,0.15,0.31
19:20:9:829,4.33,0.27,0.21
19:20:9:848,4.87,0.28,0.27
19:20:9:875,4.75,0.36,0.37
19:20:9:895,4.45,-0.06,0.31
19:20:9:932,3.93,-0.29,0.12
19:20:9:982,3.57,-0.61,-0.15
19:20:9:988,3.55,-0.81,-0.45
19:20:10:22,3.65,-0.99,-0.63
19:20:10:60,3.87,-1.29,-0.64
19:20:10:114,4.06,-1.55,-0.67
19:20:10:200,4.11,-1.70,-0.64
19:20:10:203,4.07,-1.61,-0.74
19:20:10:244,3.88,-1.48,-0.71
19:20:10:313,3.71,-1.37,-0.54
19:20:10:354,3.66,-1.13,-0.44
19:20:10:387,3.81,-0.98,-0.43
19:20:10:387,3.88,-0.80,-0.45
19:20:10:387,3.96,-0.78,-0.31
19:20:10:406,4.40,-0.71,-0.13
19:20:10:438,4.78,-0.58,-0.17
19:20:10:511,4.54,-0.56,-0.12
19:20:10:511,4.02,-0.73,0.01
19:20:10:546,3.56,-0.84,0.10
19:20:10:546,3.41,-0.88,0.21
19:20:10:563,3.61,-1.03,0.28
19:20:10:582,3.74,-1.25,0.34
19:20:10:582,3.95,-1.37,0.26
19:20:10:582,4.13,-1.29,0.05
19:20:10:582,4.45,-1.37,-0.22
19:20:10:600,5.20,-1.23,0.49
19:20:10:616,4.30,0.02,1.37
19:20:10:633,3.92,-0.12,1.89
19:20:10:686,3.63,-0.82,1.66
19:20:10:703,3.69,-0.73,1.24
19:20:10:703,3.74,-0.68,0.94
19:20:10:721,3.71,-0.77,0.60
19:20:10:754,3.55,-0.61,0.31
19:20:10:754,3.43,-0.55,0.12
19:20:10:754,3.37,-0.63,-0.05
19:20:10:770,3.37,-0.79,-0.11
19:20:10:789,3.56,-0.95,-0.01
19:20:10:789,4.00,-0.98,0.09
19:20:10:804,4.50,-1.31,0.26
19:20:10:856,4.64,-1.47,0.22
19:20:10:873,4.29,-1.46,0.11
19:20:10:873,3.92,-1.17,0.15
19:20:10:873,3.71,-0.82,0.22
19:20:10:889,3.71,-0.52,0.20
19:20:10:922,3.85,-0.50,0.14
19:20:10:957,3.99,-0.71,0.08
19:20:10:973,4.08,-0.86,0.04
19:20:11:42,4.01,-1.02,0.00
19:20:11:60,3.93,-1.16,0.01
19:20:11:76,3.88,-1.24,0.05
19:20:11:94,3.87,-1.30,0.09
19:20:11:110,3.96,-1.30,0.12
19:20:11:127,4.03,-1.22,0.09
19:20:11:144,4.04,-1.05,0.09
19:20:11:162,3.96,-0.88,0.13
19:20:11:162,3.92,-0.81,0.21
19:20:11:232,3.92,-0.87,0.23
19:20:11:250,3.97,-0.93,0.26
19:20:11:250,3.96,-1.04,0.28
19:20:11:267,3.94,-1.07,0.29
19:20:11:283,3.86,-1.04,0.34
19:20:11:301,3.84,-1.00,0.36
19:20:11:301,3.90,-1.00,0.36
19:20:11:319,3.95,-1.10,0.31
19:20:11:372,3.97,-1.20,0.30
19:20:11:407,3.90,-1.21,0.32
19:20:11:422,3.80,-1.18,0.29
19:20:11:438,3.75,-1.09,0.25
19:20:11:456,3.80,-1.07,0.24
19:20:11:472,3.85,-1.07,0.21
19:20:11:489,3.93,-1.08,0.21
19:20:11:490,3.90,-1.09,0.20
19:20:11:559,3.86,-1.10,0.21
19:20:11:612,3.83,-1.08,0.25
19:20:11:628,3.82,-1.08,0.26
19:20:11:646,3.83,-1.09,0.26
19:20:11:664,3.89,-1.07,0.22
19:20:11:664,3.98,-1.09,0.23
19:20:11:684,3.99,-1.07,0.23
19:20:11:684,3.98,-1.02,0.25
19:20:11:699,3.94,-0.94,0.27
19:20:11:769,3.90,-0.88,0.28
19:20:11:786,3.87,-0.83,0.23
19:20:11:786,3.90,-0.87,0.25
19:20:11:804,3.93,-0.87,0.22
19:20:11:837,3.94,-0.88,0.21
19:20:11:857,3.89,-0.88,0.20
19:20:11:888,3.88,-0.89,0.26
19:20:11:909,3.89,-0.88,0.24
19:20:11:941,3.91,-0.91,0.21
19:20:11:959,3.88,-0.98,0.23
19:20:11:959,3.90,-1.03,0.20
19:20:11:991,3.90,-1.04,0.20
19:20:12:25,3.91,-1.07,0.19
19:20:12:42,3.93,-1.04,0.16
19:20:12:60,3.96,-1.03,0.14
19:20:12:145,3.96,-1.09,0.19
19:20:12:163,3.92,-1.13,0.22
19:20:12:180,3.89,-1.13,0.23
19:20:12:198,3.92,-1.11,0.21
19:20:12:230,3.94,-1.10,0.22
19:20:12:247,3.95,-1.02,0.22
19:20:12:265,3.98,-0.94,0.18
19:20:12:301,3.99,-0.92,0.19
19:20:12:301,3.99,-0.91,0.21
19:20:12:319,3.95,-0.98,0.20
19:20:12:336,3.91,-0.99,0.17
19:20:12:371,3.91,-0.98,0.17
19:20:12:371,3.89,-0.95,0.16
19:20:12:407,3.89,-0.94,0.12
19:20:12:457,3.90,-0.95,0.12
19:20:12:492,3.91,-0.96,0.15
19:20:12:492,3.92,-0.97,0.14
19:20:12:510,3.92,-0.97,0.15
19:20:12:528,3.90,-0.95,0.18
19:20:12:544,3.88,-0.93,0.16
19:20:12:561,3.92,-0.92,0.19
19:20:12:595,3.96,-0.93,0.16
19:20:12:648,3.93,-0.94,0.16
19:20:12:683,3.92,-0.97,0.18
19:20:12:701,3.87,-1.00,0.17
19:20:12:720,3.86,-1.00,0.20
19:20:12:720,3.85,-1.01,0.21
19:20:12:737,3.86,-1.03,0.21
19:20:12:772,3.92,-1.01,0.23
19:20:12:808,3.92,-1.04,0.21
19:20:12:843,3.94,-1.03,0.19
19:20:12:843,3.96,-1.04,0.19
19:20:12:861,3.94,-1.05,0.17
19:20:12:878,3.91,-1.04,0.16
19:20:12:896,3.90,-1.01,0.16
19:20:12:931,3.89,-0.99,0.15
19:20:12:968,3.90,-1.00,0.18
19:20:13:35,3.88,-0.99,0.21
19:20:13:35,3.89,-0.98,0.20
19:20:13:53,3.92,-0.98,0.22
19:20:13:72,3.95,-0.99,0.23
19:20:13:72,3.94,-0.96,0.25
19:20:13:106,3.93,-0.95,0.24
19:20:13:124,3.91,-0.97,0.21
19:20:13:173,3.93,-0.96,0.17
19:20:13:191,3.88,-0.97,0.17
19:20:13:209,3.85,-0.97,0.17
19:20:13:226,3.86,-0.98,0.14
19:20:13:242,3.92,-0.96,0.12
19:20:13:310,3.92,-1.01,0.16
19:20:13:399,3.90,-1.02,0.16
19:20:13:416,3.91,-1.01,0.17
19:20:13:416,4.03,-0.96,0.12
19:20:13:432,3.99,-0.89,0.19
19:20:13:449,3.94,-0.81,0.27
19:20:13:466,4.06,-0.72,0.32
19:20:13:482,3.92,-0.68,0.23
19:20:13:516,3.92,-0.56,0.27
19:20:13:533,3.85,-0.25,0.30
19:20:13:568,4.21,0.16,0.39
19:20:13:605,3.99,-0.41,0.24
19:20:13:658,4.14,-0.84,0.16
19:20:13:658,4.21,-0.56,0.02
19:20:13:748,4.15,-0.17,0.06
19:20:13:820,4.06,-0.11,0.18
19:20:13:837,3.98,-0.11,0.17
19:20:13:837,4.00,-0.08,-0.15
19:20:13:873,3.92,-0.40,-0.25
19:20:13:927,4.02,-0.64,-0.15
19:20:13:927,4.09,-0.36,-0.22
19:20:13:979,4.18,-0.17,-0.37
19:20:13:995,3.98,-0.19,-0.39
19:20:14:11,4.01,-0.05,-0.23
19:20:14:48,4.17,-0.01,-0.22
19:20:14:115,4.09,-0.04,-0.32
19:20:14:135,4.15,-0.29,-0.35
19:20:14:152,4.21,-0.53,-0.27
19:20:14:206,4.29,-0.58,-0.14
19:20:14:240,4.21,-0.65,-0.01
19:20:14:257,4.36,-0.85,0.34
19:20:14:277,4.54,-0.95,0.62
19:20:14:312,4.73,-1.00,0.73
19:20:14:329,4.90,-1.05,0.81
19:20:14:329,5.05,-0.95,1.00
19:20:14:364,5.18,-0.75,1.06
19:20:14:373,5.45,-0.65,1.08
19:20:14:393,5.72,-0.48,0.97
19:20:14:393,5.74,-0.39,0.63
19:20:14:411,5.79,-0.33,0.05
19:20:14:462,5.42,-0.50,-0.29
19:20:14:462,5.44,-0.85,-0.69
19:20:14:480,4.89,-0.86,-0.67
19:20:14:498,4.64,-1.16,-0.56
19:20:14:498,3.87,-1.93,-0.28
19:20:14:514,4.68,-2.70,-0.42
19:20:14:546,4.83,-2.57,-0.98
19:20:14:546,4.78,-2.62,-1.38
19:20:14:546,4.95,-2.54,-1.32
19:20:14:644,5.08,-2.16,-1.28
19:20:14:644,5.02,-1.65,-1.25
19:20:14:661,5.01,-1.31,-0.99
19:20:14:662,4.84,-0.76,-0.68
19:20:14:733,4.74,0.28,-0.74
19:20:14:733,4.22,0.46,-0.99
19:20:14:753,3.82,0.08,-0.89
19:20:14:788,4.14,-0.35,-0.73
19:20:14:822,4.22,-0.06,-0.62
19:20:14:857,4.06,0.48,-0.50
19:20:14:875,3.97,0.42,-0.23
19:20:14:892,3.80,0.18,0.18
19:20:14:892,3.78,-0.07,0.47
19:20:14:910,4.26,-0.33,0.51
19:20:14:910,4.38,-0.56,0.29
19:20:14:944,4.41,-0.61,-0.01
19:20:15:12,5.24,-0.41,-0.38
19:20:15:30,6.09,-0.37,-0.51
19:20:15:46,6.61,-0.45,-0.59
19:20:15:48,6.91,-0.74,-0.25
19:20:15:48,6.90,-1.43,-0.20
19:20:15:82,6.33,-1.81,-0.27
19:20:15:100,5.60,-1.71,-0.15
19:20:15:118,5.52,-1.41,-0.26
19:20:15:118,5.10,-1.30,-0.16
19:20:15:152,5.25,-1.29,-0.13
19:20:15:185,5.22,-1.30,-0.20
19:20:15:204,5.09,-1.42,-0.08
19:20:15:239,4.74,-1.65,0.11
19:20:15:327,4.44,-1.89,0.41
19:20:15:412,4.25,-2.02,0.86
19:20:15:430,3.80,-2.25,1.19
19:20:15:446,3.89,-2.69,1.44
19:20:15:467,4.41,-2.97,1.48
19:20:15:467,5.04,-2.69,1.21
19:20:15:587,5.83,-2.24,0.85
19:20:15:620,7.07,-1.93,0.57
19:20:15:638,6.79,-0.97,0.05
19:20:15:655,6.55,-0.62,-0.88
19:20:15:690,7.18,-0.47,-1.44
19:20:15:726,7.39,-0.41,-1.47
19:20:15:743,7.49,-0.48,-1.33
19:20:15:761,6.33,-0.88,-1.01
19:20:15:778,6.34,-1.42,-0.58
19:20:15:778,5.89,-1.38,-1.03
19:20:15:796,5.20,-1.52,-1.82
19:20:15:796,4.98,-2.64,-1.88
19:20:15:815,5.11,-2.69,-1.52
19:20:15:815,5.21,-2.10,-1.52
19:20:15:815,5.10,-1.71,-1.44
19:20:15:815,5.10,-1.50,-1.23
19:20:15:831,4.99,-1.21,-1.13
19:20:15:901,5.00,-0.88,-1.03
19:20:15:902,4.82,-0.65,-0.79
19:20:15:918,4.60,-0.69,-0.43
19:20:15:918,4.26,-0.74,-0.09
19:20:15:954,3.78,-0.71,0.15
19:20:15:971,3.79,-0.76,0.50
19:20:16:23,3.86,-1.05,0.98
19:20:16:89,3.38,-1.41,1.84
19:20:16:106,3.60,-0.94,2.25
19:20:16:123,3.75,-0.13,2.22
19:20:16:157,3.88,0.82,2.10
19:20:16:157,4.35,1.24,1.48
19:20:16:193,5.30,0.77,0.85
19:20:16:193,5.53,-0.02,0.34
19:20:16:262,5.68,-0.92,0.08
19:20:16:279,5.75,-2.00,-0.23
19:20:16:279,6.15,-3.10,-0.39
19:20:16:296,6.46,-3.53,-0.37
19:20:16:313,6.16,-3.37,-0.20
19:20:16:329,5.86,-2.78,0.11
19:20:16:329,6.66,-2.45,-0.12
19:20:16:363,7.65,-2.22,-0.93
19:20:16:397,8.00,-1.34,-2.38
19:20:16:433,8.00,-0.39,-4.31
19:20:16:468,6.98,0.53,-6.86
19:20:16:468,4.99,0.67,-8.00
19:20:16:485,3.02,-1.08,-8.00
19:20:16:554,3.25,-2.08,-6.57
19:20:16:589,3.80,-1.24,-4.43
19:20:16:622,3.52,-2.15,-3.14
19:20:16:656,3.64,0.02,-2.58
19:20:16:690,4.29,0.30,-2.71
19:20:16:690,4.63,0.12,-3.01
19:20:16:708,5.34,0.30,-3.38
19:20:16:708,6.23,-0.17,-3.41
19:20:16:741,6.94,-0.90,-3.32
19:20:16:774,7.24,-0.81,-3.39
19:20:16:828,7.84,-0.67,-3.54
19:20:16:866,8.00,-0.37,-3.58
19:20:16:883,8.00,0.12,-3.63
19:20:16:883,8.00,-0.16,-3.31
19:20:16:900,8.00,-0.36,-2.62
19:20:16:918,8.00,-1.23,-2.12
19:20:16:918,7.88,-1.12,-2.29
19:20:16:971,6.87,-1.21,-1.72
19:20:17:58,6.37,-2.11,-0.92
19:20:17:92,6.06,-2.23,-0.61
19:20:17:92,5.94,-0.92,-0.25
19:20:17:109,5.67,-0.36,0.14
19:20:17:196,5.02,-0.02,0.61
19:20:17:230,5.05,1.32,1.38
19:20:17:248,3.09,2.17,1.89
19:20:17:266,2.85,1.86,2.02
19:20:17:333,2.89,1.39,1.79
19:20:17:350,3.16,0.20,1.15
19:20:17:350,3.83,-1.39,0.20
19:20:17:369,4.55,-2.32,-0.94
19:20:17:369,5.29,-3.49,-1.63
19:20:17:386,4.57,-2.99,-1.35
19:20:17:405,4.33,-2.67,-0.64
19:20:17:421,5.09,-2.64,-0.15
19:20:17:454,5.84,-3.24,-0.59
19:20:17:543,6.48,-3.03,-1.30
19:20:17:596,6.72,-2.05,-2.08
19:20:17:596,6.06,-1.42,-2.63
19:20:17:596,5.58,-1.35,-2.93
19:20:17:612,5.28,-1.32,-3.28
19:20:17:630,5.10,-1.09,-3.95
19:20:17:630,4.92,-0.95,-4.57
19:20:17:630,4.74,0.02,-5.02
19:20:17:733,4.17,0.51,-5.13
19:20:17:752,3.58,0.58,-4.84
19:20:17:768,3.98,0.78,-4.67
19:20:17:803,4.38,0.92,-4.36
19:20:17:907,3.71,-1.23,-3.60
19:20:17:907,4.04,-0.68,-2.34
19:20:17:925,3.90,-0.15,-2.04
19:20:17:925,3.74,-0.84,-2.25
19:20:17:925,3.74,-0.80,-2.86
19:20:17:943,3.88,-0.19,-3.41
19:20:17:943,4.25,-0.63,-3.75
19:20:17:977,4.77,-0.87,-3.88
19:20:17:978,5.20,-0.21,-3.88
19:20:18:30,5.80,-0.03,-3.51
19:20:18:63,6.51,-0.15,-3.05
19:20:18:63,7.16,-0.34,-2.61
19:20:18:63,7.50,-0.56,-2.29
19:20:18:133,7.71,-0.46,-2.37
19:20:18:133,7.70,-0.90,-2.26
19:20:18:180,7.43,-1.13,-2.10
19:20:18:268,6.82,-1.60,-1.65
19:20:18:268,6.13,-2.33,-1.01
19:20:18:268,5.76,-2.12,-0.62
19:20:18:304,5.70,-1.11,-0.10
19:20:18:341,6.23,-0.05,0.14
19:20:18:445,6.05,1.25,0.54
19:20:18:495,4.51,1.22,1.32
19:20:18:513,4.38,0.88,1.77
19:20:18:513,4.12,0.54,1.86
19:20:18:530,4.10,0.17,1.20
19:20:18:599,4.54,-0.45,0.50
19:20:18:615,4.15,-0.77,-0.21
19:20:18:615,4.10,-0.33,-0.76
19:20:18:634,3.08,-5.94,-2.99
19:20:18:651,5.17,0.56,0.11
19:20:18:672,4.37,-2.47,-0.92
19:20:18:672,4.41,-2.40,-0.91
19:20:18:672,4.86,-2.13,-0.84
19:20:18:672,5.09,-1.76,-0.88
19:20:18:672,5.64,-1.36,-1.22
19:20:18:705,5.72,-0.88,-1.66
19:20:18:706,5.62,-0.56,-2.29
19:20:18:791,4.98,-0.31,-2.86
19:20:18:791,4.44,-0.55,-3.26
19:20:18:791,4.35,-0.93,-3.48
19:20:18:791,4.72,-0.68,-3.87
19:20:18:807,4.78,-0.25,-4.51
19:20:18:807,4.89,0.09,-4.65
19:20:18:825,5.49,0.73,-4.54
19:20:18:843,5.70,-0.40,-4.40
19:20:18:859,5.32,-1.08,-4.15
19:20:18:876,4.82,-0.73,-3.32
19:20:18:892,3.86,-0.60,-2.30
19:20:18:963,3.06,-0.62,-1.98
19:20:18:997,2.88,-0.57,-2.14
19:20:18:997,3.32,-0.98,-2.53
19:20:19:50,3.67,-1.22,-3.06
19:20:19:116,3.45,-2.06,-3.13
19:20:19:219,4.33,-1.98,-3.35
19:20:19:253,4.59,-1.34,-3.50
19:20:19:253,5.30,-1.54,-3.32
19:20:19:269,5.62,-2.11,-2.51
19:20:19:337,6.38,-1.44,-1.87
19:20:19:355,6.54,-0.70,-1.70
19:20:19:376,6.62,-0.18,-1.25
19:20:19:393,7.12,-0.77,-1.09
19:20:19:393,6.38,-0.04,-0.47
19:20:19:411,5.09,-0.60,-0.05
19:20:19:428,4.31,-1.20,0.38
19:20:19:462,3.83,-1.92,0.48
19:20:19:462,3.94,-1.05,0.65
19:20:19:497,3.84,-1.36,0.50
19:20:19:514,3.60,-1.74,0.81
19:20:19:514,3.37,-1.68,1.34
19:20:19:514,3.78,-1.72,1.05
19:20:19:514,3.83,-1.67,0.32
19:20:19:531,3.75,-1.97,0.05
19:20:19:531,3.47,-2.50,0.08
19:20:19:531,3.45,-2.74,-0.06
19:20:19:549,3.46,-2.40,-0.05
19:20:19:566,3.23,-1.93,-0.15
19:20:19:566,3.16,-1.58,-0.37
19:20:19:584,3.07,-1.67,-0.63
19:20:19:584,3.07,-1.82,-0.89
19:20:19:619,3.05,-2.09,-1.05
19:20:19:650,3.13,-2.41,-1.21
19:20:19:684,3.00,-2.32,-1.23
19:20:19:703,2.98,-2.18,-1.25
19:20:19:807,2.81,-2.09,-1.14
19:20:19:807,2.88,-2.10,-0.88
19:20:19:877,3.01,-1.91,-0.67
19:20:19:893,3.25,-1.69,-0.77
19:20:19:911,3.55,-1.43,-0.96
19:20:19:929,4.38,-1.36,-1.18
19:20:19:945,5.00,-1.64,-1.15
19:20:19:980,5.04,-2.00,-1.48
19:20:20:67,4.49,-3.52,-1.91
19:20:20:102,4.24,-2.74,-1.38
19:20:20:156,4.46,-2.54,-1.07
19:20:20:226,4.71,-1.92,-1.13
19:20:20:226,4.98,-1.56,-1.08
19:20:20:226,4.97,-1.63,-0.79
19:20:20:244,4.43,-1.29,-0.52
19:20:20:315,4.10,-0.86,-0.37
19:20:20:317,3.69,-0.47,-0.31
19:20:20:317,3.63,-0.58,-0.40
19:20:20:404,3.79,-0.93,-0.50
19:20:20:489,3.95,-1.24,-0.64
19:20:20:560,4.10,-1.43,-0.81
19:20:20:629,4.08,-1.56,-0.85
19:20:20:629,3.99,-1.59,-0.79
19:20:20:646,3.90,-1.55,-0.66
19:20:20:646,3.86,-1.42,-0.43
19:20:20:646,3.82,-1.43,-0.21
19:20:20:664,3.77,-1.35,-0.11
19:20:20:664,3.76,-1.34,-0.01
19:20:20:716,3.93,-1.42,0.09
19:20:20:716,4.32,-1.55,0.11
19:20:20:836,4.64,-1.72,0.11
19:20:20:836,4.52,-1.82,0.14
19:20:20:836,4.18,-1.75,0.27
19:20:20:852,4.12,-1.57,0.45
19:20:20:852,4.25,-1.25,0.64
19:20:20:973,4.45,-0.74,0.64
19:20:21:174,5.04,0.56,1.32
19:20:21:223,4.83,3.53,2.21
19:20:21:223,3.98,2.81,1.41
19:20:21:223,4.07,-0.11,0.51
19:20:21:223,4.03,-0.38,0.37
19:20:21:240,4.19,-0.47,0.26
19:20:21:240,4.05,-0.07,0.32
19:20:21:240,3.84,-0.13,0.05
19:20:21:323,3.62,-0.52,-0.26
19:20:21:323,3.54,-1.42,-0.45
19:20:21:323,3.65,-1.68,-0.38
19:20:21:323,3.82,-1.23,-0.17
19:20:21:343,3.96,-0.65,0.08
19:20:21:359,4.02,0.35,0.40
19:20:21:375,3.92,1.01,0.59
19:20:21:391,3.95,1.12,0.54
19:20:21:409,4.14,0.98,0.49
19:20:21:426,4.22,0.59,0.45
19:20:21:426,4.14,0.02,0.32
19:20:21:426,3.89,-0.37,0.20
19:20:21:426,3.77,-0.59,0.09
19:20:21:444,3.79,-0.62,-0.03
19:20:21:480,3.94,-0.52,-0.05
19:20:21:496,4.05,-0.49,0.03
19:20:21:514,4.21,-0.31,0.12
19:20:21:514,4.23,-0.19,0.14
19:20:21:514,4.12,-0.23,0.21
19:20:21:546,3.95,-0.38,0.30
19:20:21:546,3.88,-0.58,0.27
19:20:21:546,3.87,-0.63,0.25
19:20:21:546,4.02,-0.68,0.16
19:20:21:546,4.06,-0.75,0.13
19:20:21:546,4.05,-0.70,0.14
19:20:21:546,4.00,-0.56,0.11
19:20:21:550,4.05,-0.59,-0.04
19:20:21:550,4.18,-0.92,-0.17
19:20:21:550,4.17,-1.06,-0.20
19:20:21:550,4.18,-1.19,-0.24
19:20:21:583,4.15,-1.30,-0.20
19:20:21:601,4.06,-1.30,-0.17
19:20:21:601,3.91,-1.17,-0.10
19:20:21:601,3.86,-0.94,-0.12
19:20:21:650,3.89,-0.79,-0.10
19:20:21:683,3.88,-0.83,-0.09
19:20:21:733,3.83,-0.78,-0.09
19:20:21:751,3.85,-0.69,-0.06
19:20:21:751,3.92,-0.74,-0.07
19:20:21:768,4.12,-0.78,-0.08
19:20:21:854,4.29,-0.85,-0.14
19:20:21:867,4.32,-0.85,-0.08
19:20:21:883,4.18,-0.93,-0.03
19:20:21:945,3.93,-0.90,0.04
19:20:21:966,3.65,-0.76,0.13
19:20:21:986,3.61,-0.87,0.18
19:20:22:36,3.68,-0.96,0.25
19:20:22:69,3.73,-1.19,0.26
19:20:22:86,3.86,-1.23,0.23
19:20:22:86,3.89,-1.25,0.20
19:20:22:103,3.77,-1.21,0.24
19:20:22:104,3.81,-1.38,0.26
19:20:22:120,3.72,-1.49,0.39
19:20:22:136,3.82,-1.67,0.49
19:20:22:171,3.89,-1.71,0.42
19:20:22:171,3.93,-1.56,0.35
19:20:22:218,3.84,-1.55,0.23
19:20:22:267,3.84,-1.38,0.13
19:20:22:284,3.92,-1.13,0.10
19:20:22:284,3.93,-0.82,0.03
19:20:22:300,3.98,-0.74,0.00
19:20:22:316,3.96,-0.63,0.03
19:20:22:380,3.91,-0.64,0.04
19:20:22:396,3.84,-0.70,0.08
19:20:22:411,3.85,-0.73,0.09
19:20:22:427,3.85,-0.82,0.03
19:20:22:427,3.82,-0.87,0.01
19:20:22:444,3.78,-0.94,0.01
19:20:22:462,3.76,-1.04,0.02
19:20:22:462,3.78,-1.14,0.04
19:20:22:494,3.76,-1.24,0.12
19:20:22:510,3.84,-1.32,0.19
19:20:22:575,3.89,-1.30,0.29
19:20:22:591,3.98,-0.98,0.53
19:20:22:624,4.07,-0.67,0.82
19:20:22:656,4.14,-0.77,0.94
19:20:22:656,3.96,-1.16,0.68
19:20:22:656,3.91,-1.34,0.37
19:20:22:656,3.89,-1.36,0.16
19:20:22:674,3.88,-1.22,0.05
19:20:22:690,3.91,-1.13,0.01
19:20:22:756,3.88,-0.97,0.02
19:20:22:788,3.87,-0.95,0.05
19:20:22:804,3.85,-0.94,0.07
19:20:22:821,3.84,-1.01,0.09
19:20:22:854,3.83,-1.16,0.13
19:20:22:920,3.84,-1.29,0.16
19:20:22:937,3.88,-1.32,0.20
19:20:22:971,3.87,-1.33,0.25
19:20:23:20,3.93,-1.29,0.32
19:20:23:70,3.88,-1.24,0.41
19:20:23:86,3.93,-1.20,0.41
19:20:23:101,3.99,-1.12,0.34
19:20:23:117,4.04,-1.04,0.31
19:20:23:133,4.02,-0.93,0.27
19:20:23:149,4.01,-0.79,0.33
19:20:23:182,3.99,-0.73,0.31
19:20:23:198,3.90,-0.79,0.27
19:20:23:198,3.91,-0.89,0.25
19:20:23:198,3.87,-0.97,0.19
19:20:23:231,3.92,-1.03,0.15
19:20:23:295,3.85,-1.01,0.16
19:20:23:295,3.86,-1.01,0.12
19:20:23:312,3.87,-0.96,0.14
19:20:23:328,3.83,-0.94,0.17
19:20:23:328,3.80,-0.95,0.21
19:20:23:328,3.84,-0.97,0.21
19:20:23:344,3.88,-0.94,0.24
19:20:23:376,3.87,-0.91,0.25
19:20:23:476,3.91,-0.89,0.27
19:20:23:493,3.93,-0.87,0.25
19:20:23:508,3.89,-0.88,0.28
19:20:23:508,3.90,-0.86,0.26
19:20:23:524,3.90,-0.84,0.25
19:20:23:587,3.92,-0.82,0.22
19:20:23:620,4.03,-0.84,0.23
19:20:23:636,3.91,-0.82,0.14
19:20:23:685,3.87,-0.89,0.10
19:20:23:701,3.92,-0.98,0.10
19:20:23:717,4.05,-0.89,0.14
19:20:23:717,3.98,-0.79,0.07
19:20:23:765,4.00,-0.75,0.10
19:20:23:765,4.12,-0.73,0.14
19:20:23:765,4.08,-0.52,-0.01
19:20:23:865,3.82,-0.46,-0.04
19:20:23:881,3.91,-0.61,0.10
19:20:23:899,4.23,-0.52,0.18
19:20:23:915,4.37,-0.35,-0.02
19:20:23:952,4.31,-0.31,-0.12
19:20:23:968,4.20,-0.22,-0.10
19:20:24:1,4.19,-0.13,-0.01
19:20:24:34,4.19,-0.15,0.02
19:20:24:66,4.11,-0.34,-0.01
19:20:24:113,4.03,-0.43,-0.00
19:20:24:128,3.96,-0.50,-0.03
19:20:24:231,3.92,-0.60,0.01
19:20:24:247,3.99,-0.74,0.09
19:20:24:265,4.05,-0.77,0.15
19:20:24:265,4.05,-0.77,0.18
19:20:24:281,3.99,-0.76,0.23
19:20:24:281,3.94,-0.73,0.27
19:20:24:297,3.96,-0.72,0.32
19:20:24:364,3.99,-0.77,0.40
19:20:24:364,4.09,-0.93,0.51
19:20:24:381,4.11,-1.05,0.73
19:20:24:397,4.00,-1.17,0.96
19:20:24:428,4.42,-1.35,1.12
19:20:24:444,4.51,-1.57,1.18
19:20:24:444,5.14,-1.74,1.12
19:20:24:475,5.39,-1.55,1.02
19:20:24:556,5.56,-1.28,0.76
19:20:24:556,5.88,-1.05,0.55
19:20:24:572,6.00,-0.99,0.36
19:20:24:572,5.83,-0.98,0.18
19:20:24:572,5.70,-1.27,-0.16
19:20:24:572,5.01,-0.90,-0.90
19:20:24:590,5.04,-1.00,-1.08
19:20:24:605,4.97,-1.68,-0.84
19:20:24:621,4.65,-2.38,-0.79
19:20:24:653,5.06,-2.29,-1.12
19:20:24:653,4.89,-1.93,-1.46
19:20:24:687,4.64,-2.14,-1.42
19:20:24:719,4.67,-2.30,-1.50
19:20:24:768,4.69,-2.08,-1.51
19:20:24:784,4.88,-2.02,-1.53
19:20:24:799,4.96,-1.86,-1.49
19:20:24:815,4.98,-1.57,-1.36
19:20:24:815,4.91,-1.43,-1.18
19:20:24:815,4.64,-1.37,-0.90
19:20:24:832,4.40,-1.36,-0.68
19:20:24:863,4.16,-1.31,-0.39
19:20:24:926,3.88,-1.28,-0.00
19:20:24:926,3.64,-1.24,0.30
19:20:24:995,3.49,-1.18,0.67
19:20:24:995,3.17,-1.09,1.35
19:20:25:11,3.39,-0.80,2.28
19:20:25:47,3.94,-0.21,2.68
19:20:25:97,3.46,0.45,2.40
19:20:25:97,4.39,0.65,1.61
19:20:25:114,5.15,0.21,0.90
19:20:25:131,5.38,0.09,0.64
19:20:25:162,6.59,0.12,1.28
19:20:25:179,5.88,-3.05,-0.59
19:20:25:196,6.63,-5.45,-1.04
19:20:25:197,5.92,1.96,0.44
19:20:25:197,6.93,-2.03,-0.58
19:20:25:262,6.56,-2.53,-0.70
19:20:25:296,7.00,-1.30,-0.98
19:20:25:327,6.91,-0.55,-1.47
19:20:25:343,6.50,-0.48,-1.96
19:20:25:359,5.91,-0.66,-2.21
19:20:25:377,5.53,-1.05,-2.53
19:20:25:480,5.64,-1.00,-3.27
19:20:25:480,5.04,-0.42,-4.37
19:20:25:514,4.43,0.55,-5.55
19:20:25:514,3.74,0.89,-6.02
19:20:25:530,3.55,0.11,-5.33
19:20:25:546,3.75,-0.93,-4.54
19:20:25:613,4.51,-0.80,-3.74
19:20:25:613,4.74,-0.81,-3.27
19:20:25:630,3.89,-0.44,-2.67
19:20:25:646,4.27,-0.60,-2.59
19:20:25:662,4.67,-0.75,-2.96
19:20:25:679,5.04,-1.70,-3.16
19:20:25:710,5.55,-1.25,-3.75
19:20:25:727,6.04,-0.97,-4.57
19:20:25:727,7.00,-0.58,-5.20
19:20:25:745,7.59,-0.09,-4.74
19:20:25:777,8.00,0.04,-3.41
19:20:25:810,8.00,0.86,-2.62
19:20:25:847,8.00,0.50,-1.90
19:20:25:865,7.98,-0.34,-1.52
19:20:25:865,6.93,-0.46,-1.38
19:20:25:880,6.25,-0.94,-1.49
19:20:25:896,5.47,-1.29,-1.58
19:20:25:927,4.32,-1.58,-1.19
19:20:25:929,4.09,-1.86,-0.92
19:20:26:15,4.19,-1.58,-0.77
19:20:26:49,4.24,-0.95,-0.46
19:20:26:49,4.00,-0.31,0.23
19:20:26:65,3.84,0.35,1.08
19:20:26:82,3.78,0.86,1.60
19:20:26:116,3.54,0.77,1.72
19:20:26:147,3.49,0.03,1.57
19:20:26:199,3.99,-0.73,1.55
19:20:26:248,4.69,-1.12,1.06
19:20:26:248,5.25,-1.33,0.17
19:20:26:265,5.75,-1.83,-0.87
19:20:26:265,5.88,-2.20,-1.42
19:20:26:265,5.99,-2.16,-1.43
19:20:26:283,5.72,-1.98,-1.09
19:20:26:283,5.98,-2.18,-0.77
19:20:26:364,6.20,-2.15,-0.61
19:20:26:364,6.42,-1.83,-0.88
19:20:26:364,6.69,-1.17,-1.54
19:20:26:397,6.75,-0.94,-2.29
19:20:26:415,6.77,-0.69,-2.99
19:20:26:432,6.47,-0.44,-3.86
19:20:26:432,6.02,0.19,-4.78
19:20:26:466,5.23,0.76,-5.43
19:20:26:533,4.28,1.52,-6.40
19:20:26:533,3.39,1.38,-6.00
19:20:26:564,3.46,-0.72,-5.19
19:20:26:582,4.78,-1.04,-3.73
19:20:26:598,4.73,-0.50,-2.85
19:20:26:613,3.86,0.37,-2.64
19:20:26:647,4.41,1.10,-2.49
19:20:26:711,4.56,0.61,-2.98
19:20:26:711,4.97,0.11,-3.13
19:20:26:758,5.07,-0.95,-3.18
19:20:26:758,5.12,-1.56,-3.60
19:20:26:774,5.10,-1.25,-3.97
19:20:26:805,5.46,-1.04,-4.17
19:20:26:821,6.39,-0.59,-4.46
19:20:26:822,7.20,0.45,-4.08
19:20:26:822,8.00,0.76,-3.40
19:20:26:920,8.00,0.41,-2.74
19:20:26:937,7.69,0.11,-2.10
19:20:26:937,6.78,-0.55,-1.81
19:20:26:937,5.92,-0.90,-1.68
19:20:26:970,5.82,-1.44,-1.97
19:20:26:970,4.85,-1.47,-1.74
19:20:26:985,4.48,-1.68,-1.51
19:20:27:1,4.29,-1.50,-1.31
19:20:27:67,4.55,-0.94,-0.68
19:20:27:83,5.25,0.21,0.21
19:20:27:83,4.49,1.10,1.27
19:20:27:114,4.35,1.01,1.38
19:20:27:145,4.69,1.22,1.41
19:20:27:145,4.88,0.48,1.00
19:20:27:164,5.22,0.02,0.57
19:20:27:214,5.28,-0.26,0.24
19:20:27:230,5.28,-0.87,-0.09
19:20:27:245,5.13,-1.43,-0.29
19:20:27:262,5.06,-1.77,-0.41
19:20:27:278,5.22,-1.82,-0.69
19:20:27:278,5.53,-1.76,-0.97
19:20:27:345,5.64,-1.67,-1.27
19:20:27:361,5.81,-1.47,-1.51
19:20:27:361,5.86,-1.35,-1.83
19:20:27:425,5.62,-1.18,-2.20
19:20:27:443,5.49,-0.98,-2.73
19:20:27:443,5.54,-0.95,-3.45
19:20:27:474,5.63,-0.33,-4.39
19:20:27:474,5.64,1.09,-5.76
19:20:27:490,5.26,1.79,-7.27
19:20:27:506,4.29,1.32,-7.47
19:20:27:521,4.65,0.92,-6.53
19:20:27:539,6.21,-0.60,-5.14
19:20:27:624,4.02,-1.61,-3.39
19:20:27:673,3.80,0.54,-2.35
19:20:27:689,3.71,0.95,-2.14
19:20:27:689,4.06,0.13,-2.71
19:20:27:707,4.33,0.48,-3.52
19:20:27:756,4.72,-0.32,-3.85
19:20:27:805,5.13,-0.98,-3.89
19:20:27:805,5.30,-0.52,-3.88
19:20:27:821,5.78,-0.75,-3.94
19:20:27:852,6.50,-0.57,-3.98
19:20:27:868,7.05,-0.23,-3.81
19:20:27:868,7.65,0.24,-3.53
19:20:27:900,8.00,0.50,-3.29
19:20:27:935,7.25,0.18,-2.67
19:20:27:952,6.50,-0.50,-2.28
19:20:28:1,5.60,-1.20,-1.85
19:20:28:34,5.35,-1.53,-1.63
19:20:28:50,5.25,-1.44,-1.56
19:20:28:50,4.56,-1.03,-1.47
19:20:28:68,4.45,-1.16,-0.98
19:20:28:84,4.69,-1.19,-0.22
19:20:28:84,5.25,0.08,0.61
19:20:28:165,4.78,0.89,1.11
19:20:28:199,4.37,1.04,1.63
19:20:28:215,3.96,1.13,1.86
19:20:28:215,3.99,1.09,1.78
19:20:28:248,4.29,0.78,1.05
19:20:28:332,4.38,-1.39,-0.11
19:20:28:332,4.74,-1.17,-0.63
19:20:28:347,4.69,-1.85,-1.21
19:20:28:363,4.72,-1.87,-1.32
19:20:28:380,4.47,-1.83,-1.44
19:20:28:380,4.52,-1.72,-1.48
19:20:28:412,4.70,-1.55,-1.59
19:20:28:412,5.20,-1.32,-1.87
19:20:28:444,5.83,-1.11,-2.58
19:20:28:462,5.99,-0.72,-3.46
19:20:28:498,5.84,-0.33,-4.20
19:20:28:516,5.29,-0.27,-4.46
19:20:28:516,4.62,-0.43,-4.29
19:20:28:534,4.54,-0.79,-3.83
19:20:28:566,4.85,-0.38,-3.81
19:20:28:566,5.25,-0.22,-4.24
19:20:28:599,5.05,-0.56,-4.55
19:20:28:616,4.59,-0.01,-4.09
19:20:28:616,4.88,0.51,-3.54
19:20:28:647,4.89,0.10,-3.41
19:20:28:732,4.50,-0.05,-2.89
19:20:28:732,4.29,-0.96,-2.72
19:20:28:748,4.66,-1.70,-2.82
19:20:28:782,5.22,-1.71,-3.30
19:20:28:798,5.76,-1.53,-4.11
19:20:28:798,6.17,-1.34,-4.41
19:20:28:798,6.46,-1.24,-4.17
19:20:28:861,6.32,-0.68,-3.41
19:20:28:878,6.55,-0.19,-2.81
19:20:28:894,6.53,0.64,-2.69
19:20:28:910,6.45,0.69,-2.52
19:20:28:910,5.82,0.20,-1.92
19:20:28:925,5.10,-0.35,-1.44
19:20:28:941,4.23,-0.04,-1.44
19:20:28:958,3.73,-1.47,-1.46
19:20:28:992,3.77,-1.96,-1.62
19:20:29:7,3.68,-1.14,-2.33
19:20:29:56,3.02,-0.53,-2.40
19:20:29:56,2.99,-1.01,-1.98
19:20:29:74,2.85,-1.41,-1.68
19:20:29:109,3.04,-1.20,-1.60
19:20:29:160,3.08,-1.25,-1.31
19:20:29:160,2.90,-1.75,-0.67
19:20:29:194,3.01,-2.41,-0.24
19:20:29:244,3.59,-2.41,-0.02
19:20:29:244,3.96,-1.91,0.11
19:20:29:261,4.28,-1.41,0.21
19:20:29:278,4.36,-1.02,0.17
19:20:29:293,4.57,-0.81,0.24
19:20:29:311,4.37,-0.57,0.39
19:20:29:345,4.23,-0.36,0.59
19:20:29:440,4.01,-0.30,0.74
19:20:29:474,3.88,-0.27,0.79
19:20:29:474,3.81,-0.30,0.86
19:20:29:507,3.63,-0.38,0.84
19:20:29:507,3.54,-0.51,0.68
19:20:29:539,3.55,-0.67,0.49
19:20:29:588,3.84,-0.79,0.36
19:20:29:605,4.21,-1.21,0.09
19:20:29:622,4.62,-1.52,-0.16
19:20:29:639,4.93,-1.92,-0.17
19:20:29:659,4.95,-2.42,-0.20
19:20:29:694,4.58,-2.28,-0.09
19:20:29:762,3.97,-1.93,0.03
19:20:29:780,3.85,-1.45,-0.05
19:20:29:796,3.95,-1.00,-0.10
19:20:29:813,4.10,-0.86,-0.15
19:20:29:813,4.29,-0.92,-0.20
19:20:29:831,4.36,-1.01,-0.15
19:20:29:849,4.28,-1.05,-0.15
19:20:29:849,4.23,-1.02,-0.21
19:20:29:866,4.04,-0.98,-0.15
19:20:29:866,3.92,-0.98,-0.09
19:20:29:883,3.93,-1.04,-0.05
19:20:29:955,3.93,-1.16,-0.03
19:20:29:972,4.06,-1.18,-0.12
19:20:29:989,3.96,-1.19,-0.11
19:20:30:5,4.02,-1.19,-0.05
19:20:30:39,4.22,-0.97,0.02
19:20:30:112,4.21,-0.55,-0.28
19:20:30:164,4.23,-0.37,0.01
19:20:30:181,4.11,-0.49,0.25
19:20:30:181,3.99,-0.34,0.29
19:20:30:200,3.65,-0.26,0.13
19:20:30:216,3.61,-0.42,0.01
19:20:30:251,3.84,-0.43,0.09
19:20:30:269,4.17,-0.37,0.24
19:20:30:302,4.35,-0.45,0.16
19:20:30:318,4.42,-0.45,-0.09
19:20:30:334,4.27,-0.49,0.03
19:20:30:350,4.14,-0.39,0.24
19:20:30:377,4.07,-0.40,0.38
19:20:30:393,3.95,-0.36,0.43
19:20:30:409,3.91,-0.41,0.36
19:20:30:409,3.76,-0.33,0.30
19:20:30:425,3.66,-0.53,0.22
19:20:30:492,3.66,-0.67,0.38
19:20:30:511,3.62,-0.63,0.42
19:20:30:511,3.57,-0.57,0.44
19:20:30:528,3.60,-0.64,0.33
19:20:30:546,3.78,-0.74,0.29
19:20:30:562,3.75,-0.81,0.22
19:20:30:614,3.76,-0.94,0.19
19:20:30:663,3.84,-1.02,0.11
19:20:30:663,4.04,-0.90,0.13
19:20:30:679,4.23,-1.02,0.13
19:20:30:695,4.35,-1.19,0.23
19:20:30:695,4.27,-1.37,0.32
19:20:30:747,4.13,-1.34,0.27
19:20:30:765,4.06,-1.13,0.16
19:20:30:912,4.02,-0.76,0.15
19:20:30:912,3.96,-0.36,0.08
19:20:30:928,4.01,-0.21,0.14
19:20:30:943,4.08,-0.28,0.19
19:20:31:47,4.11,-0.38,0.15
19:20:31:47,3.96,-0.70,0.01
19:20:31:62,3.88,-0.96,-0.10
19:20:31:80,3.82,-1.20,-0.15
19:20:31:96,3.78,-1.25,-0.16
19:20:31:113,3.84,-1.23,-0.18
19:20:31:113,3.98,-1.13,-0.20
19:20:31:130,4.16,-1.02,-0.18
19:20:31:150,4.33,-0.95,-0.16
19:20:31:247,4.30,-0.84,-0.15
19:20:31:264,4.13,-0.79,-0.06
19:20:31:264,3.84,-0.80,0.04
19:20:31:280,3.59,-0.78,0.12
19:20:31:375,3.58,-0.82,0.13
19:20:31:393,3.58,-0.86,0.13
19:20:31:409,3.68,-0.92,0.14
19:20:31:409,3.86,-0.96,0.10
19:20:31:424,3.96,-1.00,0.02
19:20:31:424,4.00,-1.02,0.05
19:20:31:441,3.99,-1.08,0.10
19:20:31:492,3.86,-1.14,0.15
19:20:31:560,3.86,-1.18,0.15
19:20:31:560,3.85,-1.21,0.20
19:20:31:610,3.87,-1.28,0.24
19:20:31:628,3.93,-1.21,0.25
19:20:31:664,3.97,-1.17,0.25
19:20:31:664,3.93,-1.06,0.28
19:20:31:680,3.95,-1.04,0.30
19:20:31:746,3.95,-0.98,0.31
19:20:31:746,3.98,-1.05,0.27
19:20:31:762,3.97,-1.11,0.25
19:20:31:778,3.99,-1.18,0.22
19:20:31:778,3.98,-1.22,0.19
19:20:31:794,3.92,-1.15,0.19
19:20:31:849,3.88,-1.06,0.17
19:20:31:873,3.89,-1.00,0.17
19:20:31:890,3.93,-0.93,0.14
19:20:31:976,3.96,-0.92,0.15
19:20:31:992,3.99,-0.88,0.17
19:20:31:992,3.95,-0.87,0.16
19:20:32:10,3.94,-0.88,0.15
19:20:32:26,3.96,-0.85,0.15
19:20:32:46,3.88,-0.85,0.16
19:20:32:62,3.87,-0.81,0.16
19:20:32:129,3.91,-0.78,0.18
19:20:32:147,3.93,-0.76,0.16
19:20:32:149,3.94,-0.75,0.16
19:20:32:166,3.91,-0.75,0.18
19:20:32:184,3.92,-0.80,0.21
19:20:32:272,3.89,-0.82,0.23
19:20:32:289,3.90,-0.86,0.24
19:20:32:289,3.92,-0.92,0.25
19:20:32:307,3.96,-0.97,0.25
19:20:32:357,3.95,-0.98,0.23
19:20:32:357,3.95,-0.97,0.25
19:20:32:357,3.96,-0.99,0.23
19:20:32:390,3.94,-1.02,0.20
19:20:32:406,3.93,-1.07,0.18
19:20:32:406,3.94,-1.06,0.14
19:20:32:489,3.94,-1.06,0.13
19:20:32:504,3.90,-1.05,0.11
19:20:32:522,3.88,-1.04,0.11
19:20:32:569,3.87,-0.97,0.08
19:20:32:587,3.90,-0.96,0.08
19:20:32:651,3.93,-1.00,0.08
19:20:32:651,3.93,-0.97,0.09
19:20:32:667,3.86,-0.97,0.07
19:20:32:684,3.88,-0.98,0.06
19:20:32:700,3.87,-1.03,0.11
19:20:32:717,3.83,-1.03,0.14
19:20:32:749,3.89,-1.01,0.18
19:20:32:749,3.96,-0.97,0.18
19:20:32:764,3.98,-0.97,0.18
19:20:32:764,3.97,-0.97,0.15
19:20:32:830,4.04,-0.94,0.13
19:20:32:830,4.05,-0.97,0.08
19:20:32:847,3.86,-0.98,0.12
19:20:32:909,3.63,-0.98,0.08
19:20:32:925,3.63,-0.99,0.08
19:20:32:941,3.88,-0.98,0.03
19:20:32:941,4.07,-1.02,0.00
19:20:33:23,4.20,-1.04,0.09
19:20:33:23,4.36,-0.95,0.26
19:20:33:38,4.14,-0.51,0.09
19:20:33:103,4.06,-0.45,0.18
19:20:33:118,4.00,-0.61,0.32
19:20:33:170,3.94,-0.40,0.17
19:20:33:186,3.61,-0.06,0.04
19:20:33:202,3.72,-0.21,0.17
19:20:33:218,4.13,-0.17,0.21
19:20:33:218,4.28,0.10,-0.16
19:20:33:234,4.22,-0.02,-0.20
19:20:33:234,4.34,0.03,0.04
19:20:33:253,4.34,0.05,0.01
19:20:33:288,4.17,0.09,-0.06
19:20:33:304,4.06,-0.03,-0.11
19:20:33:355,3.97,-0.09,-0.19
19:20:33:388,3.97,-0.08,-0.27
19:20:33:388,4.16,-0.16,-0.32
19:20:33:404,4.16,-0.16,-0.37
19:20:33:420,4.15,-0.26,-0.26
19:20:33:435,4.21,-0.25,-0.07
19:20:33:453,4.15,-0.32,0.02
19:20:33:484,4.14,-0.45,0.14
19:20:33:531,4.21,-0.66,0.34
19:20:33:581,4.19,-1.06,0.70
19:20:33:596,4.55,-1.36,0.94
19:20:33:614,4.34,-1.46,1.44
19:20:33:684,4.83,-1.78,2.24
19:20:33:785,5.41,-1.62,2.39
19:20:33:801,5.70,-1.48,1.82
19:20:33:801,5.68,-1.43,1.13
19:20:33:817,5.64,-1.73,0.51
19:20:33:833,5.90,-2.12,0.08
19:20:33:867,5.92,-1.71,-0.55
19:20:33:934,6.08,-1.34,-0.73
19:20:33:934,5.64,-1.16,-0.65
19:20:33:934,4.80,-1.43,-0.35
19:20:33:952,5.38,-2.36,-1.22
19:20:33:969,4.89,-2.86,-2.03
19:20:33:969,5.12,-3.27,-2.75
19:20:33:969,5.38,-3.36,-3.01
19:20:33:984,5.56,-2.93,-3.22
19:20:34:1,5.26,-2.71,-3.15
19:20:34:1,5.39,-2.46,-2.74
19:20:34:16,5.35,-2.06,-2.41
19:20:34:85,5.58,-1.84,-1.84
19:20:34:101,5.77,-1.53,-1.35
19:20:34:101,5.67,-1.07,-1.15
19:20:34:117,5.07,-0.71,-1.01
19:20:34:152,4.50,-0.32,-0.76
19:20:34:152,3.95,-0.31,-0.35
19:20:34:169,3.59,-0.54,0.01
19:20:34:201,3.33,-0.71,0.43
19:20:34:201,3.09,-0.59,1.08
19:20:34:201,2.96,-0.43,2.57
19:20:34:302,4.31,0.44,2.90
19:20:34:336,3.02,2.12,2.30
19:20:34:352,3.54,2.34,1.35
19:20:34:352,4.90,0.90,0.21
19:20:34:368,6.46,-0.80,-0.80
19:20:34:385,7.59,-2.45,-0.84
19:20:34:386,8.00,-5.85,-1.54
19:20:34:470,6.98,-6.16,-1.34
19:20:34:470,8.00,-4.35,-1.79
19:20:34:489,8.00,-1.92,-0.82
19:20:34:505,8.00,-1.43,-2.00
19:20:34:520,8.00,-2.11,-3.60
19:20:34:556,7.81,-1.25,-4.03
19:20:34:556,5.53,-1.23,-3.41
19:20:34:634,4.23,-1.53,-2.07
19:20:34:634,3.64,-1.90,-1.08
19:20:34:650,3.67,-1.94,-0.80
19:20:34:682,3.69,-1.38,-1.20
19:20:34:713,3.64,-0.64,-1.97
19:20:34:729,3.13,-0.22,-2.32
19:20:34:729,3.05,0.13,-2.74
19:20:34:826,2.54,0.65,-3.15
19:20:34:826,2.84,1.22,-3.72
19:20:34:843,3.02,1.48,-4.20
19:20:34:860,3.66,0.28,-4.13
19:20:34:895,4.01,-1.54,-3.52
19:20:34:960,5.19,-1.71,-2.47
19:20:34:997,5.33,-1.82,-2.28
19:20:35:30,4.70,-2.35,-2.70
19:20:35:30,4.60,-2.47,-3.44
19:20:35:30,5.43,-0.73,-4.26
19:20:35:62,7.21,-0.89,-5.52
19:20:35:79,8.00,-0.79,-6.33
19:20:35:79,8.00,-0.34,-5.70
19:20:35:129,8.00,-0.49,-3.90
19:20:35:193,8.00,-0.24,-3.13
19:20:35:193,8.00,0.30,-2.62
19:20:35:193,8.00,0.00,-1.91
19:20:35:227,8.00,0.05,-1.66
19:20:35:232,6.17,0.46,-0.96
19:20:35:232,4.97,-0.22,-0.37
19:20:35:247,4.88,-0.54,-0.60
19:20:35:264,3.55,-1.00,-0.01
19:20:35:264,4.08,-1.27,-0.02
19:20:35:281,4.65,-0.82,-0.50
19:20:35:363,4.46,-0.25,-0.55
19:20:35:395,4.01,0.01,-0.06
19:20:35:395,3.73,0.26,0.66
19:20:35:413,3.67,0.91,1.28
19:20:35:462,2.91,0.77,1.59
19:20:35:462,3.14,0.59,1.69
19:20:35:498,3.86,0.01,1.50
19:20:35:530,4.61,-0.44,1.07
19:20:35:580,5.87,-0.94,0.33
19:20:35:596,6.85,-1.44,-0.36
19:20:35:613,7.79,-1.62,-0.73
19:20:35:714,8.00,-1.53,-1.06
19:20:35:714,8.00,-1.25,-1.34
19:20:35:731,8.00,-1.09,-2.02
19:20:35:763,8.00,-1.15,-3.03
19:20:35:780,8.00,-1.03,-4.81
19:20:35:798,8.00,-0.15,-6.32
19:20:35:814,5.66,-1.59,-6.30
19:20:35:846,4.46,-2.12,-4.88
19:20:35:879,4.42,-0.93,-3.90
19:20:35:879,4.25,0.62,-3.85
19:20:35:895,3.97,0.04,-3.41
19:20:35:895,4.79,-0.40,-3.63
19:20:35:913,4.92,0.75,-4.27
19:20:35:913,4.67,2.43,-4.32
19:20:35:962,5.30,2.85,-3.50
19:20:35:994,4.18,1.80,-2.51
19:20:35:995,4.25,0.98,-2.02
19:20:36:79,4.92,-0.50,-2.30
19:20:36:111,5.03,-2.05,-3.00
19:20:36:127,5.06,-3.68,-4.02
19:20:36:162,5.12,-2.09,-5.12
19:20:36:210,6.12,-1.43,-6.89
19:20:36:243,7.88,-0.34,-7.78
19:20:36:260,8.00,0.76,-6.93
19:20:36:260,8.00,1.45,-4.90
19:20:36:307,8.00,1.86,-3.25
19:20:36:339,8.00,0.97,-1.80
19:20:36:373,7.34,0.79,-1.13
19:20:36:489,5.96,0.11,-0.33
19:20:36:489,5.09,-0.34,-0.79
19:20:36:507,4.37,-0.92,-1.10
19:20:36:522,3.92,-1.33,-0.85
19:20:36:538,3.86,-1.83,-0.54
19:20:36:606,4.18,-2.04,-0.55
19:20:36:638,4.56,-1.88,-0.46
19:20:36:653,5.14,-0.87,-0.52
19:20:36:653,4.78,0.39,-0.26
19:20:36:669,3.73,0.77,0.68
19:20:36:685,3.78,0.95,1.45
19:20:36:685,3.85,1.22,1.70
19:20:36:685,3.94,1.04,1.37
19:20:36:685,4.42,0.57,0.73
19:20:36:701,4.93,-0.15,0.09
19:20:36:701,5.36,-0.78,-0.41
19:20:36:717,5.69,-1.14,-0.84
19:20:36:780,6.11,-1.39,-1.19
19:20:36:796,6.75,-1.56,-1.55
19:20:36:796,7.51,-1.46,-2.02
19:20:36:811,8.00,-1.33,-2.71
19:20:36:860,8.00,-1.11,-3.61
19:20:36:877,8.00,-0.63,-4.72
19:20:36:877,7.57,-0.25,-5.93
19:20:36:893,5.73,-0.45,-6.46
19:20:36:908,4.75,-0.26,-6.10
19:20:36:941,4.40,-0.77,-5.24
19:20:36:990,4.81,-1.63,-4.27
19:20:36:990,5.29,-1.51,-4.22
19:20:37:8,4.84,-0.21,-4.54
19:20:37:8,4.98,1.56,-3.76
19:20:37:25,4.75,1.41,-2.99
19:20:37:74,4.09,0.06,-2.68
19:20:37:106,4.67,-0.35,-2.69
19:20:37:174,5.28,-1.83,-3.13
19:20:37:205,5.82,-2.97,-3.66
19:20:37:221,6.14,-2.19,-4.28
19:20:37:237,6.76,-1.89,-5.36
19:20:37:254,8.00,-1.45,-6.00
19:20:37:273,8.00,0.32,-5.51
19:20:37:321,8.00,0.82,-4.20
19:20:37:338,8.00,1.08,-3.07
19:20:37:356,7.64,0.82,-2.07
19:20:37:356,6.71,-0.09,-0.97
19:20:37:387,5.31,0.08,-0.63
19:20:37:404,4.54,-0.51,-0.83
19:20:37:404,4.07,-0.84,-1.21
19:20:37:404,3.78,-1.16,-1.25
19:20:37:436,3.74,-1.81,-0.90
19:20:37:436,4.01,-2.27,-0.64
19:20:37:516,4.57,-1.97,-0.61
19:20:37:612,4.44,-0.85,-0.21
19:20:37:612,4.91,0.11,0.28
19:20:37:661,4.22,0.89,0.62
19:20:37:679,3.89,0.76,1.02
19:20:37:712,4.02,0.49,1.37
19:20:37:728,4.17,0.23,1.36
19:20:37:728,4.35,-0.09,0.99
19:20:37:761,4.79,-0.60,0.49
19:20:37:793,5.26,-1.10,-0.00
19:20:37:809,5.58,-1.33,-0.38
19:20:37:874,5.95,-1.50,-0.64
19:20:37:907,6.32,-1.63,-0.82
19:20:37:924,6.72,-1.55,-1.00
19:20:37:925,7.17,-1.32,-1.49
19:20:37:961,7.54,-1.05,-2.20
19:20:37:961,7.64,-0.88,-3.20
19:20:38:44,7.40,-0.59,-4.27
19:20:38:60,6.44,-0.41,-5.23
19:20:38:75,5.14,-0.32,-5.58
19:20:38:92,4.08,-0.39,-5.29
19:20:38:108,3.62,-0.42,-4.85
19:20:38:124,3.57,-0.66,-4.21
19:20:38:124,3.96,-0.85,-3.85
19:20:38:139,4.28,-1.42,-3.65
19:20:38:139,4.41,-0.91,-3.47
19:20:38:155,5.65,0.56,-3.52
19:20:38:155,5.93,1.56,-3.74
19:20:38:237,5.42,0.90,-3.52
19:20:38:403,4.92,-0.24,-2.96
19:20:38:469,4.61,-1.35,-2.60
19:20:38:485,4.19,-2.41,-2.78
19:20:38:533,3.97,-3.15,-3.55
19:20:38:613,4.42,-2.95,-4.72
19:20:38:613,4.65,-2.80,-5.64
19:20:38:645,6.62,-2.95,-6.01
19:20:38:723,8.00,-2.11,-5.71
19:20:38:770,8.00,-0.36,-4.58
19:20:38:786,8.00,0.35,-3.85
19:20:38:786,8.00,0.75,-2.99
19:20:38:802,7.05,0.14,-1.30
19:20:38:802,5.36,0.68,-0.37
19:20:38:836,4.22,1.24,0.07
19:20:38:836,3.57,1.06,-0.16
19:20:38:836,2.89,0.10,-0.06
19:20:38:836,3.09,-0.72,0.12
19:20:38:854,3.02,-1.18,0.20
19:20:38:854,3.23,-1.56,0.24
19:20:38:854,3.47,-1.30,0.25
19:20:38:939,3.40,-0.42,0.34
19:20:38:939,3.23,-0.07,0.58
19:20:38:939,3.20,-0.62,0.58
19:20:38:971,3.56,-1.25,0.54
19:20:38:971,4.00,-1.99,0.44
19:20:38:988,4.53,-3.31,0.09
19:20:39:4,4.32,-3.31,-0.14
19:20:39:4,4.16,-1.78,-0.13
19:20:39:4,4.56,-2.27,-0.53
19:20:39:4,4.25,-1.11,-0.74
19:20:39:22,4.83,-3.39,-1.31
19:20:39:53,4.71,-0.14,-0.71
19:20:39:53,4.22,-3.81,-1.33
19:20:39:69,4.55,-2.00,-1.23
19:20:39:117,4.92,-1.94,-1.27
19:20:39:134,4.86,-1.38,-1.22
19:20:39:167,4.72,-1.21,-1.35
19:20:39:183,4.33,-1.05,-1.46
19:20:39:183,3.89,-1.18,-1.57
19:20:39:200,3.55,-1.32,-1.50
19:20:39:200,3.52,-1.61,-1.28
19:20:39:215,3.67,-1.93,-1.03
19:20:39:232,4.17,-2.03,-0.96
19:20:39:249,4.69,-2.01,-1.09
19:20:39:345,4.60,-2.14,-1.28
19:20:39:426,3.77,-1.90,-1.34
19:20:39:526,3.30,-1.33,-1.22
19:20:39:559,3.04,-1.02,-0.90
19:20:39:591,3.35,-1.05,-0.57
19:20:39:657,3.90,-1.25,-0.32
19:20:39:675,4.51,-1.53,-0.27
19:20:39:691,4.78,-1.69,-0.36
19:20:39:707,4.65,-1.72,-0.37
19:20:39:707,4.34,-1.73,-0.21
19:20:39:741,4.17,-1.62,-0.07
19:20:39:773,3.96,-1.44,0.06
19:20:39:788,4.04,-1.36,0.08
19:20:39:804,4.15,-1.24,0.03
19:20:39:871,4.30,-1.15,-0.02
19:20:39:904,4.33,-1.11,0.03
19:20:39:904,4.24,-1.10,0.09
19:20:39:904,4.13,-1.03,0.12
19:20:39:904,4.00,-1.00,0.13
19:20:39:922,3.93,-1.02,0.16
19:20:39:938,3.91,-1.09,0.18
19:20:39:938,3.97,-1.27,0.16
19:20:39:954,4.11,-1.37,0.17
19:20:39:954,4.09,-0.46,0.51
19:20:39:970,4.03,-0.35,0.46
19:20:40:101,4.00,-0.74,0.20
19:20:40:135,4.12,-0.93,0.11
19:20:40:135,4.11,-1.02,-0.01
19:20:40:203,4.19,-1.03,-0.38
19:20:40:219,3.96,-1.17,-0.45
19:20:40:220,3.85,-1.30,-0.29
19:20:40:220,3.83,-1.27,-0.21
19:20:40:270,4.24,-1.09,-0.42
19:20:40:286,4.36,-0.95,-0.54
19:20:40:286,4.46,-1.01,-0.29
19:20:40:286,4.20,-1.02,-0.07
19:20:40:301,3.94,-0.81,-0.13
19:20:40:351,3.55,-0.83,-0.12
19:20:40:399,3.52,-0.98,0.06
19:20:40:399,3.69,-0.93,0.15
19:20:40:399,3.98,-0.74,0.25
19:20:40:399,3.98,-0.50,0.48
19:20:40:399,4.08,-0.54,0.63
19:20:40:415,4.07,-0.43,0.54
19:20:40:446,3.95,-0.35,0.41
19:20:40:477,3.83,-0.42,0.34
19:20:40:526,3.73,-0.41,0.30
19:20:40:526,3.54,-0.31,0.26
19:20:40:593,3.43,-0.30,0.30
19:20:40:608,3.54,-0.29,0.28
19:20:40:624,3.62,-0.43,0.20
19:20:40:640,3.75,-0.66,0.16
19:20:40:656,3.87,-0.86,0.09
19:20:40:656,3.97,-0.98,0.12
19:20:40:672,4.01,-1.16,0.18
19:20:40:672,4.09,-1.20,0.28
19:20:40:767,4.06,-1.27,0.43
19:20:40:847,4.03,-1.30,0.51
19:20:40:847,3.95,-1.38,0.51
19:20:40:862,3.94,-1.22,0.53
19:20:40:912,3.89,-0.89,0.55
19:20:40:946,3.91,-0.79,0.50
19:20:40:998,3.95,-0.71,0.34
19:20:41:30,4.03,-0.56,0.32
19:20:41:64,4.02,-0.61,0.35
19:20:41:95,4.03,-0.62,0.33
19:20:41:127,4.04,-0.58,0.25
19:20:41:160,4.16,-0.65,0.17
19:20:41:176,4.17,-0.72,0.14
19:20:41:176,4.17,-0.81,0.14
19:20:41:302,4.03,-0.78,0.08
19:20:41:319,3.85,-0.87,0.09
19:20:41:336,3.76,-0.82,0.07
19:20:41:336,3.78,-0.84,0.08
19:20:41:336,3.86,-0.92,0.06
19:20:41:336,3.95,-1.03,0.06
19:20:41:352,4.04,-0.98,0.08
19:20:41:369,4.07,-0.85,0.14
19:20:41:369,4.00,-0.92,0.22
19:20:41:401,3.95,-0.88,0.19
19:20:41:481,3.89,-0.93,0.19
19:20:41:513,3.86,-0.99,0.17
19:20:41:514,3.85,-1.05,0.17
19:20:41:514,3.81,-1.14,0.16
19:20:41:533,3.80,-1.20,0.15
19:20:41:549,3.84,-1.24,0.17
19:20:41:565,3.88,-1.24,0.15
19:20:41:581,3.96,-1.17,0.15
19:20:41:677,4.03,-1.09,0.12
19:20:41:677,4.02,-1.01,0.12
19:20:41:693,3.96,-0.94,0.12
19:20:41:693,3.94,-0.96,0.14
19:20:41:693,3.94,-1.02,0.09
19:20:41:724,3.91,-1.08,0.09
19:20:41:740,3.91,-1.10,0.07
19:20:41:758,3.89,-1.08,0.10
19:20:41:758,3.86,-1.00,0.08
19:20:41:793,3.84,-0.97,0.12
19:20:41:864,3.88,-0.90,0.15
19:20:41:864,3.93,-0.89,0.15
19:20:41:864,3.97,-0.88,0.18
19:20:41:896,3.94,-0.89,0.18
19:20:41:912,3.94,-0.88,0.21
19:20:41:931,3.92,-0.87,0.24
19:20:41:966,3.92,-0.85,0.23
19:20:42:32,3.91,-0.89,0.24
19:20:42:65,3.92,-0.93,0.19
19:20:42:65,3.91,-0.99,0.13
19:20:42:97,3.89,-1.01,0.11
19:20:42:113,3.91,-1.03,0.12
19:20:42:129,3.91,-1.03,0.12
19:20:42:209,3.91,-1.01,0.10
19:20:42:310,3.93,-1.00,0.13
19:20:42:358,3.95,-0.97,0.12
19:20:42:376,3.93,-0.94,0.13
19:20:42:424,3.92,-0.94,0.15
19:20:42:424,3.96,-0.92,0.13
19:20:42:458,3.95,-0.92,0.14
19:20:42:474,3.93,-0.91,0.13
19:20:42:505,3.94,-0.90,0.16
19:20:42:539,3.95,-0.89,0.14
19:20:42:539,3.93,-0.89,0.16
19:20:42:571,3.92,-0.87,0.17
19:20:42:571,3.95,-0.88,0.12
19:20:42:635,3.92,-0.92,0.13
19:20:42:635,3.91,-0.95,0.16
19:20:42:635,3.95,-0.99,0.12
19:20:42:650,3.94,-0.98,0.12
19:20:42:650,3.92,-0.98,0.12
19:20:42:650,3.91,-0.97,0.14
19:20:42:650,3.91,-0.99,0.12
19:20:42:650,3.92,-1.01,0.12
19:20:42:650,3.92,-1.00,0.13
19:20:42:666,3.92,-0.99,0.10
19:20:42:714,3.90,-0.97,0.12
19:20:42:714,3.96,-0.97,0.15
19:20:42:714,3.93,-0.97,0.14
19:20:42:745,3.92,-0.95,0.15
19:20:42:796,3.93,-0.93,0.17
19:20:42:813,3.92,-0.95,0.11
19:20:42:813,3.94,-1.04,0.07
19:20:42:945,3.93,-1.00,0.22
19:20:42:961,3.94,-0.92,0.27
19:20:42:963,4.10,-0.64,0.19
19:20:42:980,4.11,-0.50,0.10
19:20:42:995,4.00,-0.46,0.24
19:20:43:11,3.94,-0.36,0.33
19:20:43:11,3.86,-0.35,0.19
19:20:43:11,3.94,-0.22,-0.10
19:20:43:90,4.04,-0.31,-0.12
19:20:43:90,4.22,-0.27,0.01
19:20:43:109,4.26,0.01,-0.08
19:20:43:141,4.34,0.23,-0.29
19:20:43:157,4.37,0.18,-0.19
19:20:43:157,4.26,0.16,0.00
19:20:43:172,4.08,0.17,-0.03
19:20:43:172,3.88,-0.05,-0.17
19:20:43:189,3.88,-0.25,-0.21
19:20:43:189,3.97,-0.22,-0.18
19:20:43:189,4.05,-0.32,-0.14
19:20:43:208,4.12,-0.38,-0.11
19:20:43:224,4.13,-0.47,-0.10
19:20:43:257,4.18,-0.51,-0.01
19:20:43:273,4.11,-0.59,0.08
19:20:43:289,4.23,-0.62,0.13
19:20:43:323,4.32,-0.63,0.17
19:20:43:341,4.17,-0.70,0.33
19:20:43:357,4.15,-0.80,0.46
19:20:43:357,4.11,-0.76,0.58
19:20:43:374,4.16,-0.78,0.74
19:20:43:407,4.43,-0.91,1.00
19:20:43:504,4.88,-0.92,1.08
19:20:43:520,5.26,-0.99,1.02
19:20:43:536,5.43,-1.04,1.07
19:20:43:536,5.49,-0.88,1.08
19:20:43:555,5.86,-0.57,0.90
19:20:43:639,6.09,-0.31,0.65
19:20:43:654,6.33,-0.25,0.40
19:20:43:670,6.09,-0.21,-0.00
19:20:43:670,5.99,-0.42,-0.52
19:20:43:687,5.63,-0.47,-0.99
19:20:43:703,5.46,-1.01,-1.16
19:20:43:736,5.08,-1.80,-1.00
19:20:43:736,4.57,-2.89,-1.34
19:20:43:816,5.02,-2.54,-1.44
19:20:43:850,4.96,-2.79,-1.95
19:20:43:866,5.12,-2.90,-2.05
19:20:43:897,5.17,-2.49,-1.73
19:20:43:897,5.41,-2.10,-1.86
19:20:43:915,5.17,-1.61,-2.04
19:20:43:946,4.87,-1.55,-1.80
19:20:44:13,4.69,-1.51,-1.50
19:20:44:29,4.20,-1.25,-1.55
19:20:44:48,3.92,-1.25,-1.22
19:20:44:64,3.90,-1.36,-0.82
19:20:44:80,3.87,-1.27,-0.43
19:20:44:97,3.63,-1.18,0.06
19:20:44:129,3.56,-1.29,0.52
19:20:44:161,3.60,-1.11,1.41
19:20:44:161,4.50,-0.09,2.21
19:20:44:194,4.63,1.05,2.23
19:20:44:212,4.40,1.55,1.81
19:20:44:243,4.47,1.32,1.47
19:20:44:259,5.12,0.54,1.22
19:20:44:309,5.75,0.09,0.87
19:20:44:309,6.30,-0.14,0.25
19:20:44:326,6.74,-1.46,0.11
19:20:44:359,7.40,-2.85,-0.55
19:20:44:374,7.75,-2.83,-1.00
19:20:44:390,8.00,-2.81,-0.82
19:20:44:406,8.00,-2.45,-0.99
19:20:44:423,8.00,-1.67,-1.65
19:20:44:423,8.00,-0.93,-2.50
19:20:44:440,7.62,-0.68,-3.29
19:20:44:440,6.33,-0.48,-3.48
19:20:44:487,5.19,-0.93,-3.03
19:20:44:536,4.64,-0.78,-3.06
19:20:44:552,4.04,0.00,-3.83
19:20:44:585,3.74,0.91,-4.43
19:20:44:618,3.28,1.11,-4.76
19:20:44:618,3.29,0.93,-4.65
19:20:44:668,3.57,0.78,-4.52
19:20:44:684,4.07,0.54,-4.01
19:20:44:731,4.20,0.30,-3.45
19:20:44:748,4.68,0.98,-2.75
19:20:44:795,4.76,0.34,-2.47
19:20:44:812,4.85,-1.10,-2.58
19:20:44:829,5.28,-1.48,-2.98
19:20:44:930,5.90,-1.54,-3.73
19:20:44:995,7.04,-0.76,-4.69
19:20:44:995,8.00,-0.46,-5.82
19:20:45:30,8.00,-0.18,-6.04
19:20:45:62,8.00,-0.09,-5.18
19:20:45:62,8.00,1.32,-3.97
19:20:45:97,8.00,0.93,-2.55
19:20:45:113,8.00,-0.08,-1.85
19:20:45:128,8.00,0.14,-2.16
19:20:45:145,6.68,-0.19,-1.63
19:20:45:161,5.88,-1.73,-1.66
19:20:45:193,5.43,-2.30,-1.74
19:20:45:257,4.74,-2.18,-1.45
19:20:45:257,4.99,-2.00,-1.61
19:20:45:257,4.86,-1.56,-1.30
19:20:45:257,5.19,-0.80,-0.79
19:20:45:290,4.78,0.54,-0.18
19:20:45:291,4.31,1.57,0.43
19:20:45:291,3.96,2.31,0.61
19:20:45:291,2.94,1.99,0.82
19:20:45:310,3.09,1.10,0.89
19:20:45:326,3.53,0.18,0.70
19:20:45:326,3.99,-0.68,0.27
19:20:45:345,4.65,-1.69,-0.17
19:20:45:377,5.39,-2.39,-0.62
19:20:45:440,5.95,-2.41,-0.93
19:20:45:458,6.56,-2.48,-1.25
19:20:45:474,7.37,-2.35,-1.34
19:20:45:541,8.00,-2.01,-1.25
19:20:45:541,8.00,-1.60,-1.50
19:20:45:541,8.00,-1.16,-2.43
19:20:45:557,8.00,-0.48,-4.22
19:20:45:625,8.00,0.03,-6.85
19:20:45:642,6.94,0.16,-8.00
19:20:45:642,5.08,-0.09,-8.00
19:20:45:661,4.23,-1.71,-6.24
19:20:45:661,4.16,-1.88,-4.32
19:20:45:681,4.93,-1.00,-3.84
19:20:45:715,4.43,-0.41,-4.29
19:20:45:784,4.18,1.85,-4.26
19:20:45:784,4.77,3.39,-4.14
19:20:45:818,4.42,0.98,-3.61
19:20:45:834,5.09,-0.17,-2.79
19:20:45:834,5.44,-1.11,-2.61
19:20:45:886,6.10,-3.21,-2.84
19:20:45:939,6.50,-2.33,-3.74
19:20:45:989,7.35,-1.76,-5.77
19:20:46:5,8.00,-1.45,-6.83
19:20:46:22,8.00,-0.12,-6.36
19:20:46:38,8.00,1.41,-4.55
19:20:46:55,8.00,1.15,-2.85
19:20:46:126,7.69,0.81,-1.90
19:20:46:212,6.71,0.55,-1.43
19:20:46:230,5.49,0.18,-1.00
19:20:46:230,4.98,-1.12,-1.13
19:20:46:246,4.73,-1.53,-1.38
19:20:46:248,4.33,-1.20,-1.59
19:20:46:248,4.12,-1.66,-1.51
19:20:46:248,4.37,-2.30,-1.22
19:20:46:335,4.60,-1.96,-1.02
19:20:46:335,4.66,-0.80,-0.42
19:20:46:353,4.91,0.40,0.27
19:20:46:353,4.43,1.12,1.01
19:20:46:369,3.97,1.41,1.40
19:20:46:386,3.78,1.55,1.40
19:20:46:395,3.88,1.10,1.13
19:20:46:395,4.44,0.14,0.59
19:20:46:395,5.02,-0.85,-0.01
19:20:46:411,5.74,-2.06,-0.61
19:20:46:427,5.85,-2.75,-1.09
19:20:46:444,5.96,-2.76,-1.33
19:20:46:498,5.84,-2.18,-1.30
19:20:46:516,6.28,-1.53,-1.16
19:20:46:535,7.03,-1.25,-1.21
19:20:46:535,8.00,-1.19,-1.77
19:20:46:569,8.00,-0.96,-2.97
19:20:46:569,8.00,-0.45,-4.62
19:20:46:585,6.64,-0.00,-6.14
19:20:46:600,4.88,-0.51,-6.04
19:20:46:618,4.17,-1.04,-5.33
19:20:46:634,4.69,-1.33,-4.80
19:20:46:649,4.55,-1.66,-4.38
19:20:46:714,4.83,-1.76,-3.94
19:20:46:748,4.57,-0.46,-3.93
19:20:46:765,4.90,1.28,-4.19
19:20:46:765,4.42,0.69,-3.31
19:20:46:783,4.08,0.24,-2.58
19:20:46:833,4.63,-0.61,-2.75
19:20:46:867,5.20,-2.04,-3.01
19:20:46:867,5.72,-2.32,-3.60
19:20:46:902,6.27,-1.60,-4.66
19:20:46:918,7.24,-1.33,-5.66
19:20:46:933,8.00,-0.71,-5.55
19:20:46:936,8.00,0.37,-4.72
19:20:46:952,8.00,1.40,-3.26
19:20:46:968,7.98,1.15,-2.65
19:20:46:986,6.71,0.32,-1.89
19:20:47:54,5.82,-0.38,-1.46
19:20:47:71,4.85,-0.82,-1.38
19:20:47:72,4.50,-1.25,-1.54
19:20:47:72,3.95,-1.24,-1.66
19:20:47:89,3.68,-1.09,-1.66
19:20:47:105,4.07,-1.11,-1.52
19:20:47:105,4.25,-0.73,-1.45
19:20:47:124,4.12,-0.78,-1.05
19:20:47:140,4.09,-0.90,-0.05
19:20:47:237,5.07,-0.17,0.42
19:20:47:269,5.08,0.46,0.76
19:20:47:302,4.59,0.59,1.16
19:20:47:318,4.27,0.78,1.44
19:20:47:334,4.23,1.05,1.54
19:20:47:398,4.20,0.99,1.30
19:20:47:398,4.72,0.92,0.89
19:20:47:415,5.33,-0.39,-0.07
19:20:47:431,5.64,-1.32,-0.70
19:20:47:449,6.02,-1.53,-1.19
19:20:47:465,6.26,-1.43,-1.61
19:20:47:484,6.73,-1.47,-1.96
19:20:47:502,7.08,-1.47,-2.16
19:20:47:519,7.32,-1.52,-2.35
19:20:47:590,7.27,-1.53,-2.68
19:20:47:605,7.03,-1.13,-3.66
19:20:47:621,6.08,-0.42,-4.56
19:20:47:624,4.75,-0.26,-4.66
19:20:47:640,3.57,-0.95,-3.85
19:20:47:655,3.53,-1.20,-2.91
19:20:47:672,4.17,-1.51,-2.80
19:20:47:672,5.16,-1.64,-3.45
19:20:47:707,5.23,-1.22,-4.26
19:20:47:755,5.17,0.14,-4.29
19:20:47:772,5.36,0.86,-3.91
19:20:47:804,4.65,0.08,-3.16
19:20:47:870,4.03,-0.40,-2.39
19:20:47:870,4.08,-1.37,-2.10
19:20:47:952,4.27,-2.41,-2.38
19:20:47:971,4.56,-2.25,-2.84
19:20:47:986,5.34,-1.91,-3.75
19:20:47:986,6.40,-1.65,-4.69
19:20:48:2,7.46,-1.51,-4.84
19:20:48:20,7.56,-0.76,-4.00
19:20:48:36,7.62,-0.08,-3.17
19:20:48:55,7.21,0.35,-2.42
19:20:48:71,6.78,0.22,-1.85
19:20:48:87,6.21,-0.01,-1.32
19:20:48:123,5.50,0.06,-0.94
19:20:48:140,4.67,-0.18,-0.55
19:20:48:155,4.01,-0.51,-0.36
19:20:48:172,3.59,-0.55,-0.28
19:20:48:190,3.42,-0.39,-0.44
19:20:48:206,3.21,-0.13,-0.78
19:20:48:222,3.20,0.04,-0.88
19:20:48:223,3.51,0.15,-0.86
19:20:48:239,3.64,0.02,-0.80
19:20:48:272,3.41,-0.32,-0.63
19:20:48:307,3.41,-1.11,-0.16
19:20:48:325,3.24,-2.52,0.44
19:20:48:325,3.61,-3.57,0.82
19:20:48:357,3.71,-3.72,0.43
19:20:48:374,3.68,-3.38,-0.39
19:20:48:406,3.88,-2.94,-1.30
19:20:48:422,3.54,-2.64,-1.63
19:20:48:471,3.72,-2.06,-1.38
19:20:48:503,3.87,-1.34,-1.00
19:20:48:519,3.88,-0.38,-0.73
19:20:48:519,4.13,0.06,-0.19
19:20:48:568,4.35,0.15,0.20
19:20:48:584,4.28,-0.04,0.45
19:20:48:599,4.27,-0.52,0.62
19:20:48:632,4.30,-0.90,0.65
19:20:48:665,4.28,-1.21,0.53
19:20:48:682,4.42,-2.38,0.03
19:20:48:682,5.30,-1.80,0.08
19:20:48:715,5.62,-1.81,0.53
19:20:48:731,4.33,0.39,0.92
19:20:48:765,4.60,1.05,0.92
19:20:48:782,4.18,0.08,0.70
19:20:48:834,3.51,0.04,0.55
19:20:48:852,3.41,-0.38,0.07
19:20:48:868,3.52,-0.66,-0.35
19:20:48:868,3.49,-1.00,-0.53
19:20:48:932,3.52,-1.46,-0.61
19:20:48:932,3.72,-1.84,-0.83
19:20:48:950,3.80,-2.04,-1.00
19:20:49:33,3.82,-1.95,-1.13
19:20:49:50,3.67,-1.75,-1.12
19:20:49:50,3.59,-1.47,-0.89
19:20:49:67,3.62,-1.35,-0.60
19:20:49:83,3.78,-1.37,-0.42
19:20:49:99,4.04,-1.52,-0.39
19:20:49:116,4.30,-1.60,-0.51
19:20:49:199,4.43,-1.49,-0.56
19:20:49:215,4.41,-1.29,-0.42
19:20:49:232,4.54,-0.99,-0.28
19:20:49:283,4.41,-0.78,-0.06
19:20:49:298,4.53,-0.79,0.15
19:20:49:298,4.40,-0.85,0.28
19:20:49:317,4.24,-0.83,0.38
19:20:49:349,3.96,-0.77,0.54
19:20:49:401,4.07,-0.52,0.36
19:20:49:417,3.80,-0.30,0.34
19:20:49:432,4.13,-0.67,0.42
19:20:49:449,4.37,-0.93,0.43
19:20:49:449,4.33,-0.69,0.24
19:20:49:465,4.13,-0.52,0.10
19:20:49:465,4.10,-0.43,0.02
19:20:49:549,4.09,-0.62,0.16
19:20:49:565,3.99,-0.62,0.21
19:20:49:583,3.95,-0.68,0.18
19:20:49:583,3.83,-0.68,0.14
19:20:49:598,3.71,-0.65,0.16
19:20:49:616,3.58,-0.57,0.13
19:20:49:663,3.51,-0.58,0.12
19:20:49:665,3.44,-0.71,0.11
19:20:49:717,3.47,-0.85,0.07
19:20:49:750,3.48,-1.05,0.02
19:20:49:781,3.59,-1.24,0.01
19:20:49:781,3.71,-1.34,0.07
19:20:49:797,3.82,-1.46,0.07
19:20:49:813,3.97,-1.63,0.17
19:20:49:845,4.22,-1.75,0.43
19:20:49:926,4.32,-1.35,0.64
19:20:49:941,4.23,-0.79,0.74
19:20:49:972,4.23,-0.34,0.68
19:20:49:972,4.34,-0.40,0.53
19:20:49:972,4.17,-0.33,0.41
19:20:49:989,4.19,-0.63,0.22
19:20:50:23,4.04,-0.65,0.27
19:20:50:87,3.99,-0.78,0.21
19:20:50:103,3.87,-0.94,0.10
19:20:50:136,3.85,-1.00,0.05
19:20:50:152,3.89,-1.17,-0.04
19:20:50:168,3.95,-1.19,-0.09
19:20:50:185,4.01,-1.23,-0.17
19:20:50:185,3.99,-1.14,-0.17
19:20:50:216,3.91,-1.01,-0.10
19:20:50:216,3.86,-0.85,-0.07
19:20:50:285,3.85,-0.76,-0.04
19:20:50:318,3.86,-0.77,-0.00
19:20:50:318,3.85,-0.85,0.01
19:20:50:351,3.84,-0.91,0.04
19:20:50:367,3.84,-0.94,0.10
19:20:50:401,3.83,-0.95,0.14
19:20:50:401,3.83,-0.98,0.20
19:20:50:481,3.87,-0.97,0.22
19:20:50:481,3.90,-0.98,0.25
19:20:50:497,3.92,-0.97,0.27
19:20:50:513,4.02,-0.98,0.20
19:20:50:529,4.01,-1.03,0.20
19:20:50:564,3.98,-1.08,0.21
19:20:50:582,3.91,-1.20,0.23
19:20:50:630,3.84,-1.13,0.23
19:20:50:663,3.84,-1.12,0.28
19:20:50:697,3.89,-1.12,0.19
19:20:50:713,3.94,-1.13,0.20
19:20:50:713,3.97,-1.14,0.13
19:20:50:729,3.98,-1.09,0.14
19:20:50:761,4.00,-1.14,0.13
19:20:50:827,3.93,-1.15,0.25
19:20:50:827,3.86,-1.16,0.17
19:20:50:845,3.85,-1.17,0.12
19:20:50:861,3.88,-1.18,0.13
19:20:50:892,3.89,-1.16,0.17
19:20:50:908,3.82,-1.13,0.21
19:20:50:923,3.89,-1.14,0.18
19:20:50:940,3.92,-1.10,0.19
19:20:50:971,3.94,-1.07,0.21
19:20:51:4,3.94,-1.03,0.24
19:20:51:21,3.91,-1.00,0.21
19:20:51:54,3.89,-0.99,0.27
19:20:51:70,3.91,-0.94,0.22
19:20:51:70,3.93,-0.93,0.21
19:20:51:103,3.90,-0.93,0.20
19:20:51:119,3.90,-0.93,0.21
19:20:51:188,3.92,-0.92,0.18
19:20:51:206,3.90,-0.92,0.20
19:20:51:254,3.92,-0.93,0.21
19:20:51:254,3.93,-0.93,0.20
19:20:51:286,3.91,-0.92,0.22
19:20:51:319,3.87,-0.91,0.24
19:20:51:369,3.86,-0.90,0.26
19:20:51:369,3.88,-0.88,0.22
19:20:51:386,3.91,-0.91,0.20
19:20:51:449,3.98,-1.00,0.17
19:20:51:466,3.99,-1.00,0.21
19:20:51:467,4.00,-0.97,0.15
19:20:51:483,3.98,-0.96,0.14
19:20:51:515,3.95,-0.96,0.12
19:20:51:547,3.93,-0.95,0.09
19:20:51:563,3.90,-0.97,0.09
19:20:51:597,3.87,-0.98,0.07
19:20:51:612,3.89,-0.98,0.08
19:20:51:629,3.93,-0.97,0.08
19:20:51:664,3.89,-0.95,0.10
19:20:51:696,3.92,-0.95,0.14
19:20:51:711,3.93,-0.92,0.15
19:20:51:727,3.95,-0.90,0.16
19:20:51:743,3.93,-0.91,0.18
19:20:51:758,3.93,-0.90,0.19
19:20:51:807,3.94,-0.88,0.23
19:20:51:807,3.92,-0.91,0.23
19:20:51:824,3.94,-0.91,0.22
19:20:51:840,3.98,-0.92,0.18
19:20:51:856,3.97,-0.92,0.18
19:20:51:887,3.93,-0.95,0.20
19:20:51:921,3.90,-0.97,0.15
19:20:51:921,3.76,-1.00,0.17
19:20:51:937,3.64,-1.11,0.18
19:20:51:953,3.70,-1.28,0.17
19:20:51:969,3.75,-1.28,0.08
19:20:52:19,3.97,-1.30,0.09
19:20:52:84,4.05,-1.32,0.15
19:20:52:101,4.04,-1.32,0.18
19:20:52:101,3.93,-1.26,0.17
19:20:52:117,3.94,-1.16,0.08
19:20:52:136,3.93,-1.13,0.17
19:20:52:152,3.86,-1.16,0.20
19:20:52:172,3.92,-0.98,0.31
19:20:52:190,4.19,-0.84,0.24
19:20:52:223,4.50,-0.89,0.14
19:20:52:257,4.46,-0.61,0.03
19:20:52:276,4.10,-0.35,0.20
19:20:52:310,3.77,-0.19,0.42
19:20:52:310,3.75,0.11,0.21
19:20:52:326,3.90,0.29,-0.02
19:20:52:345,4.22,0.17,0.11
19:20:52:393,4.30,0.14,0.14
19:20:52:410,4.25,0.17,0.02
19:20:52:459,4.09,0.07,-0.07
19:20:52:477,3.99,0.01,0.04
19:20:52:492,3.85,-0.02,0.08
19:20:52:492,3.85,-0.18,-0.08
19:20:52:524,3.94,-0.26,-0.24
19:20:52:642,3.88,-0.24,-0.24
19:20:52:643,3.88,-0.42,-0.21
19:20:52:661,4.02,-0.53,-0.24
19:20:52:694,3.96,-0.55,-0.13
19:20:52:726,4.04,-0.57,-0.01
19:20:52:743,4.08,-0.62,0.12
19:20:52:761,4.12,-0.72,0.10
19:20:52:811,4.19,-0.90,0.25
19:20:52:846,4.35,-1.11,0.57
19:20:52:863,4.34,-1.18,0.77
19:20:52:863,4.47,-1.30,1.00
19:20:52:881,4.47,-1.33,1.35
19:20:52:898,4.94,-1.57,1.71
19:20:52:898,5.14,-1.47,1.66
19:20:52:931,5.54,-1.02,1.43
19:20:52:931,5.91,-0.85,1.09
19:20:52:999,6.15,-1.18,0.81
19:20:53:14,6.03,-1.45,0.37
19:20:53:14,6.08,-1.47,-0.04
19:20:53:31,5.93,-1.16,-0.75
19:20:53:31,4.83,-0.96,-0.71
19:20:53:50,4.93,-1.06,-0.52
19:20:53:84,4.74,-1.04,-0.32
19:20:53:133,4.70,-1.25,-0.23
19:20:53:186,5.04,-1.52,-0.32
19:20:53:202,5.16,-1.72,-0.51
19:20:53:202,5.25,-1.62,-0.85
19:20:53:287,5.27,-1.47,-1.06
19:20:53:320,5.42,-1.29,-1.18
19:20:53:338,4.90,-1.46,-1.84
19:20:53:338,4.59,-2.16,-1.60
19:20:53:388,4.46,-2.08,-1.37
19:20:53:403,4.31,-1.60,-1.49
19:20:53:403,3.83,-1.28,-1.24
19:20:53:421,3.75,-1.24,-0.90
19:20:53:438,3.51,-1.13,-0.68
19:20:53:455,3.33,-0.94,-0.44
19:20:53:455,3.29,-0.91,-0.05
19:20:53:541,3.16,-0.85,0.34
19:20:53:561,2.99,-0.92,0.72
19:20:53:596,3.17,-0.75,1.09
19:20:53:613,3.35,-0.33,1.21
19:20:53:628,3.64,0.02,1.43
19:20:53:644,4.11,-0.01,1.52
19:20:53:710,4.26,-0.14,1.38
19:20:53:729,5.00,-0.18,1.07
19:20:53:730,5.74,0.03,0.93
19:20:53:730,6.22,0.09,0.84
19:20:53:746,6.82,0.09,0.68
19:20:53:826,7.45,-0.25,0.37
19:20:53:844,7.85,-0.88,-0.08
19:20:53:891,8.00,-1.14,-0.73
19:20:53:907,7.85,-1.09,-1.43
19:20:53:923,7.48,-0.95,-2.13
19:20:53:938,6.25,-1.09,-2.22
19:20:53:954,5.67,-1.42,-1.71
19:20:53:970,5.67,-1.92,-1.34
19:20:53:986,5.41,-1.71,-1.64
19:20:54:3,5.40,-0.95,-2.63
19:20:54:66,5.04,-0.52,-3.50
19:20:54:99,4.31,-0.33,-4.13
19:20:54:101,3.72,-0.03,-4.66
19:20:54:116,3.19,0.03,-4.98
19:20:54:116,2.78,-0.31,-4.57
19:20:54:135,3.21,-0.78,-3.78
19:20:54:186,4.01,-0.95,-3.19
19:20:54:205,3.91,-1.33,-2.71
19:20:54:237,3.43,-0.54,-2.17
19:20:54:237,3.94,-0.30,-2.22
19:20:54:254,4.51,-0.80,-2.67
19:20:54:270,4.96,-1.25,-3.05
19:20:54:270,5.42,-1.16,-3.35
19:20:54:304,6.13,-0.78,-4.04
19:20:54:322,7.04,-0.29,-4.63
19:20:54:338,8.00,-0.13,-4.85
19:20:54:338,8.00,0.55,-4.08
19:20:54:477,8.00,1.16,-3.29
19:20:54:477,8.00,0.42,-2.30
19:20:54:477,8.00,-0.16,-2.14
19:20:54:512,7.41,0.33,-2.06
19:20:54:512,6.28,-1.13,-1.74
19:20:54:528,6.37,-1.27,-2.32
19:20:54:597,5.43,-0.01,-2.37
19:20:54:615,4.75,-1.07,-1.56
19:20:54:630,4.83,-1.84,-1.23
19:20:54:630,5.13,-0.51,-1.36
19:20:54:649,4.75,0.89,-0.18
19:20:54:649,4.47,2.80,1.18
19:20:54:666,4.37,2.77,1.72
19:20:54:684,4.34,2.44,1.98
19:20:54:720,4.96,0.78,1.41
19:20:54:754,5.67,-0.39,0.89
19:20:54:788,6.65,0.38,0.15
19:20:54:805,6.91,0.30,-1.27
19:20:54:874,7.26,-7.97,-4.71
19:20:54:874,6.73,4.24,0.26
19:20:54:909,7.43,-0.50,-1.25
19:20:54:963,7.36,-2.09,-1.70
19:20:55:29,7.75,-1.40,-1.91
19:20:55:46,7.68,-1.09,-2.44
19:20:55:79,7.22,-0.60,-3.05
19:20:55:159,6.54,-0.40,-3.45
19:20:55:177,6.14,-0.75,-3.83
19:20:55:194,5.95,-0.59,-4.16
19:20:55:211,5.50,0.47,-5.25
19:20:55:227,4.60,0.44,-5.50
19:20:55:247,4.09,-0.29,-4.95
19:20:55:315,3.96,-0.66,-4.21
19:20:55:349,3.46,-0.13,-3.29
19:20:55:366,4.04,1.63,-2.69
19:20:55:416,4.22,1.46,-2.53
19:20:55:499,3.90,0.78,-2.45
19:20:55:517,4.40,0.53,-2.43
19:20:55:532,4.76,-0.40,-2.66
19:20:55:533,5.01,-1.27,-2.81
19:20:55:552,4.98,-1.57,-2.89
19:20:55:552,5.16,-1.51,-3.30
19:20:55:568,5.45,-0.80,-3.96
19:20:55:583,6.21,-0.56,-4.50
19:20:55:583,6.88,-0.49,-4.36
19:20:55:600,7.82,0.06,-3.91
19:20:55:616,8.00,0.37,-3.28
19:20:55:715,8.00,-0.16,-2.55
19:20:55:715,7.78,-0.10,-2.07
19:20:55:732,7.01,-0.10,-1.77
19:20:55:768,6.05,-0.24,-1.35
19:20:55:768,5.42,-0.92,-0.74
19:20:55:783,5.42,-1.10,-0.55
19:20:55:830,4.96,-1.08,-0.38
19:20:55:865,5.00,-1.09,0.10
19:20:55:865,5.39,0.26,0.61
19:20:55:881,5.72,2.61,0.85
19:20:55:901,4.41,3.11,1.07
19:20:55:901,4.30,1.98,0.95
19:20:55:919,4.68,0.66,0.87
19:20:55:935,5.07,-0.39,0.72
19:20:55:955,5.42,0.08,0.69
19:20:55:955,6.01,-0.95,-0.76
19:20:56:5,4.40,-7.51,-3.30
19:20:56:53,6.05,0.61,-0.58
19:20:56:69,6.32,-1.11,-1.04
19:20:56:85,5.93,-1.58,-1.22
19:20:56:102,6.29,-1.36,-1.27
19:20:56:117,6.62,-1.17,-1.52
19:20:56:117,6.75,-0.87,-2.12
19:20:56:135,6.66,-0.48,-2.93
19:20:56:166,6.07,-0.37,-3.44
19:20:56:183,5.39,-0.65,-3.65
19:20:56:249,5.29,-0.40,-3.89
19:20:56:282,4.97,-0.42,-4.14
19:20:56:282,4.92,-0.01,-4.63
19:20:56:315,4.79,0.94,-5.17
19:20:56:346,4.35,0.17,-5.04
19:20:56:415,4.38,-0.56,-4.45
19:20:56:435,5.06,0.63,-3.70
19:20:56:466,4.34,0.42,-3.21
19:20:56:483,3.78,0.11,-2.64
19:20:56:498,3.82,-0.03,-2.53
19:20:56:581,4.14,-0.62,-2.81
19:20:56:599,4.75,-1.59,-3.26
19:20:56:615,5.18,-1.48,-3.94
19:20:56:615,5.68,-1.21,-4.50
19:20:56:630,6.16,-0.83,-4.70
19:20:56:649,6.84,-0.25,-4.56
19:20:56:665,7.13,-0.03,-3.97
19:20:56:680,7.53,0.42,-3.39
19:20:56:713,7.65,0.73,-2.78
19:20:56:762,7.45,0.20,-2.27
19:20:56:778,6.52,-0.04,-2.01
19:20:56:794,5.40,-0.49,-1.43
19:20:56:827,5.27,-1.02,-1.39
19:20:56:845,4.28,-1.16,-1.16
19:20:56:845,4.36,-1.30,-0.86
19:20:56:860,4.38,-1.80,-0.46
19:20:56:877,4.91,-1.53,-0.21
19:20:56:958,5.18,-0.34,-0.04
19:20:56:973,5.24,1.08,0.22
19:20:57:21,5.33,2.43,0.54
19:20:57:52,4.79,2.50,0.70
19:20:57:116,4.59,1.29,0.84
19:20:57:134,4.64,0.28,0.93
19:20:57:134,4.99,0.06,1.13
19:20:57:150,5.67,-1.68,-0.32
19:20:57:169,4.83,-4.33,-3.35
19:20:57:169,6.09,2.50,-0.45
19:20:57:169,6.12,-0.92,-2.00
19:20:57:186,6.05,-1.96,-2.19
19:20:57:219,6.08,-1.61,-1.71
19:20:57:219,6.13,-1.28,-1.35
19:20:57:253,6.55,-0.87,-1.62
19:20:57:301,6.33,-0.54,-2.33
19:20:57:332,6.25,-0.12,-3.29
19:20:57:332,5.10,-0.09,-3.78
19:20:57:384,4.42,-0.44,-3.59
19:20:57:400,3.76,-0.92,-2.86
19:20:57:419,3.58,-1.55,-2.13
19:20:57:419,3.65,-2.13,-1.69
19:20:57:499,3.89,-2.62,-1.40
19:20:57:515,4.74,-0.56,-2.15
19:20:57:531,4.09,1.15,-2.99
19:20:57:562,4.17,1.62,-3.72
19:20:57:562,5.16,1.12,-4.37
19:20:57:578,6.35,0.10,-4.97
19:20:57:578,5.18,-1.94,-4.64
19:20:57:594,4.75,-2.58,-3.38
19:20:57:611,4.30,-2.88,-2.31
19:20:57:676,4.21,-2.28,-2.51
19:20:57:770,4.63,-2.81,-3.60
19:20:57:923,5.38,-2.87,-5.02
19:20:57:975,6.36,-2.50,-6.06
19:20:57:993,7.97,-2.60,-5.74
19:20:58:58,8.00,-1.36,-4.36
19:20:58:91,8.00,-0.23,-3.91
19:20:58:107,8.00,1.02,-3.69
19:20:58:139,7.84,0.67,-2.30
19:20:58:190,6.28,0.59,-1.18
19:20:58:212,4.22,1.03,-0.10
19:20:58:228,3.76,0.46,0.03
19:20:58:243,3.15,-0.10,-0.10
19:20:58:243,3.27,-0.58,0.01
19:20:58:260,3.47,-0.74,0.16
19:20:58:294,3.90,-0.71,0.12
19:20:58:294,4.08,-0.62,0.04
19:20:58:312,3.93,-0.11,0.26
19:20:58:312,3.62,0.78,0.72
19:20:58:377,3.56,0.68,1.02
19:20:58:377,3.82,-0.34,0.94
19:20:58:377,4.45,-1.29,0.60
19:20:58:393,5.49,-2.70,-0.17
19:20:58:393,6.35,-3.68,-1.15
19:20:58:412,5.37,-3.50,-1.46
19:20:58:428,5.32,-3.33,-1.54
19:20:58:446,4.98,-3.01,-1.59
19:20:58:446,4.91,-2.88,-1.47
19:20:58:482,4.75,-2.66,-1.37
19:20:58:498,4.59,-2.36,-1.18
19:20:58:516,4.48,-2.01,-1.00
19:20:58:601,4.49,-1.58,-0.96
19:20:58:617,4.64,-1.23,-1.11
19:20:58:635,4.70,-0.86,-1.37
19:20:58:652,4.56,-0.65,-1.70
19:20:58:652,4.30,-0.55,-1.96
19:20:58:669,3.86,-0.55,-2.11
19:20:58:669,3.39,-0.63,-2.10
19:20:58:669,3.18,-0.81,-2.05
19:20:58:688,3.21,-0.77,-2.02
19:20:58:754,3.22,-0.84,-2.06
19:20:58:754,3.41,-0.90,-2.13
19:20:58:769,4.28,-0.95,-2.16
19:20:58:802,4.52,-1.34,-2.37
19:20:58:802,4.24,-1.65,-2.48
19:20:58:818,3.95,-1.65,-2.45
19:20:58:818,3.97,-1.57,-2.24
19:20:58:851,4.18,-1.40,-2.05
19:20:58:935,4.50,-1.14,-1.99
19:20:59:49,4.59,-1.09,-1.95
19:20:59:66,4.47,-1.10,-1.91
19:20:59:97,4.13,-1.29,-1.78
19:20:59:97,3.95,-1.44,-1.60
19:20:59:163,3.95,-1.49,-1.45
19:20:59:163,4.06,-1.68,-1.29
19:20:59:179,4.09,-1.75,-1.23
19:20:59:197,4.10,-1.72,-1.20
19:20:59:197,3.97,-1.72,-1.09
19:20:59:197,3.85,-1.70,-0.88
19:20:59:246,3.82,-1.62,-0.67
19:20:59:314,3.87,-1.54,-0.43
19:20:59:314,4.09,-1.48,-0.28
19:20:59:314,3.97,-1.57,-0.10
19:20:59:314,4.33,-0.66,0.58
19:20:59:314,5.56,-1.18,2.63
19:20:59:330,2.68,-2.89,1.57
19:20:59:365,3.98,-2.84,0.02
19:20:59:365,4.18,-2.35,-0.45
19:20:59:365,4.68,-1.63,-0.72
19:20:59:384,4.53,-1.53,-0.80
19:20:59:401,4.24,-0.81,-0.62
19:20:59:434,4.09,-0.39,-0.37
19:20:59:450,4.12,-0.42,-0.28
19:20:59:499,3.70,-0.33,-0.25
19:20:59:516,3.71,-0.21,-0.20
19:20:59:532,3.72,-0.80,-0.27
19:20:59:600,4.09,-1.09,-0.14
19:20:59:714,4.23,-0.78,0.35
19:20:59:731,3.95,0.25,0.98
19:20:59:747,3.62,0.40,1.30
19:20:59:765,3.51,0.14,1.25
19:20:59:815,3.38,-0.30,1.01
19:20:59:831,3.38,-0.62,0.91
19:20:59:848,3.58,-0.83,0.77
19:20:59:864,3.74,-1.12,0.42
19:20:59:880,3.93,-1.40,0.25
19:20:59:897,4.03,-1.73,0.06
19:20:59:914,4.07,-1.84,0.04
19:20:59:914,4.04,-1.87,0.08
19:20:59:914,3.99,-1.71,0.20
19:20:59:933,3.94,-1.55,0.28
19:20:59:933,4.11,-1.43,0.29
19:20:59:949,4.18,-1.20,0.27
19:20:59:980,4.08,-0.80,0.30
19:21:0:11,3.99,-0.46,0.47
19:21:0:11,3.88,-0.32,0.60
19:21:0:29,3.75,-0.33,0.54
19:21:0:29,3.68,-0.41,0.54
19:21:0:64,3.75,-0.59,0.39
19:21:0:64,3.78,-0.69,0.25
19:21:0:80,3.81,-0.88,0.16
19:21:0:96,3.84,-0.97,0.02
19:21:0:96,3.74,-1.05,-0.03
19:21:0:113,3.78,-1.04,-0.19
19:21:0:147,3.63,-1.07,-0.36
19:21:0:196,3.88,-1.71,-0.27
19:21:0:212,4.05,-1.91,-0.22
19:21:0:230,3.88,-1.63,-0.31
19:21:0:247,3.83,-1.41,-0.30
19:21:0:265,3.86,-1.10,-0.25
19:21:0:265,3.88,-0.76,-0.04
19:21:0:298,3.77,-0.57,0.07
19:21:0:349,3.76,-0.58,0.09
19:21:0:365,3.85,-0.77,0.12
19:21:0:381,3.90,-1.04,0.16
19:21:0:432,4.16,-1.20,0.19
19:21:0:448,4.47,-1.02,0.24
19:21:0:466,4.60,-0.89,0.21
19:21:0:532,4.56,-0.74,0.32
19:21:0:579,4.42,-0.67,0.34
19:21:0:579,4.22,-0.65,0.28
19:21:0:661,4.06,-0.55,0.22
19:21:0:661,4.03,-0.36,0.42
19:21:0:744,3.94,-0.51,0.57
19:21:0:760,3.88,-0.23,0.69
19:21:0:776,3.80,-0.18,0.70
19:21:0:792,3.77,-0.20,0.64
19:21:0:807,3.72,-0.19,0.46
19:21:0:807,3.87,-0.26,0.22
19:21:0:825,3.98,-0.44,-0.05
19:21:0:842,4.05,-0.61,-0.17
19:21:0:862,4.11,-0.82,-0.19
19:21:0:976,4.03,-0.98,-0.17
19:21:0:992,3.90,-1.28,-0.16
19:21:0:992,3.74,-1.48,-0.08
19:21:0:992,3.69,-1.58,-0.02
19:21:1:73,3.71,-1.46,0.03
19:21:1:89,3.76,-1.19,0.04
19:21:1:89,3.89,-0.97,0.03
19:21:1:106,3.94,-0.80,0.07
19:21:1:121,3.95,-0.68,0.18
19:21:1:137,3.90,-0.64,0.26
19:21:1:137,3.90,-0.65,0.34
19:21:1:154,3.89,-0.70,0.41
19:21:1:219,3.91,-0.68,0.50
19:21:1:219,3.97,-0.61,0.55
19:21:1:270,4.01,-0.62,0.49
19:21:1:301,4.00,-0.79,0.38
19:21:1:334,3.97,-0.94,0.26
19:21:1:367,3.95,-1.13,0.16
19:21:1:367,3.92,-1.24,0.13
19:21:1:384,3.88,-1.33,0.11
19:21:1:384,3.88,-1.32,0.12
19:21:1:452,3.92,-1.25,0.16
19:21:1:468,3.93,-1.20,0.21
19:21:1:501,3.96,-1.21,0.20
19:21:1:550,3.95,-1.25,0.19
19:21:1:632,3.95,-1.27,0.19
19:21:1:666,3.93,-1.26,0.18
19:21:1:668,3.89,-1.20,0.16
19:21:1:686,3.89,-1.17,0.18
19:21:1:702,3.84,-1.10,0.17
19:21:1:719,3.88,-1.04,0.14
19:21:1:807,3.91,-0.98,0.15
19:21:1:838,3.91,-0.94,0.16
19:21:1:891,3.93,-0.92,0.16
19:21:1:891,3.87,-0.90,0.17
19:21:1:908,3.85,-0.92,0.19
19:21:1:994,3.91,-0.89,0.19
19:21:1:994,3.95,-0.89,0.15
19:21:1:994,3.95,-0.88,0.17
19:21:2:11,3.93,-0.88,0.16
19:21:2:11,3.92,-0.86,0.15
19:21:2:11,3.89,-0.87,0.16
19:21:2:11,3.90,-0.88,0.13
19:21:2:61,3.92,-0.90,0.14
19:21:2:82,3.93,-0.92,0.14
19:21:2:99,3.93,-0.94,0.12
19:21:2:202,3.92,-0.94,0.12
19:21:2:202,3.90,-0.94,0.11
19:21:2:202,3.91,-0.95,0.15
19:21:2:219,3.90,-0.94,0.10
19:21:2:219,3.92,-0.92,0.11
19:21:2:235,3.91,-0.95,0.10
19:21:2:252,3.91,-0.97,0.11
19:21:2:286,3.94,-0.99,0.08
19:21:2:304,3.93,-1.00,0.05
19:21:2:338,3.92,-1.01,0.08
19:21:2:356,3.93,-1.01,0.13
19:21:2:372,3.90,-1.01,0.13
19:21:2:398,3.90,-1.00,0.12
19:21:2:415,3.94,-0.97,0.12
19:21:2:415,3.97,-0.98,0.15
19:21:2:430,3.92,-0.96,0.16
19:21:2:430,3.90,-0.97,0.09
19:21:2:430,3.99,-0.99,0.12
19:21:2:430,4.06,-0.95,0.12
19:21:2:536,4.08,-0.90,0.10
19:21:2:603,4.04,-0.82,0.21
19:21:2:621,4.15,-0.73,0.22
19:21:2:637,4.15,-0.54,0.05
19:21:2:637,3.81,-0.24,-0.00
19:21:2:671,3.81,-0.27,0.18
19:21:2:737,3.99,-0.26,0.26
19:21:2:753,4.24,-0.17,0.12
19:21:2:753,4.24,0.01,-0.03
19:21:2:769,4.37,0.00,-0.00
19:21:2:785,4.42,0.02,0.05
19:21:2:801,4.16,0.02,0.06
19:21:2:819,4.05,-0.08,0.03
19:21:2:872,3.93,-0.27,-0.03
19:21:2:888,3.95,-0.38,-0.03
19:21:2:888,4.03,-0.43,-0.10
19:21:2:888,4.02,-0.49,-0.09
19:21:2:935,4.09,-0.62,0.01
19:21:2:953,4.12,-0.57,0.05
19:21:3:34,4.14,-0.54,-0.01
19:21:3:69,4.14,-0.52,-0.01
19:21:3:133,3.98,-0.53,0.06
19:21:3:148,3.95,-0.63,0.17
19:21:3:148,3.82,-0.73,0.27
19:21:3:167,3.97,-0.81,0.39
19:21:3:183,4.02,-0.82,0.49
19:21:3:269,4.07,-0.98,0.78
19:21:3:285,4.11,-1.30,0.88
19:21:3:301,4.43,-1.60,1.00
19:21:3:317,4.65,-1.97,1.27
19:21:3:333,5.54,-2.13,1.22
19:21:3:367,5.88,-1.62,0.92
19:21:3:367,6.10,-1.00,0.64
19:21:3:367,6.53,-0.54,0.41
19:21:3:367,6.59,-0.09,0.10
19:21:3:367,6.02,0.06,-0.29
19:21:3:429,5.44,-0.03,-0.64
19:21:3:445,5.19,-0.18,-0.61
19:21:3:445,4.96,-0.30,-0.42
19:21:3:479,4.62,-0.83,-0.13
19:21:3:480,4.49,-1.26,-0.01
19:21:3:496,4.70,-1.62,-0.17
19:21:3:514,4.67,-1.69,-0.43
19:21:3:514,4.69,-1.43,-0.62
19:21:3:532,4.56,-1.25,-0.70
19:21:3:618,4.51,-1.10,-0.62
19:21:3:670,4.37,-0.88,-0.50
19:21:3:670,4.19,-0.66,-0.50
19:21:3:702,3.98,-0.69,-0.40
19:21:3:719,3.89,-0.72,-0.38
19:21:3:766,3.58,-0.69,-0.33
19:21:3:831,3.51,-0.76,-0.26
19:21:3:848,3.66,-0.85,-0.18
19:21:3:848,3.78,-0.91,0.02
19:21:3:866,3.83,-0.94,0.31
19:21:3:897,3.77,-0.81,0.50
19:21:3:930,3.69,-0.68,0.70
19:21:3:982,3.77,-0.47,0.91
19:21:4:16,4.09,-0.32,1.05
19:21:4:32,4.40,-0.32,1.08
19:21:4:32,4.14,-0.64,1.20
19:21:4:50,4.36,-0.59,1.17
19:21:4:50,5.25,-0.30,0.88
19:21:4:66,5.97,-0.20,0.71
19:21:4:84,6.50,-0.37,0.45
19:21:4:84,7.37,-0.74,0.32
19:21:4:150,7.63,-0.80,0.06
19:21:4:150,7.54,-0.73,-0.45
19:21:4:182,7.13,-0.77,-0.91
19:21:4:237,6.53,-0.80,-1.15
19:21:4:320,5.34,-0.95,-1.07
19:21:4:336,5.23,-1.33,-0.83
19:21:4:336,5.34,-1.00,-2.41
19:21:4:352,4.26,-1.16,-3.47
19:21:4:352,3.94,-1.45,-4.07
19:21:4:352,3.35,-1.63,-4.38
19:21:4:368,3.02,-1.30,-4.57
19:21:4:404,2.81,-0.87,-4.89
19:21:4:404,3.00,-1.05,-4.54
19:21:4:419,3.15,-1.39,-3.69
19:21:4:483,3.84,-1.53,-2.89
19:21:4:483,4.77,-0.92,-2.53
19:21:4:549,5.00,-0.80,-2.33
19:21:4:549,4.89,-1.29,-2.26
19:21:4:549,5.42,-1.48,-2.59
19:21:4:567,6.34,-1.20,-3.31
19:21:4:603,7.79,-0.63,-4.28
19:21:4:618,8.00,-0.02,-5.07
19:21:4:618,8.00,0.53,-4.75
19:21:4:684,8.00,0.57,-3.41
19:21:4:732,8.00,1.19,-2.69
19:21:4:732,8.00,0.78,-1.93
19:21:4:750,7.93,-0.15,-1.69
19:21:4:799,7.39,-0.17,-2.01
19:21:4:799,6.34,-1.02,-1.76
19:21:4:896,5.65,-1.98,-1.63
19:21:4:913,5.47,-2.04,-1.91
19:21:4:944,5.05,-1.67,-2.03
19:21:4:944,5.02,-1.41,-1.93
19:21:4:960,5.07,-0.79,-1.53
19:21:5:43,4.95,-0.20,-0.53
19:21:5:75,4.53,0.55,0.44
19:21:5:75,4.04,1.06,1.15
19:21:5:78,3.92,1.25,1.58
19:21:5:78,3.79,0.87,1.59
19:21:5:78,3.06,0.07,1.66
19:21:5:93,3.50,-0.46,1.77
19:21:5:111,3.94,-0.51,1.61
19:21:5:127,4.80,-0.47,0.82
19:21:5:127,6.20,-0.98,-0.49
19:21:5:127,7.03,-1.79,-1.67
19:21:5:127,7.71,-2.27,-2.14
19:21:5:162,8.00,-2.79,-1.98
19:21:5:194,8.00,-2.94,-1.34
19:21:5:243,8.00,-2.44,-1.12
19:21:5:275,8.00,-1.84,-1.92
19:21:5:292,8.00,-0.73,-3.26
19:21:5:327,8.00,-0.13,-4.97
19:21:5:327,6.99,-0.23,-5.70
19:21:5:327,5.45,-0.20,-5.79
19:21:5:327,4.02,0.26,-5.50
19:21:5:393,3.63,0.41,-5.18
19:21:5:410,3.46,0.07,-4.57
19:21:5:426,3.52,-0.71,-3.86
19:21:5:442,3.46,0.39,-3.43
19:21:5:458,3.30,2.05,-3.04
19:21:5:458,3.75,2.52,-2.77
19:21:5:475,3.99,2.73,-2.63
19:21:5:490,4.26,1.59,-2.75
19:21:5:507,5.17,0.59,-2.60
19:21:5:509,5.65,-0.48,-2.43
19:21:5:573,5.84,-1.45,-2.35
19:21:5:609,5.90,-1.84,-2.75
19:21:5:625,5.95,-1.05,-3.35
19:21:5:656,6.33,-1.32,-4.08
19:21:5:672,6.86,-1.08,-4.56
19:21:5:688,7.59,-0.48,-4.78
19:21:5:756,8.00,-0.32,-4.47
19:21:5:839,8.00,-0.01,-4.17
19:21:5:856,8.00,0.34,-3.70
19:21:5:871,8.00,0.19,-2.45
19:21:5:887,7.69,-0.39,-1.70
19:21:5:953,6.37,-0.11,-1.09
19:21:5:969,5.51,-0.84,-0.46
19:21:5:986,5.01,-1.60,-0.05
19:21:6:2,4.88,-1.31,0.00
19:21:6:17,5.16,-1.19,0.27
19:21:6:17,5.62,-0.75,0.71
19:21:6:53,6.25,0.84,1.12
19:21:6:119,4.85,2.01,1.46
19:21:6:119,3.80,1.99,1.68
19:21:6:139,3.77,1.22,1.80
19:21:6:154,3.83,0.35,1.51
19:21:6:218,4.14,-0.65,0.80
19:21:6:236,4.71,-1.26,-0.05
19:21:6:268,5.19,-2.27,-0.97
19:21:6:300,5.13,-2.16,-1.27
19:21:6:332,5.38,-2.08,-1.37
19:21:6:333,6.01,-1.97,-1.29
19:21:6:349,6.69,-1.67,-1.09
19:21:6:365,7.79,-1.21,-1.32
19:21:6:365,8.00,-0.78,-2.23
19:21:6:382,8.00,-0.27,-3.79
19:21:6:398,8.00,0.38,-5.56
19:21:6:398,6.42,0.47,-6.63
19:21:6:414,4.60,0.19,-6.61
19:21:6:445,4.10,0.58,-6.37
19:21:6:476,3.87,0.63,-5.86
19:21:6:494,3.99,-1.11,-4.51
19:21:6:494,4.79,-2.32,-3.62
19:21:6:510,4.72,-0.04,-3.67
19:21:6:527,4.62,2.71,-3.71
19:21:6:527,4.70,4.14,-3.05
19:21:6:546,4.75,2.69,-2.88
19:21:6:546,5.06,1.12,-2.67
19:21:6:563,5.25,-0.54,-2.65
19:21:6:595,5.59,-1.92,-2.82
19:21:6:597,5.84,-3.23,-3.64
19:21:6:629,5.87,-1.94,-4.58
19:21:6:676,6.46,-1.33,-5.82
19:21:6:745,7.41,-0.88,-6.51
19:21:6:761,8.00,-0.24,-6.11
19:21:6:761,8.00,0.61,-5.23
19:21:6:777,8.00,0.95,-3.95
19:21:6:808,8.00,0.78,-2.89
19:21:6:826,6.77,0.34,-1.40
19:21:6:858,5.47,0.16,-0.49
19:21:6:874,4.24,-0.12,-0.32
19:21:6:874,3.85,-0.50,-0.36
19:21:6:890,3.47,-0.96,-0.27
19:21:6:924,3.83,-1.13,-0.60
19:21:6:939,3.96,-1.19,-0.68
19:21:6:939,4.44,-1.38,-0.41
19:21:7:22,4.62,-0.86,-0.21
19:21:7:55,4.90,0.12,0.20
19:21:7:55,4.80,0.75,0.81
19:21:7:70,4.03,0.64,1.38
19:21:7:86,4.08,0.42,1.53
19:21:7:104,4.06,0.26,1.50
19:21:7:104,4.45,-0.13,0.97
19:21:7:139,5.04,-0.54,0.23
19:21:7:204,5.80,-1.10,-0.44
19:21:7:221,6.30,-1.34,-0.92
19:21:7:253,6.59,-1.60,-1.30
19:21:7:270,7.01,-1.69,-1.52
19:21:7:288,7.75,-1.66,-1.84
19:21:7:288,8.00,-1.53,-2.43
19:21:7:305,8.00,-1.19,-3.44
19:21:7:390,8.00,-0.63,-4.56
19:21:7:390,6.97,-0.26,-5.78
19:21:7:405,5.04,-0.38,-5.92
19:21:7:423,3.63,-0.96,-4.89
19:21:7:438,3.14,-1.41,-3.77
19:21:7:454,3.09,-1.91,-2.75
19:21:7:472,3.64,-2.38,-2.39
19:21:7:488,4.35,-2.07,-2.80
19:21:7:503,4.14,-0.52,-3.24
19:21:7:568,3.98,0.90,-3.10
19:21:7:633,4.83,1.41,-2.89
19:21:7:633,5.21,0.67,-3.02
19:21:7:648,4.97,-0.77,-3.19
19:21:7:667,4.62,-2.05,-2.93
19:21:7:682,4.54,-2.52,-2.59
19:21:7:682,4.54,-2.85,-2.80
19:21:7:746,5.16,-2.50,-3.65
19:21:7:779,6.14,-1.75,-4.74
19:21:7:779,7.64,-0.97,-5.50
19:21:7:795,8.00,0.01,-5.07
19:21:7:827,8.00,0.70,-3.80
19:21:7:861,8.00,2.01,-3.21
19:21:7:861,8.00,1.74,-2.58
19:21:7:911,6.85,0.93,-2.07
19:21:7:929,5.33,-0.05,-2.04
19:21:7:929,4.65,-1.09,-2.28
19:21:7:945,4.05,-1.54,-2.47
19:21:7:979,3.40,-1.55,-2.73
19:21:7:979,3.52,-1.36,-3.09
19:21:7:979,3.12,-0.66,-3.00
19:21:7:996,3.06,-0.65,-2.43
19:21:7:996,2.98,-0.88,-1.89
19:21:8:14,2.90,-1.04,-1.47
19:21:8:31,3.22,-0.90,-1.10
19:21:8:64,2.58,-2.06,-0.14
19:21:8:64,2.87,-2.84,0.58
19:21:8:111,3.60,-2.31,0.76
19:21:8:148,3.96,-1.75,0.93
19:21:8:166,4.02,-1.38,1.00
19:21:8:181,4.07,-1.32,0.82
19:21:8:181,3.85,-1.35,0.79
19:21:8:214,3.51,-1.31,0.95
19:21:8:295,3.17,-1.35,1.13
19:21:8:298,3.06,-1.33,1.22
19:21:8:314,3.09,-1.48,1.01
19:21:8:367,3.11,-1.45,0.78
19:21:8:401,3.42,-1.28,0.66
19:21:8:433,3.73,-1.20,0.60
19:21:8:499,3.96,-1.52,0.48
19:21:8:499,4.30,-2.18,0.36
19:21:8:515,4.13,-2.57,0.46
19:21:8:534,4.52,-2.54,0.49
19:21:8:534,5.09,-1.98,0.34
19:21:8:566,5.50,-1.10,0.05
19:21:8:632,5.51,-0.54,-0.00
19:21:8:666,4.77,-0.34,0.13
19:21:8:697,4.01,-0.22,0.37
19:21:8:715,3.91,-0.09,0.32
19:21:8:733,4.11,-0.07,0.12
19:21:8:749,3.83,-0.60,0.08
19:21:8:749,3.76,-1.52,0.16
19:21:8:849,3.72,-2.20,0.03
19:21:8:881,3.75,-2.36,-0.15
19:21:8:897,3.76,-2.10,-0.23
19:21:8:913,3.75,-1.74,-0.11
19:21:8:913,3.83,-1.37,-0.16
19:21:8:928,3.99,-1.22,-0.21
19:21:8:944,4.19,-1.22,-0.12
19:21:8:944,4.27,-1.28,-0.10
19:21:9:42,4.27,-1.20,-0.16
19:21:9:42,4.31,-1.04,-0.21
19:21:9:62,4.46,-0.91,-0.21
19:21:9:62,4.42,-0.87,-0.09
19:21:9:78,4.40,-0.73,-0.10
19:21:9:96,4.28,-0.65,-0.13
19:21:9:113,4.63,-0.79,-0.07
19:21:9:200,4.86,-0.90,-0.02
19:21:9:251,4.32,-0.88,-0.10
19:21:9:267,3.94,-0.83,0.15
19:21:9:315,3.94,-0.75,0.29
19:21:9:348,4.27,-0.43,0.11
19:21:9:364,4.14,-0.29,0.07
19:21:9:382,4.17,-0.56,0.02
19:21:9:398,4.12,-0.67,-0.03
19:21:9:416,4.11,-0.56,-0.16
19:21:9:432,3.95,-0.56,-0.25
19:21:9:450,3.94,-0.75,-0.04
19:21:9:450,3.82,-0.95,0.24
19:21:9:466,3.70,-0.87,-0.08
19:21:9:485,3.28,-0.88,-0.03
19:21:9:570,3.27,-1.04,0.14
19:21:9:589,3.47,-1.09,0.18
19:21:9:606,3.41,-0.90,-0.03
19:21:9:674,3.51,-0.93,-0.03
19:21:9:723,3.55,-0.98,0.07
19:21:9:755,3.54,-0.86,0.11
19:21:9:786,3.48,-0.82,0.03
19:21:9:786,3.42,-0.89,0.10
19:21:9:801,3.54,-1.02,0.17
19:21:9:817,3.68,-1.12,0.22
19:21:9:848,4.18,-0.67,0.61
19:21:9:864,4.43,-0.64,1.00
19:21:9:896,4.56,-0.74,1.33
19:21:9:913,4.40,-0.87,1.45
19:21:9:913,4.29,-1.23,1.20
19:21:9:929,4.17,-1.15,0.73
19:21:9:945,4.27,-0.89,0.35
19:21:9:993,4.34,-0.78,0.05
19:21:10:9,4.27,-0.31,0.08
19:21:10:9,4.15,-0.08,0.12
19:21:10:26,4.02,-0.05,0.17
19:21:10:91,3.94,-0.11,0.13
19:21:10:107,3.83,-0.38,0.03
19:21:10:122,3.77,-0.63,-0.11
19:21:10:138,3.78,-0.81,-0.31
19:21:10:154,3.83,-0.97,-0.38
19:21:10:169,3.81,-1.06,-0.37
19:21:10:186,3.84,-1.12,-0.34
19:21:10:203,3.90,-1.14,-0.29
19:21:10:252,3.93,-1.12,-0.18
19:21:10:270,3.92,-1.16,-0.14
19:21:10:286,3.97,-1.14,-0.09
19:21:10:286,4.08,-1.14,0.04
19:21:10:305,4.02,-1.30,0.02
19:21:10:336,3.99,-1.23,0.04
19:21:10:352,3.88,-1.16,0.14
19:21:10:352,3.90,-1.02,0.25
19:21:10:399,3.92,-0.86,0.31
19:21:10:479,4.00,-0.76,0.25
19:21:10:479,3.99,-0.44,0.22
19:21:10:495,4.21,-0.47,0.35
19:21:10:512,4.18,-1.42,0.68
19:21:10:512,3.78,-1.73,0.57
19:21:10:529,3.71,-1.67,0.33
19:21:10:529,3.73,-1.61,0.21
19:21:10:564,3.83,-1.56,0.20
19:21:10:631,3.92,-1.41,0.08
19:21:10:650,3.95,-1.20,0.01
19:21:10:666,3.95,-1.00,0.04
19:21:10:682,3.87,-0.92,0.09
19:21:10:682,3.82,-0.75,0.14
19:21:10:700,3.85,-0.81,0.15
19:21:10:717,3.82,-0.89,0.10
19:21:10:751,3.82,-0.98,0.10
19:21:10:767,3.84,-1.08,0.04
19:21:10:798,3.84,-1.15,0.09
19:21:10:818,3.86,-1.19,0.12
19:21:10:818,3.90,-1.12,0.16
19:21:10:834,3.92,-1.06,0.22
19:21:10:852,3.95,-1.02,0.26
19:21:10:868,3.99,-1.00,0.29
19:21:10:868,3.98,-0.91,0.34
19:21:10:883,4.01,-0.90,0.36
19:21:10:902,3.99,-0.79,0.41
19:21:10:918,3.99,-0.71,0.43
19:21:10:952,4.02,-0.64,0.42
19:21:11:0,4.00,-0.63,0.38
19:21:11:16,3.94,-0.75,0.30
19:21:11:17,3.92,-0.82,0.27
19:21:11:81,3.90,-0.87,0.25
19:21:11:178,3.89,-0.93,0.21
19:21:11:178,3.90,-0.94,0.19
19:21:11:194,3.94,-0.96,0.17
19:21:11:243,3.94,-1.01,0.17
19:21:11:276,3.94,-0.99,0.21
19:21:11:276,3.95,-0.99,0.22
19:21:11:291,3.95,-0.98,0.22
19:21:11:361,3.92,-1.02,0.22
19:21:11:378,3.91,-1.00,0.27
19:21:11:378,3.90,-0.97,0.28
